# Blender 4.3.2
# www.blender.org
mtllib Ribbed Horns.mtl
o SM_HornV2_0_LOD0.001
v -4.892820 13.684307 2.597401
v -3.789417 13.489033 2.022903
v -4.551064 13.266727 3.025879
v -3.987500 13.909237 1.532127
v -5.718142 14.594784 1.463428
v -2.857125 14.251186 1.286598
v -2.801873 13.915623 1.765076
v -4.253088 14.487003 0.019863
v -5.907814 15.864063 0.845921
v -1.987698 14.755047 1.934525
v -2.016756 14.420689 2.343369
v -4.687620 15.704456 -0.323727
v -6.601358 16.792645 -0.205273
v -1.731168 15.404621 3.130493
v -1.693277 14.943790 3.463760
v -5.269382 16.592609 -1.454136
v -7.711369 17.338268 -1.718380
v -2.175357 15.754238 4.509453
v -2.034470 15.138569 4.767632
v -5.916315 17.013027 -3.342747
v -7.926139 18.395817 -2.554310
v -3.118996 15.750546 5.520485
v -2.862620 15.071201 5.721916
v -3.855325 14.655087 5.968475
v -1.995568 17.020046 4.310184
v -1.190251 16.317944 2.410629
v -3.518713 17.262081 5.632885
v -1.452333 15.372738 0.694897
v -4.212159 15.326283 5.769627
v -2.597228 14.727428 -0.264889
v -4.959992 14.602207 5.160343
v -4.561186 13.982174 5.389091
v -3.333930 15.908306 -0.561188
v -2.405559 16.487148 0.227528
v -3.801221 16.826862 -1.708073
v -2.817842 17.509899 -0.868359
v -2.207747 17.297283 1.654678
v -2.631502 18.433857 0.680092
v -2.908302 17.920193 3.211308
v -3.415174 19.144680 2.375256
v -4.183980 18.141453 4.287823
v -4.813661 19.387974 3.546547
v -5.142665 16.820866 5.914467
v -5.524997 17.794018 4.511383
v -6.200729 15.871693 5.050526
v -6.373051 17.041515 3.790932
v -6.368433 14.994267 3.389442
v -5.151278 13.933308 3.969543
v -4.751841 13.431316 4.294106
v -6.471867 16.324337 2.419598
v -7.160607 18.153133 2.993496
v -7.239104 17.339832 1.488609
v -6.259221 18.987026 3.789631
v -8.553322 19.328617 2.469151
v -8.604239 18.164524 0.481419
v -7.395676 20.480145 3.522758
v -8.730463 19.208210 -0.833107
v -8.752860 20.279522 0.760262
v -9.412288 19.958759 -2.115108
v -8.514573 18.950031 -3.705147
v -9.495837 21.201778 -0.589714
v -7.831677 21.306690 1.614090
v -8.595878 22.335209 0.240185
v -10.836443 22.176464 -1.645515
v -10.655490 20.438839 -3.368164
v -9.454522 18.984745 -5.130756
v -10.760979 20.995800 -4.796730
v -9.655550 19.618298 -6.051575
v -11.003063 22.633823 -3.570866
v -11.417690 21.247044 -6.108536
v -10.183136 19.684574 -7.125378
v -11.037350 18.995922 -8.273289
v -11.752098 23.112965 -5.122414
v -12.691356 21.102680 -7.279179
v -12.538919 21.264538 -8.768063
v -11.120796 19.475834 -9.333397
v -13.196173 23.615673 -6.403912
v -12.971654 21.050976 -9.985374
v -11.498631 19.220707 -10.286972
v -13.017079 23.398434 -8.375645
v -13.492935 23.224041 -9.910057
v -13.952171 20.516872 -10.970066
v -12.128560 18.287594 -11.065990
v -14.614223 23.138531 -11.198002
v -13.745509 20.202938 -12.346588
v -12.183627 18.357952 -12.202049
v -14.334187 22.357281 -12.777039
v -14.073098 19.625042 -13.401867
v -12.471765 17.818974 -13.020550
v -14.704284 21.733074 -14.075390
v -14.962326 18.735516 -14.075916
v -12.978045 16.596455 -13.404930
v -12.975813 16.430912 -14.537766
v -15.792137 21.210117 -15.154152
v -14.063354 23.486897 -14.864304
v -14.647139 18.113308 -15.256287
v -15.401493 20.052494 -16.366745
v -14.916736 17.238636 -16.020027
v -13.197294 15.685398 -15.100170
v -15.751779 19.032558 -17.391052
v -14.873255 21.681316 -17.516369
v -15.748919 16.122379 -16.360275
v -13.603111 14.375393 -15.039471
v -13.652328 13.904690 -16.017773
v -15.073610 23.269764 -16.310059
v -15.287464 20.575893 -18.743011
v -13.147796 22.290348 -18.345627
v -16.852425 18.107647 -18.306900
v -12.963362 24.016697 -17.247467
v -16.457384 16.641537 -19.056042
v -12.300997 24.116329 -15.602695
v -15.478732 15.189266 -17.266197
v -10.296088 23.119183 -17.755302
v -15.745849 14.122807 -17.676239
v -13.865717 13.049809 -16.271042
v -16.787100 15.332966 -19.639759
v -16.536079 12.945644 -17.492378
v -14.197154 11.866886 -15.644802
v -14.265779 11.154240 -16.442688
v -17.867542 14.083324 -20.044092
v -16.484241 16.396954 -21.529533
v -16.223223 11.828213 -18.037281
v -16.102488 17.914883 -20.774229
v -16.407658 10.779354 -17.952103
v -14.431922 10.368801 -16.332439
v -17.373516 12.451794 -20.224838
v -17.604820 11.035831 -20.162819
v -17.036985 9.837605 -17.332729
v -14.645152 9.587933 -15.378807
v -18.518293 9.756298 -19.965387
v -17.473343 11.134174 -22.295147
v -16.751719 8.636089 -17.394051
v -14.737790 8.614918 -15.777355
v -14.867793 7.824322 -15.430996
v -18.025223 8.292728 -19.550299
v -16.865795 7.644672 -16.987251
v -18.152861 7.038235 -19.059269
v -17.991995 7.782459 -21.599800
v -17.294466 6.907650 -16.104244
v -14.992805 7.273602 -14.357323
v -15.065973 6.292271 -14.229843
v -18.419603 9.488148 -22.476439
v -18.161205 6.282803 -21.031492
v -16.541454 7.277218 -22.871317
v -16.645741 9.065586 -24.022177
v -18.787888 5.968662 -18.425194
v -18.826145 4.861897 -20.629589
v -18.353857 4.827206 -17.625511
v -16.765747 5.639782 -22.252512
v -18.415894 3.674999 -19.493929
v -17.094810 2.856022 -20.646198
v -17.049646 5.838360 -15.680183
v -18.483530 2.518124 -18.610891
v -18.405352 3.854298 -16.779682
v -17.101049 5.066952 -14.899986
v -15.132013 5.672688 -13.519932
v -19.007828 3.006474 -15.863876
v -17.469677 4.641056 -13.722874
v -15.154365 5.496548 -12.154934
v -15.133393 4.528896 -11.911682
v -19.109865 1.240398 -17.960201
v -17.043568 3.710453 -13.104244
v -18.312664 2.212238 -14.749229
v -16.956341 3.196812 -12.166550
v -15.103284 4.115643 -11.152058
v -18.190395 1.580105 -13.614857
v -18.407536 0.598858 -16.395008
v -18.283274 -0.146862 -15.127735
v -18.608438 1.125935 -12.403805
v -18.703363 -1.042477 -14.023727
v -17.172546 3.168903 -10.912598
v -14.992482 4.357182 -9.886517
v -14.850550 3.518986 -9.600117
v -17.713982 0.755741 -11.218887
v -16.584280 2.492298 -10.239639
v -16.317385 2.313915 -9.385689
v -14.699575 3.372303 -9.006298
v -17.350958 0.575344 -10.068542
v -17.772118 -1.081898 -12.347340
v -17.368677 -1.243244 -10.954529
v -17.429674 0.512890 -8.868660
v -16.312840 2.545055 -8.359596
v -14.502869 3.811832 -8.153618
v -17.401035 -1.588825 -9.666821
v -15.658403 2.264278 -7.724609
v -14.225504 3.317814 -7.740845
v -16.505728 0.598164 -7.927219
v -15.301454 2.333302 -7.009369
v -13.992023 3.353947 -7.206871
v -16.040798 0.736774 -6.997650
v -16.428345 -1.121792 -8.407158
v -15.908016 -0.907841 -7.300640
v -15.991779 0.948719 -6.058987
v -15.782453 -0.917721 -6.258121
v -15.214816 2.764881 -6.250866
v -13.758708 3.945484 -6.605114
v -14.831489 -0.224628 -5.485256
v -14.493194 2.665211 -5.748135
v -13.376114 3.602421 -6.124096
v -15.052034 1.242954 -5.457703
v -14.097746 2.883663 -5.240288
v -13.093477 3.763409 -5.677055
v -14.569166 1.565739 -4.854248
v -13.978894 3.395336 -4.716473
v -12.872745 4.391071 -5.275574
v -14.461023 1.930836 -4.178070
v -14.309824 0.206257 -4.764294
v -14.123387 0.426121 -3.970818
v -13.321605 3.511837 -4.327110
v -12.476565 4.283215 -4.828011
v -13.658421 2.395985 -3.821163
v -12.968705 3.856640 -3.959152
v -12.221071 4.550808 -4.479420
v -13.239687 2.865475 -3.411701
v -13.350349 1.253300 -3.564949
v -12.915840 1.855541 -3.087582
v -12.863777 4.394421 -3.651955
v -12.078404 5.130398 -4.260170
v -13.122420 3.372921 -2.989849
v -12.738158 2.338352 -2.565414
v -12.416688 4.711590 -3.405319
v -11.803658 5.279461 -3.944481
v -12.596119 3.946850 -2.803432
v -12.241991 5.147335 -3.244183
v -11.691154 5.648396 -3.789497
v -12.382808 4.509182 -2.625359
v -12.252535 3.175983 -2.388378
v -12.035832 3.878368 -2.175278
v -12.438769 5.088840 -2.424892
v -12.304204 5.709476 -3.162502
v -11.711626 6.242085 -3.804386
v -12.033839 4.482891 -1.871159
v -12.007780 6.121365 -3.110184
v -11.560095 6.485783 -3.639072
v -12.103788 5.732372 -2.501064
v -11.776284 5.363476 -2.029858
v -11.919089 6.449085 -3.278591
v -11.553701 6.676281 -3.640320
v -11.546719 6.884365 -3.641682
v -12.031365 6.339779 -2.548923
v -12.193619 6.938686 -2.615696
v -11.664910 7.386532 -3.843220
v -11.728336 6.113819 -2.091637
v -11.866478 6.791241 -2.107239
v -12.039748 7.567135 -2.897514
v -11.616085 7.758595 -3.852177
v -11.794088 7.555065 -2.508125
v -12.102859 8.136501 -3.187744
v -11.688299 8.162128 -4.051109
v -11.891659 8.221729 -2.851852
v -12.372278 8.673412 -3.475220
v -11.867737 8.539097 -4.425014
v -12.149668 8.863575 -3.128395
v -12.302844 9.172031 -4.000896
v -11.890212 8.944416 -4.646305
v -12.154666 9.378872 -3.781174
v -12.370143 9.590443 -4.495949
v -11.979264 9.287785 -4.986675
v -12.431845 9.887592 -4.987484
v -12.059537 9.549274 -5.343224
v -12.260699 9.825573 -4.355942
v -12.440362 10.100750 -5.444180
v -12.118349 9.780666 -5.670723
v -12.350846 10.124058 -4.907963
v -12.338395 10.202160 -5.788639
v -12.141243 9.999004 -5.908569
v -12.119402 10.239742 -6.059227
v -12.385048 10.306522 -5.410767
v -12.308075 10.326237 -5.773132
v -11.856154 10.343983 -5.473923
v -11.987815 10.352886 -5.805672
v -11.778864 10.146740 -5.944599
v -11.833129 10.056866 -5.994740
v -11.516657 10.023449 -5.718006
v -11.595289 9.872967 -5.807068
v -11.412351 9.670269 -5.510555
v -11.297819 9.821491 -5.359676
v -11.240065 9.423862 -5.164688
v -11.687393 10.159527 -4.972534
v -11.096523 9.556080 -4.959301
v -11.034771 9.089031 -4.834389
v -11.502790 9.855450 -4.425369
v -10.857992 9.183788 -4.568874
v -10.727392 8.712383 -4.652592
v -11.285491 9.404636 -3.871658
v -10.464112 8.733143 -4.252842
v -10.689901 8.268856 -4.223293
v -10.989062 8.859646 -3.236439
v -10.455237 8.231060 -3.876240
v -10.539844 7.832661 -4.023869
v -10.885481 8.196545 -2.955009
v -10.280966 7.702114 -3.641090
v -10.278163 7.412235 -4.048012
v -10.716419 7.484921 -2.626072
v -9.937552 7.115543 -3.564911
v -10.486813 6.647030 -2.273273
v -10.279408 6.841312 -3.825588
v -9.974987 6.511250 -3.407928
v -10.478451 5.937923 -2.261196
v -11.028727 6.786678 -3.889614
v -10.836185 6.598263 -3.926140
v -10.192266 6.367229 -3.848064
v -10.783483 6.375134 -4.159664
v -9.870039 5.901943 -3.426296
v -9.963892 5.986828 -4.089535
v -10.847193 5.743275 -4.108593
v -9.576331 5.281521 -3.607510
v -10.906146 5.360989 -4.277145
v -10.120209 5.349850 -4.075809
v -10.964173 5.221325 -4.658955
v -10.153537 4.896572 -4.279690
v -11.189604 4.618145 -4.845409
v -10.060573 4.592052 -4.708576
v -9.793928 4.657406 -3.690208
v -9.833435 4.075336 -3.932381
v -11.367158 4.345867 -5.203926
v -10.366880 4.012089 -4.921822
v -11.451428 4.468227 -5.727043
v -10.508679 3.673519 -5.323612
v -9.710528 3.517742 -4.360340
v -10.072313 2.987209 -4.657822
v -10.385198 3.585598 -5.923580
v -11.829582 3.822857 -6.063148
v -10.229074 2.524967 -5.120312
v -12.035703 3.658085 -6.496441
v -10.900147 3.030102 -6.269695
v -12.048993 4.010281 -7.023758
v -11.082260 2.816822 -6.757687
v -10.870048 2.937244 -7.414177
v -12.484367 3.397175 -7.540951
v -11.464159 2.453663 -7.929497
v -12.641548 3.347324 -8.014660
v -10.676652 1.141125 -7.573116
v -12.526063 3.828098 -8.403450
v -11.606828 2.374783 -8.490589
v -12.948457 3.357586 -9.165245
v -11.271992 2.635456 -9.085434
v -11.847043 2.316441 -9.832924
v -13.028365 3.459850 -9.665501
v -11.226024 0.659336 -9.887314
v -12.697744 4.245319 -9.885052
v -11.523589 0.747173 -8.956470
v -13.140525 3.987415 -11.106724
v -11.291388 2.973751 -10.965881
v -11.898678 2.414608 -10.444794
v -11.837760 0.632351 -10.725883
v -11.909320 0.720921 -11.630112
v -11.933720 2.923656 -12.089069
v -11.328475 0.958378 -12.664463
v -13.140665 4.352413 -11.806511
v -11.906393 3.318279 -12.885571
v -12.721766 5.236362 -11.985638
v -11.968555 1.315075 -13.670067
v -11.210590 4.037319 -13.384216
v -11.930564 1.800732 -14.667732
v -13.038390 5.418797 -13.373215
v -12.961310 5.982830 -14.072258
v -11.726902 4.433460 -14.601463
v -11.233145 2.349850 -15.673706
v -11.626288 5.068890 -15.356045
v -12.527695 6.844685 -14.200932
v -12.696733 7.400913 -15.327293
v -10.948221 5.869617 -15.762581
v -11.730398 3.133205 -16.610977
v -11.602231 3.928829 -17.465298
v -11.281750 6.612904 -16.737377
v -12.535004 8.129543 -15.685894
v -10.892508 4.754070 -18.265423
v -11.993661 8.963024 -15.287220
v -11.064515 7.447887 -17.175171
v -12.188039 9.817509 -16.271637
v -10.194014 8.282742 -17.127354
v -11.199821 5.823833 -18.957844
v -9.986280 7.935894 -19.929655
v -10.633128 9.384304 -17.828415
v -12.019804 10.550167 -16.400265
v -10.932839 6.901844 -19.484400
v -11.455833 11.093868 -15.623493
v -12.407928 5.289700 -21.085958
v -11.610648 12.391163 -16.287678
v -12.121317 6.673771 -21.664997
v -11.416645 13.183887 -16.094849
v -9.937673 12.421200 -17.769836
v -10.910994 13.447605 -15.210384
v -9.467699 10.975857 -17.481552
v -10.976150 14.888462 -15.307381
v -10.414422 10.300709 -17.953850
v -9.044136 11.755932 -20.218672
v -10.405080 9.378040 -20.177128
v -10.113505 10.647602 -20.291164
v -11.362002 8.035244 -22.550438
v -11.510027 9.813519 -22.377668
v -11.164101 11.487461 -22.468288
v -13.932740 8.531330 -24.040289
v -13.651833 10.467213 -23.625477
v -10.255164 13.184353 -22.721577
v -13.286270 12.428417 -23.682201
v -9.535837 13.312397 -19.899530
v -15.942024 10.954624 -23.606758
v -9.716776 13.351780 -17.500706
v -8.823018 13.775791 -16.832466
v -9.253563 14.494946 -19.455715
v -8.209284 15.382282 -18.985937
v -9.214969 15.224377 -16.591408
v -10.473543 14.774426 -21.801607
v -10.125972 16.226383 -21.144331
v -12.788873 14.625004 -24.074854
v -12.528289 16.168499 -22.794203
v -15.595866 12.956287 -23.649370
v -14.837505 16.778599 -22.700119
v -15.595849 15.325916 -23.999687
v -12.132952 17.786694 -21.971193
v -9.198452 17.713383 -20.759117
v -14.427260 18.414295 -21.842501
v -8.661474 16.671047 -18.203606
v -11.566900 19.736042 -21.551083
v -9.423585 18.729595 -19.428272
v -8.976151 15.970676 -16.060051
v -8.364789 17.555439 -17.474182
v -9.067726 19.755779 -18.429764
v -10.759825 15.581142 -14.839130
v -10.287687 15.530193 -13.869091
v -10.264691 16.932720 -13.472496
v -8.088224 16.050648 -15.302788
v -7.298198 18.085888 -16.819710
v -8.421972 17.393024 -14.602905
v -9.998238 17.462566 -12.744614
v -8.148736 17.948788 -13.797977
v -9.536017 17.221134 -11.805214
v -7.727828 19.124851 -15.707645
v -7.306195 17.831615 -12.973171
v -8.096136 20.856884 -17.703522
v -7.408532 19.726337 -14.703575
v -8.341562 21.461979 -16.240204
v -10.923631 21.576649 -18.663427
v -11.333618 20.477993 -19.889759
v -13.584404 21.161350 -19.654190
v -14.314496 20.526157 -21.341278
v -16.355236 19.845867 -20.164131
v -17.559771 15.042484 -22.496862
v -17.182926 12.911236 -22.346027
v -14.285325 6.877827 -22.892769
v -14.557103 5.280972 -22.276207
v -14.765904 3.661983 -22.021450
v -12.303069 3.871555 -20.675911
v -17.267120 4.022770 -21.989849
v -14.956538 2.595234 -20.675461
v -12.835612 2.943180 -19.518522
v -12.972692 1.927326 -18.615816
v -17.193275 1.613392 -19.745108
v -15.082064 1.401943 -19.770657
v -12.703360 0.708233 -17.967892
v -15.172379 -0.095974 -19.310144
v -17.621321 0.089382 -19.273081
v -17.186394 -0.436810 -17.465031
v -15.173791 -0.537502 -17.520477
v -13.140212 0.278378 -16.456589
v -17.097891 -1.233212 -16.157352
v -15.138365 -1.285091 -16.231617
v -13.150004 -0.338238 -15.269360
v -12.709319 -1.138531 -14.336510
v -15.028660 -2.379429 -15.324806
v -17.318884 -2.372120 -15.201122
v -16.651236 -2.200947 -13.225430
v -14.827478 -2.160404 -13.383514
v -12.988786 -1.066921 -12.749477
v -16.287371 -2.336208 -11.731930
v -14.559127 -2.270145 -11.947773
v -12.833390 -1.160336 -11.537205
v -16.167662 -2.835186 -10.508450
v -14.221099 -2.745396 -10.816807
v -12.307051 -1.443233 -10.545597
v -15.400455 -2.138401 -9.029472
v -13.848139 -2.059170 -9.348335
v -12.340950 -0.981045 -9.281464
v -14.906936 -1.886898 -7.847309
v -13.441938 -1.804943 -8.203121
v -14.622907 -2.036411 -6.821346
v -12.051364 -0.761326 -8.284760
v -12.963753 -1.940594 -7.270115
v -13.884625 -1.100506 -5.850498
v -11.336519 0.893459 -8.182365
v -11.428658 -0.748272 -7.502514
v -11.418134 -0.092381 -6.574696
v -12.593004 -1.033001 -6.262066
v -13.396379 -0.606991 -5.036095
v -12.188894 -0.548298 -5.463371
v -13.070189 -0.474392 -4.210365
v -12.500055 0.561726 -3.706043
v -11.712347 -0.411755 -4.721386
v -11.120609 0.322941 -5.873566
v -12.104555 1.234837 -3.175522
v -11.441500 0.597485 -4.135757
v -11.844633 1.692699 -2.621624
v -11.126853 1.262852 -3.592075
v -10.542006 0.556133 -5.285980
v -10.547880 1.338589 -4.658619
v -10.788585 1.720615 -3.081734
v -11.508670 2.678745 -2.395004
v -10.326552 1.924702 -4.144043
v -11.316269 3.470463 -2.136539
v -10.653856 2.698681 -2.774105
v -11.222493 4.081211 -1.789219
v -10.512966 3.482929 -2.494617
v -9.946740 2.415844 -3.730515
v -9.991194 3.232456 -3.348125
v -9.910645 3.941982 -3.077717
v -10.081872 2.097782 -5.756279
v -10.667416 1.704960 -6.192551
v -10.880920 1.394466 -6.782078
v -9.677948 4.562939 -2.869465
v -10.328413 4.094868 -2.184875
v -9.934489 5.428936 -2.803783
v -10.432697 5.115002 -2.243221
v -11.131146 5.103466 -1.937065
v 3.794280 13.489033 2.022903
v 4.897683 13.684307 2.597401
v 4.555927 13.266727 3.025879
v 3.992362 13.909237 1.532127
v 5.723004 14.594784 1.463428
v 2.861988 14.251186 1.286598
v 2.806736 13.915623 1.765076
v 4.257950 14.487003 0.019863
v 5.912676 15.864063 0.845921
v 1.992560 14.755047 1.934525
v 2.021618 14.420689 2.343369
v 4.692482 15.704456 -0.323727
v 6.606221 16.792645 -0.205273
v 1.736030 15.404621 3.130493
v 1.698139 14.943790 3.463760
v 5.274244 16.592609 -1.454136
v 7.716232 17.338268 -1.718380
v 2.180220 15.754238 4.509453
v 2.039332 15.138569 4.767632
v 5.921177 17.013027 -3.342747
v 7.931002 18.395817 -2.554310
v 3.123858 15.750546 5.520485
v 2.867482 15.071201 5.721916
v 3.860187 14.655087 5.968475
v 6.403914 18.051723 -3.833027
v 8.519435 18.950031 -3.705147
v 6.905632 18.503574 -4.916523
v 9.459384 18.984745 -5.130756
v 4.807791 18.366985 -4.179096
v 7.389813 18.331371 -6.549530
v 9.660412 19.618298 -6.051575
v 5.251974 18.857296 -5.305149
v 7.849624 18.990101 -7.137688
v 10.187998 19.684574 -7.125378
v 5.330758 18.811779 -7.112392
v 8.257271 18.962208 -8.115326
v 11.042212 18.995922 -8.273289
v 6.109022 19.418743 -7.683685
v 6.443501 19.432568 -8.745033
v 8.538183 18.012814 -9.401730
v 11.125658 19.475834 -9.333397
v 5.499899 21.016216 -8.591255
v 9.037046 18.636166 -10.139969
v 5.146591 20.837345 -7.296104
v 9.374077 18.355175 -10.978489
v 11.503493 19.220707 -10.286972
v 12.133422 18.287594 -11.065990
v 7.174659 19.142399 -10.943558
v 6.245518 18.626225 -10.295513
v 5.110983 20.728786 -10.335136
v 6.294870 20.910587 -11.207542
v 5.465803 23.515110 -9.432701
v 5.705428 23.100666 -7.600670
v 6.659305 23.271221 -10.778522
v 5.258273 22.689495 -6.040409
v 7.131478 23.049168 -12.256702
v 7.341029 25.729076 -7.928211
v 8.259674 25.169483 -9.830486
v 8.788810 24.977787 -11.579578
v 7.114458 24.733669 -6.154533
v 10.401561 25.911892 -8.910904
v 9.928844 26.576077 -6.618191
v 10.942775 25.744274 -10.787663
v 11.615163 26.122715 -12.559364
v 12.759396 25.061993 -10.163094
v 12.246693 25.221493 -8.375378
v 9.024092 25.197697 -13.379734
v 13.764723 25.326580 -11.753769
v 6.985234 22.877674 -13.957020
v 9.709814 24.037113 -14.705723
v 13.661077 24.150837 -13.411362
v 6.687102 20.662731 -12.384148
v 7.508896 18.869930 -11.860588
v 6.377652 19.995205 -13.839256
v 7.311058 17.831615 -12.973171
v 7.971484 22.113178 -15.013577
v 7.413394 19.726337 -14.703575
v 8.346424 21.461979 -16.240204
v 9.540879 17.221134 -11.805214
v 12.188489 18.357952 -12.202049
v 8.153598 17.948788 -13.797977
v 10.003099 17.462566 -12.744614
v 10.269553 16.932720 -13.472496
v 12.476626 17.818974 -13.020550
v 12.982906 16.596455 -13.404930
v 7.732690 19.124851 -15.707645
v 8.426834 17.393024 -14.602905
v 10.292549 15.530193 -13.869091
v 8.093086 16.050648 -15.302788
v 7.303060 18.085888 -16.819710
v 10.764687 15.581142 -14.839130
v 12.980675 16.430912 -14.537766
v 13.202156 15.685398 -15.100170
v 8.981012 15.970676 -16.060051
v 10.981011 14.888462 -15.307381
v 13.607973 14.375393 -15.039471
v 9.219831 15.224377 -16.591408
v 10.915855 13.447605 -15.210384
v 8.827880 13.775791 -16.832466
v 11.421507 13.183887 -16.094849
v 13.657190 13.904690 -16.017773
v 13.870579 13.049809 -16.271042
v 9.721638 13.351780 -17.500706
v 11.615510 12.391163 -16.287678
v 14.202016 11.866886 -15.644802
v 9.942534 12.421200 -17.769836
v 11.460695 11.093868 -15.623493
v 12.024666 10.550167 -16.400265
v 14.270640 11.154240 -16.442688
v 14.436784 10.368801 -16.332439
v 9.472561 10.975857 -17.481552
v 12.192901 9.817509 -16.271637
v 14.650014 9.587933 -15.378807
v 10.419284 10.300709 -17.953850
v 10.637990 9.384304 -17.828415
v 11.998523 8.963024 -15.287220
v 10.198875 8.282742 -17.127354
v 12.539865 8.129543 -15.685894
v 14.742652 8.614918 -15.777355
v 14.872655 7.824322 -15.430996
v 11.069377 7.447887 -17.175171
v 9.991142 7.935894 -19.929655
v 12.701595 7.400913 -15.327293
v 14.997666 7.273602 -14.357323
v 11.286612 6.612904 -16.737377
v 12.532557 6.844685 -14.200932
v 10.953083 5.869617 -15.762581
v 12.966172 5.982830 -14.072258
v 15.070835 6.292271 -14.229843
v 11.631150 5.068890 -15.356045
v 13.043252 5.418797 -13.373215
v 15.136875 5.672688 -13.519932
v 15.159226 5.496548 -12.154934
v 11.731764 4.433460 -14.601463
v 12.726627 5.236362 -11.985638
v 11.215452 4.037319 -13.384216
v 13.145527 4.352413 -11.806511
v 15.138255 4.528896 -11.911682
v 15.108146 4.115643 -11.152058
v 13.145387 3.987415 -11.106724
v 14.997344 4.357182 -9.886517
v 11.911255 3.318279 -12.885571
v 12.702606 4.245319 -9.885052
v 11.938581 2.923656 -12.089069
v 13.033227 3.459850 -9.665501
v 14.855412 3.518986 -9.600117
v 11.296249 2.973751 -10.965881
v 14.704437 3.372303 -9.006298
v 11.333337 0.958378 -12.664463
v 12.953319 3.357586 -9.165245
v 14.507730 3.811832 -8.153618
v 11.903540 2.414608 -10.444794
v 12.530925 3.828098 -8.403450
v 14.230366 3.317814 -7.740845
v 11.851905 2.316441 -9.832924
v 12.646410 3.347324 -8.014660
v 13.996884 3.353947 -7.206871
v 11.276854 2.635456 -9.085434
v 12.489229 3.397175 -7.540951
v 13.763570 3.945484 -6.605114
v 11.611690 2.374783 -8.490589
v 12.053855 4.010281 -7.023758
v 13.380976 3.602421 -6.124096
v 11.469021 2.453663 -7.929497
v 12.040565 3.658085 -6.496441
v 13.098339 3.763409 -5.677055
v 10.874909 2.937244 -7.414177
v 11.834444 3.822857 -6.063148
v 12.877606 4.391071 -5.275574
v 11.087122 2.816822 -6.757687
v 10.681514 1.141125 -7.573116
v 10.885782 1.394466 -6.782078
v 10.905009 3.030102 -6.269695
v 10.672277 1.704960 -6.192551
v 11.456290 4.468227 -5.727043
v 12.481427 4.283215 -4.828011
v 10.390059 3.585598 -5.923580
v 11.372020 4.345867 -5.203926
v 12.225933 4.550808 -4.479420
v 10.513541 3.673519 -5.323612
v 10.086734 2.097782 -5.756279
v 10.233936 2.524967 -5.120312
v 11.194466 4.618145 -4.845409
v 12.083266 5.130398 -4.260170
v 10.371742 4.012089 -4.921822
v 10.969035 5.221325 -4.658955
v 11.808519 5.279461 -3.944481
v 10.065434 4.592052 -4.708576
v 10.077175 2.987209 -4.657822
v 9.715390 3.517742 -4.360340
v 10.911008 5.360989 -4.277145
v 11.696016 5.648396 -3.789497
v 10.158399 4.896572 -4.279690
v 10.852055 5.743275 -4.108593
v 11.716488 6.242085 -3.804386
v 10.125071 5.349850 -4.075809
v 9.838297 4.075336 -3.932381
v 9.798790 4.657406 -3.690208
v 10.788344 6.375134 -4.159664
v 11.564957 6.485783 -3.639072
v 9.968754 5.986828 -4.089535
v 9.581193 5.281521 -3.607510
v 10.841046 6.598263 -3.926140
v 10.197128 6.367229 -3.848064
v 11.033588 6.786678 -3.889614
v 11.558563 6.676281 -3.640320
v 11.551580 6.884365 -3.641682
v 10.284269 6.841312 -3.825588
v 10.283025 7.412235 -4.048012
v 11.669772 7.386532 -3.843220
v 9.979849 6.511250 -3.407928
v 10.544705 7.832661 -4.023869
v 11.620947 7.758595 -3.852177
v 9.942414 7.115543 -3.564911
v 10.285828 7.702114 -3.641090
v 10.694763 8.268856 -4.223293
v 11.693161 8.162128 -4.051109
v 10.460099 8.231060 -3.876240
v 10.732254 8.712383 -4.652592
v 11.872599 8.539097 -4.425014
v 10.468974 8.733143 -4.252842
v 11.039633 9.089031 -4.834389
v 11.895074 8.944416 -4.646305
v 10.862854 9.183788 -4.568874
v 11.417212 9.670269 -5.510555
v 12.064399 9.549274 -5.343224
v 11.302681 9.821491 -5.359676
v 11.837991 10.056866 -5.994740
v 12.146105 9.999004 -5.908569
v 12.124264 10.239742 -6.059227
v 11.783726 10.146740 -5.944599
v 11.992677 10.352886 -5.805672
v 12.312937 10.326237 -5.773132
v 11.692255 10.159527 -4.972534
v 12.355708 10.124058 -4.907963
v 12.343257 10.202160 -5.788639
v 12.436707 9.887592 -4.987484
v 12.159528 9.378872 -3.781174
v 12.307706 9.172031 -4.000896
v 12.377140 8.673412 -3.475220
v 11.290353 9.404636 -3.871658
v 12.154530 8.863575 -3.128395
v 12.107721 8.136501 -3.187744
v 10.993924 8.859646 -3.236439
v 11.896521 8.221729 -2.851852
v 12.044610 7.567135 -2.897514
v 10.890343 8.196545 -2.955009
v 11.798950 7.555065 -2.508125
v 12.198481 6.938686 -2.615696
v 10.721281 7.484921 -2.626072
v 11.871340 6.791241 -2.107239
v 10.491674 6.647030 -2.273273
v 12.036227 6.339779 -2.548923
v 11.733198 6.113819 -2.091637
v 10.483313 5.937923 -2.261196
v 11.923951 6.449085 -3.278591
v 12.012642 6.121365 -3.110184
v 12.108650 5.732372 -2.501064
v 12.309066 5.709476 -3.162502
v 11.781146 5.363476 -2.029858
v 12.246853 5.147335 -3.244183
v 12.443631 5.088840 -2.424892
v 12.421550 4.711590 -3.405319
v 12.387670 4.509182 -2.625359
v 12.038701 4.482891 -1.871159
v 11.136008 5.103466 -1.937065
v 12.040694 3.878368 -2.175278
v 11.227355 4.081211 -1.789219
v 12.600981 3.946850 -2.803432
v 12.868639 4.394421 -3.651955
v 12.257397 3.175983 -2.388378
v 12.973567 3.856640 -3.959152
v 13.127282 3.372921 -2.989849
v 13.326467 3.511837 -4.327110
v 13.244549 2.865475 -3.411701
v 12.743020 2.338352 -2.565414
v 13.983756 3.395336 -4.716473
v 13.663282 2.395985 -3.821163
v 12.920702 1.855541 -3.087582
v 14.102608 2.883663 -5.240288
v 14.465885 1.930836 -4.178070
v 14.498055 2.665211 -5.748135
v 14.574028 1.565739 -4.854248
v 13.355211 1.253300 -3.564949
v 14.128249 0.426121 -3.970818
v 15.219678 2.764881 -6.250866
v 15.056896 1.242954 -5.457703
v 15.306315 2.333302 -7.009369
v 15.996641 0.948719 -6.058987
v 14.314686 0.206257 -4.764294
v 14.836350 -0.224628 -5.485256
v 16.045664 0.736774 -6.997650
v 15.663265 2.264278 -7.724609
v 15.787314 -0.917721 -6.258121
v 16.317705 2.545055 -8.359596
v 16.510593 0.598164 -7.927219
v 15.912878 -0.907841 -7.300640
v 16.322250 2.313915 -9.385689
v 17.434540 0.512890 -8.868660
v 16.433210 -1.121792 -8.407158
v 14.627769 -2.036411 -6.821346
v 14.911798 -1.886898 -7.847309
v 13.889487 -1.100506 -5.850498
v 13.446800 -1.804943 -8.203121
v 13.401241 -0.606991 -5.036095
v 12.968615 -1.940594 -7.270115
v 12.597866 -1.033001 -6.262066
v 13.075051 -0.474392 -4.210365
v 12.193756 -0.548298 -5.463371
v 12.504917 0.561726 -3.706043
v 11.717209 -0.411755 -4.721386
v 11.422996 -0.092381 -6.574696
v 11.125471 0.322941 -5.873566
v 11.446362 0.597485 -4.135757
v 12.109417 1.234837 -3.175522
v 10.546867 0.556133 -5.285980
v 11.849495 1.692699 -2.621624
v 11.131715 1.262852 -3.592075
v 11.513532 2.678745 -2.395004
v 10.793447 1.720615 -3.081734
v 10.552742 1.338589 -4.658619
v 10.331414 1.924702 -4.144043
v 9.951602 2.415844 -3.730515
v 11.433520 -0.748272 -7.502514
v 11.341381 0.893459 -8.182365
v 12.056226 -0.761326 -8.284760
v 11.528451 0.747173 -8.956470
v 12.345812 -0.981045 -9.281464
v 11.230886 0.659336 -9.887314
v 13.853001 -2.059170 -9.348335
v 12.311913 -1.443233 -10.545597
v 11.842622 0.632351 -10.725883
v 15.405317 -2.138401 -9.029472
v 14.225961 -2.745396 -10.816807
v 12.838252 -1.160336 -11.537205
v 11.914182 0.720921 -11.630112
v 12.993648 -1.066921 -12.749477
v 14.563989 -2.270145 -11.947773
v 16.172527 -2.835186 -10.508450
v 17.405901 -1.588825 -9.666821
v 16.292236 -2.336208 -11.731930
v 17.355824 0.575344 -10.068542
v 17.373543 -1.243244 -10.954529
v 16.589146 2.492298 -10.239639
v 17.718847 0.755741 -11.218887
v 17.177412 3.168903 -10.912598
v 17.776983 -1.081898 -12.347340
v 18.613304 1.125935 -12.403805
v 16.961206 3.196812 -12.166550
v 18.708229 -1.042477 -14.023727
v 18.195261 1.580105 -13.614857
v 17.048433 3.710453 -13.104244
v 17.474543 4.641056 -13.722874
v 18.317530 2.212238 -14.749229
v 17.105915 5.066952 -14.899986
v 19.012693 3.006474 -15.863876
v 18.288139 -0.146862 -15.127735
v 18.412401 0.598858 -16.395008
v 17.102757 -1.233212 -16.157352
v 18.410217 3.854298 -16.779682
v 19.114731 1.240398 -17.960201
v 17.054512 5.838360 -15.680183
v 18.488396 2.518124 -18.610891
v 18.358723 4.827206 -17.625511
v 17.299332 6.907650 -16.104244
v 18.420759 3.674999 -19.493929
v 16.870661 7.644672 -16.987251
v 18.792753 5.968662 -18.425194
v 16.756584 8.636089 -17.394051
v 18.157726 7.038235 -19.059269
v 17.041851 9.837605 -17.332729
v 18.030088 8.292728 -19.550299
v 18.166071 6.282803 -21.031492
v 16.412523 10.779354 -17.952103
v 18.523159 9.756298 -19.965387
v 17.996861 7.782459 -21.599800
v 16.228088 11.828213 -18.037281
v 17.609686 11.035831 -20.162819
v 18.424469 9.488148 -22.476439
v 16.540945 12.945644 -17.492378
v 17.378382 12.451794 -20.224838
v 17.478209 11.134174 -22.295147
v 15.750710 14.122807 -17.676239
v 17.872408 14.083324 -20.044092
v 17.187792 12.911236 -22.346027
v 15.483594 15.189266 -17.266197
v 16.791965 15.332966 -19.639759
v 15.753780 16.122379 -16.360275
v 16.462250 16.641537 -19.056042
v 16.489107 16.396954 -21.529533
v 14.921597 17.238636 -16.020027
v 16.857290 18.107647 -18.306900
v 16.107353 17.914883 -20.774229
v 17.564636 15.042484 -22.496862
v 15.600711 15.325916 -23.999687
v 14.842367 16.778599 -22.700119
v 15.600728 12.956287 -23.649370
v 12.793735 14.625004 -24.074854
v 15.946886 10.954624 -23.606758
v 13.291132 12.428417 -23.682201
v 16.650606 9.065586 -24.022177
v 13.656694 10.467213 -23.625477
v 16.546320 7.277218 -22.871317
v 13.937602 8.531330 -24.040289
v 11.168962 11.487461 -22.468288
v 16.770613 5.639782 -22.252512
v 11.514889 9.813519 -22.377668
v 10.260026 13.184353 -22.721577
v 14.290187 6.877827 -22.892769
v 11.366864 8.035244 -22.550438
v 12.126179 6.673771 -21.664997
v 14.561965 5.280972 -22.276207
v 12.412789 5.289700 -21.085958
v 10.409942 9.378040 -20.177128
v 10.937701 6.901844 -19.484400
v 10.118367 10.647602 -20.291164
v 11.204683 5.823833 -18.957844
v 9.048998 11.755932 -20.218672
v 9.540699 13.312397 -19.899530
v 10.478405 14.774426 -21.801607
v 9.258425 14.494946 -19.455715
v 12.533151 16.168499 -22.794203
v 10.130834 16.226383 -21.144331
v 8.214146 15.382282 -18.985937
v 12.137814 17.786694 -21.971193
v 9.203314 17.713383 -20.759117
v 8.666336 16.671047 -18.203606
v 14.432122 18.414295 -21.842501
v 8.369651 17.555439 -17.474182
v 9.428447 18.729595 -19.428272
v 9.072588 19.755779 -18.429764
v 11.571762 19.736042 -21.551083
v 11.338480 20.477993 -19.889759
v 8.100998 20.856884 -17.703522
v 10.928493 21.576649 -18.663427
v 10.300950 23.119183 -17.755302
v 13.152658 22.290348 -18.345627
v 13.589266 21.161350 -19.654190
v 14.319358 20.526157 -21.341278
v 15.292326 20.575893 -18.743011
v 16.360102 19.845867 -20.164131
v 15.756640 19.032558 -17.391052
v 14.652000 18.113308 -15.256287
v 15.406355 20.052494 -16.366745
v 14.967188 18.735516 -14.075916
v 14.878117 21.681316 -17.516369
v 15.796999 21.210117 -15.154152
v 14.077960 19.625042 -13.401867
v 15.078472 23.269764 -16.310059
v 13.750371 20.202938 -12.346588
v 12.968224 24.016697 -17.247467
v 13.957033 20.516872 -10.970066
v 14.709146 21.733074 -14.075390
v 14.339048 22.357281 -12.777039
v 12.976516 21.050976 -9.985374
v 14.068215 23.486897 -14.864304
v 14.619085 23.138531 -11.198002
v 12.305859 24.116329 -15.602695
v 11.877313 24.802578 -14.109715
v 10.128175 23.359364 -16.117481
v 13.497797 23.224041 -9.910057
v 13.021941 23.398434 -8.375645
v 12.543781 21.264538 -8.768063
v 12.696218 21.102680 -7.279179
v 13.201035 23.615673 -6.403912
v 12.194661 25.755672 -6.073296
v 11.422552 21.247044 -6.108536
v 11.756960 23.112965 -5.122414
v 10.765841 20.995800 -4.796730
v 10.917733 24.717892 -4.633636
v 11.007925 22.633823 -3.570866
v 10.660352 20.438839 -3.368164
v 9.121820 25.344189 -4.993084
v 9.417150 19.958759 -2.115108
v 10.841305 22.176464 -1.645515
v 10.149719 24.055874 -2.919441
v 8.735325 19.208210 -0.833107
v 9.500699 21.201778 -0.589714
v 9.764777 23.684711 -0.694653
v 8.609100 18.164524 0.481419
v 8.757722 20.279522 0.760262
v 8.600739 22.335209 0.240185
v 7.243967 17.339832 1.488609
v 8.558184 19.328617 2.469151
v 6.476730 16.324337 2.419598
v 7.165470 18.153133 2.993496
v 7.836540 21.306690 1.614090
v 6.373295 14.994267 3.389442
v 6.377914 17.041515 3.790932
v 5.156140 13.933308 3.969543
v 4.756703 13.431316 4.294106
v 4.566048 13.982174 5.389091
v 4.964855 14.602207 5.160343
v 6.205592 15.871693 5.050526
v 4.217021 15.326283 5.769627
v 5.529859 17.794018 4.511383
v 5.147528 16.820866 5.914467
v 3.523576 17.262081 5.632885
v 2.000430 17.020046 4.310184
v 4.188842 18.141453 4.287823
v 4.818523 19.387974 3.546547
v 1.195113 16.317944 2.410629
v 2.913165 17.920193 3.211308
v 1.457196 15.372738 0.694897
v 2.212610 17.297283 1.654678
v 2.602090 14.727428 -0.264889
v 2.410421 16.487148 0.227528
v 3.338793 15.908306 -0.561188
v 3.420037 19.144680 2.375256
v 2.636364 18.433857 0.680092
v 2.822705 17.509899 -0.868359
v 3.806083 16.826862 -1.708073
v 3.592096 20.677433 1.674648
v 2.502375 19.665783 -0.562969
v 2.701453 18.339176 -2.600548
v 3.979971 17.361546 -3.718067
v 3.789233 19.302517 -3.349987
v 3.676928 20.531864 -1.718246
v 4.257428 19.964344 -4.606155
v 4.223944 21.392986 -3.065742
v 4.632802 21.455875 0.105278
v 5.283680 22.465450 -1.276085
v 4.178358 22.313931 -4.636051
v 4.133666 20.339573 -6.387390
v 5.584607 23.795368 -2.518780
v 6.532532 24.104832 -4.412720
v 8.415289 24.622257 -3.208485
v 7.735713 24.317219 -1.007763
v 6.968444 22.836002 -0.021061
v 6.234639 21.773060 1.364220
v 7.400538 20.480145 3.522758
v 5.481233 21.021847 3.214054
v 6.264083 18.987026 3.789631
v 11.321131 3.470463 -2.136539
v 10.658718 2.698681 -2.774105
v 10.517828 3.482929 -2.494617
v 9.996056 3.232456 -3.348125
v 9.915507 3.941982 -3.077717
v 10.333275 4.094868 -2.184875
v 9.682810 4.562939 -2.869465
v 10.437559 5.115002 -2.243221
v 9.939351 5.428936 -2.803783
v 9.874901 5.901943 -3.426296
v 18.831011 4.861897 -20.629589
v 17.099676 2.856022 -20.646198
v 17.271986 4.022770 -21.989849
v 14.770766 3.661983 -22.021450
v 14.961400 2.595234 -20.675461
v 17.198141 1.613392 -19.745108
v 12.307931 3.871555 -20.675911
v 10.897369 4.754070 -18.265423
v 12.840474 2.943180 -19.518522
v 11.607093 3.928829 -17.465298
v 12.977554 1.927326 -18.615816
v 11.735260 3.133205 -16.610977
v 15.086926 1.401943 -19.770657
v 12.708221 0.708233 -17.967892
v 11.238007 2.349850 -15.673706
v 15.177241 -0.095974 -19.310144
v 11.935426 1.800732 -14.667732
v 17.626186 0.089382 -19.273081
v 17.191259 -0.436810 -17.465031
v 15.178653 -0.537502 -17.520477
v 13.145074 0.278378 -16.456589
v 15.143227 -1.285091 -16.231617
v 13.154866 -0.338238 -15.269360
v 11.973417 1.315075 -13.670067
v 12.714181 -1.138531 -14.336510
v 15.033522 -2.379429 -15.324806
v 14.832340 -2.160404 -13.383514
v 17.323750 -2.372120 -15.201122
v 16.656101 -2.200947 -13.225430
v -9.369215 18.355175 -10.978489
v -7.504034 18.869930 -11.860588
v -9.032185 18.636166 -10.139969
v -6.372789 19.995205 -13.839256
v -7.169796 19.142399 -10.943558
v -8.533321 18.012814 -9.401730
v -6.682239 20.662731 -12.384148
v -8.252409 18.962208 -8.115326
v -6.240656 18.626225 -10.295513
v -7.844761 18.990101 -7.137688
v -6.438638 19.432568 -8.745033
v -7.384951 18.331371 -6.549530
v -6.104159 19.418743 -7.683685
v -5.106121 20.728786 -10.335136
v -6.900770 18.503574 -4.916523
v -5.495037 21.016216 -8.591255
v -6.399051 18.051723 -3.833027
v -5.247111 18.857296 -5.305149
v -4.802929 18.366985 -4.179096
v -5.325895 18.811779 -7.112392
v -5.141728 20.837345 -7.296104
v -4.128803 20.339573 -6.387390
v -4.252565 19.964344 -4.606155
v -3.975109 17.361546 -3.718067
v -3.784370 19.302517 -3.349987
v -2.696590 18.339176 -2.600548
v -4.219081 21.392986 -3.065742
v -2.497513 19.665783 -0.562969
v -3.672066 20.531864 -1.718246
v -3.587234 20.677433 1.674648
v -4.627939 21.455875 0.105278
v -5.476370 21.021847 3.214054
v -6.229776 21.773060 1.364220
v -6.963582 22.836002 -0.021061
v -5.278818 22.465450 -1.276085
v -7.730851 24.317219 -1.007763
v -5.579744 23.795368 -2.518780
v -9.759915 23.684711 -0.694653
v -8.410427 24.622257 -3.208485
v -10.144857 24.055874 -2.919441
v -4.173495 22.313931 -4.636051
v -6.527670 24.104832 -4.412720
v -5.253410 22.689495 -6.040409
v -9.116959 25.344189 -4.993084
v -7.109595 24.733669 -6.154533
v -5.700565 23.100666 -7.600670
v -10.912871 24.717892 -4.633636
v -9.923983 26.576077 -6.618191
v -12.189799 25.755672 -6.073296
v -12.241831 25.221493 -8.375378
v -7.336166 25.729076 -7.928211
v -10.396699 25.911892 -8.910904
v -12.754534 25.061993 -10.163094
v -8.254812 25.169483 -9.830486
v -13.759861 25.326580 -11.753769
v -10.937913 25.744274 -10.787663
v -13.656215 24.150837 -13.411362
v -11.610301 26.122715 -12.559364
v -11.872451 24.802578 -14.109715
v -8.783948 24.977787 -11.579578
v -10.123313 23.359364 -16.117481
v -9.704952 24.037113 -14.705723
v -7.966621 22.113178 -15.013577
v -9.019230 25.197697 -13.379734
v -6.980371 22.877674 -13.957020
v -7.126615 23.049168 -12.256702
v -6.290007 20.910587 -11.207542
v -6.654443 23.271221 -10.778522
v -5.460940 23.515110 -9.432701
vn -0.6557 -0.7273 -0.2027
vn -0.5650 -0.8021 -0.1936
vn -0.2095 -0.8031 -0.5577
vn -0.1545 -0.9069 -0.3921
vn -0.7149 -0.6044 -0.3516
vn 0.3667 -0.8794 -0.3037
vn 0.4082 -0.7094 -0.5746
vn -0.2742 -0.7034 -0.6558
vn -0.7486 -0.5664 -0.3446
vn 0.8006 -0.5955 -0.0671
vn 0.8985 -0.3257 -0.2943
vn -0.3683 -0.6454 -0.6692
vn -0.5030 -0.8595 -0.0911
vn 0.9507 -0.2073 0.2308
vn 0.9874 0.1298 0.0905
vn -0.1627 -0.9407 -0.2977
vn -0.6219 -0.7566 -0.2020
vn 0.8286 0.0825 0.5537
vn 0.8028 0.3720 0.4660
vn -0.2176 -0.8506 -0.4787
vn -0.7081 -0.6606 -0.2492
vn 0.4663 0.1372 0.8739
vn 0.4030 0.3952 0.8255
vn -0.2781 0.1293 0.9518
vn 0.7562 0.5211 0.3957
vn 0.9584 0.2855 0.0039
vn 0.3321 0.5666 0.7541
vn 0.9042 -0.1303 -0.4067
vn -0.1527 -0.1057 0.9826
vn 0.4215 -0.5397 -0.7288
vn -0.6277 -0.4382 0.6435
vn -0.7457 -0.2644 0.6116
vn 0.3517 -0.3754 -0.8575
vn 0.8416 0.1918 -0.5050
vn 0.4227 -0.8098 -0.4069
vn 0.9387 -0.2553 -0.2317
vn 0.8497 0.5208 -0.0822
vn 0.9733 0.1994 0.1133
vn 0.6566 0.7038 0.2713
vn 0.7769 0.4333 0.4568
vn 0.2694 0.7614 0.5896
vn 0.3881 0.4509 0.8038
vn -0.3419 0.3183 0.8842
vn -0.4273 0.5292 0.7331
vn -0.8185 -0.1384 0.5576
vn -0.9103 0.0118 0.4138
vn -0.8953 -0.4378 0.0828
vn -0.7321 -0.6530 0.1939
vn -0.8284 -0.5192 0.2101
vn -0.9387 -0.3446 0.0040
vn -0.7122 -0.3738 0.5942
vn -0.7104 -0.6786 0.1865
vn -0.2709 0.1295 0.9539
vn -0.8628 -0.1143 0.4925
vn -0.8440 -0.5270 0.0991
vn -0.4270 0.4583 0.7795
vn -0.9230 -0.3843 0.0198
vn -0.9449 0.0672 0.3203
vn -0.7170 -0.6378 0.2812
vn -0.4623 -0.8812 0.0988
vn -0.7989 -0.2322 0.5549
vn -0.5074 0.6725 0.5388
vn -0.4213 0.4134 0.8072
vn -0.9054 -0.0356 0.4231
vn -0.8289 -0.5275 0.1864
vn -0.5446 -0.8387 -0.0040
vn -0.8900 -0.4391 0.1226
vn -0.6361 -0.7704 -0.0435
vn -0.9572 0.0748 0.2797
vn -0.6538 -0.5429 0.5270
vn -0.3515 -0.8097 0.4700
vn -0.4796 -0.8363 0.2655
vn -0.7750 -0.0905 0.6255
vn -0.8169 -0.4854 0.3117
vn -0.9075 -0.4082 0.0991
vn -0.6315 -0.7745 0.0358
vn -0.9349 0.0513 0.3511
vn -0.7056 -0.3587 0.6110
vn -0.3507 -0.6503 0.6739
vn -0.9902 0.1223 0.0671
vn -0.8484 0.1144 0.5169
vn -0.8282 -0.3923 0.4002
vn -0.4543 -0.7466 0.4859
vn -0.9616 0.1148 0.2493
vn -0.8919 -0.4083 0.1942
vn -0.5805 -0.7701 0.2646
vn -0.9982 0.0592 -0.0039
vn -0.6969 -0.1693 0.6969
vn -0.3256 -0.4119 0.8511
vn -0.8544 0.2244 0.4686
vn -0.8176 -0.2963 0.4937
vn -0.4136 -0.5948 0.6893
vn -0.5655 -0.7079 0.4232
vn -0.9714 0.1140 0.2084
vn -0.6326 0.7661 0.1139
vn -0.8757 -0.3923 0.2814
vn -0.9998 -0.0198 -0.0039
vn -0.6909 0.0276 0.7224
vn -0.2952 -0.1142 0.9486
vn -0.8567 0.2961 0.4224
vn -0.7739 0.4439 -0.4517
vn -0.7834 -0.1536 0.6023
vn -0.3661 -0.3503 0.8621
vn -0.5185 -0.5423 0.6611
vn -0.7468 0.6362 -0.1936
vn -0.6980 0.7137 -0.0592
vn -0.1936 0.6362 -0.7468
vn -0.9684 0.1225 0.2174
vn -0.1456 0.8539 -0.4997
vn -0.9954 -0.0595 0.0753
vn -0.0274 0.9744 -0.2231
vn -0.8435 -0.2970 0.4475
vn 0.3894 0.7040 -0.5939
vn -0.6632 0.2786 0.6946
vn -0.2625 0.2625 0.9285
vn -0.8570 0.3910 0.3357
vn -0.7518 0.0512 0.6574
vn -0.3185 -0.0197 0.9477
vn -0.4769 -0.3271 0.8158
vn -0.9653 0.1458 0.2167
vn -0.7616 0.5880 -0.2723
vn -0.8181 -0.1699 0.5494
vn -0.8256 0.2252 -0.5175
vn -0.6574 0.4920 0.5708
vn -0.2238 0.5929 0.7735
vn -0.9854 -0.0989 0.1385
vn -0.8800 0.4301 0.2013
vn -0.7265 0.2867 0.6245
vn -0.2779 0.3248 0.9040
vn -0.9570 0.1930 0.2166
vn -0.8176 0.3436 -0.4621
vn -0.7779 0.0277 0.6278
vn -0.4203 0.0039 0.9074
vn -0.2547 0.7328 0.6310
vn -0.9653 -0.0512 0.2561
vn -0.6871 0.5693 0.4515
vn -0.9122 0.3909 0.1224
vn -0.8929 -0.2579 -0.3691
vn -0.7211 0.4532 0.5241
vn -0.2628 0.6080 0.7492
vn -0.3804 0.4431 0.8118
vn -0.8893 0.0514 -0.4545
vn -0.8747 0.1148 -0.4709
vn -0.3694 -0.4330 -0.8222
vn -0.3588 -0.1143 -0.9264
vn -0.9553 0.2240 0.1927
vn -0.9226 -0.1148 -0.3683
vn -0.9565 0.0512 0.2873
vn -0.3451 -0.1627 -0.9244
vn -0.9250 -0.3216 -0.2025
vn -0.4100 -0.6489 -0.6409
vn -0.7651 0.2864 0.5767
vn -0.9084 0.0357 -0.4165
vn -0.9127 0.4070 0.0356
vn -0.6783 0.6862 0.2627
vn -0.2394 0.9146 0.3258
vn -0.9637 0.1849 0.1927
vn -0.7355 0.5310 0.4208
vn -0.2630 0.7733 0.5770
vn -0.3883 0.5139 0.7649
vn -0.9392 -0.2655 -0.2179
vn -0.7684 0.3034 0.5635
vn -0.9335 0.0039 0.3585
vn -0.7142 0.6905 0.1145
vn -0.2703 0.9599 0.0745
vn -0.9446 0.3280 0.0119
vn -0.8840 -0.4638 0.0594
vn -0.9527 -0.1621 -0.2570
vn -0.9584 0.1538 0.2406
vn -0.9161 -0.4005 0.0198
vn -0.7363 0.5788 0.3505
vn -0.2556 0.8849 0.3894
vn -0.3489 0.5528 0.7567
vn -0.8732 -0.0356 0.4860
vn -0.7267 0.3182 0.6088
vn -0.7755 0.6259 0.0827
vn -0.3420 0.9318 -0.1219
vn -0.9726 0.1929 0.1299
vn -0.7771 -0.5326 0.3353
vn -0.9192 -0.3905 0.0513
vn -0.9264 0.1143 0.3587
vn -0.7410 0.5998 0.3019
vn -0.2937 0.9436 0.1527
vn -0.8188 -0.4865 0.3046
vn -0.6650 0.4525 0.5941
vn -0.3011 0.7781 0.5513
vn -0.7918 0.0197 0.6105
vn -0.8148 0.5786 0.0354
vn -0.4297 0.8476 -0.3114
vn -0.9649 0.1221 0.2324
vn -0.6356 -0.5092 0.5803
vn -0.8309 -0.4765 0.2875
vn -0.8566 0.1224 0.5013
vn -0.6840 -0.4705 0.5574
vn -0.7373 0.6112 0.2878
vn -0.3488 0.9368 -0.0274
vn -0.4600 -0.3892 0.7981
vn -0.5792 0.5398 0.6108
vn -0.2714 0.8694 0.4130
vn -0.6495 0.1142 0.7518
vn -0.8407 0.5408 0.0276
vn -0.4988 0.7580 -0.4202
vn -0.9272 0.1065 0.3591
vn -0.7693 0.6036 0.2091
vn -0.4374 0.8708 -0.2246
vn -0.8156 0.1616 0.5556
vn -0.7078 -0.4626 0.5338
vn -0.5789 -0.3662 0.7285
vn -0.6167 0.6089 0.4989
vn -0.3569 0.9216 0.1529
vn -0.6177 0.2321 0.7514
vn -0.8786 0.4768 -0.0276
vn -0.5582 0.6213 -0.5499
vn -0.8938 0.1299 0.4292
vn -0.3653 -0.2082 0.9073
vn -0.5786 -0.3345 0.7439
vn -0.8526 0.5225 0.0118
vn -0.5423 0.6848 -0.4868
vn -0.8413 0.2014 0.5016
vn -0.5000 -0.2165 0.8385
vn -0.7943 0.5809 0.1778
vn -0.5474 0.7600 -0.3505
vn -0.7212 0.2956 0.6266
vn -0.9268 0.1696 -0.3352
vn -0.5735 0.1622 -0.8030
vn -0.9552 0.0275 0.2948
vn -0.3485 -0.0509 0.9359
vn -0.5232 -0.2242 0.8222
vn -0.9166 0.1613 0.3658
vn -0.9272 0.2486 -0.2801
vn -0.5992 0.2579 -0.7579
vn -0.4674 -0.0275 0.8836
vn -0.9096 0.4056 -0.0906
vn -0.6147 0.4402 -0.6545
vn -0.8137 0.3341 0.4756
vn -0.2235 0.2392 0.9449
vn -0.8943 0.2876 -0.3428
vn -0.6699 0.3924 -0.6303
vn -0.5829 -0.2498 -0.7732
vn -0.9916 -0.0988 0.0830
vn -0.9943 -0.0673 -0.0831
vn -0.5837 -0.1866 -0.7902
vn -0.1528 0.0980 0.9834
vn -0.1371 0.2467 0.9593
vn -0.9952 0.0912 -0.0356
vn -0.5878 -0.2249 -0.7771
vn -0.0981 0.4591 0.8829
vn -0.9392 -0.3368 -0.0673
vn -0.4575 -0.6167 -0.6406
vn -0.1451 0.3803 0.9134
vn -0.9577 -0.2798 -0.0670
vn -0.4889 -0.5842 -0.6478
vn -0.2082 0.5774 0.7895
vn -0.9782 -0.1386 -0.1544
vn -0.5109 -0.5585 -0.6535
vn -0.2084 0.7587 0.6172
vn -0.9516 -0.2961 -0.0829
vn -0.4469 -0.7237 -0.5260
vn -0.9392 -0.3289 -0.0991
vn -0.4322 -0.7732 -0.4640
vn -0.2479 0.7830 0.5705
vn -0.9322 -0.3054 -0.1944
vn -0.4335 -0.7516 -0.4971
vn -0.2941 0.8509 0.4353
vn -0.8804 -0.2566 -0.3988
vn -0.4404 -0.6466 -0.6229
vn -0.2088 0.3585 -0.9099
vn -0.3322 0.9105 0.2462
vn -0.3662 0.9253 -0.0985
vn 0.3183 0.9391 0.1297
vn 0.2477 0.9553 -0.1612
vn 0.6245 0.6480 -0.4360
vn 0.1223 -0.5641 -0.8166
vn 0.7644 0.6154 -0.1921
vn 0.2332 -0.6756 -0.6994
vn 0.2565 -0.7143 -0.6512
vn 0.8102 0.5832 -0.0587
vn 0.2418 -0.6619 -0.7095
vn 0.3549 0.8853 0.3003
vn 0.8239 0.5661 0.0273
vn 0.1860 -0.4629 -0.8666
vn 0.3701 0.8221 0.4325
vn 0.7722 0.6310 0.0745
vn 0.2407 -0.4854 -0.8405
vn 0.3716 0.7940 0.4811
vn 0.8917 0.4360 0.1217
vn 0.1776 -0.5720 -0.8008
vn 0.4568 0.6051 0.6520
vn 0.9280 0.2858 0.2388
vn 0.1862 -0.0911 -0.9783
vn 0.4873 0.4561 0.7446
vn 0.8428 0.4508 0.2940
vn 0.2101 -0.1149 -0.9709
vn 0.4728 0.4806 0.7385
vn 0.9385 0.2631 0.2238
vn 0.5439 0.2465 0.8021
vn 0.2651 -0.2255 -0.9375
vn 0.9681 0.1137 0.2234
vn 0.5364 0.1292 0.8340
vn -0.2018 0.3522 -0.9139
vn -0.0277 0.4549 -0.8901
vn 0.6973 0.4530 -0.5555
vn -0.0830 0.2649 -0.9607
vn 0.9068 0.3415 0.2473
vn 0.5943 0.2401 -0.7675
vn -0.1383 0.1146 -0.9837
vn 0.9848 0.0824 -0.1530
vn 0.0588 0.7328 -0.6779
vn 0.4702 0.0514 -0.8811
vn 0.0198 0.6366 -0.7710
vn 0.7711 0.4502 -0.4502
vn -0.0356 0.5258 -0.8499
vn 0.6548 0.3490 -0.6704
vn 0.9468 -0.1296 -0.2947
vn 0.9972 0.0665 0.0352
vn 0.2555 0.9474 -0.1927
vn 0.5628 0.2400 -0.7910
vn 0.1455 0.8298 -0.5388
vn 0.8602 0.4753 -0.1847
vn 0.9673 -0.0587 -0.2467
vn 0.9017 -0.1693 -0.3977
vn 0.7118 0.4208 -0.5624
vn 0.0276 0.6663 -0.7451
vn 0.9978 -0.0430 0.0508
vn 0.3573 0.9226 0.1453
vn 0.5492 0.3042 -0.7784
vn 0.2469 0.9209 -0.3017
vn 0.9144 0.4043 0.0196
vn 0.7869 0.4737 -0.3954
vn 0.1058 0.7874 -0.6072
vn 0.6283 0.3991 -0.6678
vn 0.4017 0.8151 0.4173
vn 0.9548 -0.1218 -0.2711
vn 0.3418 0.9388 -0.0432
vn 0.9465 0.2396 0.2160
vn 0.2231 0.9043 -0.3640
vn 0.8698 0.4641 -0.1677
vn 0.7562 0.4819 -0.4427
vn 0.4023 0.4961 0.7694
vn 0.9710 -0.1690 -0.1690
vn 0.4268 0.8497 0.3094
vn 0.9486 -0.2952 0.1141
vn 0.3319 0.9410 -0.0664
vn 0.9271 0.3638 0.0900
vn 0.8990 -0.0432 0.4358
vn 0.9144 -0.1374 -0.3807
vn 0.8760 -0.4518 0.1689
vn 0.8423 0.4975 -0.2076
vn 0.9689 -0.2236 -0.1059
vn 0.4017 0.4174 0.8151
vn 0.8984 -0.1295 0.4198
vn 0.4486 0.6982 0.5579
vn 0.9365 -0.0823 -0.3409
vn 0.9431 0.2231 0.2465
vn 0.8685 -0.4912 0.0668
vn 0.4014 0.8845 0.2377
vn 0.4026 0.3244 0.8560
vn 0.9013 0.4331 0.0039
vn 0.9585 -0.2643 -0.1065
vn 0.8989 -0.1688 0.4043
vn 0.4552 0.5019 0.7354
vn 0.4515 0.6870 0.5693
vn 0.9365 0.0823 0.3409
vn 0.9534 -0.0667 -0.2943
vn 0.8693 -0.4917 -0.0511
vn 0.9401 0.2769 0.1989
vn 0.3103 -0.1924 0.9309
vn 0.9479 -0.2871 -0.1377
vn 0.4278 0.1923 0.8832
vn 0.8044 -0.4355 0.4041
vn 0.4407 0.5342 0.7214
vn 0.9078 -0.0747 0.4126
vn 0.9565 -0.1063 -0.2716
vn 0.9493 -0.2482 -0.1930
vn 0.9138 0.2627 0.3098
vn 0.2163 -0.5622 0.7982
vn 0.8253 -0.5410 -0.1619
vn 0.3637 -0.1526 0.9190
vn 0.6727 -0.2714 -0.6884
vn 0.3875 0.2152 0.8964
vn 0.5637 -0.5558 -0.6110
vn 0.1300 -0.7684 0.6266
vn 0.8779 0.1443 0.4565
vn 0.2864 -0.4825 0.8277
vn 0.8672 -0.2550 0.4277
vn 0.3258 -0.1688 0.9303
vn 0.7507 -0.6092 0.2555
vn 0.9591 -0.1840 -0.2153
vn 0.9662 0.0430 -0.2542
vn 0.8146 -0.4683 -0.3423
vn 0.6669 -0.2802 -0.6905
vn 0.6952 -0.0039 -0.7188
vn 0.5702 -0.2949 -0.7668
vn 0.2096 -0.2176 -0.9533
vn 0.2655 0.0515 -0.9627
vn 0.7110 -0.0039 -0.7031
vn 0.1859 -0.1622 -0.9691
vn 0.9809 0.1524 -0.1211
vn -0.2730 0.1780 -0.9454
vn 0.7295 -0.6743 0.1144
vn 0.8273 -0.4274 0.3646
vn 0.8353 -0.3255 -0.4431
vn 0.9619 -0.1453 -0.2316
vn 0.8346 -0.0823 0.5447
vn 0.7600 0.2954 -0.5789
vn 0.6194 0.0039 -0.7851
vn 0.2871 0.1848 -0.9399
vn 0.3676 0.4703 -0.8023
vn -0.3056 -0.0833 -0.9485
vn -0.1857 0.6201 -0.7623
vn -0.2893 0.3051 -0.9073
vn 0.2572 0.2335 -0.9377
vn 0.7491 0.2236 -0.6236
vn -0.2480 0.3346 -0.9092
vn 0.9906 0.1370 -0.0039
vn 0.3590 0.5168 -0.7772
vn 0.8013 0.4495 -0.3948
vn 0.6430 -0.7614 -0.0828
vn 0.8086 -0.2327 -0.5404
vn 0.6151 0.2233 -0.7562
vn 0.0197 -0.9334 0.3584
vn 0.2014 -0.7384 0.6436
vn 0.2635 -0.4917 0.8299
vn 0.7675 -0.5944 0.2401
vn 0.9604 -0.1294 -0.2469
vn 0.7967 -0.3179 0.5141
vn -0.0514 -0.9854 0.1623
vn 0.5949 -0.7762 -0.2088
vn 0.1061 -0.9082 0.4049
vn 0.9956 0.0664 0.0664
vn 0.7016 -0.7094 0.0666
vn 0.7740 0.3575 -0.5226
vn 0.8340 -0.1292 -0.5364
vn 0.8341 0.4973 -0.2389
vn 0.2802 0.5169 -0.8089
vn 0.4286 0.7195 -0.5465
vn -0.0981 0.8829 -0.4591
vn -0.2092 0.6592 -0.7223
vn -0.8010 0.5011 -0.3275
vn -0.8526 0.2816 -0.4402
vn -0.8490 -0.0592 -0.5251
vn 0.1547 -0.5118 -0.8451
vn 0.2170 -0.2802 -0.9351
vn 0.1936 -0.5175 -0.8335
vn 0.6673 -0.4857 -0.5646
vn -0.4082 -0.4162 -0.8125
vn 0.1864 -0.7257 -0.6623
vn 0.6227 -0.6624 -0.4165
vn 0.7169 -0.3446 -0.6060
vn -0.3937 -0.3380 -0.8549
vn 0.2576 -0.4557 -0.8520
vn 0.7061 -0.5799 -0.4063
vn 0.2339 -0.7334 -0.6383
vn -0.4401 -0.6621 -0.6066
vn -0.3913 -0.8814 -0.2648
vn 0.2326 -0.9186 -0.3194
vn 0.6482 -0.7425 -0.1689
vn -0.4399 -0.6697 -0.5984
vn 0.2883 -0.7228 -0.6280
vn 0.7350 -0.4756 -0.4834
vn 0.7306 -0.6358 -0.2488
vn 0.2803 -0.8963 -0.3435
vn -0.4168 -0.8692 -0.2659
vn -0.2965 -0.9449 0.1384
vn 0.2731 -0.9616 0.0277
vn 0.6576 -0.7521 0.0433
vn -0.3771 -0.9169 -0.1310
vn 0.3042 -0.9127 -0.2726
vn 0.7299 -0.5957 -0.3353
vn -0.3118 -0.9432 0.1145
vn 0.3277 -0.9438 -0.0434
vn 0.7549 -0.6442 -0.1225
vn -0.1613 -0.8851 0.4366
vn 0.3433 -0.9035 0.2564
vn 0.7304 -0.6672 0.1461
vn -0.2810 -0.9459 0.1623
vn 0.3364 -0.9380 -0.0831
vn -0.1941 -0.8992 0.3922
vn 0.7302 -0.6118 -0.3039
vn 0.3888 -0.9072 0.1610
vn -0.0275 -0.7413 0.6707
vn 0.8539 -0.1456 -0.4997
vn 0.7939 -0.6043 -0.0672
vn 0.7974 -0.5539 0.2396
vn 0.4296 -0.7764 0.4611
vn -0.1547 -0.8845 0.4402
vn 0.4058 -0.9022 0.1458
vn -0.0593 -0.7627 0.6441
vn 0.0904 -0.5147 0.8526
vn 0.4780 -0.7941 0.3753
vn 0.7587 -0.6172 -0.2084
vn 0.0040 -0.6748 0.7380
vn 0.5231 -0.5703 0.6333
vn 0.0588 -0.5217 0.8511
vn 0.5232 -0.7121 0.4682
vn 0.8428 -0.5370 0.0353
vn 0.8524 -0.3889 0.3496
vn 0.5692 -0.5614 0.6006
vn 0.1607 -0.2861 0.9446
vn 0.8511 -0.5216 0.0588
vn 0.1143 -0.3980 0.9102
vn 0.5781 -0.3186 0.7512
vn 0.1372 -0.1686 0.9761
vn 0.5916 -0.4114 0.6934
vn 0.8975 -0.3802 0.2234
vn 0.8802 -0.1917 0.4342
vn 0.9065 -0.3100 0.2865
vn 0.9449 -0.1058 -0.3098
vn 0.8219 -0.1848 -0.5388
vn 0.9842 -0.1608 0.0745
vn 0.9115 -0.0822 0.4030
vn 0.5991 -0.1841 0.7792
vn 0.8247 0.2228 0.5198
vn 0.5615 0.1060 0.8207
vn 0.1758 0.1523 0.9726
vn 0.6602 -0.7235 -0.2016
vn 0.2172 -0.8017 -0.5569
vn 0.5703 -0.7985 -0.1927
vn 0.1621 -0.9057 -0.3916
vn 0.7188 -0.6010 -0.3496
vn -0.3599 -0.8819 -0.3045
vn -0.4016 -0.7116 -0.5765
vn 0.2816 -0.7019 -0.6543
vn 0.7521 -0.5631 -0.3426
vn -0.7977 -0.5993 -0.0675
vn -0.8970 -0.3280 -0.2964
vn 0.3751 -0.6435 -0.6672
vn 0.5089 -0.8560 -0.0907
vn -0.9499 -0.2089 0.2325
vn -0.9872 0.1308 0.0912
vn 0.1704 -0.9394 -0.2973
vn 0.6268 -0.7528 -0.2009
vn -0.8261 0.0830 0.5573
vn -0.8000 0.3744 0.4689
vn 0.2251 -0.8491 -0.4779
vn 0.7120 -0.6570 -0.2478
vn -0.4602 0.1377 0.8771
vn -0.3964 0.3964 0.8281
vn 0.2853 0.1290 0.9497
vn 0.3198 -0.7779 -0.5410
vn 0.4685 -0.8780 0.0984
vn 0.0833 -0.9952 -0.0516
vn 0.5502 -0.8350 -0.0039
vn -0.4070 -0.4781 -0.7783
vn 0.1149 -0.9709 -0.2101
vn 0.6407 -0.7665 -0.0432
vn -0.5197 -0.8371 -0.1706
vn 0.2175 -0.9372 -0.2728
vn 0.3584 -0.8074 0.4687
vn -0.5165 -0.7452 -0.4219
vn -0.0827 -0.9172 0.3897
vn 0.4857 -0.8332 0.2645
vn -0.4857 -0.6673 -0.5646
vn -0.6358 -0.7306 0.2488
vn -0.0119 -0.9924 0.1225
vn 0.6362 -0.7707 0.0356
vn -0.9892 -0.1301 0.0670
vn 0.1782 -0.9705 -0.1624
vn -0.8661 0.1147 -0.4865
vn -0.1539 -0.7696 0.6196
vn 0.3576 -0.6485 0.6720
vn 0.4605 -0.7440 0.4842
vn -0.4739 -0.7208 -0.5058
vn -0.6060 -0.7803 -0.1545
vn -0.9432 -0.1145 -0.3118
vn -0.7956 0.0119 -0.6056
vn -0.8421 0.4862 -0.2333
vn -0.9034 0.4221 0.0750
vn -0.6750 0.5486 -0.4934
vn -0.7621 0.6041 -0.2330
vn -0.8566 0.5013 -0.1224
vn -0.5217 0.8511 -0.0588
vn -0.3832 0.8573 -0.3437
vn -0.5235 0.8463 -0.0984
vn -0.6151 0.7562 0.2233
vn 0.0589 0.9780 -0.2003
vn -0.0274 0.9891 0.1446
vn -0.0430 0.9978 0.0509
vn 0.0746 0.9699 -0.2317
vn 0.5848 0.7496 0.3100
vn 0.6618 0.7479 -0.0509
vn -0.4441 0.8215 -0.3577
vn 0.6913 0.7225 0.0117
vn -0.8010 0.4537 -0.3906
vn -0.3187 0.7121 -0.6255
vn 0.7322 0.6069 -0.3093
vn -0.9994 -0.0198 0.0276
vn -0.7366 -0.5633 0.3742
vn -0.9550 -0.1149 -0.2734
vn -0.6976 -0.7134 0.0670
vn -0.6522 0.3993 -0.6443
vn -0.8316 -0.1301 -0.5399
vn -0.8316 0.5006 -0.2404
vn -0.0984 -0.9089 0.4053
vn 0.5857 -0.7665 0.2634
vn -0.5898 -0.7798 -0.2098
vn 0.0593 -0.9850 0.1622
vn -0.2562 -0.4927 0.8316
vn 0.3325 -0.4108 0.8489
vn 0.4201 -0.5928 0.6871
vn -0.9955 0.0669 0.0669
vn -0.7938 -0.3199 0.5173
vn -0.1938 -0.7395 0.6446
vn -0.7643 -0.5980 0.2415
vn -0.9597 -0.1303 -0.2488
vn -0.0118 -0.9335 0.3584
vn 0.5709 -0.7047 0.4213
vn 0.3024 -0.1139 0.9464
vn -0.6384 -0.7652 -0.0832
vn -0.3187 -0.1692 0.9326
vn 0.3730 -0.3493 0.8595
vn -0.8322 -0.0828 0.5482
vn -0.2792 -0.4836 0.8296
vn -0.8248 -0.4302 0.3670
vn -0.1223 -0.7692 0.6272
vn 0.5243 -0.5401 0.6584
vn 0.2698 0.2619 0.9266
vn -0.7258 -0.6782 0.1151
vn -0.3808 0.2159 0.8991
vn 0.3256 -0.0196 0.9453
vn -0.8761 0.1453 0.4597
vn -0.3568 -0.1530 0.9216
vn -0.2088 -0.5632 0.7995
vn 0.4829 -0.3259 0.8128
vn 0.2313 0.5919 0.7722
vn -0.8652 -0.2568 0.4306
vn -0.4343 0.5361 0.7239
vn 0.2851 0.3241 0.9021
vn -0.7473 -0.6128 0.2570
vn -0.9125 0.2646 0.3121
vn -0.4214 0.1929 0.8861
vn -0.9064 -0.0752 0.4156
vn -0.3032 -0.1929 0.9332
vn 0.4267 0.0039 0.9044
vn 0.2620 0.7313 0.6297
vn -0.8016 -0.4383 0.4067
vn -0.9485 -0.2500 -0.1945
vn -0.4452 0.6895 0.5713
vn 0.2701 0.6067 0.7476
vn -0.9391 0.2790 0.2004
vn -0.4490 0.5037 0.7380
vn -0.9355 0.0829 0.3434
vn -0.3960 0.3254 0.8586
vn 0.3870 0.4418 0.8093
vn -0.8974 -0.1700 0.4072
vn -0.3948 0.8873 0.2384
vn 0.2468 0.9129 0.3252
vn 0.2703 0.7716 0.5758
vn -0.8999 0.4362 0.0039
vn -0.4424 0.7007 0.5598
vn -0.9422 0.2247 0.2484
vn -0.3952 0.4186 0.8177
vn 0.3950 0.5123 0.7626
vn 0.2776 0.9578 0.0743
vn -0.3249 0.9434 -0.0665
vn 0.2630 0.8831 0.3886
vn -0.8968 -0.1303 0.4227
vn -0.4204 0.8526 0.3104
vn -0.8399 0.5008 -0.2090
vn -0.3958 0.4976 0.7718
vn 0.3558 0.5513 0.7546
vn -0.9260 0.3665 0.0906
vn 0.3490 0.9292 -0.1215
vn -0.9684 -0.2253 -0.1067
vn -0.2157 0.9058 -0.3647
vn 0.3008 0.9414 0.1524
vn -0.8975 -0.0435 0.4389
vn -0.3348 0.9413 -0.0433
vn 0.3081 0.7762 0.5500
vn -0.7528 0.4848 -0.4453
vn -0.3952 0.8177 0.4186
vn 0.4361 0.8447 -0.3104
vn -0.8678 0.4673 -0.1688
vn -0.0980 0.7881 -0.6077
vn 0.3557 0.9342 -0.0274
vn -0.9457 0.2414 0.2176
vn -0.2395 0.9226 -0.3023
vn 0.2787 0.8675 0.4121
vn -0.6235 0.4011 -0.6711
vn -0.3504 0.9252 0.1456
vn 0.5047 0.7550 -0.4186
vn -0.7839 0.4767 -0.3978
vn -0.0197 0.6665 -0.7453
vn 0.4437 0.8678 -0.2238
vn -0.9131 0.4072 0.0198
vn -0.9541 -0.1227 -0.2732
vn -0.9839 -0.1620 0.0751
vn -0.5436 0.3056 -0.7817
vn -0.8193 -0.1860 -0.5423
vn -0.1378 0.8307 -0.5393
vn 0.3637 0.9190 0.1525
vn -0.7079 0.4232 -0.5655
vn -0.2482 0.9493 -0.1931
vn 0.5634 0.6186 -0.5477
vn -0.8582 0.4785 -0.1859
vn -0.9441 -0.1066 -0.3121
vn -0.9977 -0.0434 0.0513
vn 0.0435 0.5256 -0.8496
vn 0.5478 0.6819 -0.4847
vn -0.5573 0.2411 -0.7945
vn -0.0119 0.6367 -0.7710
vn 0.5528 0.7567 -0.3490
vn -0.6503 0.3508 -0.6739
vn -0.9003 -0.1705 -0.4006
vn -0.9668 -0.0592 -0.2486
vn -0.0510 0.7331 -0.6782
vn 0.5788 0.1614 -0.7993
vn -0.7679 0.4529 -0.4529
vn 0.1460 0.1144 -0.9826
vn 0.6043 0.2567 -0.7543
vn -0.4640 0.0516 -0.8843
vn -0.9971 0.0670 0.0355
vn -0.9460 -0.1306 -0.2968
vn 0.0909 0.2647 -0.9600
vn 0.6196 0.4381 -0.6513
vn -0.5892 0.2412 -0.7711
vn -0.9845 0.0830 -0.1542
vn 0.0356 0.4548 -0.8899
vn -0.6932 0.4555 -0.5586
vn 0.2093 0.3516 -0.9125
vn 0.6742 0.3903 -0.6269
vn 0.5881 -0.2486 -0.7696
vn -0.2577 -0.2259 -0.9394
vn -0.2025 -0.1151 -0.9725
vn 0.5889 -0.1858 -0.7865
vn -0.9676 0.1145 0.2250
vn -0.1785 -0.0912 -0.9797
vn 0.5929 -0.2238 -0.7735
vn -0.9375 0.2650 0.2255
vn -0.8405 0.4538 0.2959
vn -0.1699 -0.5728 -0.8019
vn 0.4638 -0.6145 -0.6382
vn -0.9269 0.2879 0.2406
vn -0.2333 -0.4863 -0.8421
vn 0.4949 -0.5820 -0.6453
vn -0.8900 0.4391 0.1226
vn -0.2257 -0.5266 -0.8196
vn 0.5095 -0.6201 -0.5965
vn -0.7652 0.6395 0.0745
vn -0.2180 -0.6618 -0.7173
vn 0.4462 -0.7304 -0.5172
vn -0.8016 0.5962 -0.0434
vn -0.1701 -0.6603 -0.7315
vn 0.4456 -0.7138 -0.5403
vn 0.2163 0.3578 -0.9084
vn -0.7143 0.6511 -0.2565
vn -0.2800 0.9582 0.0591
vn 0.3239 0.9325 0.1600
vn -0.3407 0.8732 0.3485
vn 0.2766 0.8375 0.4713
vn 0.9254 -0.2796 -0.2559
vn 0.9536 -0.2786 -0.1138
vn 0.2151 0.7780 0.5903
vn 0.9806 -0.1536 -0.1221
vn 0.9584 -0.2777 -0.0665
vn -0.3574 0.8131 0.4596
vn 0.2157 0.5764 0.7882
vn 0.9401 -0.3343 -0.0668
vn -0.4506 0.6073 0.6543
vn 0.1528 0.3798 0.9124
vn 0.9953 0.0905 -0.0354
vn -0.4813 0.4579 0.7474
vn 0.1059 0.4588 0.8822
vn 0.9944 -0.0668 -0.0825
vn -0.4667 0.4824 0.7413
vn 0.1448 0.2464 0.9583
vn -0.5384 0.2475 0.8055
vn 0.9918 -0.0980 0.0823
vn 0.1605 0.0978 0.9822
vn -0.5308 0.1298 0.8375
vn 0.8959 0.2856 -0.3404
vn 0.9109 0.4027 -0.0899
vn 0.8163 0.3320 0.4726
vn 0.9283 0.2468 -0.2781
vn 0.2309 0.2388 0.9432
vn 0.9279 0.1684 -0.3328
vn 0.9178 0.1601 0.3632
vn 0.7972 0.5773 0.1767
vn 0.9558 0.0273 0.2926
vn 0.4735 -0.0274 0.8804
vn -0.1682 0.1525 0.9739
vn 0.5289 -0.2233 0.8188
vn -0.1295 -0.1687 0.9771
vn 0.7249 0.2939 0.6230
vn 0.8547 0.5190 0.0117
vn 0.3554 -0.0508 0.9333
vn 0.8804 0.4735 -0.0274
vn 0.8436 0.2001 0.4983
vn 0.6216 0.6059 0.4965
vn 0.8954 0.1290 0.4262
vn 0.5059 -0.2157 0.8352
vn 0.7725 0.6000 0.2078
vn 0.6225 0.2310 0.7478
vn 0.5838 -0.3330 0.7405
vn 0.8430 0.5372 0.0274
vn 0.8182 0.1605 0.5520
vn 0.5845 0.5374 0.6080
vn 0.9283 0.1058 0.3564
vn 0.3721 -0.2076 0.9047
vn 0.5841 -0.3646 0.7252
vn 0.7409 0.6076 0.2862
vn 0.6540 0.1136 0.7479
vn 0.8174 0.5750 0.0352
vn 0.8587 0.1216 0.4979
vn 0.7117 -0.4601 0.5308
vn 0.4661 -0.3878 0.7952
vn 0.9655 0.1212 0.2306
vn 0.6693 0.4502 0.5910
vn 0.6882 -0.4680 0.5545
vn 0.7445 0.5964 0.3001
vn 0.7947 0.0196 0.6067
vn 0.8333 -0.4734 0.2856
vn 0.7786 0.6221 0.0822
vn 0.9275 0.1135 0.3561
vn 0.6402 -0.5067 0.5774
vn 0.2017 -0.8978 0.3915
vn 0.2883 -0.9438 0.1619
vn 0.0353 -0.7411 0.6705
vn -0.3294 -0.9405 -0.0833
vn 0.1624 -0.8833 0.4397
vn -0.3821 -0.9099 0.1615
vn -0.4231 -0.7790 0.4627
vn 0.0672 -0.7623 0.6438
vn -0.3992 -0.9051 0.1463
vn -0.0826 -0.5151 0.8532
vn -0.4719 -0.7971 0.3767
vn -0.7945 -0.5573 0.2411
vn -0.7554 -0.6209 -0.2096
vn -0.5174 -0.5727 0.6359
vn -0.8405 -0.5406 0.0355
vn -0.0510 -0.5219 0.8515
vn -0.5175 -0.7150 0.4701
vn -0.1530 -0.2865 0.9458
vn -0.5639 -0.5639 0.6033
vn -0.8502 -0.3915 0.3519
vn -0.8489 -0.5252 0.0592
vn -0.8960 -0.3829 0.2250
vn -0.7910 -0.6081 -0.0676
vn -0.8517 -0.1465 -0.5031
vn -0.7266 -0.6153 -0.3057
vn -0.9478 -0.2974 0.1150
vn -0.7267 -0.6711 0.1469
vn -0.9705 -0.1704 -0.1703
vn -0.3363 -0.9060 0.2572
vn -0.7515 -0.6481 -0.1233
vn -0.9131 -0.1384 -0.3834
vn 0.1689 -0.8839 0.4361
vn -0.3207 -0.9462 -0.0436
vn -0.7261 -0.5991 -0.3373
vn -0.8742 -0.4548 0.1701
vn -0.6531 -0.7560 0.0435
vn -0.2971 -0.9149 -0.2733
vn 0.3189 -0.9409 0.1142
vn 0.8214 -0.4834 0.3026
vn 0.3838 -0.9141 -0.1306
vn 0.9730 0.1915 0.1290
vn 0.9204 -0.3877 0.0509
vn 0.7304 0.3164 0.6054
vn 0.8751 -0.0353 0.4827
vn 0.7399 0.5755 0.3484
vn 0.7802 -0.5293 0.3332
vn 0.9590 0.1526 0.2388
vn 0.7180 0.6867 0.1138
vn 0.9173 -0.3976 0.0196
vn 0.9454 0.3256 0.0118
vn 0.7716 0.3016 0.5601
vn 0.7391 0.5279 0.4184
vn 0.9345 0.0039 0.3558
vn 0.6825 0.6825 0.2613
vn 0.9642 0.1835 0.1913
vn 0.9535 -0.1609 -0.2550
vn 0.8857 -0.4606 0.0591
vn 0.4462 -0.6674 -0.5962
vn 0.9141 0.4041 0.0353
vn 0.9401 -0.2635 -0.2164
vn 0.7683 0.2847 0.5733
vn 0.9098 0.0355 -0.4135
vn 0.9571 0.0508 0.2852
vn 0.7249 0.4506 0.5211
vn 0.9261 -0.3192 -0.2010
vn 0.6912 0.5662 0.4491
vn 0.9560 0.2224 0.1913
vn 0.7810 0.0275 0.6240
vn 0.9135 0.3881 0.1216
vn 0.7302 0.2851 0.6209
vn 0.9658 -0.0508 0.2542
vn 0.8765 0.1140 -0.4677
vn 0.6618 0.4895 0.5678
vn 0.9576 0.1915 0.2150
vn 0.8945 -0.2561 -0.3665
vn 0.8207 -0.1688 0.5458
vn 0.8818 0.4272 0.1999
vn 0.8909 0.0510 -0.4513
vn 0.7552 0.0509 0.6535
vn 0.9856 -0.0982 0.1374
vn 0.8201 0.3414 -0.4591
vn 0.6676 0.2772 0.6910
vn 0.9658 0.1447 0.2151
vn 0.8511 -0.0588 -0.5216
vn 0.8458 -0.2950 0.4445
vn 0.8591 0.3883 0.3334
vn 0.7864 -0.1526 0.5986
vn 0.9955 -0.0590 0.0748
vn 0.7649 0.5845 -0.2707
vn 0.6950 0.0274 0.7185
vn 0.9689 0.1216 0.2157
vn 0.8281 0.2237 -0.5141
vn 0.8548 0.2797 -0.4372
vn 0.2965 0.3044 -0.9052
vn 0.1932 0.6191 -0.7611
vn 0.3128 -0.0831 -0.9462
vn -0.2799 0.1853 -0.9420
vn 0.2803 0.1776 -0.9433
vn -0.1783 -0.1624 -0.9705
vn 0.3656 -0.1140 -0.9238
vn -0.2581 0.0516 -0.9647
vn 0.3762 -0.4317 -0.8198
vn -0.2021 -0.2179 -0.9548
vn -0.5648 -0.2962 -0.7702
vn 0.3521 -0.1622 -0.9218
vn -0.6911 -0.0040 -0.7227
vn -0.7071 -0.0039 -0.7071
vn -0.1470 -0.5124 -0.8461
vn -0.6624 -0.2816 -0.6942
vn -0.5583 -0.5583 -0.6137
vn -0.2095 -0.2806 -0.9367
vn -0.6683 -0.2729 -0.6920
vn -0.9657 0.0433 -0.2562
vn -0.8228 -0.5445 -0.1630
vn -0.8119 -0.4713 -0.3446
vn -0.9558 -0.1071 -0.2736
vn -0.9584 -0.1854 -0.2169
vn -0.9806 0.1536 -0.1221
vn -0.7567 0.2971 -0.5824
vn -0.8329 -0.3276 -0.4460
vn -0.3607 0.4717 -0.8046
vn -0.6145 0.0040 -0.7889
vn -0.9613 -0.1464 -0.2334
vn -0.2498 0.2339 -0.9396
vn -0.7456 0.2249 -0.6273
vn -0.9904 0.1381 -0.0040
vn 0.2553 0.3339 -0.9074
vn -0.8058 -0.2342 -0.5438
vn -0.7985 0.4523 -0.3973
vn -0.6102 0.2244 -0.7598
vn -0.3521 0.5183 -0.7794
vn -0.4221 0.7219 -0.5484
vn -0.7708 0.3597 -0.5257
vn -0.2729 0.5180 -0.8107
vn -0.3827 0.7062 -0.5957
vn 0.2012 0.6352 -0.7457
vn 0.1059 0.8822 -0.4588
vn 0.2167 0.6581 -0.7211
vn 0.7019 0.7098 -0.0588
vn 0.8038 0.4980 -0.3255
vn 0.8588 0.2941 0.4196
vn 0.8776 -0.3896 0.2794
vn 0.9998 -0.0196 -0.0039
vn 0.8202 -0.2943 0.4905
vn 0.7770 0.4412 -0.4490
vn 0.9718 0.1132 0.2069
vn 0.7009 -0.1684 0.6931
vn 0.7503 0.6324 -0.1925
vn 0.8935 -0.4055 0.1929
vn 0.1533 0.8529 -0.4991
vn 0.8307 -0.3898 0.3976
vn 0.8565 0.2229 0.4654
vn 0.9983 0.0587 -0.0039
vn 0.7096 -0.3568 0.6076
vn 0.6372 0.7623 0.1134
vn 0.9622 0.1139 0.2474
vn 0.0352 0.9742 -0.2230
vn 0.1532 0.8288 -0.5381
vn -0.4677 0.8215 -0.3262
vn 0.8505 0.1137 0.5135
vn 0.9904 0.1213 0.0666
vn 0.9089 -0.4053 0.0984
vn 0.8194 -0.4823 0.3097
vn 0.9359 0.0509 0.3485
vn 0.6157 0.7176 0.3255
vn 0.6583 -0.5401 0.5243
vn 0.7781 -0.0899 0.6217
vn 0.8917 -0.4360 0.1218
vn 0.4734 0.5908 0.6534
vn 0.9578 0.0743 0.2776
vn 0.8313 -0.5240 0.1852
vn -0.1684 0.8809 0.4424
vn 0.7208 -0.6342 0.2796
vn 0.9068 -0.0354 0.4201
vn 0.5755 0.7399 0.3484
vn 0.9242 -0.3815 0.0197
vn 0.8017 -0.2307 0.5514
vn 0.5269 0.6049 0.5971
vn 0.8463 -0.5235 0.0984
vn 0.9458 0.0667 0.3179
vn 0.4278 0.4121 0.8045
vn 0.7143 -0.6748 0.1855
vn 0.8648 -0.1135 0.4891
vn 0.9397 -0.3421 0.0039
vn 0.7161 -0.3717 0.5908
vn 0.5132 0.6698 0.5367
vn 0.8968 -0.4347 0.0822
vn 0.9116 0.0117 0.4108
vn 0.7358 -0.6492 0.1928
vn 0.8309 -0.5158 0.2087
vn 0.7492 -0.2628 0.6080
vn 0.6324 -0.4360 0.6403
vn 0.8211 -0.1375 0.5539
vn 0.1603 -0.1056 0.9814
vn 0.4337 0.5274 0.7306
vn 0.3488 0.3175 0.8818
vn -0.3251 0.5680 0.7561
vn -0.7528 0.5242 0.3981
vn -0.2622 0.7630 0.5909
vn -0.3815 0.4522 0.8062
vn -0.9577 0.2877 0.0039
vn -0.6521 0.7074 0.2727
vn -0.9028 -0.1312 -0.4096
vn -0.8475 0.5243 -0.0828
vn -0.4150 -0.5415 -0.7312
vn -0.8393 0.1931 -0.5083
vn -0.3448 -0.3764 -0.8599
vn -0.7738 0.4360 0.4595
vn -0.9729 0.2009 0.1142
vn -0.9377 -0.2572 -0.2335
vn -0.4162 -0.8125 -0.4082
vn -0.6740 0.6661 0.3193
vn -0.9095 0.4134 -0.0433
vn -0.9078 -0.0515 -0.4162
vn -0.4318 -0.6298 -0.6457
vn -0.8418 0.2174 -0.4940
vn -0.7852 0.6037 -0.1381
vn -0.9726 -0.1866 -0.1390
vn -0.9330 0.3504 0.0827
vn -0.5563 0.8166 0.1539
vn -0.6800 0.6486 0.3420
vn -0.8696 0.4839 -0.0984
vn -0.9309 -0.0594 -0.3605
vn -0.5949 0.7840 0.1773
vn -0.4923 0.8704 0.0039
vn -0.0666 0.9759 0.2077
vn -0.1377 0.8851 0.4445
vn -0.2620 0.7313 0.6297
vn -0.1530 0.8983 0.4119
vn 0.4333 0.4567 0.7769
vn -0.2388 0.7320 0.6381
vn 0.2781 0.1293 0.9518
vn -0.1065 -0.3983 0.9110
vn -0.5729 -0.3200 0.7546
vn -0.5864 -0.4133 0.6966
vn -0.8784 -0.1930 0.4372
vn -0.9051 -0.3123 0.2885
vn -0.5941 -0.1849 0.7829
vn -0.9102 -0.0828 0.4058
vn -0.5561 0.1065 0.8243
vn -0.8222 0.2242 0.5232
vn -0.9054 0.3440 0.2490
vn 0.9238 -0.1140 -0.3656
vn 0.4166 -0.6468 -0.6388
vn 0.4148 -0.4148 -0.8099
vn -0.1860 -0.5183 -0.8348
vn -0.1787 -0.7268 -0.6632
vn 0.4003 -0.3369 -0.8522
vn -0.6629 -0.4882 -0.5676
vn -0.9471 -0.2893 -0.1387
vn -0.6178 -0.6657 -0.4185
vn -0.8673 -0.4950 -0.0515
vn -0.7129 -0.3467 -0.6096
vn -0.9527 -0.0672 -0.2965
vn -0.2501 -0.4567 -0.8538
vn -0.7021 -0.5831 -0.4086
vn -0.9579 -0.2663 -0.1073
vn -0.2264 -0.7347 -0.6394
vn -0.8665 -0.4946 0.0673
vn 0.4464 -0.6598 -0.6045
vn 0.3979 -0.8786 -0.2640
vn -0.2251 -0.9203 -0.3200
vn -0.6436 -0.7463 -0.1698
vn -0.2811 -0.7244 -0.6294
vn -0.7313 -0.4783 -0.4862
vn -0.9355 -0.0829 -0.3434
vn -0.7269 -0.6395 -0.2502
vn -0.2731 -0.8983 -0.3443
vn -0.2657 -0.9637 0.0278
vn 0.4233 -0.8664 -0.2650
vn 0.3037 -0.9427 0.1380
vn 0.1616 -0.7687 0.6189
vn 0.7402 -0.5601 0.3720
vn -0.1705 -0.9718 -0.1626
vn 0.9557 -0.1141 -0.2714
vn 0.4801 -0.7181 -0.5039
vn 0.0198 -0.9923 0.1225
vn 0.9994 -0.0196 0.0274
vn 0.0905 -0.9166 0.3894
vn 0.6110 -0.7766 -0.1537
vn -0.2099 -0.9387 -0.2733
vn 0.6405 -0.7270 0.2475
vn -0.1071 -0.9718 -0.2103
vn 0.4917 -0.6648 -0.5625
vn 0.9441 -0.1136 -0.3095
vn -0.0754 -0.9958 -0.0516
vn 0.9894 -0.1291 0.0664
vn -0.3127 -0.7798 -0.5423
vn 0.5255 -0.8337 -0.1699
vn 0.4135 -0.4765 -0.7758
vn 0.5222 -0.7421 -0.4201
vn 0.8681 0.1139 -0.4832
vn 0.9319 -0.0590 -0.3578
vn 0.9730 -0.1852 -0.1379
vn 0.4382 -0.6276 -0.6435
vn 0.8441 0.2159 -0.4908
vn 0.9092 -0.0512 -0.4133
vn 0.9340 0.3478 0.0821
vn 0.9109 0.4105 -0.0430
vn 0.7882 0.6000 -0.1372
vn 0.6783 0.6626 0.3176
vn 0.5617 0.8131 0.1532
vn 0.2462 0.7306 0.6369
vn 0.1606 0.8972 0.4114
vn 0.2693 0.7298 0.6284
vn 0.6842 0.6451 0.3402
vn 0.1454 0.8841 0.4440
vn 0.6000 0.7803 0.1765
vn -0.5212 0.6074 0.5996
vn 0.0744 0.9754 0.2076
vn -0.5702 0.7432 0.3500
vn 0.8715 0.4806 -0.0977
vn 0.4982 0.8670 0.0039
vn 0.7654 0.6005 -0.2316
vn 0.1759 0.8797 0.4418
vn 0.6199 0.7525 0.2223
vn 0.9049 0.4191 0.0744
vn -0.4673 0.5929 0.6558
vn 0.0352 0.9889 0.1446
vn -0.6108 0.7211 0.3271
vn -0.6574 0.7518 -0.0512
vn 0.5273 0.8476 -0.0586
vn -0.0511 0.9784 -0.2004
vn -0.5796 0.7530 0.3115
vn 0.3899 0.8547 -0.3427
vn -0.6871 0.7264 0.0118
vn 0.0508 0.9974 0.0508
vn -0.7285 0.6104 -0.3111
vn -0.0668 0.9705 -0.2318
vn -0.1455 0.8298 -0.5388
vn 0.5292 0.8428 -0.0980
vn 0.4738 0.8184 -0.3250
vn 0.3257 0.7103 -0.6240
vn 0.6568 0.3972 -0.6410
vn 0.4504 0.8186 -0.3564
vn 0.8038 0.4509 -0.3882
vn 0.8587 0.4979 -0.1216
vn 0.7985 0.0118 -0.6018
vn 0.6792 0.5457 -0.4908
vn 0.8444 0.4830 -0.2317
vt 0.029999 0.028320
vt 0.028152 0.034180
vt 0.041473 0.033691
vt 0.040955 0.039551
vt 0.023041 0.049316
vt 0.053223 0.038086
vt 0.053406 0.032715
vt 0.039948 0.054688
vt 0.021027 0.064453
vt 0.065308 0.033203
vt 0.065613 0.027344
vt 0.037628 0.068359
vt 0.018188 0.081055
vt 0.079956 0.026367
vt 0.079712 0.020508
vt 0.035736 0.085449
vt 0.013496 0.102051
vt 0.096436 0.020508
vt 0.095215 0.014160
vt 0.035339 0.107910
vt 0.013084 0.117676
vt 0.112488 0.015625
vt 0.110474 0.009277
vt 0.123962 0.006348
vt 0.099182 0.032227
vt 0.080750 0.039062
vt 0.116699 0.028809
vt 0.065369 0.046387
vt 0.126343 0.013184
vt 0.053680 0.053223
vt 0.139282 0.011230
vt 0.136597 0.004395
vt 0.052582 0.066895
vt 0.066833 0.061035
vt 0.051147 0.083008
vt 0.066223 0.076660
vt 0.083557 0.053711
vt 0.084534 0.068359
vt 0.102051 0.047363
vt 0.104675 0.061035
vt 0.119751 0.043457
vt 0.123718 0.056641
vt 0.130615 0.027344
vt 0.135132 0.041016
vt 0.143799 0.025879
vt 0.150024 0.039062
vt 0.159790 0.023438
vt 0.153564 0.009277
vt 0.150513 0.002930
vt 0.164673 0.001465
vt 0.168701 0.006836
vt 0.178711 0.020508
vt 0.166870 0.037109
vt 0.184692 0.035156
vt 0.155884 0.052734
vt 0.173950 0.052734
vt 0.193481 0.052246
vt 0.140137 0.054199
vt 0.160034 0.069824
vt 0.179932 0.071777
vt 0.204346 0.073730
vt 0.144531 0.069336
vt 0.186401 0.088379
vt 0.207642 0.090332
vt 0.166016 0.086426
vt 0.192017 0.105469
vt 0.213501 0.107422
vt 0.171387 0.102539
vt 0.148560 0.086426
vt 0.153198 0.101562
vt 0.173828 0.120605
vt 0.195557 0.124512
vt 0.220581 0.128418
vt 0.200195 0.140625
vt 0.222290 0.142578
vt 0.178467 0.137695
vt 0.203735 0.156738
vt 0.226074 0.158203
vt 0.232056 0.178711
vt 0.182007 0.153809
vt 0.205444 0.175781
vt 0.207886 0.191406
vt 0.231201 0.193359
vt 0.182861 0.171387
vt 0.209717 0.206055
vt 0.233154 0.207520
vt 0.185425 0.188965
vt 0.187134 0.203125
vt 0.210205 0.222168
vt 0.237183 0.225586
vt 0.186768 0.218750
vt 0.211792 0.237305
vt 0.235840 0.240234
vt 0.188721 0.234375
vt 0.212891 0.251465
vt 0.237183 0.253906
vt 0.189575 0.247559
vt 0.213379 0.267090
vt 0.241333 0.271973
vt 0.238525 0.286621
vt 0.188843 0.262207
vt 0.168457 0.245117
vt 0.214111 0.282227
vt 0.190308 0.277344
vt 0.214600 0.295410
vt 0.239502 0.299805
vt 0.191040 0.291016
vt 0.168701 0.273926
vt 0.215210 0.311035
vt 0.243530 0.317871
vt 0.239868 0.331055
vt 0.168579 0.258789
vt 0.169312 0.287109
vt 0.147705 0.272461
vt 0.188843 0.306152
vt 0.148438 0.256348
vt 0.190308 0.321289
vt 0.146973 0.243652
vt 0.215088 0.326172
vt 0.123352 0.258301
vt 0.214966 0.339355
vt 0.239990 0.343750
vt 0.190308 0.334473
vt 0.214600 0.355469
vt 0.243408 0.362305
vt 0.238892 0.375488
vt 0.188232 0.349609
vt 0.168579 0.330078
vt 0.213501 0.369629
vt 0.168335 0.316895
vt 0.213501 0.381836
vt 0.238525 0.386719
vt 0.188721 0.364746
vt 0.188843 0.377441
vt 0.213135 0.395996
vt 0.241211 0.403320
vt 0.187012 0.391602
vt 0.167358 0.374512
vt 0.211792 0.409668
vt 0.236572 0.416504
vt 0.235229 0.428711
vt 0.187256 0.405762
vt 0.210938 0.421875
vt 0.186401 0.417969
vt 0.166138 0.403320
vt 0.210449 0.435547
vt 0.236450 0.445312
vt 0.231812 0.458008
vt 0.166504 0.388672
vt 0.165649 0.415039
vt 0.145874 0.401855
vt 0.147095 0.386719
vt 0.185181 0.429688
vt 0.164062 0.427246
vt 0.185181 0.442871
vt 0.145508 0.414062
vt 0.163696 0.439453
vt 0.144287 0.437988
vt 0.208984 0.448730
vt 0.162720 0.450195
vt 0.184082 0.454102
vt 0.208008 0.461426
vt 0.230103 0.471191
vt 0.181885 0.465820
vt 0.206421 0.476074
vt 0.229858 0.490234
vt 0.222900 0.501465
vt 0.160156 0.460938
vt 0.203247 0.488770
vt 0.181274 0.479492
vt 0.200806 0.500732
vt 0.219360 0.513428
vt 0.179932 0.491211
vt 0.160156 0.474121
vt 0.159424 0.484863
vt 0.176758 0.502686
vt 0.156982 0.495605
vt 0.197754 0.514648
vt 0.216553 0.531006
vt 0.208252 0.539795
vt 0.174561 0.515869
vt 0.192871 0.526367
vt 0.189819 0.536133
vt 0.204590 0.548340
vt 0.172607 0.526367
vt 0.155640 0.509033
vt 0.154663 0.519531
vt 0.169189 0.536377
vt 0.186157 0.547119
vt 0.200806 0.561279
vt 0.152466 0.529053
vt 0.181763 0.556885
vt 0.194336 0.568359
vt 0.166504 0.547607
vt 0.178223 0.565186
vt 0.190430 0.575928
vt 0.164062 0.556396
vt 0.150513 0.541016
vt 0.148926 0.549805
vt 0.160889 0.564453
vt 0.146729 0.557617
vt 0.174438 0.574219
vt 0.186279 0.586914
vt 0.144043 0.567627
vt 0.169556 0.582764
vt 0.179199 0.593506
vt 0.157227 0.573975
vt 0.166138 0.589600
vt 0.175049 0.599854
vt 0.154785 0.581299
vt 0.162231 0.596924
vt 0.170532 0.609131
vt 0.151855 0.587646
vt 0.142212 0.574951
vt 0.140259 0.581299
vt 0.157593 0.604248
vt 0.164429 0.614258
vt 0.148315 0.596191
vt 0.154053 0.610352
vt 0.160400 0.619873
vt 0.145752 0.602539
vt 0.137817 0.590332
vt 0.135986 0.596924
vt 0.150391 0.616699
vt 0.156128 0.626953
vt 0.143188 0.608398
vt 0.134644 0.602783
vt 0.146973 0.622559
vt 0.152100 0.630859
vt 0.140259 0.615479
vt 0.144287 0.627686
vt 0.149170 0.635498
vt 0.138306 0.621094
vt 0.132324 0.610352
vt 0.131226 0.616455
vt 0.135986 0.626709
vt 0.140869 0.633301
vt 0.145386 0.641846
vt 0.130127 0.621826
vt 0.138550 0.638184
vt 0.142578 0.644775
vt 0.133545 0.633057
vt 0.127808 0.629395
vt 0.139404 0.643555
vt 0.141479 0.646729
vt 0.140259 0.648926
vt 0.132080 0.638672
vt 0.129639 0.644531
vt 0.137695 0.654785
vt 0.126465 0.635742
vt 0.125732 0.641357
vt 0.127686 0.650879
vt 0.135376 0.658691
vt 0.123413 0.648438
vt 0.126099 0.656982
vt 0.133545 0.663574
vt 0.122192 0.655029
vt 0.124268 0.662842
vt 0.131104 0.670166
vt 0.120972 0.661133
vt 0.122192 0.669189
vt 0.127930 0.674805
vt 0.118958 0.667969
vt 0.119751 0.675049
vt 0.124634 0.679932
vt 0.117371 0.679932
vt 0.121033 0.684326
vt 0.117126 0.674072
vt 0.114563 0.683838
vt 0.116760 0.687500
vt 0.115112 0.678955
vt 0.111816 0.686035
vt 0.112366 0.688477
vt 0.107971 0.687500
vt 0.112915 0.682861
vt 0.110962 0.685303
vt 0.108704 0.681396
vt 0.108337 0.684570
vt 0.105530 0.684326
vt 0.104858 0.685059
vt 0.103638 0.687256
vt 0.099670 0.685303
vt 0.104248 0.681152
vt 0.102966 0.682129
vt 0.096008 0.681641
vt 0.101562 0.678467
vt 0.093445 0.677002
vt 0.103271 0.677002
vt 0.100220 0.673828
vt 0.090881 0.671631
vt 0.109253 0.676758
vt 0.102539 0.672363
vt 0.099121 0.668701
vt 0.088257 0.666992
vt 0.109863 0.671631
vt 0.102051 0.666748
vt 0.098633 0.663574
vt 0.087219 0.660400
vt 0.110413 0.665527
vt 0.100891 0.660400
vt 0.096863 0.657471
vt 0.085632 0.655518
vt 0.110840 0.657959
vt 0.100586 0.654785
vt 0.096313 0.651855
vt 0.083435 0.651611
vt 0.111389 0.652344
vt 0.100586 0.648926
vt 0.095947 0.646973
vt 0.081604 0.645264
vt 0.112000 0.645752
vt 0.098877 0.642578
vt 0.112366 0.638184
vt 0.093750 0.640625
vt 0.099060 0.636963
vt 0.112854 0.632812
vt 0.084473 0.641846
vt 0.080383 0.642822
vt 0.079346 0.640625
vt 0.087097 0.638916
vt 0.093201 0.635254
vt 0.086365 0.635254
vt 0.076904 0.637207
vt 0.098694 0.631104
vt 0.092041 0.630371
vt 0.082825 0.628174
vt 0.074036 0.630371
vt 0.096802 0.624512
vt 0.080811 0.623291
vt 0.071411 0.625488
vt 0.089539 0.623779
vt 0.078918 0.618408
vt 0.067993 0.620850
vt 0.088257 0.618408
vt 0.075012 0.610840
vt 0.064392 0.613525
vt 0.086304 0.612793
vt 0.096008 0.618652
vt 0.095459 0.612793
vt 0.072205 0.604980
vt 0.060852 0.607910
vt 0.083801 0.605713
vt 0.069519 0.599121
vt 0.056244 0.601562
vt 0.081848 0.599609
vt 0.093628 0.606201
vt 0.092651 0.599854
vt 0.079224 0.593262
vt 0.065063 0.589600
vt 0.052338 0.592773
vt 0.091614 0.593506
vt 0.062408 0.583496
vt 0.048798 0.586670
vt 0.076355 0.584473
vt 0.059723 0.576660
vt 0.044098 0.579102
vt 0.074524 0.578125
vt 0.071533 0.570557
vt 0.055420 0.565918
vt 0.040436 0.569092
vt 0.069153 0.560547
vt 0.053284 0.559570
vt 0.037384 0.562500
vt 0.084656 0.563232
vt 0.051270 0.552490
vt 0.033264 0.554688
vt 0.067688 0.553467
vt 0.047241 0.540771
vt 0.029846 0.543213
vt 0.064880 0.545654
vt 0.063171 0.534424
vt 0.045471 0.533936
vt 0.027054 0.536133
vt 0.022995 0.525879
vt 0.080566 0.536377
vt 0.043060 0.524170
vt 0.082947 0.546143
vt 0.038849 0.508301
vt 0.019592 0.509766
vt 0.057983 0.516357
vt 0.062073 0.526855
vt 0.080261 0.526367
vt 0.079712 0.517090
vt 0.056641 0.501953
vt 0.076416 0.505127
vt 0.037109 0.498047
vt 0.017136 0.499512
vt 0.014038 0.486816
vt 0.055603 0.491211
vt 0.035522 0.486328
vt 0.076355 0.493164
vt 0.052521 0.478516
vt 0.075867 0.481934
vt 0.032715 0.468750
vt 0.012154 0.469238
vt 0.010788 0.457520
vt 0.031952 0.456543
vt 0.009132 0.444824
vt 0.052277 0.463379
vt 0.073669 0.468750
vt 0.052216 0.451660
vt 0.031677 0.444336
vt 0.030289 0.428223
vt 0.008453 0.429199
vt 0.050964 0.438477
vt 0.074219 0.456055
vt 0.074524 0.444824
vt 0.051727 0.424316
vt 0.029846 0.416992
vt 0.007481 0.417969
vt 0.005733 0.404297
vt 0.073425 0.431641
vt 0.029572 0.404297
vt 0.051727 0.413086
vt 0.028336 0.387695
vt 0.005699 0.388184
vt 0.050385 0.399902
vt 0.074524 0.419434
vt 0.072998 0.394043
vt 0.050751 0.384766
vt 0.028290 0.377441
vt 0.005226 0.377930
vt 0.003881 0.364258
vt 0.074463 0.407715
vt 0.028549 0.364258
vt 0.098816 0.416016
vt 0.027328 0.346191
vt 0.004353 0.346680
vt 0.098511 0.403809
vt 0.027359 0.334961
vt 0.004135 0.334961
vt 0.003109 0.321777
vt 0.049835 0.343262
vt 0.028107 0.322266
vt 0.049713 0.360352
vt 0.027298 0.305176
vt 0.003990 0.304688
vt 0.051086 0.373535
vt 0.072144 0.353516
vt 0.073792 0.379883
vt 0.074158 0.367676
vt 0.097778 0.389648
vt 0.098022 0.375488
vt 0.098450 0.362305
vt 0.123535 0.387207
vt 0.123230 0.373047
vt 0.097473 0.346680
vt 0.123535 0.358887
vt 0.072937 0.337891
vt 0.146606 0.372559
vt 0.050171 0.332031
vt 0.049713 0.319336
vt 0.073059 0.325684
vt 0.071472 0.312012
vt 0.049561 0.302246
vt 0.097717 0.331543
vt 0.097839 0.318359
vt 0.124084 0.341797
vt 0.123840 0.327637
vt 0.146606 0.358887
vt 0.147583 0.327148
vt 0.148193 0.341309
vt 0.123901 0.314453
vt 0.097046 0.303711
vt 0.147583 0.314453
vt 0.072266 0.296875
vt 0.124451 0.298828
vt 0.097107 0.290039
vt 0.050110 0.291504
vt 0.072754 0.285645
vt 0.097351 0.277832
vt 0.027283 0.293945
vt 0.003599 0.292969
vt 0.002241 0.279297
vt 0.028152 0.281250
vt 0.027115 0.263672
vt 0.003353 0.263184
vt 0.050018 0.279297
vt 0.003233 0.250977
vt 0.071045 0.272949
vt 0.049683 0.262207
vt 0.027252 0.251953
vt 0.049866 0.250488
vt 0.028442 0.239258
vt 0.002245 0.237793
vt 0.071960 0.257812
vt 0.050079 0.238281
vt 0.096008 0.264160
vt 0.072083 0.246094
vt 0.096619 0.250977
vt 0.123413 0.272949
vt 0.123596 0.285645
vt 0.147949 0.284668
vt 0.148804 0.298340
vt 0.168335 0.301758
vt 0.167603 0.344727
vt 0.166992 0.360840
vt 0.122986 0.401855
vt 0.123047 0.414062
vt 0.123535 0.425293
vt 0.098816 0.427734
vt 0.145508 0.425293
vt 0.122742 0.437500
vt 0.098999 0.439941
vt 0.099121 0.451172
vt 0.143555 0.447754
vt 0.122498 0.448242
vt 0.099548 0.461914
vt 0.123657 0.458984
vt 0.142700 0.458984
vt 0.141479 0.472168
vt 0.122070 0.471680
vt 0.099304 0.475098
vt 0.140869 0.481934
vt 0.121765 0.482422
vt 0.099243 0.485840
vt 0.100037 0.496582
vt 0.122253 0.492188
vt 0.140503 0.491699
vt 0.138672 0.506104
vt 0.121033 0.505615
vt 0.100464 0.509766
vt 0.137817 0.516113
vt 0.120178 0.515869
vt 0.100281 0.519775
vt 0.137207 0.524658
vt 0.120300 0.525146
vt 0.100708 0.529297
vt 0.135010 0.537354
vt 0.118958 0.536865
vt 0.100891 0.540283
vt 0.133667 0.546143
vt 0.117859 0.545654
vt 0.132812 0.553223
vt 0.100769 0.548828
vt 0.117615 0.553467
vt 0.130737 0.564209
vt 0.083801 0.554199
vt 0.101135 0.557129
vt 0.101868 0.566406
vt 0.116821 0.563721
vt 0.129395 0.571777
vt 0.115906 0.571045
vt 0.128418 0.577637
vt 0.126831 0.587158
vt 0.115723 0.577637
vt 0.101807 0.573486
vt 0.125732 0.593994
vt 0.115295 0.586670
vt 0.125000 0.599365
vt 0.114685 0.593262
vt 0.102295 0.580566
vt 0.103088 0.588867
vt 0.114319 0.598877
vt 0.123657 0.607422
vt 0.103271 0.595215
vt 0.122925 0.613770
vt 0.114075 0.606689
vt 0.122620 0.618896
vt 0.113708 0.613037
vt 0.103394 0.601318
vt 0.104248 0.608643
vt 0.104248 0.614746
vt 0.089417 0.586182
vt 0.088135 0.578369
vt 0.087158 0.571533
vt 0.104187 0.620361
vt 0.113403 0.618408
vt 0.105286 0.627686
vt 0.113281 0.626221
vt 0.121216 0.626953
vt 0.033173 0.121094
vt 0.011963 0.133301
vt 0.032257 0.136230
vt 0.008766 0.152344
vt 0.051483 0.118652
vt 0.032562 0.155762
vt 0.008308 0.165039
vt 0.050385 0.133301
vt 0.030182 0.166992
vt 0.006878 0.178711
vt 0.051544 0.153320
vt 0.029343 0.180176
vt 0.004059 0.196777
vt 0.050415 0.165039
vt 0.049622 0.177734
vt 0.030289 0.198730
vt 0.004299 0.209961
vt 0.068909 0.172363
vt 0.028015 0.210938
vt 0.069397 0.158691
vt 0.027588 0.222656
vt 0.003885 0.222168
vt 0.050079 0.209473
vt 0.050629 0.197266
vt 0.068420 0.189941
vt 0.070984 0.204102
vt 0.091858 0.180664
vt 0.092041 0.164062
vt 0.094727 0.196777
vt 0.091675 0.149414
vt 0.095154 0.210449
vt 0.119202 0.172852
vt 0.120422 0.190430
vt 0.120972 0.204590
vt 0.117493 0.156250
vt 0.144531 0.187012
vt 0.144409 0.168457
vt 0.145386 0.202148
vt 0.146851 0.215820
vt 0.166504 0.201660
vt 0.165161 0.187500
vt 0.122314 0.218750
vt 0.166992 0.215820
vt 0.095215 0.225098
vt 0.122559 0.233398
vt 0.167725 0.232422
vt 0.070862 0.216797
vt 0.049530 0.221191
vt 0.070496 0.232910
vt 0.096680 0.238770
vt 0.146606 0.231445
vt 0.122803 0.246094
vt 0.164185 0.168457
vt 0.162354 0.151367
vt 0.141846 0.152344
vt 0.159302 0.135742
vt 0.156494 0.117676
vt 0.107666 0.075195
vt 0.085144 0.084473
vt 0.066101 0.095703
vt 0.052185 0.104980
vt 0.068542 0.111328
vt 0.088501 0.101562
vt 0.067688 0.126465
vt 0.088928 0.117188
vt 0.110352 0.093262
vt 0.112427 0.108398
vt 0.089172 0.133301
vt 0.067566 0.144531
vt 0.114685 0.123047
vt 0.116333 0.141113
vt 0.139771 0.136719
vt 0.138306 0.118164
vt 0.134277 0.103516
vt 0.130981 0.088379
vt 0.128418 0.070312
s 1
usemtl MI_Horns_1
f 3/1/1 1/2/2 2/3/3
f 4/4/4 2/3/3 1/2/2
f 5/5/5 4/4/4 1/2/2
f 4/4/4 6/6/6 2/3/3
f 7/7/7 2/3/3 6/6/6
f 5/5/5 8/8/8 4/4/4
f 4/4/4 8/8/8 6/6/6
f 8/8/8 5/5/5 9/9/9
f 7/7/7 6/6/6 10/10/10
f 7/7/7 10/10/10 11/11/11
f 8/8/8 9/9/9 12/12/12
f 9/9/9 13/13/13 12/12/12
f 10/10/10 14/14/14 11/11/11
f 15/15/15 11/11/11 14/14/14
f 16/16/16 12/12/12 13/13/13
f 13/13/13 17/17/17 16/16/16
f 14/14/14 18/18/18 15/15/15
f 19/19/19 15/15/15 18/18/18
f 20/20/20 16/16/16 17/17/17
f 21/21/21 20/20/20 17/17/17
f 18/18/18 22/22/22 19/19/19
f 23/23/23 19/19/19 22/22/22
f 23/23/23 22/22/22 24/24/24
f 18/18/18 14/14/14 25/25/25
f 18/18/18 25/25/25 22/22/22
f 26/26/26 25/25/25 14/14/14
f 14/14/14 10/10/10 26/26/26
f 27/27/27 22/22/22 25/25/25
f 10/10/10 28/28/28 26/26/26
f 10/10/10 6/6/6 28/28/28
f 29/29/29 24/24/24 22/22/22
f 27/27/27 29/29/29 22/22/22
f 30/30/30 28/28/28 6/6/6
f 30/30/30 6/6/6 8/8/8
f 29/29/29 31/31/31 24/24/24
f 32/32/32 24/24/24 31/31/31
f 30/30/30 8/8/8 33/33/33
f 12/12/12 33/33/33 8/8/8
f 34/34/34 28/28/28 30/30/30
f 33/33/33 34/34/34 30/30/30
f 33/33/33 12/12/12 35/35/35
f 16/16/16 35/35/35 12/12/12
f 34/34/34 33/33/33 36/36/36
f 35/35/35 36/36/36 33/33/33
f 28/28/28 34/34/34 37/37/37
f 28/28/28 37/37/37 26/26/26
f 36/36/36 38/38/38 34/34/34
f 37/37/37 34/34/34 38/38/38
f 26/26/26 37/37/37 39/39/39
f 26/26/26 39/39/39 25/25/25
f 38/38/38 40/40/40 37/37/37
f 39/39/39 37/37/37 40/40/40
f 41/41/41 25/25/25 39/39/39
f 25/25/25 41/41/41 27/27/27
f 40/40/40 42/42/42 39/39/39
f 41/41/41 39/39/39 42/42/42
f 27/27/27 41/41/41 43/43/43
f 27/27/27 43/43/43 29/29/29
f 44/44/44 43/43/43 41/41/41
f 42/42/42 44/44/44 41/41/41
f 43/43/43 45/45/45 29/29/29
f 43/43/43 44/44/44 45/45/45
f 31/31/31 29/29/29 45/45/45
f 46/46/46 45/45/45 44/44/44
f 45/45/45 47/47/47 31/31/31
f 45/45/45 46/46/46 47/47/47
f 48/48/48 31/31/31 47/47/47
f 32/32/32 31/31/31 48/48/48
f 48/48/48 49/49/49 32/32/32
f 49/49/49 48/48/48 3/50/1
f 1/51/2 3/50/1 48/48/48
f 48/48/48 47/47/47 1/51/2
f 1/51/2 47/47/47 5/52/5
f 47/47/47 50/53/50 5/52/5
f 46/46/46 50/53/50 47/47/47
f 9/54/9 5/52/5 50/53/50
f 46/46/46 51/55/51 50/53/50
f 46/46/46 44/44/44 51/55/51
f 52/56/52 9/54/9 50/53/50
f 51/55/51 52/56/52 50/53/50
f 9/54/9 52/56/52 13/57/13
f 53/58/53 51/55/51 44/44/44
f 42/42/42 53/58/53 44/44/44
f 51/55/51 54/59/54 52/56/52
f 51/55/51 53/58/53 54/59/54
f 52/56/52 55/60/55 13/57/13
f 55/60/55 52/56/52 54/59/54
f 55/60/55 17/61/17 13/57/13
f 56/62/56 54/59/54 53/58/53
f 55/60/55 57/63/57 17/61/17
f 57/63/57 21/64/21 17/61/17
f 54/59/54 58/65/58 55/60/55
f 57/63/57 55/60/55 58/65/58
f 57/63/57 59/66/59 21/64/21
f 60/67/60 21/64/21 59/66/59
f 61/68/61 57/63/57 58/65/58
f 57/63/57 61/68/61 59/66/59
f 58/65/58 54/59/54 62/69/62
f 56/62/56 62/69/62 54/59/54
f 61/68/61 58/65/58 63/70/63
f 62/69/62 63/70/63 58/65/58
f 64/71/64 59/66/59 61/68/61
f 61/68/61 63/70/63 64/71/64
f 65/72/65 60/67/60 59/66/59
f 59/66/59 64/71/64 65/72/65
f 60/67/60 65/72/65 66/73/66
f 65/72/65 67/74/67 66/73/66
f 68/75/68 66/73/66 67/74/67
f 64/71/64 69/76/69 65/72/65
f 67/74/67 65/72/65 69/76/69
f 70/77/70 68/75/68 67/74/67
f 70/77/70 71/78/71 68/75/68
f 71/78/71 70/77/70 72/79/72
f 70/77/70 67/74/67 73/80/73
f 69/76/69 73/80/73 67/74/67
f 74/81/74 72/79/72 70/77/70
f 73/80/73 74/81/74 70/77/70
f 74/81/74 75/82/75 72/79/72
f 76/83/76 72/79/72 75/82/75
f 73/80/73 77/84/77 74/81/74
f 75/82/75 78/85/78 76/83/76
f 79/86/79 76/83/76 78/85/78
f 75/82/75 74/81/74 80/87/80
f 80/87/80 74/81/74 77/84/77
f 78/85/78 75/82/75 81/88/81
f 81/88/81 75/82/75 80/87/80
f 78/85/78 82/89/82 79/86/79
f 79/86/79 82/89/82 83/90/83
f 81/88/81 84/91/84 78/85/78
f 82/89/82 78/85/78 84/91/84
f 82/89/82 85/92/85 83/90/83
f 86/93/86 83/90/83 85/92/85
f 87/94/87 82/89/82 84/91/84
f 82/89/82 87/94/87 85/92/85
f 85/92/85 88/95/88 86/93/86
f 89/96/89 86/93/86 88/95/88
f 90/97/90 85/92/85 87/94/87
f 85/92/85 90/97/90 88/95/88
f 88/95/88 91/98/91 89/96/89
f 92/99/92 89/96/89 91/98/91
f 92/99/92 91/98/91 93/100/93
f 90/97/90 94/101/94 88/95/88
f 88/95/88 94/101/94 91/98/91
f 90/97/90 87/94/87 95/102/95
f 90/97/90 95/102/95 94/101/94
f 96/103/96 93/100/93 91/98/91
f 94/101/94 97/104/97 91/98/91
f 96/103/96 91/98/91 97/104/97
f 96/103/96 98/105/98 93/100/93
f 99/106/99 93/100/93 98/105/98
f 96/103/96 97/104/97 100/107/100
f 96/103/96 100/107/100 98/105/98
f 97/104/97 94/101/94 101/108/101
f 102/109/102 99/106/99 98/105/98
f 99/106/99 102/109/102 103/110/103
f 103/110/103 102/109/102 104/111/104
f 105/112/105 101/108/101 94/101/94
f 94/101/94 95/102/95 105/112/105
f 97/104/97 101/108/101 106/113/106
f 97/104/97 106/113/106 100/107/100
f 101/108/101 105/112/105 107/114/107
f 101/108/101 107/114/107 106/113/106
f 100/107/100 108/115/108 98/105/98
f 106/113/106 108/115/108 100/107/100
f 102/109/102 98/105/98 108/115/108
f 109/116/109 107/114/107 105/112/105
f 95/102/95 109/116/109 105/112/105
f 108/115/108 110/117/110 102/109/102
f 95/102/95 111/118/111 109/116/109
f 102/109/102 110/117/110 112/119/112
f 112/119/112 104/111/104 102/109/102
f 111/118/111 113/120/113 109/116/109
f 109/116/109 113/120/113 107/114/107
f 114/121/114 104/111/104 112/119/112
f 104/111/104 114/121/114 115/122/115
f 114/121/114 112/119/112 116/123/116
f 110/117/110 116/123/116 112/119/112
f 114/121/114 117/124/117 115/122/115
f 118/125/118 115/122/115 117/124/117
f 119/126/119 118/125/118 117/124/117
f 116/123/116 120/127/120 114/121/114
f 117/124/117 114/121/114 120/127/120
f 116/123/116 110/117/110 121/128/121
f 116/123/116 121/128/121 120/127/120
f 117/124/117 122/129/122 119/126/119
f 123/130/123 121/128/121 110/117/110
f 123/130/123 110/117/110 108/115/108
f 124/131/124 119/126/119 122/129/122
f 125/132/125 119/126/119 124/131/124
f 117/124/117 126/133/126 122/129/122
f 126/133/126 117/124/117 120/127/120
f 124/131/124 122/129/122 127/134/127
f 126/133/126 127/134/127 122/129/122
f 124/131/124 128/135/128 125/132/125
f 129/136/129 125/132/125 128/135/128
f 127/134/127 130/137/130 124/131/124
f 128/135/128 124/131/124 130/137/130
f 127/134/127 126/133/126 131/138/131
f 127/134/127 131/138/131 130/137/130
f 132/139/132 129/136/129 128/135/128
f 133/140/133 129/136/129 132/139/132
f 133/140/133 132/139/132 134/141/134
f 130/137/130 135/142/135 128/135/128
f 132/139/132 128/135/128 135/142/135
f 136/143/136 134/141/134 132/139/132
f 135/142/135 137/144/137 132/139/132
f 136/143/136 132/139/132 137/144/137
f 135/142/135 130/137/130 138/145/138
f 139/146/139 134/141/134 136/143/136
f 134/141/134 139/146/139 140/147/140
f 140/147/140 139/146/139 141/148/141
f 138/145/138 130/137/130 142/149/142
f 142/149/142 130/137/130 131/138/131
f 138/145/138 143/150/143 135/142/135
f 137/144/137 135/142/135 143/150/143
f 138/145/138 142/149/142 144/151/144
f 138/145/138 144/151/144 143/150/143
f 145/152/145 142/149/142 131/138/131
f 144/151/144 142/149/142 145/152/145
f 137/144/137 143/150/143 146/153/146
f 137/144/137 146/153/146 136/143/136
f 139/146/139 136/143/136 146/153/146
f 147/154/147 146/153/146 143/150/143
f 148/155/148 139/146/139 146/153/146
f 143/150/143 149/156/149 147/154/147
f 149/156/149 143/150/143 144/151/144
f 147/154/147 150/157/150 146/153/146
f 148/155/148 146/153/146 150/157/150
f 150/157/150 147/154/147 151/158/151
f 152/159/152 139/146/139 148/155/148
f 152/159/152 141/148/141 139/146/139
f 153/160/153 148/155/148 150/157/150
f 150/157/150 151/158/151 153/160/153
f 154/161/154 152/159/152 148/155/148
f 148/155/148 153/160/153 154/161/154
f 152/159/152 155/162/155 141/148/141
f 152/159/152 154/161/154 155/162/155
f 156/163/156 141/148/141 155/162/155
f 154/161/154 157/164/157 155/162/155
f 154/161/154 153/160/153 157/164/157
f 155/162/155 158/165/158 156/163/156
f 158/165/158 155/162/155 157/164/157
f 156/163/156 158/165/158 159/166/159
f 159/166/159 158/165/158 160/167/160
f 161/168/161 157/164/157 153/160/153
f 162/169/162 160/167/160 158/165/158
f 157/164/157 163/170/163 158/165/158
f 162/169/162 158/165/158 163/170/163
f 164/171/164 160/167/160 162/169/162
f 160/167/160 164/171/164 165/172/165
f 163/170/163 166/173/166 162/169/162
f 164/171/164 162/169/162 166/173/166
f 157/164/157 167/174/167 163/170/163
f 167/174/167 157/164/157 161/168/161
f 166/173/166 163/170/163 168/175/168
f 167/174/167 168/175/168 163/170/163
f 169/176/169 164/171/164 166/173/166
f 170/177/170 166/173/166 168/175/168
f 166/173/166 170/177/170 169/176/169
f 165/172/165 164/171/164 171/178/171
f 164/171/164 169/176/169 171/178/171
f 165/172/165 171/178/171 172/179/172
f 173/180/173 172/179/172 171/178/171
f 169/176/169 174/181/174 171/178/171
f 175/182/175 173/180/173 171/178/171
f 175/182/175 171/178/171 174/181/174
f 175/182/175 176/183/176 173/180/173
f 177/184/177 173/180/173 176/183/176
f 175/182/175 174/181/174 178/185/178
f 175/182/175 178/185/178 176/183/176
f 174/181/174 169/176/169 179/186/179
f 170/177/170 179/186/179 169/176/169
f 174/181/174 180/187/180 178/185/178
f 174/181/174 179/186/179 180/187/180
f 178/185/178 181/188/181 176/183/176
f 176/183/176 182/189/182 177/184/177
f 182/189/182 176/183/176 181/188/181
f 177/184/177 182/189/182 183/190/183
f 181/188/181 178/185/178 184/191/184
f 180/187/180 184/191/184 178/185/178
f 185/192/185 183/190/183 182/189/182
f 183/190/183 185/192/185 186/193/186
f 181/188/181 187/194/187 182/189/182
f 185/192/185 182/189/182 187/194/187
f 185/192/185 188/195/188 186/193/186
f 189/196/189 186/193/186 188/195/188
f 187/194/187 190/197/190 185/192/185
f 188/195/188 185/192/185 190/197/190
f 181/188/181 191/198/191 187/194/187
f 184/191/184 191/198/191 181/188/181
f 190/197/190 187/194/187 192/199/192
f 191/198/191 192/199/192 187/194/187
f 190/197/190 193/200/193 188/195/188
f 192/199/192 194/201/194 190/197/190
f 193/200/193 190/197/190 194/201/194
f 188/195/188 195/202/195 189/196/189
f 195/202/195 188/195/188 193/200/193
f 196/203/196 189/196/189 195/202/195
f 197/204/197 193/200/193 194/201/194
f 195/202/195 198/205/198 196/203/196
f 199/206/199 196/203/196 198/205/198
f 193/200/193 200/207/200 195/202/195
f 198/205/198 195/202/195 200/207/200
f 200/207/200 193/200/193 197/204/197
f 198/205/198 201/208/201 199/206/199
f 202/209/202 199/206/199 201/208/201
f 200/207/200 203/210/203 198/205/198
f 201/208/201 198/205/198 203/210/203
f 204/211/204 202/209/202 201/208/201
f 204/211/204 205/212/205 202/209/202
f 203/210/203 206/213/206 201/208/201
f 204/211/204 201/208/201 206/213/206
f 203/210/203 200/207/200 207/214/207
f 197/204/197 207/214/207 200/207/200
f 203/210/203 208/215/208 206/213/206
f 208/215/208 203/210/203 207/214/207
f 209/216/209 205/212/205 204/211/204
f 209/216/209 210/217/210 205/212/205
f 211/218/211 204/211/204 206/213/206
f 209/216/209 204/211/204 211/218/211
f 212/219/212 210/217/210 209/216/209
f 212/219/212 213/220/213 210/217/210
f 211/218/211 214/221/214 209/216/209
f 212/219/212 209/216/209 214/221/214
f 211/218/211 206/213/206 215/222/215
f 208/215/208 215/222/215 206/213/206
f 214/221/214 211/218/211 216/223/216
f 215/222/215 216/223/216 211/218/211
f 212/219/212 217/224/217 213/220/213
f 218/225/218 213/220/213 217/224/217
f 214/221/214 219/226/219 212/219/212
f 217/224/217 212/219/212 219/226/219
f 216/223/216 220/227/220 214/221/214
f 219/226/219 214/221/214 220/227/220
f 217/224/217 221/228/221 218/225/218
f 222/229/222 218/225/218 221/228/221
f 223/230/223 217/224/217 219/226/219
f 221/228/221 217/224/217 223/230/223
f 221/228/221 224/231/224 222/229/222
f 225/232/225 222/229/222 224/231/224
f 223/230/223 226/233/226 221/228/221
f 224/231/224 221/228/221 226/233/226
f 223/230/223 219/226/219 227/234/227
f 220/227/220 227/234/227 219/226/219
f 226/233/226 223/230/223 228/235/228
f 227/234/227 228/235/228 223/230/223
f 226/233/226 229/236/229 224/231/224
f 224/231/224 230/237/230 225/232/225
f 230/237/230 224/231/224 229/236/229
f 231/238/231 225/232/225 230/237/230
f 229/236/229 226/233/226 232/239/232
f 228/235/228 232/239/232 226/233/226
f 233/240/233 231/238/231 230/237/230
f 234/241/234 231/238/231 233/240/233
f 229/236/229 235/242/235 230/237/230
f 233/240/233 230/237/230 235/242/235
f 232/239/232 236/243/236 229/236/229
f 235/242/235 229/236/229 236/243/236
f 237/244/237 234/241/234 233/240/233
f 234/241/234 237/244/237 238/245/238
f 238/245/238 237/244/237 239/246/239
f 237/244/237 233/240/233 240/247/240
f 237/244/237 240/247/240 239/246/239
f 235/242/235 240/247/240 233/240/233
f 240/247/240 241/248/241 239/246/239
f 242/249/242 239/246/239 241/248/241
f 240/247/240 235/242/235 243/250/243
f 236/243/236 243/250/243 235/242/235
f 241/248/241 240/247/240 244/251/244
f 243/250/243 244/251/244 240/247/240
f 241/248/241 245/252/245 242/249/242
f 246/253/246 242/249/242 245/252/245
f 244/251/244 247/254/247 241/248/241
f 245/252/245 241/248/241 247/254/247
f 248/255/248 246/253/246 245/252/245
f 246/253/246 248/255/248 249/256/249
f 247/254/247 250/257/250 245/252/245
f 248/255/248 245/252/245 250/257/250
f 249/256/249 248/255/248 251/258/251
f 249/256/249 251/258/251 252/259/252
f 250/257/250 253/260/253 248/255/248
f 251/258/251 248/255/248 253/260/253
f 251/258/251 254/261/254 252/259/252
f 255/262/255 252/259/252 254/261/254
f 254/261/254 251/258/251 256/263/256
f 253/260/253 256/263/256 251/258/251
f 254/261/254 257/264/257 255/262/255
f 254/261/254 256/263/256 257/264/257
f 258/265/258 255/262/255 257/264/257
f 257/264/257 259/266/259 258/265/258
f 260/267/260 258/265/258 259/266/259
f 261/268/261 257/264/257 256/263/256
f 257/264/257 261/268/261 259/266/259
f 259/266/259 262/269/262 260/267/260
f 263/270/263 260/267/260 262/269/262
f 264/271/264 259/266/259 261/268/261
f 259/266/259 264/271/264 262/269/262
f 265/272/265 263/270/263 262/269/262
f 265/272/265 266/273/266 263/270/263
f 267/274/267 266/273/266 265/272/265
f 262/269/262 268/275/268 265/272/265
f 268/275/268 262/269/262 264/271/264
f 269/276/269 265/272/265 268/275/268
f 269/276/269 267/274/267 265/272/265
f 268/275/268 264/271/264 270/277/270
f 269/276/269 268/275/268 270/277/270
f 269/276/269 271/278/271 267/274/267
f 269/276/269 270/277/270 271/278/271
f 271/278/271 272/279/272 267/274/267
f 271/278/271 270/277/270 272/279/272
f 267/274/267 272/279/272 273/280/273
f 267/274/267 273/280/273 266/281/266
f 266/281/266 273/280/273 263/282/263
f 273/280/273 272/279/272 274/283/274
f 274/283/274 272/279/272 270/277/270
f 275/284/275 263/282/263 273/280/273
f 273/280/273 274/283/274 275/284/275
f 275/284/275 260/285/260 263/282/263
f 275/284/275 276/286/276 260/285/260
f 274/283/274 276/286/276 275/284/275
f 276/286/276 258/287/258 260/285/260
f 274/283/274 270/277/270 277/288/277
f 276/286/276 274/283/274 277/288/277
f 276/286/276 278/289/278 258/287/258
f 277/288/277 278/289/278 276/286/276
f 258/287/258 278/289/278 255/290/255
f 279/291/279 277/288/277 270/277/270
f 279/291/279 270/277/270 264/271/264
f 264/271/264 261/268/261 279/291/279
f 278/289/278 277/288/277 280/292/280
f 277/288/277 279/291/279 280/292/280
f 281/293/281 255/290/255 278/289/278
f 280/292/280 281/293/281 278/289/278
f 255/290/255 281/293/281 252/294/252
f 282/295/282 279/291/279 261/268/261
f 282/295/282 280/292/280 279/291/279
f 261/268/261 256/263/256 282/295/282
f 281/293/281 280/292/280 283/296/283
f 283/296/283 280/292/280 282/295/282
f 284/297/284 252/294/252 281/293/281
f 284/297/284 281/293/281 283/296/283
f 249/298/249 252/294/252 284/297/284
f 282/295/282 256/263/256 285/299/285
f 283/296/283 282/295/282 285/299/285
f 256/263/256 253/260/253 285/299/285
f 284/297/284 283/296/283 286/300/286
f 286/300/286 283/296/283 285/299/285
f 284/297/284 287/301/287 249/298/249
f 286/300/286 287/301/287 284/297/284
f 246/302/246 249/298/249 287/301/287
f 285/299/285 253/260/253 288/303/288
f 286/300/286 285/299/285 288/303/288
f 253/260/253 250/257/250 288/303/288
f 287/301/287 286/300/286 289/304/289
f 286/300/286 288/303/288 289/304/289
f 287/301/287 290/305/290 246/302/246
f 287/301/287 289/304/289 290/305/290
f 246/302/246 290/305/290 242/306/242
f 291/307/291 288/303/288 250/257/250
f 289/304/289 288/303/288 291/307/291
f 250/257/250 247/254/247 291/307/291
f 290/305/290 289/304/289 292/308/292
f 289/304/289 291/307/291 292/308/292
f 293/309/293 242/306/242 290/305/290
f 290/305/290 292/308/292 293/309/293
f 242/306/242 293/309/293 239/310/239
f 294/311/294 291/307/291 247/254/247
f 292/308/292 291/307/291 294/311/294
f 247/254/247 244/251/244 294/311/294
f 292/308/292 295/312/295 293/309/293
f 292/308/292 294/311/294 295/312/295
f 296/313/296 294/311/294 244/251/244
f 296/313/296 295/312/295 294/311/294
f 244/251/244 243/250/243 296/313/296
f 293/309/293 295/312/295 297/314/297
f 297/314/297 239/310/239 293/309/293
f 295/312/295 296/313/296 298/315/298
f 295/312/295 298/315/298 297/314/297
f 299/316/299 296/313/296 243/250/243
f 299/316/299 298/315/298 296/313/296
f 300/317/300 239/310/239 297/314/297
f 239/310/239 300/317/300 238/318/238
f 238/318/238 300/317/300 234/319/234
f 300/317/300 297/314/297 301/320/301
f 300/317/300 301/320/301 234/319/234
f 297/314/297 298/315/298 302/321/302
f 302/321/302 301/320/301 297/314/297
f 301/320/301 303/322/303 234/319/234
f 303/322/303 301/320/301 302/321/302
f 234/319/234 303/322/303 231/323/231
f 304/324/304 302/321/302 298/315/298
f 298/315/298 299/316/299 304/324/304
f 302/321/302 305/325/305 303/322/303
f 302/321/302 304/324/304 305/325/305
f 303/322/303 306/326/306 231/323/231
f 303/322/303 305/325/305 306/326/306
f 231/323/231 306/326/306 225/327/225
f 307/328/307 305/325/305 304/324/304
f 306/326/306 308/329/308 225/327/225
f 225/327/225 308/329/308 222/330/222
f 309/331/309 306/326/306 305/325/305
f 306/326/306 309/331/309 308/329/308
f 309/331/309 305/325/305 307/328/307
f 308/329/308 310/332/310 222/330/222
f 218/333/218 222/330/222 310/332/310
f 311/334/311 308/329/308 309/331/309
f 310/332/310 308/329/308 311/334/311
f 312/335/312 218/333/218 310/332/310
f 218/333/218 312/335/312 213/336/213
f 311/334/311 313/337/313 310/332/310
f 312/335/312 310/332/310 313/337/313
f 314/338/314 311/334/311 309/331/309
f 309/331/309 307/328/307 314/338/314
f 313/337/313 311/334/311 315/339/315
f 311/334/311 314/338/314 315/339/315
f 316/340/316 213/336/213 312/335/312
f 213/336/213 316/340/316 210/341/210
f 312/335/312 313/337/313 317/342/317
f 312/335/312 317/342/317 316/340/316
f 318/343/318 210/341/210 316/340/316
f 210/341/210 318/343/318 205/344/205
f 319/345/319 316/340/316 317/342/317
f 316/340/316 319/345/319 318/343/318
f 317/342/317 313/337/313 320/346/320
f 320/346/320 313/337/313 315/339/315
f 319/345/319 317/342/317 321/347/321
f 321/347/321 317/342/317 320/346/320
f 322/348/322 318/343/318 319/345/319
f 318/343/318 323/349/323 205/344/205
f 318/343/318 322/348/322 323/349/323
f 205/344/205 323/349/323 202/350/202
f 322/348/322 319/345/319 324/351/324
f 324/351/324 319/345/319 321/347/321
f 323/349/323 325/352/325 202/350/202
f 199/353/199 202/350/202 325/352/325
f 326/354/326 323/349/323 322/348/322
f 327/355/327 199/353/199 325/352/325
f 199/353/199 327/355/327 196/356/196
f 325/352/325 323/349/323 328/357/328
f 326/354/326 328/357/328 323/349/323
f 327/355/327 325/352/325 329/358/329
f 328/357/328 329/358/329 325/352/325
f 327/355/327 330/359/330 196/356/196
f 189/360/189 196/356/196 330/359/330
f 331/361/331 327/355/327 329/358/329
f 330/359/330 327/355/327 331/361/331
f 330/359/330 332/362/332 189/360/189
f 330/359/330 331/361/331 332/362/332
f 186/363/186 189/360/189 332/362/332
f 329/358/329 333/364/333 331/361/331
f 332/362/332 334/365/334 186/363/186
f 186/363/186 334/365/334 183/366/183
f 335/367/335 332/362/332 331/361/331
f 336/368/336 183/366/183 334/365/334
f 183/366/183 336/368/336 177/369/177
f 332/362/332 337/370/337 334/365/334
f 335/367/335 337/370/337 332/362/332
f 336/368/336 334/365/334 338/371/338
f 337/370/337 338/371/338 334/365/334
f 339/372/339 177/369/177 336/368/336
f 336/368/336 338/371/338 339/372/339
f 177/369/177 339/372/339 173/373/173
f 173/373/173 339/372/339 172/374/172
f 337/370/337 340/375/340 338/371/338
f 341/376/341 172/374/172 339/372/339
f 342/377/342 340/375/340 337/370/337
f 335/367/335 342/377/342 337/370/337
f 172/374/172 341/376/341 343/378/343
f 165/379/165 172/374/172 343/378/343
f 341/376/341 339/372/339 344/380/344
f 341/376/341 344/380/344 343/378/343
f 345/381/345 339/372/339 338/371/338
f 345/381/345 344/380/344 339/372/339
f 338/371/338 346/382/346 345/381/345
f 346/382/346 338/371/338 340/375/340
f 345/381/345 347/383/347 344/380/344
f 346/382/346 347/383/347 345/381/345
f 348/384/348 343/378/343 344/380/344
f 349/385/349 344/380/344 347/383/347
f 348/384/348 344/380/344 349/385/349
f 350/386/350 165/379/165 343/378/343
f 343/378/343 348/384/348 350/386/350
f 160/387/160 165/379/165 350/386/350
f 160/387/160 350/386/350 159/388/159
f 348/384/348 351/389/351 350/386/350
f 350/386/350 352/390/352 159/388/159
f 348/384/348 353/391/353 351/389/351
f 349/385/349 353/391/353 348/384/348
f 351/389/351 354/392/354 350/386/350
f 352/390/352 350/386/350 354/392/354
f 355/393/355 351/389/351 353/391/353
f 351/389/351 355/393/355 354/392/354
f 356/394/356 159/388/159 352/390/352
f 354/392/354 356/394/356 352/390/352
f 156/395/156 159/388/159 356/394/356
f 141/396/141 156/395/156 356/394/356
f 356/394/356 357/397/357 141/396/141
f 141/396/141 357/397/357 140/398/140
f 354/392/354 358/399/358 356/394/356
f 356/394/356 358/399/358 357/397/357
f 354/392/354 359/400/359 358/399/358
f 355/393/355 359/400/359 354/392/354
f 360/401/360 357/397/357 358/399/358
f 361/402/361 140/398/140 357/397/357
f 357/397/357 360/401/360 361/402/361
f 362/403/362 140/398/140 361/402/361
f 134/404/134 140/398/140 362/403/362
f 363/405/363 361/402/361 360/401/360
f 361/402/361 363/405/363 362/403/362
f 358/399/358 364/406/364 360/401/360
f 364/406/364 358/399/358 359/400/359
f 360/401/360 365/407/365 363/405/363
f 365/407/365 360/401/360 364/406/364
f 363/405/363 366/408/366 362/403/362
f 362/403/362 367/409/367 134/404/134
f 362/403/362 366/408/366 367/409/367
f 134/404/134 367/409/367 133/410/133
f 133/410/133 367/409/367 129/411/129
f 363/405/363 368/412/368 366/408/366
f 368/412/368 363/405/363 365/407/365
f 367/409/367 369/413/369 129/411/129
f 370/414/370 367/409/367 366/408/366
f 367/409/367 370/414/370 369/413/369
f 371/415/371 129/411/129 369/413/369
f 125/416/125 129/411/129 371/415/371
f 372/417/372 369/413/369 370/414/370
f 369/413/369 372/417/372 371/415/371
f 366/408/366 373/418/373 370/414/370
f 373/418/373 366/408/366 368/412/368
f 370/414/370 374/419/374 372/417/372
f 375/420/375 371/415/371 372/417/372
f 372/417/372 374/419/374 375/420/375
f 371/415/371 376/421/376 125/416/125
f 371/415/371 375/420/375 376/421/376
f 119/422/119 125/416/125 376/421/376
f 119/422/119 376/421/376 118/423/118
f 377/424/377 374/419/374 370/414/370
f 377/424/377 370/414/370 373/418/373
f 378/425/378 118/423/118 376/421/376
f 373/418/373 379/426/379 377/424/377
f 378/425/378 380/427/380 118/423/118
f 115/428/115 118/423/118 380/427/380
f 381/429/381 377/424/377 379/426/379
f 374/419/374 377/424/377 381/429/381
f 380/427/380 382/430/382 115/428/115
f 115/428/115 382/430/382 104/431/104
f 104/431/104 382/430/382 103/432/103
f 380/427/380 383/433/383 382/430/382
f 378/425/378 383/433/383 380/427/380
f 384/434/384 103/432/103 382/430/382
f 383/433/383 378/425/378 385/435/385
f 384/434/384 386/436/386 103/432/103
f 99/437/99 103/432/103 386/436/386
f 385/435/385 378/425/378 387/438/387
f 376/421/376 387/438/387 378/425/378
f 387/438/387 376/421/376 375/420/375
f 385/435/385 387/438/387 388/439/388
f 383/433/383 385/435/385 388/439/388
f 375/420/375 389/440/389 387/438/387
f 389/440/389 375/420/375 374/419/374
f 390/441/390 388/439/388 387/438/387
f 390/441/390 387/438/387 389/440/389
f 389/440/389 374/419/374 391/442/391
f 381/429/381 391/442/391 374/419/374
f 389/440/389 392/443/392 390/441/390
f 392/443/392 389/440/389 391/442/391
f 388/439/388 390/441/390 393/444/393
f 393/444/393 390/441/390 392/443/392
f 391/442/391 381/429/381 394/445/394
f 391/442/391 394/445/394 392/443/392
f 392/443/392 395/446/395 393/444/393
f 395/446/395 392/443/392 394/445/394
f 388/439/388 393/444/393 396/447/396
f 397/448/397 393/444/393 395/446/395
f 393/444/393 397/448/397 396/447/396
f 388/439/388 396/447/396 398/449/398
f 383/433/383 388/439/388 398/449/398
f 395/446/395 399/450/399 397/448/397
f 395/446/395 394/445/394 399/450/399
f 400/451/400 383/433/383 398/449/398
f 400/451/400 382/430/382 383/433/383
f 382/430/382 400/451/400 384/434/384
f 400/451/400 401/452/401 384/434/384
f 384/434/384 401/452/401 386/436/386
f 398/449/398 402/453/402 400/451/400
f 401/452/401 400/451/400 403/454/403
f 403/454/403 400/451/400 402/453/402
f 404/455/404 386/436/386 401/452/401
f 401/452/401 403/454/403 404/455/404
f 398/449/398 405/456/405 402/453/402
f 405/456/405 398/449/398 396/447/396
f 402/453/402 406/457/406 403/454/403
f 406/457/406 402/453/402 405/456/405
f 396/447/396 407/458/407 405/456/405
f 397/448/397 407/458/407 396/447/396
f 405/456/405 408/459/408 406/457/406
f 408/459/408 405/456/405 407/458/407
f 397/448/397 409/460/409 407/458/407
f 399/450/399 409/460/409 397/448/397
f 408/459/408 407/458/407 410/461/410
f 411/462/411 407/458/407 409/460/409
f 411/462/411 410/461/410 407/458/407
f 408/459/408 412/463/412 406/457/406
f 408/459/408 410/461/410 412/463/412
f 406/457/406 412/463/412 413/464/413
f 413/464/413 403/454/403 406/457/406
f 414/465/414 412/463/412 410/461/410
f 403/454/403 413/464/413 415/466/415
f 415/466/415 404/455/404 403/454/403
f 416/467/416 413/464/413 412/463/412
f 412/463/412 414/465/414 416/467/416
f 415/466/415 413/464/413 417/468/417
f 416/467/416 417/468/417 413/464/413
f 418/469/418 404/455/404 415/466/415
f 415/466/415 417/468/417 419/470/419
f 415/466/415 419/470/419 418/469/418
f 420/471/420 419/470/419 417/468/417
f 418/469/418 421/472/421 404/455/404
f 386/436/386 404/455/404 421/472/421
f 386/436/386 421/472/421 99/437/99
f 93/473/93 99/437/99 421/472/421
f 93/473/93 421/472/421 92/474/92
f 422/475/422 92/474/92 421/472/421
f 421/472/421 418/469/418 422/475/422
f 422/475/422 423/476/423 92/474/92
f 89/477/89 92/474/92 423/476/423
f 424/478/424 422/475/422 418/469/418
f 422/475/422 424/478/424 423/476/423
f 89/477/89 423/476/423 86/479/86
f 418/469/418 425/480/425 424/478/424
f 425/480/425 418/469/418 419/470/419
f 419/470/419 420/471/420 425/480/425
f 426/481/426 423/476/423 424/478/424
f 426/481/426 424/478/424 425/480/425
f 427/482/427 86/479/86 423/476/423
f 426/481/426 428/483/428 423/476/423
f 427/482/427 423/476/423 428/483/428
f 427/482/427 429/484/429 86/479/86
f 427/482/427 428/483/428 429/484/429
f 83/485/83 86/479/86 429/484/429
f 426/481/426 430/486/430 428/483/428
f 425/480/425 430/486/430 426/481/426
f 431/487/431 429/484/429 428/483/428
f 425/480/425 432/488/432 430/486/430
f 432/488/432 425/480/425 420/471/420
f 430/486/430 433/489/433 428/483/428
f 428/483/428 433/489/433 431/487/431
f 434/490/434 430/486/430 432/488/432
f 434/490/434 433/489/433 430/486/430
f 420/471/420 435/491/435 432/488/432
f 432/488/432 113/120/113 434/490/434
f 113/120/113 432/488/432 435/491/435
f 435/491/435 420/471/420 436/492/436
f 417/468/417 436/492/436 420/471/420
f 417/468/417 416/467/416 436/492/436
f 435/491/435 107/114/107 113/120/113
f 436/492/436 107/114/107 435/491/435
f 107/114/107 436/492/436 437/493/437
f 416/467/416 437/493/437 436/492/436
f 437/493/437 106/113/106 107/114/107
f 437/493/437 416/467/416 438/494/438
f 437/493/437 438/494/438 106/113/106
f 438/494/438 416/467/416 414/465/414
f 439/495/439 106/113/106 438/494/438
f 438/494/438 414/465/414 439/495/439
f 106/113/106 439/495/439 108/115/108
f 439/495/439 123/130/123 108/115/108
f 123/130/123 439/495/439 414/465/414
f 410/461/410 123/130/123 414/465/414
f 123/130/123 410/461/410 121/128/121
f 121/128/121 410/461/410 411/462/411
f 121/128/121 411/462/411 440/496/440
f 440/496/440 120/127/120 121/128/121
f 440/496/440 411/462/411 441/497/441
f 440/496/440 441/497/441 120/127/120
f 409/460/409 441/497/441 411/462/411
f 126/133/126 120/127/120 441/497/441
f 409/460/409 399/450/399 441/497/441
f 441/497/441 131/138/131 126/133/126
f 131/138/131 441/497/441 399/450/399
f 145/152/145 131/138/131 399/450/399
f 399/450/399 394/445/394 145/152/145
f 145/152/145 394/445/394 144/151/144
f 442/498/442 144/151/144 394/445/394
f 442/498/442 394/445/394 381/429/381
f 149/156/149 144/151/144 442/498/442
f 381/429/381 379/426/379 442/498/442
f 442/498/442 443/499/443 149/156/149
f 443/499/443 442/498/442 379/426/379
f 443/499/443 444/500/444 149/156/149
f 379/426/379 445/501/445 443/499/443
f 444/500/444 443/499/443 445/501/445
f 379/426/379 373/418/373 445/501/445
f 368/412/368 445/501/445 373/418/373
f 446/502/446 149/156/149 444/500/444
f 446/502/446 147/154/147 149/156/149
f 446/502/446 151/158/151 147/154/147
f 444/500/444 447/503/447 446/502/446
f 446/502/446 447/503/447 151/158/151
f 444/500/444 445/501/445 447/503/447
f 445/501/445 368/412/368 448/504/448
f 448/504/448 447/503/447 445/501/445
f 365/407/365 448/504/448 368/412/368
f 448/504/448 365/407/365 449/505/449
f 448/504/448 449/505/449 447/503/447
f 364/406/364 449/505/449 365/407/365
f 151/158/151 447/503/447 450/506/450
f 450/506/450 153/160/153 151/158/151
f 447/503/447 449/505/449 451/507/451
f 451/507/451 450/506/450 447/503/447
f 153/160/153 450/506/450 161/168/161
f 449/505/449 364/406/364 452/508/452
f 449/505/449 452/508/452 451/507/451
f 359/400/359 452/508/452 364/406/364
f 451/507/451 453/509/453 450/506/450
f 451/507/451 452/508/452 453/509/453
f 454/510/454 161/168/161 450/506/450
f 454/510/454 450/506/450 453/509/453
f 454/510/454 455/511/455 161/168/161
f 454/510/454 453/509/453 455/511/455
f 167/174/167 161/168/161 455/511/455
f 456/512/456 453/509/453 452/508/452
f 456/512/456 455/511/455 453/509/453
f 457/513/457 452/508/452 359/400/359
f 457/513/457 456/512/456 452/508/452
f 457/513/457 359/400/359 355/393/355
f 455/511/455 458/514/458 167/174/167
f 455/511/455 456/512/456 458/514/458
f 168/175/168 167/174/167 458/514/458
f 168/175/168 458/514/458 170/177/170
f 456/512/456 457/513/457 459/515/459
f 459/515/459 458/514/458 456/512/456
f 457/513/457 355/393/355 460/516/460
f 460/516/460 459/515/459 457/513/457
f 353/391/353 460/516/460 355/393/355
f 461/517/461 460/516/460 353/391/353
f 460/516/460 461/517/461 459/515/459
f 461/517/461 353/391/353 349/385/349
f 459/515/459 462/518/462 458/514/458
f 462/518/462 459/515/459 461/517/461
f 463/519/463 170/177/170 458/514/458
f 463/519/463 458/514/458 462/518/462
f 463/519/463 464/520/464 170/177/170
f 462/518/462 464/520/464 463/519/463
f 179/186/179 170/177/170 464/520/464
f 462/518/462 461/517/461 465/521/465
f 462/518/462 465/521/465 464/520/464
f 461/517/461 349/385/349 466/522/466
f 466/522/466 465/521/465 461/517/461
f 347/383/347 466/522/466 349/385/349
f 179/186/179 464/520/464 467/523/467
f 465/521/465 467/523/467 464/520/464
f 179/186/179 467/523/467 180/187/180
f 465/521/465 466/522/466 468/524/468
f 465/521/465 468/524/468 467/523/467
f 469/525/469 466/522/466 347/383/347
f 469/525/469 468/524/468 466/522/466
f 347/383/347 346/382/346 469/525/469
f 467/523/467 470/526/470 180/187/180
f 467/523/467 468/524/468 470/526/470
f 184/191/184 180/187/180 470/526/470
f 468/524/468 469/525/469 471/527/471
f 471/527/471 470/526/470 468/524/468
f 469/525/469 346/382/346 472/528/472
f 472/528/472 471/527/471 469/525/469
f 340/375/340 472/528/472 346/382/346
f 184/191/184 470/526/470 473/529/473
f 470/526/470 471/527/471 473/529/473
f 184/191/184 473/529/473 191/198/191
f 471/527/471 472/528/472 474/530/474
f 474/530/474 473/529/473 471/527/471
f 472/528/472 340/375/340 475/531/475
f 475/531/475 474/530/474 472/528/472
f 342/377/342 475/531/475 340/375/340
f 191/198/191 473/529/473 476/532/476
f 473/529/473 474/530/474 476/532/476
f 191/198/191 476/532/476 192/199/192
f 474/530/474 475/531/475 477/533/477
f 477/533/477 476/532/476 474/530/474
f 192/199/192 476/532/476 478/534/478
f 476/532/476 477/533/477 478/534/478
f 192/199/192 478/534/478 194/201/194
f 194/201/194 478/534/478 197/204/197
f 479/535/479 477/533/477 475/531/475
f 475/531/475 342/377/342 479/535/479
f 480/536/480 478/534/478 477/533/477
f 477/533/477 479/535/479 480/536/480
f 481/537/481 197/204/197 478/534/478
f 480/536/480 481/537/481 478/534/478
f 197/204/197 481/537/481 207/214/207
f 482/538/482 479/535/479 342/377/342
f 342/377/342 335/367/335 482/538/482
f 331/361/331 482/538/482 335/367/335
f 482/538/482 331/361/331 333/364/333
f 483/539/483 479/535/479 482/538/482
f 482/538/482 333/364/333 483/539/483
f 483/539/483 480/536/480 479/535/479
f 483/539/483 333/364/333 484/540/484
f 483/539/483 484/540/484 480/536/480
f 480/536/480 485/541/485 481/537/481
f 480/536/480 484/540/484 485/541/485
f 486/542/486 207/214/207 481/537/481
f 481/537/481 485/541/485 486/542/486
f 486/542/486 208/215/208 207/214/207
f 487/543/487 486/542/486 485/541/485
f 485/541/485 484/540/484 487/543/487
f 486/542/486 488/544/488 208/215/208
f 486/542/486 487/543/487 488/544/488
f 488/544/488 489/545/489 208/215/208
f 215/222/215 208/215/208 489/545/489
f 487/543/487 490/546/490 488/544/488
f 490/546/490 489/545/489 488/544/488
f 491/547/491 487/543/487 484/540/484
f 487/543/487 491/547/491 490/546/490
f 492/548/492 215/222/215 489/545/489
f 215/222/215 492/548/492 216/223/216
f 490/546/490 493/549/493 489/545/489
f 489/545/489 493/549/493 492/548/492
f 492/548/492 494/550/494 216/223/216
f 220/227/220 216/223/216 494/550/494
f 495/551/495 492/548/492 493/549/493
f 492/548/492 495/551/495 494/550/494
f 490/546/490 496/552/496 493/549/493
f 496/552/496 490/546/490 491/547/491
f 493/549/493 497/553/497 495/551/495
f 493/549/493 496/552/496 497/553/497
f 498/554/498 494/550/494 495/551/495
f 494/550/494 499/555/499 220/227/220
f 494/550/494 498/554/498 499/555/499
f 227/234/227 220/227/220 499/555/499
f 495/551/495 500/556/500 498/554/498
f 500/556/500 495/551/495 497/553/497
f 499/555/499 501/557/501 227/234/227
f 228/235/228 227/234/227 501/557/501
f 502/558/502 499/555/499 498/554/498
f 499/555/499 502/558/502 501/557/501
f 501/557/501 503/559/503 228/235/228
f 232/239/232 228/235/228 503/559/503
f 504/560/504 501/557/501 502/558/502
f 501/557/501 504/560/504 503/559/503
f 498/554/498 505/561/505 502/558/502
f 505/561/505 498/554/498 500/556/500
f 502/558/502 506/562/506 504/560/504
f 506/562/506 502/558/502 505/561/505
f 500/556/500 321/347/321 505/561/505
f 321/347/321 320/346/320 505/561/505
f 505/561/505 320/346/320 506/562/506
f 324/351/324 321/347/321 500/556/500
f 506/562/506 320/346/320 315/339/315
f 324/351/324 500/556/500 497/553/497
f 506/562/506 315/339/315 507/563/507
f 507/563/507 504/560/504 506/562/506
f 314/338/314 507/563/507 315/339/315
f 508/564/508 324/351/324 497/553/497
f 322/348/322 324/351/324 508/564/508
f 508/564/508 497/553/497 496/552/496
f 322/348/322 508/564/508 326/354/326
f 508/564/508 496/552/496 509/565/509
f 509/565/509 326/354/326 508/564/508
f 491/547/491 509/565/509 496/552/496
f 328/357/328 326/354/326 509/565/509
f 510/566/510 509/565/509 491/547/491
f 509/565/509 510/566/510 328/357/328
f 510/566/510 491/547/491 484/540/484
f 329/358/329 328/357/328 510/566/510
f 510/566/510 484/540/484 333/364/333
f 510/566/510 333/364/333 329/358/329
f 507/563/507 314/338/314 511/567/511
f 307/328/307 511/567/511 314/338/314
f 511/567/511 512/568/512 507/563/507
f 504/560/504 507/563/507 512/568/512
f 512/568/512 503/559/503 504/560/504
f 513/569/513 511/567/511 307/328/307
f 304/324/304 513/569/513 307/328/307
f 513/569/513 304/324/304 299/316/299
f 513/569/513 514/570/514 511/567/511
f 513/569/513 299/316/299 514/570/514
f 511/567/511 514/570/514 512/568/512
f 299/316/299 515/571/515 514/570/514
f 514/570/514 515/571/515 512/568/512
f 503/559/503 512/568/512 515/571/515
f 299/316/299 243/250/243 515/571/515
f 503/559/503 515/571/515 232/239/232
f 236/243/236 515/571/515 243/250/243
f 236/243/236 232/239/232 515/571/515
f 518/1/516 516/3/517 517/2/518
f 519/4/519 517/2/518 516/3/517
f 517/2/518 519/4/519 520/5/520
f 519/4/519 516/3/517 521/6/521
f 522/7/522 521/6/521 516/3/517
f 519/4/519 523/8/523 520/5/520
f 519/4/519 521/6/521 523/8/523
f 524/9/524 520/5/520 523/8/523
f 521/6/521 522/7/522 525/10/525
f 526/11/526 525/10/525 522/7/522
f 527/12/527 524/9/524 523/8/523
f 527/12/527 528/13/528 524/9/524
f 525/10/525 526/11/526 529/14/529
f 530/15/530 529/14/529 526/11/526
f 527/12/527 531/16/531 528/13/528
f 528/13/528 531/16/531 532/17/532
f 529/14/529 530/15/530 533/18/533
f 534/19/534 533/18/533 530/15/530
f 535/20/535 532/17/532 531/16/531
f 532/17/532 535/20/535 536/21/536
f 533/18/533 534/19/534 537/22/537
f 538/23/538 537/22/537 534/19/534
f 538/23/538 539/24/539 537/22/537
f 540/572/540 536/21/536 535/20/535
f 536/21/536 540/572/540 541/573/541
f 542/574/542 541/573/541 540/572/540
f 541/573/541 542/574/542 543/575/543
f 540/572/540 535/20/535 544/576/544
f 542/574/542 545/577/545 543/575/543
f 545/577/545 546/578/546 543/575/543
f 542/574/542 540/572/540 547/579/547
f 542/574/542 547/579/547 545/577/545
f 544/576/544 547/579/547 540/572/540
f 545/577/545 548/580/548 546/578/546
f 546/578/546 548/580/548 549/581/549
f 550/582/550 545/577/545 547/579/547
f 551/583/551 549/581/549 548/580/548
f 549/581/549 551/583/551 552/584/552
f 548/580/548 545/577/545 553/585/553
f 550/582/550 553/585/553 545/577/545
f 551/583/551 548/580/548 554/586/554
f 553/585/553 554/586/554 548/580/548
f 555/587/555 552/584/552 551/583/551
f 551/583/551 554/586/554 555/587/555
f 552/584/552 555/587/555 556/588/556
f 554/586/554 553/585/553 557/589/557
f 558/590/558 556/588/556 555/587/555
f 557/589/557 553/585/553 559/591/559
f 553/585/553 550/582/550 559/591/559
f 558/590/558 560/592/560 556/588/556
f 561/593/561 556/588/556 560/592/560
f 561/593/561 560/592/560 562/485/562
f 558/590/558 555/587/555 563/594/563
f 558/590/558 563/594/563 560/592/560
f 564/595/564 555/587/555 554/586/554
f 564/595/564 563/594/563 555/587/555
f 554/586/554 565/596/565 564/595/564
f 565/596/565 554/586/554 557/589/557
f 563/594/563 564/595/564 566/597/566
f 565/596/565 566/597/566 564/595/564
f 565/596/565 557/589/557 567/598/567
f 565/596/565 567/598/567 566/597/566
f 568/599/568 567/598/567 557/589/557
f 557/589/557 559/591/559 568/599/568
f 569/600/569 566/597/566 567/598/567
f 570/601/570 568/599/568 559/591/559
f 571/602/571 566/597/566 569/600/569
f 567/598/567 568/599/568 572/603/572
f 569/600/569 567/598/567 573/604/573
f 572/603/572 573/604/573 567/598/567
f 573/604/573 574/605/574 569/600/569
f 571/602/571 569/600/569 574/605/574
f 575/606/575 572/603/572 568/599/568
f 568/599/568 570/601/570 575/606/575
f 573/604/573 572/603/572 576/607/576
f 572/603/572 575/606/575 577/608/577
f 577/608/577 576/607/576 572/603/572
f 574/605/574 573/604/573 578/609/578
f 576/607/576 578/609/578 573/604/573
f 578/609/578 579/610/579 574/605/574
f 578/609/578 576/607/576 580/611/580
f 578/609/578 580/611/580 579/610/579
f 576/607/576 577/608/577 581/612/581
f 581/612/581 580/611/580 576/607/576
f 582/613/582 574/605/574 579/610/579
f 574/605/574 582/613/582 571/602/571
f 583/614/583 579/610/579 580/611/580
f 584/615/584 571/602/571 582/613/582
f 582/613/582 579/610/579 585/616/585
f 585/616/585 584/615/584 582/613/582
f 586/617/586 579/610/579 583/614/583
f 571/602/571 584/615/584 587/618/587
f 566/597/566 571/602/571 587/618/587
f 566/597/566 587/618/587 563/594/563
f 588/619/588 563/594/563 587/618/587
f 588/619/588 560/592/560 563/594/563
f 589/620/589 587/618/587 584/615/584
f 587/618/587 589/620/589 588/619/588
f 588/619/588 590/487/590 560/592/560
f 590/487/590 588/619/588 589/620/589
f 584/615/584 591/621/591 589/620/589
f 591/621/591 584/615/584 585/616/585
f 592/489/592 589/620/589 591/621/591
f 589/620/589 592/489/592 590/487/590
f 593/490/593 591/621/591 585/616/585
f 591/621/591 593/490/593 592/489/592
f 594/484/594 560/592/560 590/487/590
f 594/484/594 562/485/562 560/592/560
f 562/485/562 594/484/594 595/479/595
f 596/483/596 590/487/590 592/489/592
f 590/487/590 596/483/596 594/484/594
f 597/482/597 595/479/595 594/484/594
f 597/482/597 594/484/594 596/483/596
f 597/482/597 598/476/598 595/479/595
f 597/482/597 596/483/596 598/476/598
f 599/477/599 595/479/595 598/476/598
f 599/477/599 598/476/598 600/474/600
f 592/489/592 601/486/601 596/483/596
f 601/486/601 592/489/592 593/490/593
f 602/481/602 598/476/598 596/483/596
f 602/481/602 596/483/596 601/486/601
f 603/475/603 600/474/600 598/476/598
f 602/481/602 604/478/604 598/476/598
f 603/475/603 598/476/598 604/478/604
f 602/481/602 601/486/601 605/480/605
f 602/481/602 605/480/605 604/478/604
f 603/475/603 606/472/606 600/474/600
f 607/473/607 600/474/600 606/472/606
f 607/473/607 606/472/606 608/437/608
f 604/478/604 609/469/609 603/475/603
f 606/472/606 603/475/603 609/469/609
f 604/478/604 605/480/605 609/469/609
f 606/472/606 610/436/610 608/437/608
f 608/437/608 610/436/610 611/432/611
f 609/469/609 612/455/612 606/472/606
f 610/436/610 606/472/606 612/455/612
f 613/434/613 611/432/611 610/436/610
f 612/455/612 614/452/614 610/436/610
f 613/434/613 610/436/610 614/452/614
f 613/434/613 615/430/615 611/432/611
f 616/431/616 611/432/611 615/430/615
f 616/431/616 615/430/615 617/428/617
f 614/452/614 618/451/618 613/434/613
f 613/434/613 618/451/618 615/430/615
f 615/430/615 619/427/619 617/428/617
f 617/428/617 619/427/619 620/423/620
f 619/427/619 615/430/615 621/433/621
f 618/451/618 621/433/621 615/430/615
f 622/425/622 620/423/620 619/427/619
f 619/427/619 621/433/621 622/425/622
f 622/425/622 623/421/623 620/423/620
f 624/422/624 620/423/620 623/421/623
f 624/422/624 623/421/623 625/416/625
f 626/435/626 622/425/622 621/433/621
f 627/415/627 625/416/625 623/421/623
f 625/416/625 627/415/627 628/411/628
f 623/421/623 622/425/622 629/438/629
f 626/435/626 629/438/629 622/425/622
f 623/421/623 630/420/630 627/415/627
f 630/420/630 623/421/623 629/438/629
f 631/413/631 628/411/628 627/415/627
f 630/420/630 632/417/632 627/415/627
f 631/413/631 627/415/627 632/417/632
f 633/409/633 628/411/628 631/413/631
f 634/410/634 628/411/628 633/409/633
f 635/404/635 634/410/634 633/409/633
f 632/417/632 636/414/636 631/413/631
f 633/409/633 631/413/631 636/414/636
f 632/417/632 630/420/630 637/419/637
f 636/414/636 632/417/632 637/419/637
f 633/409/633 638/403/638 635/404/635
f 639/398/639 635/404/635 638/403/638
f 640/408/640 633/409/633 636/414/636
f 638/403/638 633/409/633 640/408/640
f 638/403/638 641/402/641 639/398/639
f 642/405/642 638/403/638 640/408/640
f 638/403/638 642/405/642 641/402/641
f 641/402/641 643/397/643 639/398/639
f 644/396/644 639/398/639 643/397/643
f 642/405/642 645/401/645 641/402/641
f 643/397/643 641/402/641 645/401/645
f 643/397/643 646/394/646 644/396/644
f 647/395/647 644/396/644 646/394/646
f 647/395/647 646/394/646 648/388/648
f 645/401/645 649/399/649 643/397/643
f 646/394/646 643/397/643 649/399/649
f 650/390/650 648/388/648 646/394/646
f 649/399/649 651/392/651 646/394/646
f 650/390/650 646/394/646 651/392/651
f 652/386/652 648/388/648 650/390/650
f 651/392/651 652/386/652 650/390/650
f 653/387/653 648/388/648 652/386/652
f 653/387/653 652/386/652 654/379/654
f 655/378/655 654/379/654 652/386/652
f 655/378/655 656/374/656 654/379/654
f 651/392/651 657/389/657 652/386/652
f 655/378/655 658/376/658 656/374/656
f 659/384/659 652/386/652 657/389/657
f 652/386/652 659/384/659 655/378/655
f 660/372/660 656/374/656 658/376/658
f 661/373/661 656/374/656 660/372/660
f 658/376/658 655/378/655 662/380/662
f 659/384/659 662/380/662 655/378/655
f 658/376/658 662/380/662 660/372/660
f 661/373/661 660/372/660 663/369/663
f 659/384/659 664/385/664 662/380/662
f 665/368/665 663/369/663 660/372/660
f 663/369/663 665/368/665 666/366/666
f 667/381/667 660/372/660 662/380/662
f 665/368/665 668/365/668 666/366/666
f 669/363/669 666/366/666 668/365/668
f 665/368/665 660/372/660 670/371/670
f 665/368/665 670/371/670 668/365/668
f 667/381/667 670/371/670 660/372/660
f 671/362/671 669/363/669 668/365/668
f 671/362/671 672/360/672 669/363/669
f 673/370/673 668/365/668 670/371/670
f 668/365/668 673/370/673 671/362/671
f 671/362/671 674/359/674 672/360/672
f 672/360/672 674/359/674 675/356/675
f 673/370/673 676/367/676 671/362/671
f 677/355/677 675/356/675 674/359/674
f 675/356/675 677/355/677 678/353/678
f 674/359/674 671/362/671 679/361/679
f 677/355/677 674/359/674 679/361/679
f 676/367/676 679/361/679 671/362/671
f 680/352/680 678/353/678 677/355/677
f 678/353/678 680/352/680 681/350/681
f 679/361/679 682/358/682 677/355/677
f 682/358/682 680/352/680 677/355/677
f 683/349/683 681/350/681 680/352/680
f 684/344/684 681/350/681 683/349/683
f 682/358/682 685/357/685 680/352/680
f 680/352/680 685/357/685 683/349/683
f 682/358/682 679/361/679 686/364/686
f 682/358/682 687/566/687 685/357/685
f 686/364/686 687/566/687 682/358/682
f 688/354/688 683/349/683 685/357/685
f 687/566/687 689/565/689 685/357/685
f 688/354/688 685/357/685 689/565/689
f 683/349/683 690/343/690 684/344/684
f 684/344/684 690/343/690 691/341/691
f 688/354/688 692/348/692 683/349/683
f 690/343/690 683/349/683 692/348/692
f 693/340/693 691/341/691 690/343/690
f 691/341/691 693/340/693 694/336/694
f 695/345/695 690/343/690 692/348/692
f 690/343/690 695/345/695 693/340/693
f 692/348/692 688/354/688 696/564/696
f 689/565/689 696/564/696 688/354/688
f 695/345/695 692/348/692 697/351/697
f 696/564/696 697/351/697 692/348/692
f 698/335/698 694/336/694 693/340/693
f 694/336/694 698/335/698 699/333/699
f 695/345/695 700/342/700 693/340/693
f 698/335/698 693/340/693 700/342/700
f 701/332/701 699/333/699 698/335/698
f 701/332/701 702/330/702 699/333/699
f 700/342/700 703/337/703 698/335/698
f 701/332/701 698/335/698 703/337/703
f 695/345/695 704/347/704 700/342/700
f 704/347/704 695/345/695 697/351/697
f 700/342/700 705/346/705 703/337/703
f 705/346/705 700/342/700 704/347/704
f 701/332/701 706/329/706 702/330/702
f 702/330/702 706/329/706 707/327/707
f 703/337/703 708/334/708 701/332/701
f 701/332/701 708/334/708 706/329/706
f 709/326/709 707/327/707 706/329/706
f 707/327/707 709/326/709 710/323/710
f 708/334/708 711/331/711 706/329/706
f 709/326/709 706/329/706 711/331/711
f 703/337/703 712/339/712 708/334/708
f 712/339/712 703/337/703 705/346/705
f 711/331/711 708/334/708 713/338/713
f 713/338/713 708/334/708 712/339/712
f 714/322/714 710/323/710 709/326/709
f 715/319/715 710/323/710 714/322/714
f 711/331/711 716/325/716 709/326/709
f 714/322/714 709/326/709 716/325/716
f 713/338/713 717/328/717 711/331/711
f 717/328/717 716/325/716 711/331/711
f 718/320/718 715/319/715 714/322/714
f 716/325/716 719/321/719 714/322/714
f 718/320/718 714/322/714 719/321/719
f 720/317/720 715/319/715 718/320/718
f 721/318/721 715/319/715 720/317/720
f 722/310/722 721/318/721 720/317/720
f 718/320/718 723/314/723 720/317/720
f 720/317/720 723/314/723 722/310/722
f 723/314/723 718/320/718 719/321/719
f 723/314/723 724/309/724 722/310/722
f 725/306/725 722/310/722 724/309/724
f 723/314/723 719/321/719 726/315/726
f 724/309/724 727/305/727 725/306/725
f 728/302/728 725/306/725 727/305/727
f 723/314/723 729/312/729 724/309/724
f 723/314/723 726/315/726 729/312/729
f 724/309/724 730/308/730 727/305/727
f 724/309/724 729/312/729 730/308/730
f 727/305/727 731/301/731 728/302/728
f 732/298/732 728/302/728 731/301/731
f 727/305/727 730/308/730 733/304/733
f 733/304/733 731/301/731 727/305/727
f 731/301/731 734/297/734 732/298/732
f 735/294/735 732/298/732 734/297/734
f 731/301/731 733/304/733 736/300/736
f 736/300/736 734/297/734 731/301/731
f 734/297/734 737/293/737 735/294/735
f 738/290/738 735/294/735 737/293/737
f 734/297/734 736/300/736 739/296/739
f 739/296/739 737/293/737 734/297/734
f 740/286/740 738/290/738 737/293/737
f 738/290/738 740/286/740 741/285/741
f 739/296/739 742/288/742 737/293/737
f 740/286/740 737/293/737 742/288/742
f 740/286/740 743/280/743 741/285/741
f 744/281/744 741/285/741 743/280/743
f 744/281/744 743/280/743 745/274/745
f 746/279/746 743/280/743 740/286/740
f 743/280/743 746/279/746 745/274/745
f 740/286/740 742/288/742 746/279/746
f 745/274/745 746/279/746 747/278/747
f 746/279/746 742/288/742 747/278/747
f 745/274/745 747/278/747 748/276/748
f 749/291/749 747/278/747 742/288/742
f 742/288/742 739/296/739 749/291/749
f 748/276/748 747/278/747 750/271/750
f 749/291/749 750/271/750 747/278/747
f 751/272/751 745/274/745 748/276/748
f 748/276/748 750/271/750 751/272/751
f 751/272/751 744/273/744 745/274/745
f 744/273/744 751/272/751 741/267/741
f 752/266/752 741/267/741 751/272/751
f 752/266/752 751/272/751 750/271/750
f 741/267/741 752/266/752 738/262/738
f 752/266/752 750/271/750 753/263/753
f 750/271/750 749/291/749 753/263/753
f 754/261/754 738/262/738 752/266/752
f 754/261/754 752/266/752 753/263/753
f 738/262/738 754/261/754 735/259/735
f 755/258/755 735/259/735 754/261/754
f 753/263/753 755/258/755 754/261/754
f 732/256/732 735/259/735 755/258/755
f 756/299/756 753/263/753 749/291/749
f 756/299/756 749/291/749 739/296/739
f 756/299/756 739/296/739 736/300/736
f 755/258/755 753/263/753 757/260/757
f 753/263/753 756/299/756 757/260/757
f 755/258/755 758/255/758 732/256/732
f 755/258/755 757/260/757 758/255/758
f 728/253/728 732/256/732 758/255/758
f 759/303/759 756/299/756 736/300/736
f 759/303/759 757/260/757 756/299/756
f 733/304/733 759/303/759 736/300/736
f 760/257/760 758/255/758 757/260/757
f 757/260/757 759/303/759 760/257/760
f 758/255/758 761/252/761 728/253/728
f 758/255/758 760/257/760 761/252/761
f 728/253/728 761/252/761 725/249/725
f 762/307/762 759/303/759 733/304/733
f 762/307/762 760/257/760 759/303/759
f 730/308/730 762/307/762 733/304/733
f 763/254/763 761/252/761 760/257/760
f 760/257/760 762/307/762 763/254/763
f 764/248/764 725/249/725 761/252/761
f 761/252/761 763/254/763 764/248/764
f 725/249/725 764/248/764 722/246/722
f 765/311/765 762/307/762 730/308/730
f 765/311/765 763/254/763 762/307/762
f 730/308/730 729/312/729 765/311/765
f 766/251/766 764/248/764 763/254/763
f 763/254/763 765/311/765 766/251/766
f 767/313/767 765/311/765 729/312/729
f 767/313/767 766/251/766 765/311/765
f 729/312/729 726/315/726 767/313/767
f 764/248/764 766/251/766 768/247/768
f 768/247/768 722/246/722 764/248/764
f 766/251/766 767/313/767 769/250/769
f 769/250/769 768/247/768 766/251/766
f 770/316/770 767/313/767 726/315/726
f 770/316/770 769/250/769 767/313/767
f 771/244/771 722/246/722 768/247/768
f 721/245/721 722/246/722 771/244/771
f 715/241/715 721/245/721 771/244/771
f 771/244/771 772/240/772 715/241/715
f 771/244/771 768/247/768 772/240/772
f 710/238/710 715/241/715 772/240/772
f 773/242/773 772/240/772 768/247/768
f 768/247/768 769/250/769 773/242/773
f 772/240/772 774/237/774 710/238/710
f 772/240/772 773/242/773 774/237/774
f 710/238/710 774/237/774 707/232/707
f 775/243/775 773/242/773 769/250/769
f 776/231/776 707/232/707 774/237/774
f 707/232/707 776/231/776 702/229/702
f 777/236/777 774/237/774 773/242/773
f 774/237/774 777/236/777 776/231/776
f 773/242/773 775/243/775 777/236/777
f 778/228/778 702/229/702 776/231/776
f 702/229/702 778/228/778 699/225/699
f 779/233/779 776/231/776 777/236/777
f 776/231/776 779/233/779 778/228/778
f 780/239/780 777/236/777 775/243/775
f 777/236/777 780/239/780 779/233/779
f 775/243/775 769/250/769 781/571/781
f 775/243/775 781/571/781 780/239/780
f 770/316/770 781/571/781 769/250/769
f 782/235/782 779/233/779 780/239/780
f 780/239/780 781/571/781 783/559/783
f 780/239/780 783/559/783 782/235/782
f 784/230/784 778/228/778 779/233/779
f 779/233/779 782/235/782 784/230/784
f 785/224/785 699/225/699 778/228/778
f 778/228/778 784/230/784 785/224/785
f 699/225/699 785/224/785 694/220/694
f 786/234/786 784/230/784 782/235/782
f 787/219/787 694/220/694 785/224/785
f 691/217/691 694/220/694 787/219/787
f 788/226/788 785/224/785 784/230/784
f 785/224/785 788/226/788 787/219/787
f 784/230/784 786/234/786 788/226/788
f 789/216/789 691/217/691 787/219/787
f 684/212/684 691/217/691 789/216/789
f 790/221/790 787/219/787 788/226/788
f 789/216/789 787/219/787 790/221/790
f 791/227/791 788/226/788 786/234/786
f 788/226/788 791/227/791 790/221/790
f 789/216/789 792/211/792 684/212/684
f 681/209/681 684/212/684 792/211/792
f 789/216/789 790/221/790 793/218/793
f 792/211/792 789/216/789 793/218/793
f 794/223/794 790/221/790 791/227/791
f 793/218/793 790/221/790 794/223/794
f 795/208/795 681/209/681 792/211/792
f 681/209/681 795/208/795 678/206/678
f 792/211/792 793/218/793 796/213/796
f 792/211/792 796/213/796 795/208/795
f 797/205/797 678/206/678 795/208/795
f 678/206/678 797/205/797 675/203/675
f 798/210/798 795/208/795 796/213/796
f 797/205/797 795/208/795 798/210/798
f 793/218/793 799/222/799 796/213/796
f 793/218/793 794/223/794 799/222/799
f 798/210/798 796/213/796 800/215/800
f 800/215/800 796/213/796 799/222/799
f 801/202/801 675/203/675 797/205/797
f 672/196/672 675/203/675 801/202/801
f 797/205/797 798/210/798 802/207/802
f 797/205/797 802/207/802 801/202/801
f 672/196/672 801/202/801 803/195/803
f 669/193/669 672/196/672 803/195/803
f 804/200/804 801/202/801 802/207/802
f 803/195/803 801/202/801 804/200/804
f 798/210/798 805/214/805 802/207/802
f 805/214/805 798/210/798 800/215/800
f 804/200/804 802/207/802 806/204/806
f 806/204/806 802/207/802 805/214/805
f 803/195/803 804/200/804 807/197/807
f 669/193/669 803/195/803 808/192/808
f 803/195/803 807/197/807 808/192/808
f 669/193/669 808/192/808 666/190/666
f 804/200/804 809/201/809 807/197/807
f 806/204/806 809/201/809 804/200/804
f 808/192/808 810/189/810 666/190/666
f 666/190/666 810/189/810 663/184/663
f 811/194/811 808/192/808 807/197/807
f 810/189/810 808/192/808 811/194/811
f 812/199/812 807/197/807 809/201/809
f 807/197/807 812/199/812 811/194/811
f 813/183/813 663/184/663 810/189/810
f 663/184/663 813/183/813 661/180/661
f 811/194/811 814/188/814 810/189/810
f 810/189/810 814/188/814 813/183/813
f 815/198/815 811/194/811 812/199/812
f 814/188/814 811/194/811 815/198/815
f 812/199/812 809/201/809 816/534/816
f 809/201/809 806/204/806 816/534/816
f 812/199/812 817/532/817 815/198/815
f 816/534/816 817/532/817 812/199/812
f 818/537/818 816/534/816 806/204/806
f 806/204/806 805/214/805 818/537/818
f 817/532/817 816/534/816 819/533/819
f 820/542/820 818/537/818 805/214/805
f 805/214/805 800/215/800 820/542/820
f 816/534/816 818/537/818 821/536/821
f 821/536/821 819/533/819 816/534/816
f 818/537/818 820/542/820 822/541/822
f 822/541/822 821/536/821 818/537/818
f 823/544/823 820/542/820 800/215/800
f 824/543/824 822/541/822 820/542/820
f 823/544/823 824/543/824 820/542/820
f 823/544/823 800/215/800 825/545/825
f 799/222/799 825/545/825 800/215/800
f 824/543/824 823/544/823 826/546/826
f 823/544/823 825/545/825 826/546/826
f 824/543/824 827/540/827 822/541/822
f 822/541/822 827/540/827 821/536/821
f 824/543/824 826/546/826 828/547/828
f 827/540/827 824/543/824 828/547/828
f 825/545/825 829/549/829 826/546/826
f 830/548/492 825/545/825 799/222/799
f 825/545/825 830/548/492 829/549/829
f 794/223/794 830/548/492 799/222/799
f 829/549/829 831/552/830 826/546/826
f 831/552/830 828/547/828 826/546/826
f 832/550/831 830/548/492 794/223/794
f 832/550/831 794/223/794 791/227/791
f 833/551/832 829/549/829 830/548/492
f 830/548/492 832/550/831 833/551/832
f 791/227/791 834/555/833 832/550/831
f 786/234/786 834/555/833 791/227/791
f 835/554/834 833/551/832 832/550/831
f 832/550/831 834/555/833 835/554/834
f 829/549/829 833/551/832 836/553/835
f 836/553/835 831/552/830 829/549/829
f 833/551/832 835/554/834 837/556/836
f 837/556/836 836/553/835 833/551/832
f 831/552/830 836/553/835 696/564/696
f 697/351/697 696/564/696 836/553/835
f 836/553/835 837/556/836 697/351/697
f 696/564/696 689/565/689 831/552/830
f 828/547/828 831/552/830 689/565/689
f 704/347/704 697/351/697 837/556/836
f 689/565/689 687/566/687 828/547/828
f 827/540/827 828/547/828 687/566/687
f 687/566/687 686/364/686 827/540/827
f 837/556/836 838/561/837 704/347/704
f 838/561/837 837/556/836 835/554/834
f 705/346/705 704/347/704 838/561/837
f 839/539/838 827/540/827 686/364/686
f 827/540/827 839/539/838 821/536/821
f 686/364/686 840/538/839 839/539/838
f 840/538/839 686/364/686 679/361/679
f 679/361/679 676/367/676 840/538/839
f 839/539/838 841/535/840 821/536/821
f 841/535/840 839/539/838 840/538/839
f 819/533/819 821/536/821 841/535/840
f 842/377/841 840/538/839 676/367/676
f 840/538/839 842/377/841 841/535/840
f 673/370/673 842/377/841 676/367/676
f 843/531/842 819/533/819 841/535/840
f 843/531/842 841/535/840 842/377/841
f 844/375/843 842/377/841 673/370/673
f 842/377/841 844/375/843 843/531/842
f 673/370/673 670/371/670 844/375/843
f 819/533/819 843/531/842 845/530/844
f 845/530/844 817/532/817 819/533/819
f 846/528/845 843/531/842 844/375/843
f 843/531/842 846/528/845 845/530/844
f 847/382/846 844/375/843 670/371/670
f 844/375/843 847/382/846 846/528/845
f 667/381/667 847/382/846 670/371/670
f 817/532/817 845/530/844 848/529/847
f 817/532/817 848/529/847 815/198/815
f 849/527/848 845/530/844 846/528/845
f 845/530/844 849/527/848 848/529/847
f 850/525/849 846/528/845 847/382/846
f 846/528/845 850/525/849 849/527/848
f 851/383/850 847/382/846 667/381/667
f 851/383/850 850/525/849 847/382/846
f 667/381/667 662/380/662 851/383/850
f 664/385/664 851/383/850 662/380/662
f 851/383/850 852/522/851 850/525/849
f 851/383/850 664/385/664 852/522/851
f 853/524/852 849/527/848 850/525/849
f 850/525/849 852/522/851 853/524/852
f 854/526/853 848/529/847 849/527/848
f 849/527/848 853/524/852 854/526/853
f 815/198/815 848/529/847 855/191/854
f 848/529/847 854/526/853 855/191/854
f 815/198/815 855/191/854 814/188/814
f 856/523/855 854/526/853 853/524/852
f 814/188/814 855/191/854 857/185/856
f 857/185/856 813/183/813 814/188/814
f 855/191/854 854/526/853 858/187/857
f 858/187/857 857/185/856 855/191/854
f 856/523/855 858/187/857 854/526/853
f 813/183/813 857/185/856 859/182/858
f 859/182/858 661/180/661 813/183/813
f 860/181/859 857/185/856 858/187/857
f 857/185/856 860/181/859 859/182/858
f 861/178/860 661/180/661 859/182/858
f 859/182/858 860/181/859 861/178/860
f 661/180/661 861/178/860 656/179/656
f 654/172/654 656/179/656 861/178/860
f 858/187/857 862/186/861 860/181/859
f 858/187/857 856/523/855 862/186/861
f 863/176/862 861/178/860 860/181/859
f 860/181/859 862/186/861 863/176/862
f 861/178/860 864/171/863 654/172/654
f 864/171/863 861/178/860 863/176/862
f 653/167/653 654/172/654 864/171/863
f 865/177/864 863/176/862 862/186/861
f 863/176/862 866/173/865 864/171/863
f 863/176/862 865/177/864 866/173/865
f 864/171/863 867/169/866 653/167/653
f 866/173/865 867/169/866 864/171/863
f 867/169/866 868/165/867 653/167/653
f 648/166/648 653/167/653 868/165/867
f 868/165/867 647/163/647 648/166/648
f 866/173/865 869/170/868 867/169/866
f 867/169/866 869/170/868 868/165/867
f 868/165/867 870/162/869 647/163/647
f 647/163/647 870/162/869 644/148/644
f 871/164/870 868/165/867 869/170/868
f 868/165/867 871/164/870 870/162/869
f 866/173/865 872/175/871 869/170/868
f 872/175/871 866/173/865 865/177/864
f 873/174/872 869/170/868 872/175/871
f 869/170/868 873/174/872 871/164/870
f 872/175/871 865/177/864 874/514/873
f 874/514/873 873/174/872 872/175/871
f 875/161/874 870/162/869 871/164/870
f 873/174/872 876/168/875 871/164/870
f 870/162/869 875/161/874 877/159/876
f 877/159/876 644/148/644 870/162/869
f 875/161/874 871/164/870 878/160/877
f 876/168/875 878/160/877 871/164/870
f 879/155/878 877/159/876 875/161/874
f 875/161/874 878/160/877 879/155/878
f 877/159/876 880/146/879 644/148/644
f 880/146/879 877/159/876 879/155/878
f 639/147/639 644/148/644 880/146/879
f 635/141/635 639/147/639 880/146/879
f 881/157/880 879/155/878 878/160/877
f 880/146/879 882/143/881 635/141/635
f 879/155/878 883/153/882 880/146/879
f 880/146/879 883/153/882 882/143/881
f 879/155/878 881/157/880 883/153/882
f 882/143/881 884/139/883 635/141/635
f 634/140/634 635/141/635 884/139/883
f 628/136/628 634/140/634 884/139/883
f 885/144/884 882/143/881 883/153/882
f 882/143/881 885/144/884 884/139/883
f 884/139/883 886/135/885 628/136/628
f 628/136/628 886/135/885 625/132/625
f 887/142/886 884/139/883 885/144/884
f 884/139/883 887/142/886 886/135/885
f 885/144/884 883/153/882 888/150/887
f 885/144/884 888/150/887 887/142/886
f 889/131/888 625/132/625 886/135/885
f 625/132/625 889/131/888 624/126/624
f 890/137/889 886/135/885 887/142/886
f 886/135/885 890/137/889 889/131/888
f 891/145/890 887/142/886 888/150/887
f 887/142/886 891/145/890 890/137/889
f 892/129/891 624/126/624 889/131/888
f 893/134/892 889/131/888 890/137/889
f 892/129/891 889/131/888 893/134/892
f 894/149/893 890/137/889 891/145/890
f 895/124/894 624/126/624 892/129/891
f 620/125/620 624/126/624 895/124/894
f 620/125/620 895/124/894 617/122/617
f 892/129/891 893/134/892 896/133/895
f 892/129/891 896/133/895 895/124/894
f 897/138/896 893/134/892 890/137/889
f 897/138/896 896/133/895 893/134/892
f 897/138/896 890/137/889 894/149/893
f 898/121/897 617/122/617 895/124/894
f 616/111/616 617/122/617 898/121/897
f 899/127/898 895/124/894 896/133/895
f 895/124/894 899/127/898 898/121/897
f 896/133/895 897/138/896 900/497/899
f 896/133/895 900/497/899 899/127/898
f 901/119/900 616/111/616 898/121/897
f 902/123/901 898/121/897 899/127/898
f 898/121/897 902/123/901 901/119/900
f 903/109/902 616/111/616 901/119/900
f 616/111/616 903/109/902 611/110/611
f 608/106/608 611/110/611 903/109/902
f 904/117/903 901/119/900 902/123/901
f 901/119/900 904/117/903 903/109/902
f 902/123/901 899/127/898 905/128/904
f 902/123/901 905/128/904 904/117/903
f 906/105/905 608/106/608 903/109/902
f 608/106/608 906/105/905 607/100/607
f 904/117/903 907/115/906 903/109/902
f 903/109/902 907/115/906 906/105/905
f 908/130/907 904/117/903 905/128/904
f 907/115/906 904/117/903 908/130/907
f 909/496/908 905/128/904 899/127/898
f 909/496/908 899/127/898 900/497/899
f 909/496/908 910/462/909 905/128/904
f 900/497/899 910/462/909 909/496/908
f 905/128/904 911/461/910 908/130/907
f 910/462/909 911/461/910 905/128/904
f 910/462/909 900/497/899 912/460/911
f 911/461/910 910/462/909 913/458/912
f 910/462/909 912/460/911 913/458/912
f 912/460/911 900/497/899 914/450/913
f 897/138/896 914/450/913 900/497/899
f 915/448/914 913/458/912 912/460/911
f 912/460/911 914/450/913 915/448/914
f 914/450/913 897/138/896 916/152/915
f 897/138/896 894/149/893 916/152/915
f 915/448/914 914/450/913 917/446/916
f 916/152/915 894/149/893 918/151/917
f 891/145/890 918/151/917 894/149/893
f 916/152/915 919/445/918 914/450/913
f 916/152/915 918/151/917 919/445/918
f 917/446/916 914/450/913 919/445/918
f 891/145/890 888/150/887 918/151/917
f 915/448/914 917/446/916 920/444/919
f 921/156/920 918/151/917 888/150/887
f 922/443/921 920/444/919 917/446/916
f 917/446/916 919/445/918 922/443/921
f 923/447/922 915/448/914 920/444/919
f 923/447/922 913/458/912 915/448/914
f 924/498/923 919/445/918 918/151/917
f 918/151/917 921/156/920 924/498/923
f 922/443/921 919/445/918 925/442/924
f 919/445/918 924/498/923 926/429/925
f 919/445/918 926/429/925 925/442/924
f 924/498/923 921/156/920 927/499/926
f 926/429/925 637/419/637 925/442/924
f 927/499/926 928/426/927 924/498/923
f 926/429/925 924/498/923 928/426/927
f 929/440/928 925/442/924 637/419/637
f 925/442/924 929/440/928 922/443/921
f 929/440/928 637/419/637 630/420/630
f 630/420/630 629/438/629 929/440/928
f 930/424/929 637/419/637 926/429/925
f 926/429/925 928/426/927 930/424/929
f 930/424/929 636/414/636 637/419/637
f 929/440/928 931/441/930 922/443/921
f 931/441/930 929/440/928 629/438/629
f 920/444/919 922/443/921 931/441/930
f 932/418/931 636/414/636 930/424/929
f 932/418/931 930/424/929 928/426/927
f 640/408/640 636/414/636 932/418/931
f 931/441/930 933/439/932 920/444/919
f 931/441/930 629/438/629 933/439/932
f 923/447/922 920/444/919 933/439/932
f 629/438/629 626/435/626 933/439/932
f 626/435/626 621/433/621 933/439/932
f 934/449/933 933/439/932 621/433/621
f 933/439/932 934/449/933 923/447/922
f 621/433/621 618/451/618 934/449/933
f 935/456/934 923/447/922 934/449/933
f 923/447/922 935/456/934 913/458/912
f 936/453/935 934/449/933 618/451/618
f 936/453/935 935/456/934 934/449/933
f 937/459/936 913/458/912 935/456/934
f 911/461/910 913/458/912 937/459/936
f 938/457/937 935/456/934 936/453/935
f 938/457/937 937/459/936 935/456/934
f 939/454/938 936/453/935 618/451/618
f 936/453/935 939/454/938 938/457/937
f 618/451/618 614/452/614 939/454/938
f 614/452/614 612/455/612 939/454/938
f 938/457/937 940/463/939 937/459/936
f 937/459/936 940/463/939 911/461/910
f 941/464/940 938/457/937 939/454/938
f 938/457/937 941/464/940 940/463/939
f 942/466/941 939/454/938 612/455/612
f 942/466/941 941/464/940 939/454/938
f 609/469/609 942/466/941 612/455/612
f 943/465/942 911/461/910 940/463/939
f 943/465/942 908/130/907 911/461/910
f 944/470/943 942/466/941 609/469/609
f 944/470/943 609/469/609 605/480/605
f 942/466/941 944/470/943 945/468/944
f 945/468/944 941/464/940 942/466/941
f 944/470/943 605/480/605 946/471/945
f 946/471/945 945/468/944 944/470/943
f 947/467/946 940/463/939 941/464/940
f 941/464/940 945/468/944 947/467/946
f 940/463/939 947/467/946 943/465/942
f 945/468/944 946/471/945 948/492/947
f 948/492/947 947/467/946 945/468/944
f 949/488/948 946/471/945 605/480/605
f 605/480/605 601/486/601 949/488/948
f 593/490/593 949/488/948 601/486/601
f 946/471/945 949/488/948 950/491/949
f 950/491/949 948/492/947 946/471/945
f 949/488/948 593/490/593 951/120/950
f 951/120/950 950/491/949 949/488/948
f 950/491/949 952/114/951 948/492/947
f 950/491/949 951/120/950 952/114/951
f 948/492/947 953/493/952 947/467/946
f 953/493/952 948/492/947 952/114/951
f 954/494/953 947/467/946 953/493/952
f 954/494/953 943/465/942 947/467/946
f 953/493/952 955/113/954 954/494/953
f 953/493/952 952/114/951 955/113/954
f 954/494/953 956/495/955 943/465/942
f 956/495/955 954/494/953 955/113/954
f 908/130/907 943/465/942 956/495/955
f 907/115/906 908/130/907 956/495/955
f 956/495/955 955/113/954 907/115/906
f 957/107/956 907/115/906 955/113/954
f 957/107/956 906/105/905 907/115/906
f 906/105/905 957/107/956 958/103/957
f 958/103/957 607/100/607 906/105/905
f 957/107/956 955/113/954 959/104/958
f 957/107/956 959/104/958 958/103/957
f 958/103/957 960/98/959 607/100/607
f 958/103/957 959/104/958 960/98/959
f 600/99/600 607/100/607 960/98/959
f 599/96/599 600/99/600 960/98/959
f 955/113/954 961/108/960 959/104/958
f 961/108/960 955/113/954 952/114/951
f 962/101/961 960/98/959 959/104/958
f 959/104/958 961/108/960 962/101/961
f 599/96/599 960/98/959 963/95/962
f 963/95/962 960/98/959 962/101/961
f 963/95/962 595/93/595 599/96/599
f 962/101/961 961/108/960 964/112/963
f 961/108/960 952/114/951 964/112/963
f 963/95/962 965/92/964 595/93/595
f 595/93/595 965/92/964 562/90/562
f 966/116/965 964/112/963 952/114/951
f 966/116/965 952/114/951 951/120/950
f 967/89/966 562/90/562 965/92/964
f 562/90/562 967/89/966 561/86/561
f 963/95/962 968/97/967 965/92/964
f 962/101/961 968/97/967 963/95/962
f 965/92/964 969/94/968 967/89/966
f 969/94/968 965/92/964 968/97/967
f 970/85/969 561/86/561 967/89/966
f 561/86/561 970/85/969 556/83/556
f 968/97/967 962/101/961 971/102/970
f 964/112/963 971/102/970 962/101/961
f 968/97/967 971/102/970 969/94/968
f 964/112/963 966/116/965 971/102/970
f 969/94/968 972/91/971 967/89/966
f 967/89/966 972/91/971 970/85/969
f 586/617/586 969/94/968 971/102/970
f 969/94/968 586/617/586 972/91/971
f 973/118/972 971/102/970 966/116/965
f 966/116/965 951/120/950 973/118/972
f 586/617/586 583/614/583 972/91/971
f 583/614/583 580/611/580 972/91/971
f 586/617/586 971/102/970 974/622/973
f 973/118/972 974/622/973 971/102/970
f 974/622/973 579/610/579 586/617/586
f 974/622/973 585/616/585 579/610/579
f 973/118/972 975/623/974 974/622/973
f 585/616/585 974/622/973 975/623/974
f 975/623/974 973/118/972 951/120/950
f 593/490/593 585/616/585 975/623/974
f 975/623/974 951/120/950 593/490/593
f 976/88/975 972/91/971 580/611/580
f 976/88/975 970/85/969 972/91/971
f 976/88/975 580/611/580 977/87/976
f 970/85/969 976/88/975 978/82/977
f 977/87/976 978/82/977 976/88/975
f 978/82/977 556/83/556 970/85/969
f 581/612/581 977/87/976 580/611/580
f 556/83/556 978/82/977 552/79/552
f 979/81/978 978/82/977 977/87/976
f 979/81/978 552/79/552 978/82/977
f 977/87/976 581/612/581 980/84/979
f 977/87/976 980/84/979 979/81/978
f 981/624/980 980/84/979 581/612/581
f 981/624/980 581/612/581 577/608/577
f 979/81/978 982/77/981 552/79/552
f 549/78/549 552/79/552 982/77/981
f 546/75/546 549/78/549 982/77/981
f 980/84/979 983/80/982 979/81/978
f 982/77/981 979/81/978 983/80/982
f 984/74/983 546/75/546 982/77/981
f 983/80/982 984/74/983 982/77/981
f 546/75/546 984/74/983 543/73/543
f 983/80/982 980/84/979 985/625/984
f 981/624/980 985/625/984 980/84/979
f 981/624/980 577/608/577 985/625/984
f 984/74/983 983/80/982 986/76/985
f 983/80/982 985/625/984 986/76/985
f 987/72/986 543/73/543 984/74/983
f 986/76/985 987/72/986 984/74/983
f 543/73/543 987/72/986 541/67/541
f 577/608/577 988/626/987 985/625/984
f 988/626/987 577/608/577 575/606/575
f 989/66/988 541/67/541 987/72/986
f 541/67/541 989/66/988 536/64/536
f 987/72/986 986/76/985 990/71/989
f 989/66/988 987/72/986 990/71/989
f 991/627/990 986/76/985 985/625/984
f 991/627/990 990/71/989 986/76/985
f 988/626/987 991/627/990 985/625/984
f 992/63/991 536/64/536 989/66/988
f 532/61/532 536/64/536 992/63/991
f 993/68/992 989/66/988 990/71/989
f 992/63/991 989/66/988 993/68/992
f 994/628/993 990/71/989 991/627/990
f 532/61/532 992/63/991 995/60/994
f 528/57/528 532/61/532 995/60/994
f 996/65/995 992/63/991 993/68/992
f 992/63/991 996/65/995 995/60/994
f 993/68/992 990/71/989 997/70/996
f 997/70/996 996/65/995 993/68/992
f 994/628/993 997/70/996 990/71/989
f 528/57/528 995/60/994 998/56/997
f 528/57/528 998/56/997 524/54/524
f 999/59/998 995/60/994 996/65/995
f 998/56/997 995/60/994 999/59/998
f 1000/53/999 524/54/524 998/56/997
f 524/54/524 1000/53/999 520/52/520
f 998/56/997 999/59/998 1001/55/1000
f 1000/53/999 998/56/997 1001/55/1000
f 996/65/995 1002/69/1001 999/59/998
f 996/65/995 997/70/996 1002/69/1001
f 1003/47/1002 520/52/520 1000/53/999
f 520/52/520 1003/47/1002 517/51/518
f 1000/53/999 1001/55/1000 1004/46/1003
f 1003/47/1002 1000/53/999 1004/46/1003
f 1005/48/1004 517/51/518 1003/47/1002
f 517/51/518 1005/48/1004 518/50/516
f 1006/49/1005 518/50/516 1005/48/1004
f 1006/49/1005 1005/48/1004 1007/32/1006
f 1008/31/1007 1007/32/1006 1005/48/1004
f 1005/48/1004 1003/47/1002 1008/31/1007
f 1008/31/1007 539/24/539 1007/32/1006
f 1009/45/1008 1008/31/1007 1003/47/1002
f 1003/47/1002 1004/46/1003 1009/45/1008
f 539/24/539 1008/31/1007 1010/29/1009
f 1008/31/1007 1009/45/1008 1010/29/1009
f 1010/29/1009 537/22/537 539/24/539
f 1011/44/1010 1009/45/1008 1004/46/1003
f 1004/46/1003 1001/55/1000 1011/44/1010
f 1012/43/1011 1010/29/1009 1009/45/1008
f 1009/45/1008 1011/44/1010 1012/43/1011
f 537/22/537 1010/29/1009 1013/27/1012
f 1010/29/1009 1012/43/1011 1013/27/1012
f 1013/27/1012 1014/25/1013 537/22/537
f 533/18/533 537/22/537 1014/25/1013
f 1013/27/1012 1012/43/1011 1015/41/1014
f 1013/27/1012 1015/41/1014 1014/25/1013
f 1011/44/1010 1015/41/1014 1012/43/1011
f 533/18/533 1014/25/1013 529/14/529
f 1015/41/1014 1011/44/1010 1016/42/1015
f 1017/26/1016 529/14/529 1014/25/1013
f 529/14/529 1017/26/1016 525/10/525
f 1018/39/1017 1014/25/1013 1015/41/1014
f 1014/25/1013 1018/39/1017 1017/26/1016
f 1015/41/1014 1016/42/1015 1018/39/1017
f 525/10/525 1017/26/1016 1019/28/1018
f 525/10/525 1019/28/1018 521/6/521
f 1018/39/1017 1020/37/1019 1017/26/1016
f 1017/26/1016 1020/37/1019 1019/28/1018
f 1021/30/1020 521/6/521 1019/28/1018
f 1021/30/1020 523/8/523 521/6/521
f 1020/37/1019 1022/34/1021 1019/28/1018
f 1021/30/1020 1019/28/1018 1022/34/1021
f 1021/30/1020 1023/33/1022 523/8/523
f 1021/30/1020 1022/34/1021 1023/33/1022
f 527/12/527 523/8/523 1023/33/1022
f 1018/39/1017 1024/40/1023 1020/37/1019
f 1024/40/1023 1018/39/1017 1016/42/1015
f 1020/37/1019 1025/38/1024 1022/34/1021
f 1025/38/1024 1020/37/1019 1024/40/1023
f 1022/34/1021 1026/36/1025 1023/33/1022
f 1026/36/1025 1022/34/1021 1025/38/1024
f 1023/33/1022 1027/35/1026 527/12/527
f 1027/35/1026 1023/33/1022 1026/36/1025
f 531/16/531 527/12/527 1027/35/1026
f 1024/40/1023 1028/629/1027 1025/38/1024
f 1024/40/1023 1016/42/1015 1028/629/1027
f 1025/38/1024 1029/630/1028 1026/36/1025
f 1028/629/1027 1029/630/1028 1025/38/1024
f 1026/36/1025 1030/631/1029 1027/35/1026
f 1030/631/1029 1026/36/1025 1029/630/1028
f 531/16/531 1027/35/1026 1031/632/1030
f 1031/632/1030 1027/35/1026 1030/631/1029
f 531/16/531 1031/632/1030 535/20/535
f 1031/632/1030 544/576/544 535/20/535
f 1030/631/1029 1032/633/1031 1031/632/1030
f 1031/632/1030 1032/633/1031 544/576/544
f 1029/630/1028 1033/634/1032 1030/631/1029
f 1032/633/1031 1030/631/1029 1033/634/1032
f 1032/633/1031 1034/635/1033 544/576/544
f 547/579/547 544/576/544 1034/635/1033
f 1033/634/1032 1035/636/1034 1032/633/1031
f 1034/635/1033 1032/633/1031 1035/636/1034
f 1033/634/1032 1029/630/1028 1036/637/1035
f 1028/629/1027 1036/637/1035 1029/630/1028
f 1033/634/1032 1037/638/1036 1035/636/1034
f 1037/638/1036 1033/634/1032 1036/637/1035
f 1035/636/1034 1038/639/1037 1034/635/1033
f 1034/635/1033 1039/640/1038 547/579/547
f 1039/640/1038 1034/635/1033 1038/639/1037
f 550/582/550 547/579/547 1039/640/1038
f 1039/640/1038 559/591/559 550/582/550
f 1039/640/1038 570/601/570 559/591/559
f 570/601/570 1039/640/1038 1038/639/1037
f 1038/639/1037 1035/636/1034 1040/641/1039
f 1037/638/1036 1040/641/1039 1035/636/1034
f 570/601/570 1038/639/1037 1041/642/1040
f 1040/641/1039 1041/642/1040 1038/639/1037
f 1041/642/1040 575/606/575 570/601/570
f 575/606/575 1041/642/1040 988/626/987
f 1042/643/1041 988/626/987 1041/642/1040
f 1041/642/1040 1040/641/1039 1042/643/1041
f 991/627/990 988/626/987 1042/643/1041
f 991/627/990 1042/643/1041 994/628/993
f 1043/644/1042 1042/643/1041 1040/641/1039
f 1043/644/1042 994/628/993 1042/643/1041
f 1037/638/1036 1043/644/1042 1040/641/1039
f 997/70/996 994/628/993 1043/644/1042
f 1043/644/1042 1037/638/1036 1044/645/1043
f 1044/645/1043 997/70/996 1043/644/1042
f 1037/638/1036 1036/637/1035 1044/645/1043
f 997/70/996 1044/645/1043 1002/69/1001
f 1045/646/1044 1044/645/1043 1036/637/1035
f 1045/646/1044 1002/69/1001 1044/645/1043
f 1036/637/1035 1028/629/1027 1045/646/1044
f 1002/69/1001 1045/646/1044 1046/62/1045
f 1046/62/1045 999/59/998 1002/69/1001
f 1047/647/1046 1045/646/1044 1028/629/1027
f 1047/647/1046 1046/62/1045 1045/646/1044
f 1047/647/1046 1028/629/1027 1016/42/1015
f 1046/62/1045 1048/58/1047 999/59/998
f 1047/647/1046 1048/58/1047 1046/62/1045
f 1048/58/1047 1047/647/1046 1016/42/1015
f 1001/55/1000 999/59/998 1048/58/1047
f 1011/44/1010 1048/58/1047 1016/42/1015
f 1048/58/1047 1011/44/1010 1001/55/1000
f 782/235/782 1049/557/1048 786/234/786
f 834/555/833 786/234/786 1049/557/1048
f 1049/557/1048 782/235/782 783/559/783
f 834/555/833 1049/557/1048 1050/558/1049
f 1050/558/1049 835/554/834 834/555/833
f 1050/558/1049 838/561/837 835/554/834
f 1049/557/1048 783/559/783 1051/560/1050
f 1051/560/1050 1050/558/1049 1049/557/1048
f 1052/562/1051 838/561/837 1050/558/1049
f 1050/558/1049 1051/560/1050 1052/562/1051
f 1052/562/1051 705/346/705 838/561/837
f 712/339/712 705/346/705 1052/562/1051
f 1053/563/1052 712/339/712 1052/562/1051
f 1053/563/1052 1052/562/1051 1051/560/1050
f 713/338/713 712/339/712 1053/563/1052
f 1054/568/1053 1051/560/1050 783/559/783
f 1051/560/1050 1054/568/1053 1053/563/1052
f 783/559/783 781/571/781 1054/568/1053
f 1055/567/1054 713/338/713 1053/563/1052
f 1055/567/1054 1053/563/1052 1054/568/1053
f 713/338/713 1055/567/1054 717/328/717
f 1056/570/1055 1054/568/1053 781/571/781
f 1055/567/1054 1054/568/1053 1056/570/1055
f 1056/570/1055 781/571/781 770/316/770
f 1056/570/1055 1057/569/1056 1055/567/1054
f 1056/570/1055 770/316/770 1057/569/1056
f 1057/569/1056 717/328/717 1055/567/1054
f 1057/569/1056 770/316/770 1058/324/1057
f 717/328/717 1057/569/1056 1058/324/1057
f 1058/324/1057 770/316/770 726/315/726
f 717/328/717 1058/324/1057 716/325/716
f 1058/324/1057 726/315/726 719/321/719
f 719/321/719 716/325/716 1058/324/1057
f 1059/154/1058 888/150/887 883/153/882
f 1059/154/1058 883/153/882 881/157/880
f 888/150/887 1059/154/1058 921/156/920
f 881/157/880 1060/158/1059 1059/154/1058
f 881/157/880 878/160/877 1060/158/1059
f 1061/502/1060 921/156/920 1059/154/1058
f 1061/502/1060 1059/154/1058 1060/158/1059
f 921/156/920 1061/502/1060 1062/500/1061
f 921/156/920 1062/500/1061 927/499/926
f 1061/502/1060 1060/158/1059 1063/503/1062
f 1063/503/1062 1062/500/1061 1061/502/1060
f 1064/506/1063 1060/158/1059 878/160/877
f 1060/158/1059 1064/506/1063 1063/503/1062
f 878/160/877 876/168/875 1064/506/1063
f 1062/500/1061 1065/501/1064 927/499/926
f 1062/500/1061 1063/503/1062 1065/501/1064
f 928/426/927 927/499/926 1065/501/1064
f 928/426/927 1065/501/1064 932/418/931
f 1066/412/1065 932/418/931 1065/501/1064
f 932/418/931 1066/412/1065 640/408/640
f 642/405/642 640/408/640 1066/412/1065
f 1067/504/1066 1066/412/1065 1065/501/1064
f 1067/504/1066 1065/501/1064 1063/503/1062
f 1068/407/1067 642/405/642 1066/412/1065
f 1066/412/1065 1067/504/1066 1068/407/1067
f 645/401/645 642/405/642 1068/407/1067
f 1069/505/1068 1067/504/1066 1063/503/1062
f 1069/505/1068 1068/407/1067 1067/504/1066
f 1068/407/1067 1070/406/1069 645/401/645
f 1068/407/1067 1069/505/1068 1070/406/1069
f 649/399/649 645/401/645 1070/406/1069
f 1063/503/1062 1071/507/1070 1069/505/1068
f 1071/507/1070 1063/503/1062 1064/506/1063
f 1069/505/1068 1072/508/1071 1070/406/1069
f 1072/508/1071 1069/505/1068 1071/507/1070
f 1070/406/1069 1073/400/1072 649/399/649
f 1073/400/1072 1070/406/1069 1072/508/1071
f 651/392/651 649/399/649 1073/400/1072
f 1071/507/1070 1074/509/1073 1072/508/1071
f 1071/507/1070 1064/506/1063 1074/509/1073
f 1075/393/1074 651/392/651 1073/400/1072
f 657/389/657 651/392/651 1075/393/1074
f 1076/510/1075 1074/509/1073 1064/506/1063
f 1076/510/1075 1064/506/1063 876/168/875
f 1076/510/1075 876/168/875 1077/511/1076
f 1076/510/1075 1077/511/1076 1074/509/1073
f 873/174/872 1077/511/1076 876/168/875
f 873/174/872 874/514/873 1077/511/1076
f 1078/512/1077 1074/509/1073 1077/511/1076
f 1077/511/1076 874/514/873 1078/512/1077
f 1072/508/1071 1074/509/1073 1078/512/1077
f 1072/508/1071 1079/513/1078 1073/400/1072
f 1072/508/1071 1078/512/1077 1079/513/1078
f 1075/393/1074 1073/400/1072 1079/513/1078
f 1078/512/1077 1080/515/1079 1079/513/1078
f 1078/512/1077 874/514/873 1080/515/1079
f 1079/513/1078 1081/516/1080 1075/393/1074
f 1081/516/1080 1079/513/1078 1080/515/1079
f 1082/391/1081 1075/393/1074 1081/516/1080
f 1075/393/1074 1082/391/1081 657/389/657
f 659/384/659 657/389/657 1082/391/1081
f 664/385/664 659/384/659 1082/391/1081
f 1081/516/1080 1083/517/1082 1082/391/1081
f 664/385/664 1082/391/1081 1083/517/1082
f 1081/516/1080 1080/515/1079 1083/517/1082
f 1083/517/1082 852/522/851 664/385/664
f 1084/518/1083 1083/517/1082 1080/515/1079
f 1084/518/1083 1080/515/1079 874/514/873
f 852/522/851 1083/517/1082 1085/521/1084
f 1084/518/1083 1085/521/1084 1083/517/1082
f 1085/521/1084 853/524/852 852/522/851
f 853/524/852 1085/521/1084 856/523/855
f 874/514/873 1086/519/1085 1084/518/1083
f 1086/519/1085 874/514/873 865/177/864
f 1085/521/1084 1084/518/1083 1087/520/1086
f 1086/519/1085 1087/520/1086 1084/518/1083
f 1087/520/1086 856/523/855 1085/521/1084
f 1086/519/1085 865/177/864 1087/520/1086
f 856/523/855 1087/520/1086 862/186/861
f 862/186/861 1087/520/1086 865/177/864
f 429/484/429 1088/592/1087 83/485/83
f 79/593/79 83/485/83 1088/592/1087
f 429/484/429 431/487/431 1088/592/1087
f 79/593/79 1088/592/1087 76/588/76
f 1089/619/1088 1088/592/1087 431/487/431
f 1090/590/1089 76/588/76 1088/592/1087
f 431/487/431 1091/620/1090 1089/619/1088
f 1091/620/1090 431/487/431 433/489/433
f 1089/619/1088 1092/594/1091 1088/592/1087
f 1090/590/1089 1088/592/1087 1092/594/1091
f 1090/590/1089 1093/587/1092 76/588/76
f 1092/594/1091 1093/587/1092 1090/590/1089
f 72/584/72 76/588/76 1093/587/1092
f 1089/619/1088 1094/618/1093 1092/594/1091
f 1094/618/1093 1089/619/1088 1091/620/1090
f 1093/587/1092 1095/583/1094 72/584/72
f 71/581/71 72/584/72 1095/583/1094
f 1092/594/1091 1096/595/1095 1093/587/1092
f 1095/583/1094 1097/580/1096 71/581/71
f 68/578/68 71/581/71 1097/580/1096
f 1095/583/1094 1093/587/1092 1098/586/1097
f 1095/583/1094 1098/586/1097 1097/580/1096
f 1096/595/1095 1098/586/1097 1093/587/1092
f 1097/580/1096 1099/577/1098 68/578/68
f 66/575/66 68/578/68 1099/577/1098
f 1100/585/1099 1097/580/1096 1098/586/1097
f 1100/585/1099 1099/577/1098 1097/580/1096
f 1096/595/1095 1101/596/1100 1098/586/1097
f 66/575/66 1099/577/1098 1102/574/1101
f 66/575/66 1102/574/1101 60/573/60
f 1103/589/1102 1098/586/1097 1101/596/1100
f 1098/586/1097 1103/589/1102 1100/585/1099
f 1102/574/1101 1104/572/1103 60/573/60
f 21/21/21 60/573/60 1104/572/1103
f 20/20/20 21/21/21 1104/572/1103
f 1102/574/1101 1105/579/1104 1104/572/1103
f 1102/574/1101 1099/577/1098 1105/579/1104
f 1104/572/1103 1106/576/1105 20/20/20
f 1106/576/1105 1104/572/1103 1105/579/1104
f 1100/585/1099 1107/582/1106 1099/577/1098
f 1107/582/1106 1105/579/1104 1099/577/1098
f 1100/585/1099 1108/591/1107 1107/582/1106
f 1108/591/1107 1100/585/1099 1103/589/1102
f 1109/640/1108 1105/579/1104 1107/582/1106
f 1109/640/1108 1107/582/1106 1108/591/1107
f 1105/579/1104 1110/635/1109 1106/576/1105
f 1110/635/1109 1105/579/1104 1109/640/1108
f 1111/632/1110 20/20/20 1106/576/1105
f 20/20/20 1111/632/1110 16/16/16
f 35/35/35 16/16/16 1111/632/1110
f 1106/576/1105 1112/633/1111 1111/632/1110
f 1112/633/1111 1106/576/1105 1110/635/1109
f 1111/632/1110 1113/631/1112 35/35/35
f 1112/633/1111 1113/631/1112 1111/632/1110
f 36/36/36 35/35/35 1113/631/1112
f 1112/633/1111 1110/635/1109 1114/636/1113
f 36/36/36 1113/631/1112 1115/630/1114
f 36/36/36 1115/630/1114 38/38/38
f 1112/633/1111 1116/634/1115 1113/631/1112
f 1115/630/1114 1113/631/1112 1116/634/1115
f 1112/633/1111 1114/636/1113 1116/634/1115
f 38/38/38 1115/630/1114 1117/629/1116
f 38/38/38 1117/629/1116 40/40/40
f 40/40/40 1117/629/1116 42/42/42
f 1116/634/1115 1118/637/1117 1115/630/1114
f 1117/629/1116 1115/630/1114 1118/637/1117
f 1119/647/1118 42/42/42 1117/629/1116
f 42/42/42 1119/647/1118 53/58/53
f 56/62/56 53/58/53 1119/647/1118
f 1119/647/1118 1117/629/1116 1120/646/1119
f 1119/647/1118 1120/646/1119 56/62/56
f 1118/637/1117 1120/646/1119 1117/629/1116
f 62/69/62 56/62/56 1120/646/1119
f 1120/646/1119 1121/645/1120 62/69/62
f 1120/646/1119 1118/637/1117 1121/645/1120
f 63/70/63 62/69/62 1121/645/1120
f 1118/637/1117 1116/634/1115 1122/638/1121
f 1122/638/1121 1121/645/1120 1118/637/1117
f 1116/634/1115 1114/636/1113 1122/638/1121
f 1123/644/1122 63/70/63 1121/645/1120
f 1121/645/1120 1122/638/1121 1123/644/1122
f 1122/638/1121 1114/636/1113 1124/641/1123
f 1122/638/1121 1124/641/1123 1123/644/1122
f 1123/644/1122 1125/628/1124 63/70/63
f 1125/628/1124 64/71/64 63/70/63
f 1123/644/1122 1124/641/1123 1126/643/1125
f 1123/644/1122 1126/643/1125 1125/628/1124
f 1125/628/1124 1127/627/1126 64/71/64
f 1127/627/1126 1125/628/1124 1126/643/1125
f 69/76/69 64/71/64 1127/627/1126
f 1128/639/1127 1124/641/1123 1114/636/1113
f 1114/636/1113 1110/635/1109 1128/639/1127
f 1109/640/1108 1128/639/1127 1110/635/1109
f 1124/641/1123 1128/639/1127 1129/642/1128
f 1129/642/1128 1126/643/1125 1124/641/1123
f 1128/639/1127 1109/640/1108 1130/601/1129
f 1130/601/1129 1129/642/1128 1128/639/1127
f 1109/640/1108 1108/591/1107 1130/601/1129
f 1126/643/1125 1129/642/1128 1131/626/1130
f 1126/643/1125 1131/626/1130 1127/627/1126
f 1129/642/1128 1130/601/1129 1132/606/1131
f 1132/606/1131 1131/626/1130 1129/642/1128
f 1130/601/1129 1108/591/1107 1133/599/1132
f 1133/599/1132 1132/606/1131 1130/601/1129
f 1103/589/1102 1133/599/1132 1108/591/1107
f 1134/625/1133 1127/627/1126 1131/626/1130
f 1127/627/1126 1134/625/1133 69/76/69
f 73/80/73 69/76/69 1134/625/1133
f 73/80/73 1134/625/1133 77/84/77
f 1134/625/1133 1131/626/1130 1135/608/1134
f 1131/626/1130 1132/606/1131 1135/608/1134
f 1136/624/1135 77/84/77 1134/625/1133
f 1134/625/1133 1135/608/1134 1136/624/1135
f 1136/624/1135 1137/612/1136 77/84/77
f 1136/624/1135 1135/608/1134 1137/612/1136
f 80/87/80 77/84/77 1137/612/1136
f 1135/608/1134 1132/606/1131 1138/603/1137
f 1133/599/1132 1138/603/1137 1132/606/1131
f 1139/607/1138 1137/612/1136 1135/608/1134
f 1135/608/1134 1138/603/1137 1139/607/1138
f 1137/612/1136 1140/611/1139 80/87/80
f 1137/612/1136 1139/607/1138 1140/611/1139
f 81/88/81 80/87/80 1140/611/1139
f 81/88/81 1140/611/1139 84/91/84
f 1141/604/1140 1139/607/1138 1138/603/1137
f 1142/614/1141 84/91/84 1140/611/1139
f 1143/609/1142 1140/611/1139 1139/607/1138
f 1139/607/1138 1141/604/1140 1143/609/1142
f 84/91/84 1142/614/1141 1144/617/1143
f 84/91/84 1144/617/1143 87/94/87
f 1144/617/1143 95/102/95 87/94/87
f 1142/614/1141 1140/611/1139 1145/610/1144
f 1142/614/1141 1145/610/1144 1144/617/1143
f 1143/609/1142 1145/610/1144 1140/611/1139
f 1144/617/1143 1146/622/1145 95/102/95
f 1146/622/1145 1144/617/1143 1145/610/1144
f 111/118/111 95/102/95 1146/622/1145
f 1143/609/1142 1147/605/1146 1145/610/1144
f 1147/605/1146 1143/609/1142 1141/604/1140
f 111/118/111 1146/622/1145 1148/623/1147
f 113/120/113 111/118/111 1148/623/1147
f 1148/623/1147 434/490/434 113/120/113
f 1149/616/1148 1148/623/1147 1146/622/1145
f 1148/623/1147 1149/616/1148 434/490/434
f 1146/622/1145 1145/610/1144 1149/616/1148
f 1150/621/1149 434/490/434 1149/616/1148
f 434/490/434 1150/621/1149 433/489/433
f 433/489/433 1150/621/1149 1091/620/1090
f 1149/616/1148 1145/610/1144 1151/613/1150
f 1151/613/1150 1145/610/1144 1147/605/1146
f 1150/621/1149 1149/616/1148 1152/615/1151
f 1152/615/1151 1091/620/1090 1150/621/1149
f 1149/616/1148 1151/613/1150 1152/615/1151
f 1091/620/1090 1152/615/1151 1094/618/1093
f 1152/615/1151 1151/613/1150 1153/602/1152
f 1153/602/1152 1094/618/1093 1152/615/1151
f 1147/605/1146 1153/602/1152 1151/613/1150
f 1094/618/1093 1153/602/1152 1154/597/1153
f 1154/597/1153 1092/594/1091 1094/618/1093
f 1092/594/1091 1154/597/1153 1096/595/1095
f 1101/596/1100 1096/595/1095 1154/597/1153
f 1153/602/1152 1147/605/1146 1155/600/1154
f 1155/600/1154 1154/597/1153 1153/602/1152
f 1141/604/1140 1155/600/1154 1147/605/1146
f 1101/596/1100 1154/597/1153 1156/598/1155
f 1155/600/1154 1156/598/1155 1154/597/1153
f 1155/600/1154 1141/604/1140 1156/598/1155
f 1101/596/1100 1156/598/1155 1103/589/1102
f 1138/603/1137 1156/598/1155 1141/604/1140
f 1133/599/1132 1103/589/1102 1156/598/1155
f 1138/603/1137 1133/599/1132 1156/598/1155
