# Blender 4.3.2
# www.blender.org
mtllib Wheel1.mtl
o SM_Vehicle_PersonalMotorcycle_Wheel_LOD0.001
v 0.008335 -30.311790 -3.788964
v 0.008336 -30.311789 3.789178
v 2.385205 -30.197666 -3.789104
v 2.385205 -30.197664 3.789317
v 5.529374 -29.798559 -3.789125
v 5.529374 -29.798557 3.789338
v 8.613523 -29.062407 -3.789192
v 8.613524 -29.062405 3.789404
v 11.602241 -28.001997 -3.789124
v 11.602242 -28.001997 3.789335
v 14.465454 -26.638500 -3.789176
v 14.465454 -26.638498 3.789386
v 17.168644 -24.980373 -3.789127
v 17.168644 -24.980373 3.789337
v 19.685980 -23.051729 -3.789183
v 19.685982 -23.051727 3.789391
v 21.985313 -20.867748 -3.789131
v 21.985313 -20.867748 3.789338
v 24.046614 -18.457813 -3.789185
v 24.046614 -18.457813 3.789391
v 25.841614 -15.843502 -3.789135
v 25.841616 -15.843501 3.789340
v 27.356800 -13.057659 -3.789189
v 27.356800 -13.057657 3.789392
v 28.569195 -10.127324 -3.789139
v 28.569195 -10.127323 3.789341
v 29.471209 -7.087172 -3.789193
v 29.471210 -7.087171 3.789394
v 30.052721 -3.969217 -3.789139
v 30.052721 -3.969216 3.789339
v 30.317518 -0.014221 3.789419
v 30.317518 -0.014222 -3.789220
v 30.190191 2.361414 3.789312
v 30.190191 2.361413 -3.789114
v 29.791084 5.505582 -3.789136
v 29.791084 5.505583 3.789333
v 29.054930 8.589735 -3.789203
v 29.054932 8.589736 3.789399
v 27.994522 11.578449 -3.789135
v 27.994522 11.578450 3.789330
v 26.631023 14.441666 -3.789187
v 26.631025 14.441667 3.789382
v 24.972900 17.144850 -3.789138
v 24.972900 17.144850 3.789332
v 23.044254 19.662191 -3.789193
v 23.044256 19.662193 3.789387
v 20.860275 21.961525 -3.789142
v 20.860275 21.961525 3.789335
v 18.450340 24.022820 -3.789195
v 18.450340 24.022821 3.789388
v 15.836027 25.817825 -3.789144
v 15.836027 25.817827 3.789337
v 13.050183 27.333012 -3.789197
v 13.050184 27.333014 3.789390
v 10.119852 28.545406 -3.789146
v 10.119853 28.545406 3.789339
v 7.079700 29.447420 -3.789199
v 7.079700 29.447422 3.789393
v 3.961745 30.028929 -3.789145
v 3.961745 30.028931 3.789338
v 0.006751 30.293730 3.789419
v 0.006750 30.293730 -3.789225
v -3.945426 -30.060196 -3.789130
v -3.945425 -30.060196 3.789353
v -7.063380 -29.478683 3.789408
v -7.063380 -29.478685 -3.789184
v -10.103533 -28.576672 3.789355
v -10.103533 -28.576674 -3.789131
v -13.033864 -27.364277 3.789405
v -13.033864 -27.364279 -3.789182
v -15.819707 -25.849091 3.789351
v -15.819708 -25.849092 -3.789129
v -18.434027 -24.054089 3.789402
v -18.434027 -24.054090 -3.789180
v -20.843962 -21.992790 3.789349
v -20.843962 -21.992792 -3.789127
v -23.027935 -19.693455 3.789400
v -23.027935 -19.693457 -3.789180
v -24.956587 -17.176117 3.789345
v -24.956587 -17.176119 -3.789126
v -26.614704 -14.472934 3.789393
v -26.614704 -14.472936 -3.789175
v -27.978209 -11.609719 -3.789124
v -27.978209 -11.609715 3.789340
v -29.038618 -8.621002 -3.789194
v -29.038616 -8.620997 3.789408
v -29.774771 -5.536852 -3.789128
v -29.774771 -5.536850 3.789341
v -30.173876 -2.392682 3.789318
v -30.173878 -2.392683 -3.789108
v -30.301205 -0.017043 3.789425
v -30.301205 -0.017045 -3.789215
v -30.036404 3.937951 3.789342
v -30.036406 3.937950 -3.789136
v -29.454895 7.055906 3.789396
v -29.454897 7.055905 -3.789191
v -28.552881 10.096059 3.789341
v -28.552881 10.096058 -3.789138
v -27.340487 13.026390 3.789391
v -27.340487 13.026389 -3.789190
v -25.825300 15.812234 3.789337
v -25.825300 15.812232 -3.789138
v -24.030300 18.426548 3.789386
v -24.030302 18.426546 -3.789189
v -21.969006 20.836483 3.789333
v -21.969006 20.836481 -3.789137
v -19.669666 23.020462 3.789383
v -19.669666 23.020460 -3.789190
v -17.152336 24.949108 3.789328
v -17.152336 24.949106 -3.789136
v -14.449146 26.607231 3.789376
v -14.449146 26.607229 -3.789186
v -11.585930 27.970736 3.789324
v -11.585930 27.970734 -3.789135
v -8.597216 29.031143 3.789392
v -8.597217 29.031141 -3.789205
v -5.513063 29.767296 3.789325
v -5.513063 29.767296 -3.789139
v -2.368894 30.166403 3.789303
v -2.368895 30.166401 -3.789117
v 0.007975 30.971058 -4.113758
v 4.051962 30.713512 -4.113813
v 0.007441 35.709316 -5.674250
v 7.240960 30.118711 -4.113815
v 4.669192 35.397259 -5.674222
v 10.350409 29.196175 -4.113813
v 8.344307 34.711781 -5.674239
v 11.927756 33.648590 -5.674221
v 13.347497 27.956106 -4.113813
v 16.196838 26.406433 -4.113809
v 15.381750 32.219524 -5.674239
v 18.665453 30.433615 -5.674220
v 18.870695 24.570492 -4.113809
v 12.778231 36.049164 -5.516443
v 19.996412 32.604904 -5.516441
v 8.939215 37.188187 -5.516442
v 16.478540 34.518185 -5.516441
v 5.001988 37.922550 -5.516444
v 0.007763 38.256851 -5.516443
v 13.325989 37.595364 -4.327644
v 9.322360 38.783154 -4.327651
v 5.216318 39.549053 -4.327643
v 0.007960 39.897617 -4.327656
v 0.008097 40.957119 -2.308226
v 5.354732 40.599300 -2.308221
v 0.008157 41.329185 0.000095
v 9.569761 39.813057 -2.308225
v 5.403343 40.968136 0.000095
v 5.354733 40.599300 2.308412
v 0.008097 40.957119 2.308417
v 9.656652 40.174751 0.000095
v 5.216319 39.549057 4.327834
v 0.007972 39.883415 4.327851
v 9.569761 39.813057 2.308415
v 9.322361 38.783154 4.327841
v 5.001989 37.922554 5.516635
v 0.007764 38.256851 5.516634
v 0.007442 35.709320 5.674443
v 4.669193 35.397259 5.674414
v 0.006846 30.984285 4.114011
v 8.939216 37.188187 5.516633
v 4.051963 30.713514 4.114007
v 8.344308 34.711781 5.674430
v 7.240961 30.118713 4.114008
v 12.778232 36.049168 5.516633
v 10.350410 29.196177 4.114006
v 11.927757 33.648590 5.674412
v 13.347498 27.956108 4.114006
v 15.381751 32.219528 5.674430
v 16.196838 26.406435 4.114001
v 18.665455 30.433617 5.674411
v 18.870697 24.570492 4.114002
v 21.335564 22.462252 4.113998
v 21.746925 28.317801 5.674428
v 24.587528 25.888166 5.674408
v 23.569290 20.110491 4.113998
v 25.541910 17.535822 4.113993
v 27.161774 23.177931 5.674426
v 29.435102 20.210758 5.674406
v 27.237776 14.771012 4.113990
v 28.632370 11.842570 4.113985
v 31.389496 17.024473 5.674419
v 32.996670 13.649611 5.674404
v 29.716883 8.785686 4.113982
v 30.469862 5.631230 4.113972
v 34.246567 10.126738 5.674425
v 30.878052 2.415613 4.113962
v 35.114326 6.491364 5.674390
v 35.584743 2.785704 5.674389
v 31.008074 -0.014316 4.114012
v 30.737303 -4.059433 4.114008
v 35.733109 -0.014912 5.674443
v 30.142502 -7.248431 4.114009
v 35.421051 -4.676663 5.674415
v 34.735565 -8.351778 5.674432
v 29.219965 -10.357880 4.114007
v 33.672375 -11.935230 5.674414
v 27.979898 -13.354971 4.114008
v 26.430223 -16.204311 4.114004
v 32.243317 -15.389221 5.674432
v 30.457405 -18.672924 5.674414
v 24.594282 -18.878168 4.114005
v 36.072956 -12.785702 5.516635
v 32.628696 -20.003883 5.516634
v 37.211975 -8.946686 5.516634
v 34.541969 -16.486012 5.516634
v 37.946342 -5.009459 5.516636
v 37.619152 -13.333460 4.327836
v 38.806942 -9.329831 4.327843
v 38.280640 -0.015234 5.516634
v 39.572845 -5.223789 4.327835
v 38.122364 2.985329 5.516611
v 39.921406 -0.015431 4.327847
v 37.618416 6.955064 5.516604
v 39.756836 3.113929 4.327805
v 36.688736 10.849754 5.516619
v 40.966629 -0.015455 2.308408
v 39.231289 7.253734 4.327797
v 40.812225 3.196958 2.308388
v 40.623089 -5.362203 2.308413
v 41.338661 -0.015455 0.000099
v 39.836845 -9.577232 2.308416
v 40.991920 -5.410814 0.000099
v 38.617542 -13.687148 2.308413
v 40.198536 -9.664124 0.000100
v 36.022465 -17.192417 4.327843
v 38.968170 -13.811379 0.000101
v 34.027195 -20.861160 4.327835
v 36.978470 -17.648548 2.308416
v 37.314198 -17.808746 0.000102
v 34.930218 -21.414682 2.308412
v 30.362000 -23.305122 5.516633
v 31.663246 -24.303907 4.327841
v 28.341589 -21.754396 5.674432
v 28.948793 -27.477610 4.327832
v 27.759081 -26.348316 5.516633
v 25.911957 -24.594999 5.674412
v 22.486040 -21.343035 4.114002
v 20.134285 -23.576761 4.114002
v 23.201719 -27.169245 5.674430
v 17.559608 -25.549385 4.113997
v 20.234547 -29.442572 5.674411
v 14.794800 -27.245249 4.113995
v 24.855558 -29.106169 5.516631
v 21.676777 -31.541615 5.516631
v 17.048262 -31.396969 5.674425
v 11.866362 -28.639843 4.113990
v 13.673405 -33.004143 5.674409
v 8.809478 -29.724356 4.113987
v 5.655021 -30.477335 4.113977
v 10.150532 -34.254040 5.674431
v 2.439404 -30.885527 4.113967
v 0.009475 -31.015547 4.114027
v 2.809495 -35.592216 5.674396
v 0.008879 -35.740582 5.674459
v 6.515155 -35.121799 5.674396
v 3.009120 -38.129837 5.516618
v 0.008336 -38.273922 5.516669
v 6.978855 -37.625889 5.516611
v 3.137720 -39.764309 4.327812
v 0.008336 -39.914677 4.327869
v 0.008336 -40.974102 2.308415
v 10.873545 -36.696209 5.516625
v 3.220749 -40.819698 2.308395
v 7.277525 -39.238762 4.327805
v 0.008163 -41.360447 0.000115
v 11.339227 -38.269142 4.327836
v 7.470378 -40.280190 2.308393
v 3.249911 -41.190323 0.000109
v 3.220749 -40.819698 -2.308178
v 0.008336 -40.974102 -2.308197
v 7.538113 -40.645924 0.000108
v 3.137719 -39.764309 -4.327595
v 0.008359 -39.928883 -4.327638
v 0.008335 -38.273922 -5.516452
v 7.470378 -40.280190 -2.308177
v 7.277524 -39.238762 -4.327589
v 3.009119 -38.129841 -5.516402
v 0.008335 -35.726753 -5.674170
v 6.978854 -37.625889 -5.516396
v 2.809494 -35.592220 -5.674181
v 0.008335 -31.002323 -4.113743
v 6.515154 -35.121803 -5.674181
v 2.439403 -30.885527 -4.113753
v 5.655020 -30.477337 -4.113764
v 8.809477 -29.724358 -4.113775
v 10.150531 -34.254044 -5.674218
v 11.866361 -28.639845 -4.113778
v 13.673404 -33.004147 -5.674197
v 14.794799 -27.245251 -4.113784
v 10.873544 -36.696213 -5.516411
v 14.647697 -35.357182 -5.516416
v 11.339226 -38.269142 -4.327621
v 15.275249 -36.872742 -4.327617
v 11.639908 -39.284821 -2.308192
v 17.048260 -31.396971 -5.674213
v 18.263268 -33.635399 -5.516416
v 15.680453 -37.851353 -2.308192
v 19.045797 -35.077106 -4.327623
v 11.745530 -39.641514 0.000108
v 11.639908 -39.284821 2.308408
v 15.822765 -38.195023 0.000107
v 15.275249 -36.872742 4.327830
v 15.680453 -37.851353 2.308406
v 14.647699 -35.357178 5.516629
v 18.263269 -33.635399 5.516628
v 19.045797 -35.077103 4.327836
v 22.605690 -32.893593 4.327830
v 19.551081 -36.008038 2.308408
v 25.920736 -30.353674 4.327839
v 23.205492 -33.766563 2.308407
v 19.728539 -36.334957 0.000106
v 26.608536 -31.159212 2.308411
v 23.416128 -34.073128 0.000106
v 19.551081 -36.008038 -2.308196
v 23.205492 -33.766563 -2.308195
v 22.605690 -32.893597 -4.327620
v 26.608536 -31.159214 -2.308201
v 21.676775 -31.541616 -5.516420
v 25.920736 -30.353676 -4.327630
v 24.855558 -29.106171 -5.516422
v 28.948792 -27.477612 -4.327624
v 26.850092 -31.442101 0.000105
v 29.716990 -28.206818 -2.308202
v 29.716990 -28.206816 2.308411
v 29.986788 -28.462898 0.000104
v 32.798599 -25.175333 0.000103
v 32.503510 -24.948841 2.308414
v 35.247360 -21.609091 0.000103
v 32.503510 -24.948841 -2.308207
v 34.930218 -21.414682 -2.308206
v 36.978470 -17.648548 -2.308212
v 31.663244 -24.303907 -4.327634
v 34.027195 -20.861162 -4.327630
v 38.617542 -13.687149 -2.308211
v 30.361998 -23.305124 -5.516426
v 39.836845 -9.577233 -2.308216
v 36.022465 -17.192417 -4.327640
v 37.619152 -13.333462 -4.327634
v 40.623089 -5.362204 -2.308213
v 34.541969 -16.486013 -5.516430
v 32.628696 -20.003885 -5.516429
v 36.072952 -12.785704 -5.516433
v 32.243313 -15.389223 -5.674229
v 28.341587 -21.754398 -5.674225
v 30.457403 -18.672926 -5.674209
v 27.759081 -26.348318 -5.516425
v 23.201719 -27.169247 -5.674222
v 25.911957 -24.595001 -5.674205
v 20.234545 -29.442574 -5.674201
v 20.134285 -23.576763 -4.113793
v 17.559608 -25.549385 -4.113788
v 22.486040 -21.343037 -4.113795
v 24.594282 -18.878170 -4.113799
v 26.430222 -16.204313 -4.113800
v 27.979898 -13.354973 -4.113804
v 29.219963 -10.357882 -4.113805
v 33.672375 -11.935232 -5.674212
v 30.142500 -7.248432 -4.113808
v 34.735565 -8.351780 -5.674231
v 30.737301 -4.059434 -4.113808
v 37.211975 -8.946688 -5.516434
v 35.421047 -4.676665 -5.674215
v 31.008074 -0.014318 -4.113813
v 38.806942 -9.329832 -4.327642
v 37.946342 -5.009461 -5.516437
v 39.572842 -5.223791 -4.327636
v 35.733105 -0.014914 -5.674245
v 38.280640 -0.015236 -5.516437
v 40.966625 -0.015456 -2.308211
v 39.921406 -0.015432 -4.327651
v 39.756836 3.113928 -4.327609
v 38.122364 2.985327 -5.516415
v 40.812225 3.196957 -2.308192
v 41.182850 3.226116 0.000098
v 39.231289 7.253733 -4.327602
v 40.272717 7.446590 2.308387
v 40.272717 7.446589 -2.308192
v 38.261669 11.315433 4.327829
v 40.638451 7.514319 0.000097
v 39.277344 11.616120 2.308401
v 36.865269 15.251455 4.327824
v 35.349705 14.623908 5.516623
v 33.627926 18.239479 5.516622
v 31.534145 21.652988 5.516625
v 35.069630 19.022009 4.327830
v 29.098700 24.831770 5.516626
v 32.886124 22.581903 4.327825
v 26.340845 27.735291 5.516628
v 30.346203 25.896946 4.327834
v 23.297653 30.338207 5.516629
v 27.470139 28.925005 4.327827
v 19.996414 32.604908 5.516631
v 16.478542 34.518185 5.516631
v 20.853689 34.003403 4.327831
v 13.325990 37.595364 4.327834
v 17.184946 35.998676 4.327840
v 13.679677 38.593754 2.308411
v 17.641077 36.954681 2.308413
v 13.803908 38.944378 0.000095
v 13.679677 38.593754 -2.308221
v 17.801275 37.290409 0.000095
v 17.184946 35.998676 -4.327651
v 17.641077 36.954681 -2.308223
v 20.853689 34.003403 -4.327641
v 21.407211 34.906425 -2.308219
v 21.407211 34.906425 2.308408
v 21.601620 35.223572 0.000095
v 24.296436 31.639454 4.327837
v 24.941370 32.479717 2.308410
v 28.199345 29.693201 2.308406
v 25.167862 32.774811 0.000095
v 24.941370 32.479717 -2.308220
v 24.296434 31.639454 -4.327647
v 28.199345 29.693201 -2.308216
v 23.297651 30.338205 -5.516438
v 27.470139 28.925003 -4.327637
v 21.746923 28.317799 -5.674237
v 26.340845 27.735289 -5.516438
v 24.587526 25.888165 -5.674217
v 21.335562 22.462252 -4.113805
v 23.569288 20.110491 -4.113804
v 27.161774 23.177929 -5.674234
v 25.541910 17.535820 -4.113799
v 29.435101 20.210756 -5.674213
v 27.237776 14.771010 -4.113796
v 29.098698 24.831768 -5.516435
v 31.534143 21.652987 -5.516434
v 31.389496 17.024471 -5.674226
v 28.632370 11.842569 -4.113789
v 32.996670 13.649609 -5.674210
v 29.716881 8.785686 -4.113786
v 30.469862 5.631228 -4.113775
v 34.246567 10.126736 -5.674231
v 30.878052 2.415612 -4.113764
v 35.584743 2.785703 -5.674192
v 35.114326 6.491362 -5.674194
v 37.618412 6.955062 -5.516409
v 36.688736 10.849752 -5.516425
v 35.349705 14.623906 -5.516429
v 38.261665 11.315432 -4.327635
v 36.865265 15.251454 -4.327631
v 33.627922 18.239477 -5.516429
v 39.277344 11.616119 -2.308207
v 35.069630 19.022009 -4.327638
v 39.634041 11.721739 0.000097
v 37.843876 15.656665 -2.308207
v 37.843876 15.656666 2.308400
v 38.187550 15.798977 0.000096
v 36.000561 19.527290 2.308402
v 36.000561 19.527288 -2.308211
v 36.327484 19.704750 0.000096
v 33.759094 23.181704 2.308401
v 33.759094 23.181704 -2.308210
v 31.151741 26.584747 2.308406
v 34.065655 23.392334 0.000095
v 31.434628 26.826302 0.000095
v 31.151741 26.584747 -2.308215
v 28.455427 29.962996 0.000095
v 30.346203 25.896944 -4.327643
v 32.886124 22.581902 -4.327633
v -4.035643 -30.744778 -4.113799
v -7.224641 -30.149977 -4.113800
v -4.652873 -35.428524 -5.674205
v -8.327989 -34.743042 -5.674221
v -10.334090 -29.227442 -4.113797
v -11.911437 -33.679852 -5.674202
v -13.331179 -27.987377 -4.113797
v -16.180519 -26.437700 -4.113793
v -15.365431 -32.250793 -5.674221
v -18.649134 -30.464882 -5.674202
v -18.854383 -24.601759 -4.113794
v -21.319250 -22.493519 -4.113791
v -21.730606 -28.349064 -5.674220
v -24.571207 -25.919432 -5.674200
v -23.552969 -20.141760 -4.113791
v -25.525597 -17.567089 -4.113786
v -27.145460 -23.209200 -5.674218
v -29.418781 -20.242023 -5.674198
v -27.221457 -14.802275 -4.113784
v -28.616051 -11.873839 -4.113779
v -31.373182 -17.055738 -5.674212
v -32.980350 -13.680882 -5.674197
v -29.700569 -8.816956 -4.113776
v -30.453548 -5.662498 -4.113767
v -34.230247 -10.158010 -5.674220
v -30.861738 -2.446882 -4.113757
v -35.098015 -6.522633 -5.674184
v -35.568432 -2.816973 -5.674185
v -30.991760 -0.016952 -4.113807
v -30.720989 4.028168 -4.113804
v -35.716793 -0.016356 -5.674239
v -30.126188 7.217165 -4.113806
v -35.404732 4.645394 -5.674212
v -34.719257 8.320513 -5.674229
v -29.203657 10.326614 -4.113805
v -33.656063 11.903961 -5.674212
v -27.963589 13.323703 -4.113806
v -26.413910 16.173042 -4.113802
v -32.227009 15.357949 -5.674231
v -30.441097 18.641653 -5.674213
v -24.577972 18.846901 -4.113804
v -22.469732 21.311768 -4.113801
v -28.325275 21.723129 -5.674231
v -25.895647 24.563732 -5.674212
v -20.117971 23.545494 -4.113801
v -17.543301 25.518122 -4.113797
v -23.185411 27.137980 -5.674231
v -20.218233 29.411306 -5.674211
v -14.778486 27.213982 -4.113795
v -11.850051 28.608574 -4.113790
v -17.031954 31.365707 -5.674225
v -13.657097 32.972874 -5.674210
v -8.793167 29.693092 -4.113787
v -5.638710 30.446074 -4.113777
v -10.134224 34.222771 -5.674232
v -2.423093 30.854263 -4.113768
v -2.793185 35.560955 -5.674197
v -6.498847 35.090538 -5.674197
v -2.992812 38.098576 -5.516419
v -6.962547 37.594624 -5.516412
v -3.121415 39.733044 -4.327614
v -10.857234 36.664940 -5.516427
v -3.204444 40.788437 -2.308197
v -7.261220 39.207497 -4.327606
v -14.631394 35.325912 -5.516430
v -11.322919 38.237873 -4.327638
v -18.246958 33.604134 -5.516428
v -15.258942 36.841476 -4.327631
v -7.454071 40.248928 -2.308195
v -11.623600 39.253551 -2.308209
v -3.233603 41.159061 0.000090
v -7.521805 40.614662 0.000090
v -3.204444 40.788441 2.308376
v -7.454070 40.248928 2.308376
v -3.121414 39.733044 4.327794
v -7.261219 39.207497 4.327787
v -2.992811 38.098579 5.516601
v -6.962546 37.594627 5.516594
v -2.793183 35.560959 5.674379
v -6.498846 35.090538 5.674380
v -2.423092 30.854265 4.113953
v -5.638709 30.446074 4.113964
v -8.793166 29.693094 4.113975
v -10.134223 34.222775 5.674417
v -11.850050 28.608576 4.113978
v -13.657096 32.972878 5.674397
v -14.778485 27.213982 4.113984
v -10.857233 36.664944 5.516609
v -14.631393 35.325912 5.516615
v -11.322918 38.237873 4.327819
v -15.258941 36.841480 4.327815
v -11.623600 39.253555 2.308391
v -17.031952 31.365709 5.674413
v -11.729219 39.610245 0.000091
v -15.664145 37.820087 2.308391
v -15.664145 37.820084 -2.308208
v -15.806458 38.163761 0.000092
v -19.029490 35.045841 -4.327637
v -19.534769 35.976768 -2.308209
v -22.589382 32.862331 -4.327631
v -21.660469 31.510349 -5.516431
v -24.839251 29.074903 -5.516431
v -27.742771 26.317051 -5.516433
v -25.904432 30.322411 -4.327639
v -30.345688 23.273851 -5.516432
v -28.932480 27.446344 -4.327632
v -32.612389 19.972612 -5.516433
v -23.189184 33.735302 -2.308207
v -26.592228 31.127945 -2.308211
v -19.712231 36.303692 0.000093
v -23.399820 34.041862 0.000094
v -19.534769 35.976772 2.308395
v -23.189184 33.735302 2.308395
v -19.029490 35.045841 4.327823
v -22.589382 32.862331 4.327819
v -18.246958 33.604137 5.516614
v -21.660467 31.510351 5.516619
v -25.904432 30.322412 4.327829
v -20.218231 29.411308 5.674400
v -24.839249 29.074905 5.516622
v -23.185411 27.137981 5.674422
v -17.543301 25.518124 4.113988
v -20.117971 23.545496 4.113994
v -22.469732 21.311769 4.113996
v -25.895645 24.563734 5.674405
v -24.577972 18.846903 4.114000
v -27.742769 26.317053 5.516625
v -28.325274 21.723131 5.674426
v -26.413908 16.173044 4.114001
v -30.441095 18.641661 5.674410
v -27.963587 13.323704 4.114007
v -29.203655 10.326615 4.114007
v -32.227005 15.357957 5.674431
v -30.126186 7.217166 4.114011
v -33.656063 11.903963 5.674414
v -30.720987 4.028169 4.114011
v -34.719254 8.320515 5.674434
v -36.056641 12.754438 5.516635
v -32.612385 19.972620 5.516631
v -34.525658 16.454748 5.516632
v -30.345686 23.273859 5.516627
v -34.010883 20.829895 4.327831
v -28.932478 27.446344 4.327824
v -31.646935 24.272642 4.327835
v -26.592228 31.127945 2.308401
v -32.487198 24.917576 2.308408
v -26.833788 31.410833 0.000095
v -29.700676 28.175549 2.308402
v -29.700676 28.175547 -2.308210
v -29.970476 28.431633 0.000096
v -32.782288 25.144068 0.000097
v -32.487198 24.917576 -2.308213
v -31.646935 24.272640 -4.327641
v -35.231052 21.577826 0.000098
v -34.913906 21.383413 -2.308210
v -34.010883 20.829895 -4.327633
v -34.913906 21.383413 2.308408
v -37.297882 17.777481 0.000100
v -36.962154 17.617277 2.308414
v -36.962154 17.617275 -2.308214
v -38.951859 13.780108 0.000101
v -36.006157 17.161146 4.327841
v -38.601234 13.655881 2.308414
v -37.602844 13.302193 4.327836
v -40.182224 9.632853 0.000103
v -37.195660 8.915422 5.516636
v -39.820530 9.545961 2.308419
v -38.790627 9.298567 4.327845
v -35.404732 4.645399 5.674419
v -37.930027 4.978193 5.516640
v -30.991760 -0.016948 4.114017
v -35.716793 -0.016352 5.674449
v -30.861738 -2.446880 4.113968
v -35.568432 -2.816968 5.674397
v -30.453547 -5.662497 4.113979
v -38.106052 -3.016596 5.516619
v -35.098011 -6.522631 5.674399
v -29.700567 -8.816951 4.113991
v -38.264324 -0.016033 5.516641
v -37.602100 -6.986328 5.516614
v -39.556530 5.192522 4.327839
v -39.740517 -3.145196 4.327814
v -39.905090 -0.015836 4.327855
v -40.606777 5.330935 2.308417
v -40.950314 -0.015813 2.308415
v -40.975609 5.379546 0.000104
v -41.322346 -0.015813 0.000106
v -40.795914 -3.228226 2.308397
v -39.214970 -7.285001 4.327808
v -41.166534 -3.257388 0.000107
v -40.256401 -7.477855 2.308397
v -36.672417 -10.881018 5.516630
v -38.245346 -11.346704 4.327841
v -34.230247 -10.158005 5.674436
v -36.848953 -15.282722 4.327837
v -35.333385 -14.655175 5.516636
v -32.980350 -13.680878 5.674416
v -28.616049 -11.873835 4.113995
v -27.221457 -14.802274 4.114002
v -31.373182 -17.055735 5.674433
v -25.525597 -17.567089 4.114006
v -29.418781 -20.242020 5.674420
v -23.552969 -20.141758 4.114011
v -33.611610 -18.270742 5.516636
v -31.517830 -21.684250 5.516641
v -27.145460 -23.209196 5.674441
v -21.319248 -22.493517 4.114013
v -24.571207 -25.919430 5.674425
v -18.854382 -24.601757 4.114017
v -16.180517 -26.437698 4.114017
v -21.730604 -28.349062 5.674445
v -18.649134 -30.464880 5.674428
v -13.331178 -27.987375 4.114021
v -10.334089 -29.227442 4.114021
v -15.365430 -32.250790 5.674448
v -7.224640 -30.149975 4.114024
v -11.911436 -33.679852 5.674430
v -4.035642 -30.744776 4.114022
v -8.327988 -34.743038 5.674448
v -4.652872 -35.428524 5.674432
v -12.761911 -36.080433 5.516652
v -8.922895 -37.219448 5.516652
v -4.985669 -37.953815 5.516654
v -5.199995 -39.580318 4.327854
v -9.306040 -38.814415 4.327861
v -5.338409 -40.630562 2.308432
v -13.309672 -37.626629 4.327854
v -9.553441 -39.844318 2.308435
v -5.387023 -40.999393 0.000116
v -5.338410 -40.630566 -2.308201
v -9.640333 -40.206013 0.000116
v -5.199996 -39.580318 -4.327624
v -9.553442 -39.844318 -2.308204
v -9.306041 -38.814419 -4.327631
v -4.985670 -37.953819 -5.516425
v -8.922896 -37.219452 -5.516423
v -13.309673 -37.626629 -4.327624
v -12.761912 -36.080433 -5.516423
v -13.663355 -38.625019 -2.308200
v -16.462223 -34.549450 -5.516421
v -17.168627 -36.029942 -4.327631
v -19.980095 -32.636173 -5.516422
v -20.837370 -34.034672 -4.327621
v -17.624758 -36.985947 -2.308203
v -23.281334 -30.369473 -5.516420
v -26.324526 -27.766556 -5.516420
v -24.280117 -31.670719 -4.327628
v -29.082386 -24.863039 -5.516418
v -27.453819 -28.956268 -4.327619
v -21.390894 -34.937691 -2.308198
v -24.925051 -32.510983 -2.308200
v -17.784956 -37.321674 0.000115
v -21.585300 -35.254837 0.000115
v -13.787588 -38.975647 0.000116
v -13.663354 -38.625019 2.308431
v -17.624756 -36.985947 2.308434
v -17.168625 -36.029942 4.327860
v -16.462221 -34.549446 5.516650
v -20.837370 -34.034668 4.327851
v -21.390894 -34.937691 2.308428
v -19.980093 -32.636169 5.516650
v -23.281332 -30.369473 5.516647
v -24.280115 -31.670719 4.327856
v -24.925051 -32.510983 2.308430
v -27.453819 -28.956266 4.327846
v -26.324526 -27.766554 5.516646
v -29.082384 -24.863033 5.516643
v -32.869808 -22.613167 4.327841
v -30.329885 -25.928213 4.327851
v -35.053314 -19.053276 4.327845
v -33.742775 -23.212967 2.308418
v -35.984245 -19.558558 2.308418
v -37.827560 -15.687933 2.308414
v -39.261028 -11.647388 2.308413
v -38.171234 -15.830242 0.000110
v -40.622135 -7.545588 0.000108
v -39.617722 -11.753008 0.000109
v -40.256401 -7.477856 -2.308181
v -39.261028 -11.647388 -2.308195
v -37.827560 -15.687934 -2.308193
v -36.311165 -19.736015 0.000112
v -35.984245 -19.558558 -2.308195
v -36.848953 -15.282724 -4.327618
v -35.053318 -19.053276 -4.327622
v -33.742775 -23.212969 -2.308193
v -32.869808 -22.613169 -4.327617
v -34.049335 -23.423605 0.000113
v -31.135426 -26.616013 2.308424
v -31.135426 -26.616013 -2.308197
v -28.183022 -29.724463 2.308425
v -31.418314 -26.857571 0.000113
v -25.151543 -32.806076 0.000115
v -28.439108 -29.994261 0.000114
v -28.183022 -29.724464 -2.308197
v -30.329887 -25.928215 -4.327625
v -31.517832 -21.684254 -5.516418
v -33.611610 -18.270746 -5.516415
v -35.333385 -14.655177 -5.516417
v -36.672417 -10.881022 -5.516413
v -38.245346 -11.346704 -4.327623
v -37.602100 -6.986333 -5.516399
v -39.214973 -7.285003 -4.327592
v -40.795914 -3.228227 -2.308183
v -39.740517 -3.145198 -4.327600
v -38.106052 -3.016598 -5.516407
v -40.950314 -0.015813 -2.308204
v -38.264324 -0.016035 -5.516430
v -39.905094 -0.015838 -4.327643
v -40.606777 5.330935 -2.308209
v -39.556530 5.192521 -4.327631
v -39.820530 9.545960 -2.308213
v -38.790630 9.298559 -4.327640
v -37.930027 4.978191 -5.516432
v -37.195663 8.915415 -5.516431
v -37.602844 13.302192 -4.327633
v -36.056641 12.754431 -5.516433
v -34.525661 16.454746 -5.516432
v -36.006157 17.161144 -4.327641
v -38.601234 13.655880 -2.308211
v -20.886580 -6.701711 -0.000144
v -19.276480 -5.934325 0.237723
v -19.290356 -5.911174 -0.000144
v -11.415711 -0.611773 -0.000144
v -20.943632 -6.747642 0.236043
v -21.921726 -6.712225 -0.000145
v -11.365715 -0.610691 0.218519
v -9.935406 0.652584 -0.000144
v -21.954844 -6.748664 0.233820
v -22.828861 -6.224334 -0.000145
v -18.708197 -6.919527 0.419536
v -23.346659 -9.449371 0.429912
v -22.838440 -6.270847 0.228559
v -23.396053 -5.613011 0.227398
v -23.384026 -5.565709 -0.000146
v -24.559692 -7.865200 0.381422
v -24.126556 -4.310682 0.242122
v -24.101261 -4.276094 -0.000146
v -25.209585 -5.241200 0.390316
v -24.867884 -1.958099 0.263694
v -24.842754 -1.918054 -0.000147
v -25.608973 -2.615005 0.393361
v -24.968615 0.312895 0.264010
v -24.939302 0.332183 -0.000148
v -25.744905 0.038758 0.389656
v -24.789968 2.757147 0.262823
v -24.759832 2.763155 -0.000149
v -25.604263 2.710512 0.388467
v -24.371656 5.257672 0.262325
v -24.341778 5.255559 -0.000149
v -23.685083 7.741496 -0.000150
v -25.185194 5.367383 0.390508
v -25.941463 2.722988 1.612414
v -23.714182 7.749119 0.262928
v -22.767666 10.163972 -0.000151
v -24.490891 7.972827 0.395626
v -22.795614 10.175684 0.263502
v -21.586271 12.463710 -0.000043
v -23.518923 10.486868 0.397646
v -25.522861 5.425978 1.616482
v -24.865862 8.085033 1.650498
v -21.615639 12.478932 0.263206
v -20.186087 14.635399 -0.000141
v -22.303650 12.877891 0.394957
v -20.210203 14.653751 0.263513
v -18.546871 16.641144 -0.000143
v -23.897770 10.648194 1.657089
v -18.568024 16.662540 0.262937
v -20.841351 15.124575 0.397657
v -22.654345 13.078633 1.651910
v -16.739103 18.477652 0.262332
v -16.722336 18.452826 -0.000144
v -19.150105 17.223326 0.395636
v -21.170494 15.372000 1.657100
v -14.782742 20.090178 0.262828
v -14.772871 20.061079 -0.000146
v -17.240885 19.127337 0.390516
v -12.755283 21.467014 0.264013
v -12.757328 21.431992 -0.000147
v -10.760286 22.473488 -0.000148
v -15.149501 20.818707 0.388472
v -10.738179 22.515287 0.263696
v -8.347419 23.010365 -0.000149
v -12.906018 22.276369 0.389659
v -8.330115 23.049555 0.242122
v -6.871960 23.034027 -0.000150
v -10.539821 23.485533 0.393362
v -6.837013 23.068090 0.227396
v -6.023988 22.882572 -0.000150
v -8.065775 24.452755 0.390314
v -5.988512 22.914097 0.228556
v -5.147901 22.340908 -0.000150
v -5.468383 25.201920 0.381419
v -8.049891 24.814508 1.614303
v -5.132911 22.387787 0.233818
v -3.489932 24.943491 0.429907
v -4.628184 21.511545 0.236040
v -4.639432 21.439186 -0.000150
v -5.420747 25.521473 1.524889
v -4.498961 19.661097 0.237721
v -4.525950 19.661549 -0.000149
v -5.178031 10.192195 -0.000144
v -3.361609 19.661543 0.419533
v -5.153981 10.148350 0.218520
v -5.532852 8.278039 -0.000143
v -5.507079 8.250323 0.223690
v -6.194255 6.124780 -0.000142
v -3.584322 8.038529 0.425547
v -6.169608 6.097883 0.239219
v -7.142022 4.124320 -0.000038
v -4.094014 6.705096 0.422602
v -7.113847 4.106316 0.252339
v -8.401331 2.302006 -0.000144
v -5.350891 5.472964 0.355968
v -8.365718 2.294102 0.239217
v -6.595585 3.808832 0.359762
v -9.898522 0.644112 0.223688
v -7.415166 1.897532 0.355966
v -7.853791 0.192973 0.422601
v -8.753726 -0.915152 0.425547
v -6.992325 1.803857 1.971815
v -18.427948 -7.404920 1.250339
v -6.242600 3.604171 1.979630
v -5.058351 5.153615 1.971817
v -4.925397 4.911772 3.396915
v -3.488436 6.447673 1.989256
v -6.033757 3.482727 3.396912
v -2.855214 7.794860 1.917709
v -3.481027 6.010089 3.396916
v -2.801117 19.661543 1.250335
v -1.868394 7.181797 1.960846
v -2.564338 7.908628 1.903918
v -2.816424 24.845686 0.959291
v -2.586254 19.661549 1.231604
v -2.670142 25.862137 1.550926
v -2.567610 24.868622 0.934503
v -1.938710 8.284619 0.369249
v -2.066556 24.725965 0.351540
v -2.056756 19.661549 0.354119
v -1.487377 25.471977 0.386106
v -1.477447 23.462524 0.234403
v -0.958586 24.123516 0.231411
v -0.000003 26.133553 1.508624
v -0.944456 24.081329 -0.000153
v -0.000003 25.642225 0.374099
v -1.463941 23.392300 -0.000152
v -0.000006 24.338385 0.229630
v 0.000003 24.300119 -0.000153
v 0.944474 24.081329 -0.000153
v -1.478601 19.661585 0.235617
v -1.458317 19.661549 -0.000150
v -1.442748 9.343561 -0.000145
v -1.460740 9.287301 0.237916
v -1.290092 8.932015 -0.000145
v -1.307625 8.893069 0.239535
v -1.347440 7.892647 0.381958
v -0.786379 8.528122 0.239843
v -0.751722 8.554825 -0.000145
v 0.000000 8.416226 0.235196
v 0.000009 8.445438 -0.000145
v 0.751743 8.554832 -0.000146
v -0.000006 7.858720 0.319332
v 0.786373 8.528122 0.239843
v 1.290119 8.932015 -0.000146
v -0.000006 7.254300 1.944336
v 1.347438 7.892653 0.381957
v 1.307613 8.893069 0.239535
v 1.460731 9.287289 0.237916
v 1.442769 9.343574 -0.000146
v 1.938704 8.284608 0.369248
v 1.478598 19.661573 0.235616
v 1.458338 19.661543 -0.000151
v 1.463959 23.392300 -0.000153
v 2.056751 19.661549 0.354118
v 1.477441 23.462524 0.234402
v 0.958580 24.123516 0.231410
v 2.066559 24.725971 0.351539
v 1.487377 25.471977 0.386105
v 2.586249 19.661543 1.231603
v 2.567610 24.868629 0.934502
v 2.670133 25.862137 1.550925
v 2.816415 24.845699 0.959290
v 2.564335 7.908628 1.903917
v 0.000003 28.332386 3.238382
v 2.801117 19.661537 1.250334
v -2.964469 28.179195 3.244812
v 0.000000 31.067572 4.098845
v -5.904290 27.740583 3.263258
v -3.258726 30.889771 4.098845
v -6.473293 30.382803 4.098845
v 2.964470 28.179195 3.244812
v 3.258723 30.889771 4.098844
v -8.783468 27.072075 3.299467
v -9.603091 29.546444 4.098846
v 5.904290 27.740589 3.263254
v 6.473291 30.382797 4.098842
v -11.574783 26.018396 3.303731
v -12.641391 28.384092 4.098846
v -10.620346 23.869398 1.650461
v -14.229336 24.664429 3.301468
v -15.539970 26.911119 4.098845
v -13.037804 22.591236 1.616907
v -16.731825 23.040363 3.299870
v -18.269804 25.143221 4.098846
v -15.328905 21.104483 1.612419
v -19.063250 21.172754 3.304035
v -20.803801 23.096148 4.098845
v -17.460457 19.390467 1.616490
v -19.434771 17.491970 1.650508
v -21.193256 19.077238 3.311498
v -23.111536 20.793621 4.098846
v -23.075750 16.758940 3.311726
v -25.163176 18.264637 4.098389
v -24.692669 14.255456 3.307342
v -26.930920 15.549443 4.098373
v -28.399220 12.659636 4.098375
v -26.051537 11.604724 3.311713
v -29.563560 9.618382 4.098834
v -27.117989 8.815280 3.311487
v -30.403736 6.468556 4.098835
v -27.867748 5.922884 3.304027
v -30.909559 3.250519 4.098840
v -28.319445 2.970014 3.299864
v -31.075695 0.002456 4.098841
v -26.083485 -0.004533 1.616903
v -28.474680 -0.009238 3.301465
v -30.902031 -3.244265 4.098845
v -25.981667 -2.737197 1.650460
v -28.319981 -2.985134 3.303731
v -30.389507 -6.456690 4.098847
v -25.514938 -5.435836 1.614304
v -27.836843 -5.929317 3.299469
v -29.548922 -9.585353 4.098850
v -26.976194 -8.757015 3.263261
v -28.380682 -12.622740 4.098852
v -24.812613 -8.066231 1.524893
v -25.886133 -11.522284 3.244819
v -26.905300 -15.533777 4.098854
v -23.732330 -10.618656 1.550932
v -24.536564 -14.166182 3.238390
v -22.921659 -16.656893 3.244822
v -25.121960 -18.267014 4.098855
v -22.925207 -9.983751 0.959296
v -21.071901 -18.983547 3.263268
v -23.075630 -20.797428 4.098856
v -19.053366 -21.142736 3.299478
v -20.786419 -23.089737 4.098858
v -19.391867 -17.455233 1.524899
v -16.745201 -23.033249 3.303742
v -18.260643 -25.139799 4.098858
v -17.465046 -19.378653 1.614313
v -15.361323 -21.132175 1.650471
v -14.245346 -24.655167 3.301480
v -15.535727 -26.913559 4.098858
v -11.587623 -26.010357 3.299882
v -12.639764 -28.393719 4.098859
v -13.045677 -22.586681 1.616917
v -8.804515 -27.095625 3.304048
v -9.599951 -29.564688 4.098858
v -10.612562 -23.827454 1.612430
v -5.924740 -27.892509 3.311510
v -6.452033 -30.411980 4.098859
v -8.062401 -24.816420 1.616501
v -5.431095 -25.576982 1.650519
v -2.975782 -28.363647 3.311738
v -3.236046 -30.924257 4.098402
v -2.727291 -26.020174 1.657112
v 0.000742 -28.512203 3.307354
v -0.000760 -31.097578 4.098386
v 3.236035 -30.924263 4.098388
v 2.975777 -28.363647 3.311724
v 6.452015 -30.411985 4.098845
v 5.924729 -27.892506 3.311498
v 9.599928 -29.564684 4.098847
v 2.727273 -26.020172 1.657099
v 8.804503 -27.095621 3.304038
v 12.639744 -28.393719 4.098850
v 5.431083 -25.576984 1.650508
v 0.000742 -26.158552 1.651921
v 11.587611 -26.010365 3.299874
v 15.535719 -26.913565 4.098851
v 8.062389 -24.816431 1.616492
v 14.245337 -24.655172 3.301473
v 18.260628 -25.139811 4.098854
v 10.612554 -23.827454 1.612422
v 16.745192 -23.033255 3.303738
v 20.786411 -23.089737 4.098854
v 13.045663 -22.586685 1.616911
v 19.053362 -21.142750 3.299475
v 23.075617 -20.797430 4.098855
v 15.361312 -21.132183 1.650467
v 21.071890 -18.983555 3.263266
v 25.121948 -18.267017 4.098857
v 17.465034 -19.378662 1.614310
v 22.921648 -16.656898 3.244823
v 26.905293 -15.533780 4.098857
v 19.391861 -17.455233 1.524898
v 17.143805 -19.211540 0.390322
v 19.091299 -17.336712 0.381427
v 15.069142 -20.870518 0.393368
v 16.559034 -17.455069 0.227404
v 12.838882 -22.315115 0.389664
v 15.796432 -18.738863 0.242128
v 14.129704 -20.557169 0.263701
v 10.454756 -23.529200 0.388476
v 12.213331 -21.779902 0.264018
v 14.082474 -20.555437 -0.000146
v 15.753850 -18.734264 -0.000146
v 16.512072 -17.468313 -0.000146
v 12.181989 -21.764168 -0.000146
v 16.804876 -16.658215 -0.000146
v 10.007220 -22.847309 0.262831
v 9.986970 -22.824228 -0.000146
v 16.849926 -16.643244 0.228564
v 16.773838 -15.628669 -0.000146
v 7.632545 -23.735308 0.262334
v 7.619455 -23.708382 -0.000145
v 7.944304 -24.494705 0.390517
v 5.340770 -25.196140 0.395636
v 5.146149 -24.411642 0.262938
v 5.138224 -24.382635 -0.000145
v 2.677566 -25.611418 0.397656
v 2.585405 -24.829418 0.263512
v 2.581587 -24.799372 -0.000145
v -0.000009 -25.754475 0.394981
v 0.000742 -24.959156 0.263216
v 0.000009 -24.926107 -0.000144
v -2.581564 -24.799368 -0.000133
v -2.585414 -24.829414 0.263524
v -5.138192 -24.382633 -0.000134
v -2.677581 -25.611422 0.397668
v -5.146167 -24.411640 0.262948
v -7.619426 -23.708384 -0.000135
v -5.340776 -25.196133 0.395647
v -7.632556 -23.735308 0.262342
v -9.986952 -22.824223 -0.000136
v -7.944313 -24.494701 0.390527
v -10.007230 -22.847315 0.262839
v -12.181965 -21.764168 -0.000137
v -10.454777 -23.529200 0.388483
v -12.213334 -21.779898 0.264024
v -14.082440 -20.555429 -0.000138
v -12.838891 -22.315117 0.389670
v -14.129719 -20.557169 0.263706
v -15.069154 -20.870510 0.393372
v -15.796438 -18.738859 0.242131
v -15.753833 -18.734262 -0.000139
v -16.512051 -17.468306 -0.000139
v -17.143812 -19.211536 0.390324
v -16.559044 -17.455063 0.227405
v -16.804876 -16.658215 -0.000140
v -19.091311 -17.336712 0.381428
v -16.849926 -16.643244 0.228565
v -16.773823 -15.628672 -0.000140
v -19.856730 -15.494105 0.429916
v -16.821936 -15.639117 0.233826
v -16.315451 -14.763891 0.236048
v -16.247139 -14.737460 -0.000140
v -21.062199 -15.243470 1.550935
v -14.777520 -13.726756 0.237728
v -14.764407 -13.750362 -0.000141
v -6.237659 -9.580406 -0.000139
v -15.346583 -12.742003 0.419539
v -6.211737 -9.537646 0.218525
v -4.402539 -8.930612 -0.000139
v -20.108780 -14.861926 0.959299
v -4.391447 -8.894423 0.223694
v -2.207062 -8.426774 -0.000139
v -5.169406 -7.123369 0.425550
v -2.196112 -8.391968 0.239223
v -0.000760 -8.247331 -0.000035
v -3.759768 -6.898060 0.422605
v -5.322936 -6.370106 1.917713
v -2.064273 -7.370481 0.355972
v -15.626827 -12.256601 1.250342
v 0.000745 -8.213928 0.252342
v -15.734270 -12.070527 1.231611
v 2.196100 -8.391971 0.239220
v 2.207067 -8.426774 -0.000034
v -5.566898 -6.175083 1.903921
v -20.253054 -14.657917 0.934511
v -6.205329 -5.821276 0.369252
v -21.315685 -14.024082 0.386114
v -15.999016 -11.611965 0.354125
v -20.380030 -14.152667 0.351548
v -22.632315 -13.066772 1.508632
v -20.412281 -12.891910 0.231418
v -22.206810 -12.821108 0.374107
v -22.803064 -11.447874 0.386112
v -22.820667 -10.210690 0.934508
v -21.370861 -11.231592 0.231417
v -18.320517 -7.591003 1.231608
v -22.446594 -10.573286 0.351546
v -21.077654 -12.169188 0.229637
v -21.044497 -12.150058 -0.000142
v -20.382790 -12.858590 -0.000142
v -21.327261 -11.222726 -0.000143
v -19.580416 -13.010758 0.234411
v -19.526329 -12.963960 -0.000142
v -16.288122 -11.111286 0.235623
v -16.298214 -11.093712 -0.000142
v -7.370362 -5.921242 -0.000141
v -7.312665 -5.908677 0.237920
v -7.090280 -5.583262 -0.000141
v -7.047805 -5.578962 0.239539
v -6.161514 -5.113232 0.381960
v -6.992379 -4.945076 0.239846
v -7.032815 -4.928425 -0.000141
v -5.285415 -5.208969 1.960848
v -6.805846 -3.929359 0.319334
v -7.288661 -4.208103 0.235199
v -7.313946 -4.222712 -0.000142
v -7.784543 -3.626388 -0.000142
v -7.778755 -3.583032 0.239845
v -8.355424 -3.314099 0.239537
v -8.380392 -3.348735 -0.000142
v -7.508948 -2.779403 0.381959
v -8.773390 -3.378606 0.237918
v -8.813134 -3.422311 -0.000142
v -8.144030 -2.463329 0.369250
v -17.766718 -8.550274 0.235622
v -17.756536 -8.567816 -0.000143
v -20.990280 -10.428325 -0.000143
v -18.055769 -8.049562 0.354123
v -21.057859 -10.451752 0.234409
v -8.131232 -1.733523 1.903918
v -8.178147 -1.424735 1.917710
v -7.153812 -1.972812 1.960846
v -7.328060 -0.202757 1.989255
v -6.282398 -3.627145 1.944338
v -6.702026 -1.785892 3.396916
v -6.000057 -3.464129 3.396918
v -4.897639 -4.911169 3.396918
v -6.945392 0.009609 3.396915
v 0.000000 0.000001 3.396914
v -6.716415 1.809630 3.396913
v -3.839627 -6.244901 1.989259
v -3.464374 -6.019693 3.396919
v -1.933983 -6.957459 1.971821
v -1.791018 -6.721392 3.396918
v -0.000757 -7.616356 0.359766
v -0.000760 -7.208332 1.979629
v 0.000742 -6.966748 3.396915
v 1.791016 -6.721395 3.396915
v 1.933971 -6.957456 1.971818
v 2.064267 -7.370487 0.355969
v 3.464368 -6.019687 3.396917
v 3.759769 -6.898067 0.422603
v 3.839615 -6.244901 1.989257
v 4.391438 -8.894423 0.223691
v 4.402563 -8.930609 -0.000143
v 5.169404 -7.123369 0.425549
v 6.211728 -9.537646 0.218523
v 6.237683 -9.580413 -0.000143
v 14.777512 -13.726756 0.237727
v 14.764422 -13.750360 -0.000146
v 16.247160 -14.737463 -0.000146
v 15.346581 -12.742003 0.419539
v 16.315439 -14.763895 0.236047
v 16.821934 -15.639117 0.233825
v 19.856722 -15.494108 0.429916
v 5.322927 -6.370112 1.917712
v 20.108784 -14.861932 0.959300
v 21.062189 -15.243467 1.550936
v 15.626815 -12.256604 1.250343
v 15.734256 -12.070527 1.231611
v 5.566889 -6.175088 1.903920
v 5.285406 -5.208972 1.960847
v 6.205311 -5.821267 0.369252
v 20.253044 -14.657924 0.934512
v 15.999007 -11.611971 0.354126
v 24.536551 -14.166191 3.238394
v 21.315680 -14.024091 0.386115
v 25.886118 -11.522289 3.244824
v 28.380674 -12.622744 4.098858
v 22.632313 -13.066772 1.508635
v 26.976181 -8.757022 3.263268
v 29.548914 -9.585359 4.098857
v 23.732327 -10.618656 1.550937
v 24.812603 -8.066228 1.524899
v 27.836826 -5.929327 3.299477
v 30.389503 -6.456697 4.098857
v 25.514925 -5.435839 1.614312
v 28.319973 -2.985137 3.303741
v 30.902020 -3.244274 4.098856
v 25.981659 -2.737206 1.650469
v 28.474670 -0.009244 3.301477
v 31.075687 0.002453 4.098855
v 28.319437 2.970008 3.299878
v 30.909557 3.250507 4.098854
v 26.083475 -0.004542 1.616915
v 27.867752 5.922881 3.304042
v 30.403740 6.468550 4.098852
v 25.941456 2.722985 1.612426
v 27.117987 8.815286 3.311504
v 29.563555 9.618369 4.098852
v 25.522846 5.425966 1.616496
v 24.865860 8.085028 1.650513
v 26.051527 11.604724 3.311730
v 28.399212 12.659636 4.098394
v 23.897772 10.648189 1.657105
v 24.691916 14.256755 3.307345
v 26.931667 15.548149 4.098377
v 25.163174 18.264637 4.098377
v 23.075745 16.758940 3.311715
v 23.111538 20.793621 4.098835
v 22.653967 13.079277 1.651926
v 21.193245 19.077232 3.311487
v 20.803795 23.096142 4.098835
v 21.170488 15.371993 1.657090
v 19.063238 21.172747 3.304027
v 18.269808 25.143209 4.098837
v 19.434771 17.491964 1.650499
v 16.731823 23.040363 3.299863
v 15.539968 26.911119 4.098838
v 17.460459 19.390467 1.616482
v 19.150108 17.223326 0.395627
v 20.841351 15.124562 0.397648
v 22.304398 12.876591 0.394960
v 18.568024 16.662529 0.262929
v 23.518925 10.486862 0.397661
v 20.210197 14.653746 0.263503
v 24.490875 7.972822 0.395641
v 22.795607 10.175678 0.263517
v 25.185186 5.367377 0.390522
v 23.714178 7.749114 0.262942
v 24.371655 5.257669 0.262338
v 25.604265 2.710503 0.388479
v 23.685091 7.741502 -0.000144
v 22.767670 10.163972 -0.000028
v 24.341791 5.255565 -0.000145
v 21.587017 12.462410 -0.000040
v 24.759844 2.763152 -0.000145
v 21.615255 12.479576 0.263221
v 20.186106 14.635411 -0.000156
v 18.546888 16.641155 -0.000156
v 16.739103 18.477646 0.262324
v 16.722349 18.452839 -0.000156
v 17.240879 19.127337 0.390508
v 14.782736 20.090178 0.262821
v 14.772889 20.061085 -0.000156
v 15.328902 21.104483 1.612412
v 15.149501 20.818695 0.388465
v 12.755278 21.467022 0.264008
v 12.757346 21.431997 -0.000156
v 10.760304 22.473499 -0.000156
v 13.037810 22.591230 1.616900
v 12.906012 22.276369 0.389653
v 10.738173 22.515276 0.263691
v 8.347440 23.010370 -0.000155
v 14.229334 24.664423 3.301462
v 12.641395 28.384087 4.098840
v 8.330110 23.049561 0.242118
v 6.871980 23.034033 -0.000155
v 11.574784 26.018402 3.303726
v 9.603089 29.546444 4.098841
v 10.620347 23.869392 1.650456
v 8.783478 27.072081 3.299463
v 10.539821 23.485533 0.393357
v 8.049891 24.814514 1.614299
v 8.065775 24.452749 0.390311
v 6.837013 23.068098 0.227393
v 6.024012 22.882561 -0.000155
v 5.468378 25.201920 0.381416
v 5.420739 25.521479 1.524887
v 5.988505 22.914103 0.228554
v 5.147919 22.340908 -0.000154
v 3.489927 24.943491 0.429905
v 5.132902 22.387794 0.233815
v 4.628184 21.511545 0.236038
v 4.639452 21.439186 -0.000153
v 3.361604 19.661543 0.419531
v 4.498959 19.661097 0.237718
v 4.525965 19.661549 -0.000153
v 5.178055 10.192201 -0.000148
v 5.153975 10.148350 0.218518
v 5.532870 8.278039 -0.000147
v 3.584311 8.038536 0.425545
v 5.507073 8.250323 0.223687
v 6.194279 6.124785 -0.000146
v 2.855209 7.794860 1.917708
v 6.169602 6.097880 0.239217
v 7.142773 4.123023 -0.000037
v 4.094011 6.705105 0.422600
v 7.113093 4.107621 0.252339
v 8.401338 2.302006 -0.000033
v 5.350891 5.472967 0.355966
v 8.365708 2.294096 0.239221
v 9.935421 0.652584 -0.000143
v 6.596330 3.807536 0.359763
v 9.898511 0.644112 0.223693
v 7.415154 1.897529 0.355970
v 7.853773 0.192979 0.422604
v 11.365703 -0.610694 0.218524
v 11.415723 -0.611776 -0.000143
v 8.753714 -0.915149 0.425550
v 19.276476 -5.934328 0.237728
v 19.290379 -5.911178 -0.000145
v 20.886602 -6.701717 -0.000145
v 18.708185 -6.919527 0.419540
v 20.943621 -6.747642 0.236048
v 21.921751 -6.712225 -0.000146
v 21.954832 -6.748662 0.233826
v 22.828888 -6.224349 -0.000146
v 23.346645 -9.449374 0.429917
v 22.838432 -6.270841 0.228565
v 23.396044 -5.613017 0.227405
v 23.384037 -5.565706 -0.000146
v 24.559683 -7.865200 0.381428
v 24.126539 -4.310679 0.242130
v 24.101276 -4.276094 -0.000146
v 25.209581 -5.241206 0.390324
v 25.608963 -2.615008 0.393370
v 24.867886 -1.958108 0.263704
v 24.842760 -1.918048 -0.000145
v 25.744898 0.038761 0.389667
v 24.968603 0.312898 0.264021
v 24.939320 0.332189 -0.000145
v 24.789963 2.757147 0.262835
v 22.925192 -9.983745 0.959301
v 22.820652 -10.210692 0.934513
v 18.427935 -7.404929 1.250343
v 18.320509 -7.591006 1.231612
v 22.803047 -11.447880 0.386116
v 22.446579 -10.573286 0.351550
v 22.206804 -12.821105 0.374110
v 21.370855 -11.231595 0.231420
v 18.055758 -8.049568 0.354127
v 20.412270 -12.891910 0.231420
v 21.057850 -10.451752 0.234413
v 20.380024 -14.152673 0.351550
v 21.077650 -12.169186 0.229640
v 19.580402 -13.010758 0.234412
v 20.382809 -12.858590 -0.000146
v 21.044504 -12.150058 -0.000026
v 19.526354 -12.963963 -0.000146
v 21.327274 -11.222729 -0.000146
v 20.990297 -10.428322 -0.000146
v 16.288105 -11.111286 0.235624
v 16.298231 -11.093715 -0.000145
v 7.370389 -5.921247 -0.000143
v 7.312646 -5.908671 0.237920
v 7.090297 -5.583269 -0.000143
v 7.047799 -5.578956 0.239538
v 6.161505 -5.113238 0.381961
v 6.992367 -4.945078 0.239846
v 7.032833 -4.928428 -0.000143
v 6.805843 -3.929353 0.319335
v 7.288650 -4.208112 0.235200
v 7.313949 -4.222712 -0.000032
v 7.784563 -3.626388 -0.000143
v 7.778746 -3.583035 0.239847
v 8.355421 -3.314096 0.239539
v 8.380404 -3.348741 -0.000143
v 7.508936 -2.779406 0.381961
v 8.773390 -3.378609 0.237920
v 8.813140 -3.422311 -0.000143
v 8.144033 -2.463335 0.369253
v 17.766714 -8.550281 0.235625
v 17.756561 -8.567819 -0.000145
v 8.131221 -1.733529 1.903921
v 8.178139 -1.424738 1.917712
v 7.153800 -1.972818 1.960849
v 7.328052 -0.202760 1.989258
v 6.282393 -3.627139 1.944339
v 6.000045 -3.464132 3.396918
v 4.897634 -4.911172 3.396917
v 6.702009 -1.785889 3.396918
v 6.945387 0.009618 3.396918
v 6.992320 1.803857 1.971819
v 6.716401 1.809636 3.396917
v 6.242973 3.603524 1.979627
v 6.033376 3.483377 3.396917
v 5.058342 5.153612 1.971815
v 4.925385 4.911778 3.396913
v 3.488431 6.447670 1.989254
v 3.481013 6.010092 3.396914
v 1.868394 7.181797 1.960844
v 1.804379 6.697080 3.396914
v 0.000000 6.928275 3.396915
v -1.804384 6.697074 3.396915
v 19.276485 -5.934325 -0.237900
v 20.943638 -6.747642 -0.236220
v 11.365721 -0.610694 -0.218698
v 21.954849 -6.748667 -0.233997
v 18.708202 -6.919530 -0.419713
v 23.346666 -9.449371 -0.430088
v 22.838449 -6.270847 -0.228736
v 23.396063 -5.613014 -0.227576
v 24.559696 -7.865200 -0.381599
v 24.126562 -4.310682 -0.242301
v 25.209593 -5.241200 -0.390494
v 24.867893 -1.958102 -0.263874
v 25.608984 -2.615005 -0.393540
v 24.968628 0.312895 -0.264191
v 25.744909 0.038758 -0.389837
v 24.789970 2.757147 -0.263005
v 25.604275 2.710512 -0.388649
v 24.371666 5.257672 -0.262508
v 25.185198 5.367383 -0.390692
v 25.941469 2.722987 -1.612596
v 23.714191 7.749125 -0.263112
v 24.490898 7.972827 -0.395811
v 22.795620 10.175684 -0.263687
v 21.586279 12.463710 -0.000143
v 23.518932 10.486868 -0.397832
v 25.522867 5.425977 -1.616666
v 24.865871 8.085033 -1.650683
v 21.615644 12.478932 -0.263392
v 22.303659 12.877891 -0.395144
v 20.210209 14.653751 -0.263700
v 23.897781 10.648193 -1.657274
v 20.841364 15.124575 -0.397845
v 18.568029 16.662540 -0.263125
v 16.739113 18.477652 -0.262520
v 19.150114 17.223326 -0.395824
v 22.654358 13.078632 -1.652097
v 14.782754 20.090183 -0.263017
v 17.240889 19.127337 -0.390705
v 12.755290 21.467014 -0.264203
v 15.149509 20.818707 -0.388662
v 10.738185 22.515293 -0.263885
v 12.906027 22.276369 -0.389849
v 8.330122 23.049555 -0.242311
v 10.539829 23.485533 -0.393551
v 6.837019 23.068098 -0.227586
v 8.065781 24.452761 -0.390504
v 5.988520 22.914097 -0.228745
v 5.468390 25.201920 -0.381609
v 8.049896 24.814512 -1.614493
v 5.132916 22.387794 -0.234006
v 3.489938 24.943491 -0.430096
v 4.628193 21.511545 -0.236228
v 5.420753 25.521471 -1.525079
v 4.498971 19.661097 -0.237908
v 3.361619 19.661543 -0.419720
v 5.153987 10.148350 -0.218703
v 5.507085 8.250323 -0.223872
v 3.584325 8.038529 -0.425728
v 6.169611 6.097883 -0.239400
v 7.142031 4.124320 -0.000142
v 4.094022 6.705096 -0.422783
v 7.113853 4.106316 -0.252519
v 5.350900 5.472964 -0.356149
v 8.365724 2.294102 -0.239396
v 6.595591 3.808832 -0.359942
v 9.898528 0.644112 -0.223867
v 7.415175 1.897532 -0.356145
v 7.853797 0.192973 -0.422779
v 8.753732 -0.915152 -0.425725
v 6.992331 1.803854 -1.971994
v 18.427954 -7.404921 -1.250516
v 7.328063 -0.202757 -1.989433
v 8.178153 -1.424736 -1.917887
v 22.925219 -9.983751 -0.959472
v 8.131239 -1.733524 -1.904096
v 18.320522 -7.591006 -1.231784
v 7.153818 -1.972813 -1.961023
v 22.820673 -10.210690 -0.934684
v 6.702029 -1.785893 -3.397093
v 23.732338 -10.618660 -1.551108
v 6.945398 0.009608 -3.397094
v 6.000062 -3.464130 -3.397094
v 6.716421 1.809629 -3.397092
v 6.282404 -3.627146 -1.944514
v 6.033766 3.482726 -3.397092
v 7.508957 -2.779403 -0.382136
v 6.242609 3.604170 -1.979809
v 5.058360 5.153614 -1.971997
v 4.925400 4.911771 -3.397096
v 3.488442 6.447672 -1.989437
v 2.855217 7.794860 -1.917890
v 3.481033 6.010088 -3.397097
v 2.801123 19.661543 -1.250522
v 1.868403 7.181796 -1.961026
v 2.564341 7.908627 -1.904099
v 2.816430 24.845686 -0.959480
v 2.586263 19.661549 -1.231791
v 2.670148 25.862143 -1.551116
v 2.567616 24.868622 -0.934692
v 1.938719 8.284619 -0.369431
v 2.066565 24.725965 -0.351729
v 2.056760 19.661549 -0.354306
v 1.487383 25.471977 -0.386295
v 1.477453 23.462524 -0.234592
v 0.958592 24.123516 -0.231599
v 0.000009 26.133558 -1.508814
v 0.000012 25.642225 -0.374289
v 0.000012 24.338392 -0.229819
v 1.478606 19.661585 -0.235804
v 1.460746 9.287301 -0.238098
v 1.307631 8.893069 -0.239717
v 1.347446 7.892647 -0.382139
v 0.786385 8.528122 -0.240025
v 0.000006 8.416226 -0.235377
v 0.000012 7.858727 -0.319512
v -0.786367 8.528122 -0.240024
v 0.000012 7.254299 -1.944516
v -1.347432 7.892653 -0.382138
v -1.307607 8.893069 -0.239716
v -1.460725 9.287289 -0.238097
v -1.938698 8.284608 -0.369429
v -1.478592 19.661573 -0.235802
v -2.056745 19.661549 -0.354304
v -1.477435 23.462524 -0.234590
v -0.958574 24.123516 -0.231599
v -2.066550 24.725971 -0.351728
v -1.487371 25.471977 -0.386294
v -2.586243 19.661543 -1.231789
v -2.567604 24.868628 -0.934690
v -2.670124 25.862137 -1.551114
v -2.816412 24.845697 -0.959478
v -2.564326 7.908627 -1.904097
v 0.000003 28.332392 -3.238573
v -2.801111 19.661537 -1.250520
v 2.964473 28.179195 -3.245004
v 0.000009 31.067575 -4.099037
v 5.904296 27.740589 -3.263449
v 3.258732 30.889776 -4.099038
v 6.473300 30.382803 -4.099039
v -2.964464 28.179195 -3.245002
v -3.258714 30.889776 -4.099035
v 8.783474 27.072081 -3.299659
v 9.603098 29.546448 -4.099039
v -5.904284 27.740589 -3.263443
v -6.473289 30.382803 -4.099034
v 11.574793 26.018402 -3.303923
v 12.641397 28.384092 -4.099039
v 10.620350 23.869398 -1.650651
v 14.229339 24.664429 -3.301659
v 15.539976 26.911129 -4.099038
v 13.037809 22.591236 -1.617097
v 16.731831 23.040363 -3.300061
v 18.269814 25.143227 -4.099038
v 15.328911 21.104481 -1.612608
v 19.063255 21.172752 -3.304226
v 17.460463 19.390467 -1.616679
v 20.803806 23.096146 -4.099037
v 19.434780 17.491970 -1.650696
v 21.193266 19.077238 -3.311688
v 23.111540 20.793625 -4.099037
v 21.170500 15.371999 -1.657288
v 23.075762 16.758940 -3.311915
v 25.163181 18.264635 -4.098579
v 24.692678 14.255455 -3.307530
v 26.930927 15.549441 -4.098562
v 28.399225 12.659636 -4.098563
v 26.051542 11.604723 -3.311900
v 29.563572 9.618380 -4.099020
v 27.117994 8.815279 -3.311673
v 30.403746 6.468554 -4.099021
v 27.867762 5.922883 -3.304211
v 30.909567 3.250518 -4.099023
v 28.319454 2.970010 -3.300047
v 31.075701 0.002455 -4.099023
v 26.083487 -0.004533 -1.617084
v 28.474686 -0.009239 -3.301646
v 30.902040 -3.244267 -4.099026
v 25.981676 -2.737200 -1.650640
v 28.319994 -2.985138 -3.303911
v 30.389517 -6.456695 -4.099026
v 25.514946 -5.435837 -1.614482
v 27.836853 -5.929318 -3.299647
v 29.548925 -9.585358 -4.099027
v 26.976200 -8.757016 -3.263438
v 28.380688 -12.622742 -4.099028
v 24.812620 -8.066235 -1.525070
v 25.886135 -11.522285 -3.244995
v 26.905306 -15.533779 -4.099028
v 24.536572 -14.166183 -3.238564
v 22.921669 -16.656897 -3.244995
v 25.121965 -18.267017 -4.099028
v 22.632324 -13.066775 -1.508807
v 21.071907 -18.983549 -3.263439
v 23.075636 -20.797434 -4.099028
v 21.062204 -15.243474 -1.551108
v 19.391872 -17.455235 -1.525070
v 19.053379 -21.142742 -3.299648
v 20.786430 -23.089739 -4.099027
v 17.465052 -19.378656 -1.614483
v 16.745203 -23.033253 -3.303911
v 18.260649 -25.139803 -4.099026
v 15.361333 -21.132177 -1.650640
v 14.245352 -24.655170 -3.301647
v 15.535736 -26.913567 -4.099025
v 11.587628 -26.010359 -3.300049
v 12.639767 -28.393723 -4.099024
v 13.045687 -22.586685 -1.617085
v 8.804521 -27.095629 -3.304213
v 9.599951 -29.564688 -4.099023
v 10.612565 -23.827456 -1.612597
v 5.924743 -27.892513 -3.311676
v 6.452038 -30.411983 -4.099022
v 8.062410 -24.816422 -1.616667
v 5.431104 -25.576984 -1.650685
v 2.975791 -28.363651 -3.311902
v 3.236052 -30.924265 -4.098565
v 2.727300 -26.020176 -1.657277
v -0.000736 -28.512205 -3.307518
v 0.000763 -31.097586 -4.098549
v -3.236029 -30.924267 -4.098550
v -2.975771 -28.363649 -3.311888
v -6.452010 -30.411985 -4.099007
v -5.924723 -27.892508 -3.311661
v -9.599921 -29.564686 -4.099009
v -2.727267 -26.020176 -1.657263
v -8.804498 -27.095623 -3.304201
v -12.639741 -28.393723 -4.099011
v -5.431083 -25.576984 -1.650672
v -0.000736 -26.158554 -1.652085
v -11.587605 -26.010365 -3.300037
v -15.535716 -26.913568 -4.099013
v -8.062389 -24.816433 -1.616656
v -14.245335 -24.655174 -3.301637
v -18.260626 -25.139809 -4.099016
v -10.612551 -23.827457 -1.612586
v -16.745190 -23.033258 -3.303903
v -20.786407 -23.089739 -4.099018
v -13.045660 -22.586689 -1.617075
v -19.053354 -21.142752 -3.299639
v -23.075613 -20.797436 -4.099020
v -15.361312 -21.132185 -1.650632
v -21.071890 -18.983555 -3.263431
v -25.121943 -18.267017 -4.099021
v -17.465029 -19.378662 -1.614475
v -22.921648 -16.656900 -3.244989
v -26.905291 -15.533779 -4.099023
v -19.391861 -17.455233 -1.525064
v -17.143801 -19.211540 -0.390487
v -24.536541 -14.166192 -3.238560
v -19.091299 -17.336712 -0.381593
v -21.062187 -15.243468 -1.551102
v -19.856718 -15.494111 -0.430083
v -25.886116 -11.522290 -3.244992
v -28.380672 -12.622742 -4.099025
v -22.632311 -13.066772 -1.508803
v -26.976177 -8.757023 -3.263437
v -29.548910 -9.585361 -4.099026
v -23.732327 -10.618657 -1.551105
v -24.812593 -8.066228 -1.525069
v -27.836826 -5.929327 -3.299648
v -30.389503 -6.456697 -4.099026
v -25.514921 -5.435840 -1.614483
v -28.319969 -2.985138 -3.303912
v -30.902020 -3.244278 -4.099027
v -25.981655 -2.737206 -1.650641
v -28.474669 -0.009245 -3.301650
v -31.075684 0.002449 -4.099027
v -28.319433 2.970006 -3.300052
v -30.909554 3.250506 -4.099028
v -26.083473 -0.004542 -1.617088
v -27.867750 5.922883 -3.304218
v -30.403736 6.468549 -4.099028
v -25.941446 2.722987 -1.612600
v -27.117983 8.815285 -3.311681
v -29.563549 9.618368 -4.099029
v -25.522842 5.425969 -1.616672
v -24.865856 8.085027 -1.650690
v -26.051525 11.604723 -3.311909
v -28.399208 12.659636 -4.098573
v -23.897770 10.648193 -1.657283
v -24.691914 14.256760 -3.307526
v -26.931660 15.548148 -4.098557
v -25.163172 18.264635 -4.098560
v -23.075739 16.758940 -3.311897
v -23.111532 20.793619 -4.099018
v -21.193245 19.077232 -3.311671
v -20.803795 23.096134 -4.099020
v -21.170483 15.371993 -1.657272
v -19.063232 21.172752 -3.304212
v -18.269804 25.143208 -4.099024
v -19.434765 17.491962 -1.650681
v -22.653965 13.079276 -1.652106
v -16.731819 23.040363 -3.300048
v -15.539960 26.911123 -4.099025
v -17.460457 19.390467 -1.616665
v -19.150105 17.223331 -0.395809
v -20.841339 15.124562 -0.397829
v -22.304396 12.876591 -0.395140
v -23.518917 10.486862 -0.397840
v -20.210192 14.653746 -0.263684
v -24.490871 7.972822 -0.395818
v -22.795603 10.175678 -0.263695
v -25.185183 5.367377 -0.390698
v -23.714176 7.749119 -0.263119
v -24.371651 5.257669 -0.262513
v -25.604263 2.710506 -0.388654
v -21.587017 12.462417 -0.000140
v -21.615252 12.479576 -0.263401
v -24.789957 2.757147 -0.263010
v -24.968603 0.312898 -0.264194
v -25.744894 0.038758 -0.389840
v -24.867884 -1.958108 -0.263876
v -25.608959 -2.615008 -0.393542
v -24.126534 -4.310679 -0.242302
v -25.209574 -5.241206 -0.390494
v -23.396042 -5.613017 -0.227576
v -24.559679 -7.865200 -0.381598
v -22.838428 -6.270841 -0.228736
v -21.954826 -6.748662 -0.233997
v -23.346642 -9.449375 -0.430086
v -20.943621 -6.747642 -0.236219
v -19.276466 -5.934328 -0.237899
v -18.708185 -6.919527 -0.419711
v -11.365703 -0.610691 -0.218699
v -22.925190 -9.983746 -0.959470
v -9.898511 0.644112 -0.223869
v -22.820648 -10.210693 -0.934682
v -8.753708 -0.915149 -0.425725
v -18.427935 -7.404930 -1.250514
v -8.365700 2.294096 -0.239398
v -7.853767 0.192979 -0.422780
v -7.113090 4.107621 -0.252517
v -7.142767 4.123026 -0.000141
v -7.415149 1.897532 -0.356147
v -6.169596 6.097880 -0.239396
v -6.596324 3.807536 -0.359941
v -5.507067 8.250323 -0.223867
v -5.350885 5.472967 -0.356145
v -4.094002 6.705105 -0.422779
v -5.153969 10.148350 -0.218699
v -3.584305 8.038536 -0.425726
v -4.498950 19.661097 -0.237904
v -3.361598 19.661543 -0.419717
v -4.628179 21.511545 -0.236225
v -5.132893 22.387794 -0.234002
v -3.489921 24.943499 -0.430094
v -5.988500 22.914103 -0.228741
v -5.420736 25.521484 -1.525076
v -5.468371 25.201920 -0.381604
v -6.837008 23.068098 -0.227580
v -8.049885 24.814512 -1.614487
v -8.065769 24.452755 -0.390498
v -8.330104 23.049561 -0.242305
v -10.539815 23.485533 -0.393543
v -10.738167 22.515282 -0.263877
v -10.620341 23.869392 -1.650643
v -12.755272 21.467022 -0.264193
v -12.906006 22.276369 -0.389839
v -14.782730 20.090178 -0.263006
v -15.149495 20.818701 -0.388650
v -16.739098 18.477646 -0.262508
v -17.240873 19.127337 -0.390691
v -13.037804 22.591230 -1.617086
v -18.568018 16.662535 -0.263111
v -15.328899 21.104481 -1.612597
v -14.229324 24.664429 -3.301649
v -12.641386 28.384087 -4.099029
v -11.574779 26.018408 -3.303914
v -9.603086 29.546442 -4.099030
v -8.783475 27.072086 -3.299652
v -2.855203 7.794860 -1.917888
v -1.868388 7.181796 -1.961024
v -3.488425 6.447670 -1.989434
v -5.058340 5.153611 -1.971994
v -3.481010 6.010091 -3.397094
v -6.242970 3.603524 -1.979804
v -4.925379 4.911777 -3.397092
v -6.992313 1.803857 -1.971996
v -6.033370 3.483375 -3.397095
v -1.804373 6.697079 -3.397095
v 0.000003 -0.000001 -3.397092
v 0.000006 6.928274 -3.397096
v 1.804390 6.697073 -3.397096
v 4.897645 -4.911170 -3.397093
v -6.716398 1.809632 -3.397094
v -6.945387 0.009617 -3.397094
v -7.328049 -0.202760 -1.989434
v -6.702003 -1.785893 -3.397093
v -8.178130 -1.424742 -1.917887
v -7.153800 -1.972819 -1.961023
v -8.131221 -1.733530 -1.904096
v -6.000039 -3.464133 -3.397093
v -6.282386 -3.627140 -1.944513
v -18.320503 -7.591006 -1.231783
v -7.508931 -2.779406 -0.382135
v -18.055752 -8.049568 -0.354297
v -22.446575 -10.573286 -0.351719
v -22.803047 -11.447880 -0.386284
v -8.144024 -2.463335 -0.369427
v -22.206799 -12.821105 -0.374277
v -8.355418 -3.314096 -0.239713
v -21.315674 -14.024091 -0.386283
v -8.773390 -3.378609 -0.238094
v -17.766705 -8.550281 -0.235795
v -21.057848 -10.451752 -0.234582
v -21.370850 -11.231595 -0.231589
v -21.077648 -12.169186 -0.229808
v -20.412270 -12.891910 -0.231588
v -19.580402 -13.010758 -0.234580
v -20.380024 -14.152673 -0.351717
v -20.253042 -14.657924 -0.934679
v -15.998999 -11.611968 -0.354295
v -16.288105 -11.111286 -0.235794
v -7.312641 -5.908674 -0.238093
v -15.734246 -12.070528 -1.231780
v -7.047793 -5.578956 -0.239712
v -6.205306 -5.821267 -0.369425
v -6.992361 -4.945078 -0.240020
v -6.161496 -5.113238 -0.382134
v -7.288644 -4.208115 -0.235374
v -6.805840 -3.929353 -0.319509
v -7.778743 -3.583035 -0.240021
v -5.285398 -5.208972 -1.961021
v -4.897627 -4.911176 -3.397091
v -5.566886 -6.175089 -1.904093
v -15.626809 -12.256604 -1.250512
v -5.322918 -6.370112 -1.917885
v -3.839609 -6.244901 -1.989431
v -20.108780 -14.861933 -0.959467
v -15.346578 -12.742003 -0.419708
v -5.169394 -7.123369 -0.425722
v -16.315439 -14.763895 -0.236215
v -3.464362 -6.019691 -3.397091
v -16.821930 -15.639117 -0.233992
v -16.849926 -16.643248 -0.228730
v -14.777509 -13.726756 -0.237895
v -6.211719 -9.537646 -0.218694
v -4.391429 -8.894423 -0.223863
v -3.759763 -6.898067 -0.422776
v -2.196095 -8.391971 -0.239393
v 0.000766 -8.247331 -0.000138
v -1.933965 -6.957457 -1.971991
v -2.064261 -7.370487 -0.356142
v -0.000739 -8.213928 -0.252515
v -1.791013 -6.721396 -3.397089
v 0.000763 -7.616356 -0.359939
v 0.000766 -7.208333 -1.979802
v -0.000739 -6.966749 -3.397089
v 1.791024 -6.721393 -3.397093
v 3.464380 -6.019694 -3.397094
v 1.933986 -6.957463 -1.971995
v 3.839633 -6.244901 -1.989434
v 2.064282 -7.370481 -0.356146
v 3.759774 -6.898060 -0.422779
v 2.196118 -8.391968 -0.239397
v 4.391453 -8.894423 -0.223868
v 5.169413 -7.123369 -0.425725
v 6.211740 -9.537646 -0.218698
v 5.322942 -6.370107 -1.917887
v 14.777526 -13.726756 -0.237901
v 15.346590 -12.742007 -0.419713
v 16.315454 -14.763892 -0.236220
v 16.821941 -15.639117 -0.233998
v 16.849936 -16.643244 -0.228737
v 19.856733 -15.494105 -0.430088
v 16.559052 -17.455063 -0.227577
v 19.091316 -17.336712 -0.381600
v 15.796444 -18.738859 -0.242302
v 17.143822 -19.211536 -0.390495
v 15.069157 -20.870512 -0.393541
v 14.129728 -20.557171 -0.263875
v 12.838894 -22.315117 -0.389838
v 12.213341 -21.779898 -0.264192
v 10.454780 -23.529200 -0.388651
v 10.007236 -22.847315 -0.263007
v 7.944322 -24.494703 -0.390693
v 7.632565 -23.735310 -0.262509
v 5.340782 -25.196135 -0.395813
v 5.146173 -24.411640 -0.263114
v 2.677587 -25.611422 -0.397834
v 2.585420 -24.829418 -0.263689
v 0.000015 -25.754478 -0.395146
v -0.000739 -24.959156 -0.263381
v -2.585402 -24.829420 -0.263676
v -2.677557 -25.611418 -0.397821
v -5.146143 -24.411646 -0.263102
v -5.340764 -25.196144 -0.395801
v -7.632539 -23.735310 -0.262498
v -7.944301 -24.494707 -0.390682
v -10.007217 -22.847309 -0.262996
v -10.454747 -23.529200 -0.388640
v -12.213323 -21.779902 -0.264183
v -12.838880 -22.315115 -0.389829
v -14.129702 -20.557169 -0.263866
v -15.069142 -20.870518 -0.393532
v -15.796426 -18.738863 -0.242294
v -16.559032 -17.455070 -0.227570
v 5.285424 -5.208970 -1.961024
v 6.805852 -3.929359 -0.319510
v 5.566904 -6.175083 -1.904096
v 15.626836 -12.256601 -1.250516
v 6.205338 -5.821276 -0.369428
v 20.108786 -14.861927 -0.959472
v 15.734273 -12.070531 -1.231785
v 20.253059 -14.657921 -0.934685
v 15.999022 -11.611965 -0.354299
v 21.315691 -14.024082 -0.386287
v 20.380035 -14.152667 -0.351722
v 22.206821 -12.821108 -0.374281
v 20.412287 -12.891910 -0.231592
v 19.580421 -13.010761 -0.234585
v 22.803072 -11.447874 -0.386287
v 21.077660 -12.169191 -0.229812
v 22.446602 -10.573286 -0.351722
v 21.370867 -11.231592 -0.231592
v 18.055777 -8.049565 -0.354299
v 21.057861 -10.451749 -0.234584
v 17.766724 -8.550275 -0.235797
v 16.288128 -11.111289 -0.235798
v 7.312670 -5.908677 -0.238095
v 7.047814 -5.578962 -0.239714
v 6.161517 -5.113232 -0.382136
v 6.992385 -4.945076 -0.240022
v 7.288671 -4.208103 -0.235375
v 7.778761 -3.583035 -0.240022
v 8.355430 -3.314099 -0.239714
v 8.144032 -2.463329 -0.369427
v 8.773396 -3.378606 -0.238095
vn -0.0670 0.8392 -0.5398
vn 0.0118 0.8433 -0.5373
vn 0.0118 0.8374 0.5465
vn -0.0667 0.8356 0.5453
vn -0.1455 0.8298 -0.5388
vn -0.1449 0.8263 0.5443
vn -0.2327 0.8086 -0.5404
vn -0.2317 0.8051 0.5459
vn -0.3198 0.7779 -0.5409
vn -0.3185 0.7745 0.5465
vn -0.3971 0.7431 -0.5387
vn -0.3954 0.7399 0.5442
vn -0.4695 0.6982 -0.5405
vn -0.4675 0.6952 0.5460
vn -0.5411 0.6438 -0.5411
vn -0.5388 0.6410 0.5466
vn -0.6058 0.5821 -0.5424
vn -0.6032 0.5795 0.5480
vn -0.6655 0.5159 -0.5394
vn -0.6627 0.5137 0.5450
vn -0.7138 0.4456 -0.5403
vn -0.7108 0.4437 0.5458
vn -0.7556 0.3679 -0.5420
vn -0.7524 0.3663 0.5475
vn -0.7885 0.2892 -0.5428
vn -0.7851 0.2880 0.5484
vn -0.8168 0.2012 -0.5406
vn -0.8134 0.2004 0.5462
vn -0.8339 0.1067 -0.5415
vn -0.8304 0.1062 0.5470
vn -0.8350 0.0119 0.5501
vn -0.8387 0.0119 -0.5445
vn -0.8327 -0.0750 0.5486
vn -0.8364 -0.0753 -0.5430
vn -0.8273 -0.1465 -0.5423
vn -0.8238 -0.1458 0.5479
vn -0.8058 -0.2342 -0.5438
vn -0.8024 -0.2332 0.5494
vn -0.7747 -0.3219 -0.5443
vn -0.7714 -0.3204 0.5498
vn -0.7395 -0.3994 -0.5418
vn -0.7364 -0.3977 0.5473
vn -0.6942 -0.4720 -0.5434
vn -0.6912 -0.4700 0.5490
vn -0.6391 -0.5439 -0.5439
vn -0.6364 -0.5415 0.5494
vn -0.5768 -0.6086 -0.5449
vn -0.5743 -0.6060 0.5505
vn -0.5100 -0.6682 -0.5417
vn -0.5079 -0.6653 0.5472
vn -0.4393 -0.7163 -0.5422
vn -0.4374 -0.7133 0.5477
vn -0.3610 -0.7578 -0.5436
vn -0.3595 -0.7545 0.5491
vn -0.2819 -0.7903 -0.5441
vn -0.2807 -0.7869 0.5496
vn -0.1937 -0.8181 -0.5415
vn -0.1928 -0.8146 0.5470
vn -0.0989 -0.8346 -0.5419
vn -0.0985 -0.8310 0.5474
vn -0.0040 -0.8351 0.5501
vn -0.0040 -0.8410 -0.5410
vn 0.1060 0.8363 -0.5379
vn 0.1055 0.8328 0.5435
vn 0.1990 0.8160 0.5427
vn 0.2000 0.8194 -0.5372
vn 0.2862 0.7881 0.5450
vn 0.2874 0.7914 -0.5394
vn 0.3641 0.7558 0.5443
vn 0.3657 0.7589 -0.5388
vn 0.4413 0.7146 0.5428
vn 0.4431 0.7176 -0.5373
vn 0.5110 0.6670 0.5422
vn 0.5131 0.6698 -0.5367
vn 0.5768 0.6082 0.5454
vn 0.5793 0.6108 -0.5398
vn 0.6380 0.5447 0.5443
vn 0.6410 0.5466 -0.5388
vn 0.6927 0.4736 0.5440
vn 0.6956 0.4756 -0.5385
vn 0.7376 0.4020 0.5425
vn 0.7408 0.4037 -0.5370
vn 0.7759 0.3269 -0.5396
vn 0.7726 0.3255 0.5451
vn 0.8071 0.2402 -0.5394
vn 0.8037 0.2391 0.5449
vn 0.8288 0.1532 -0.5382
vn 0.8253 0.1525 0.5437
vn 0.8346 0.0823 0.5446
vn 0.8382 0.0826 -0.5391
vn 0.8375 -0.0040 0.5465
vn 0.8410 -0.0039 -0.5410
vn 0.8334 -0.0979 0.5439
vn 0.8370 -0.0982 -0.5383
vn 0.8172 -0.1916 0.5435
vn 0.8207 -0.1924 -0.5380
vn 0.7898 -0.2790 0.5462
vn 0.7932 -0.2802 -0.5407
vn 0.7579 -0.3574 0.5458
vn 0.7611 -0.3589 -0.5403
vn 0.7171 -0.4350 0.5446
vn 0.7201 -0.4368 -0.5391
vn 0.6697 -0.5052 0.5444
vn 0.6725 -0.5073 -0.5388
vn 0.6109 -0.5715 0.5479
vn 0.6135 -0.5740 -0.5423
vn 0.5470 -0.6336 0.5470
vn 0.5494 -0.6364 -0.5415
vn 0.4761 -0.6886 0.5470
vn 0.4782 -0.6916 -0.5414
vn 0.4043 -0.7341 0.5456
vn 0.4060 -0.7372 -0.5401
vn 0.3275 -0.7694 0.5484
vn 0.3289 -0.7727 -0.5429
vn 0.2406 -0.8009 0.5484
vn 0.2417 -0.8043 -0.5428
vn 0.1535 -0.8228 0.5472
vn 0.1542 -0.8263 -0.5417
vn 0.0828 -0.8322 0.5482
vn 0.0832 -0.8358 -0.5427
vn 0.0040 -0.3680 -0.9298
vn -0.0436 -0.3608 -0.9316
vn 0.0040 -0.1148 -0.9934
vn -0.0830 -0.3599 -0.9293
vn -0.0119 -0.1148 -0.9933
vn -0.1228 -0.3446 -0.9307
vn -0.0277 -0.1148 -0.9930
vn -0.0356 -0.1147 -0.9928
vn -0.1546 -0.3290 -0.9316
vn -0.1863 -0.3131 -0.9313
vn -0.0514 -0.1068 -0.9929
vn -0.0594 -0.0990 -0.9933
vn -0.2182 -0.2895 -0.9320
vn 0.1225 0.3280 -0.9367
vn 0.1858 0.2964 -0.9368
vn 0.0829 0.3434 -0.9355
vn 0.1538 0.3195 -0.9350
vn 0.0513 0.3511 -0.9349
vn 0.0039 0.3516 -0.9362
vn 0.2551 0.7181 -0.6475
vn 0.1841 0.7404 -0.6464
vn 0.0980 0.7564 -0.6467
vn 0.0118 0.7600 -0.6498
vn 0.0118 0.9509 -0.3091
vn 0.1213 0.9432 -0.3092
vn 0.0117 0.9999 0.0039
vn 0.2241 0.9238 -0.3105
vn 0.1293 0.9916 0.0039
vn 0.1210 0.9409 0.3162
vn 0.0117 0.9486 0.3162
vn 0.2398 0.9708 0.0039
vn 0.0975 0.7526 0.6512
vn 0.0117 0.7562 0.6543
vn 0.2235 0.9215 0.3176
vn 0.1832 0.7367 0.6509
vn 0.0431 0.3486 0.9363
vn 0.0040 0.3490 0.9371
vn 0.0039 -0.1139 0.9935
vn -0.0118 -0.1139 0.9934
vn 0.0039 -0.3653 0.9309
vn 0.0823 0.3409 0.9365
vn -0.0433 -0.3581 0.9327
vn -0.0275 -0.1139 0.9931
vn -0.0825 -0.3572 0.9304
vn 0.1216 0.3256 0.9376
vn -0.1219 -0.3420 0.9317
vn -0.0354 -0.1138 0.9929
vn -0.1535 -0.3266 0.9326
vn -0.0510 -0.1060 0.9931
vn -0.1849 -0.3108 0.9323
vn -0.0589 -0.0982 0.9934
vn -0.2165 -0.2874 0.9330
vn -0.2478 -0.2636 0.9323
vn -0.0668 -0.0903 0.9937
vn -0.0824 -0.0824 0.9932
vn -0.2792 -0.2320 0.9318
vn -0.3023 -0.2081 0.9302
vn -0.0903 -0.0746 0.9931
vn -0.0982 -0.0668 0.9929
vn -0.3187 -0.1692 0.9326
vn -0.3344 -0.1377 0.9323
vn -0.1060 -0.0510 0.9931
vn -0.1060 -0.0432 0.9934
vn -0.3499 -0.0983 0.9316
vn -0.3578 -0.0590 0.9319
vn -0.1139 -0.0275 0.9931
vn -0.3651 -0.0275 0.9305
vn -0.1139 -0.0196 0.9933
vn -0.1216 -0.0039 0.9926
vn -0.3653 0.0039 0.9309
vn -0.3580 0.0511 0.9323
vn -0.1139 0.0039 0.9935
vn -0.3570 0.0902 0.9297
vn -0.1139 0.0196 0.9933
vn -0.1138 0.0353 0.9929
vn -0.3417 0.1296 0.9308
vn -0.1138 0.0432 0.9926
vn -0.3262 0.1611 0.9315
vn -0.3103 0.1925 0.9309
vn -0.1059 0.0589 0.9926
vn -0.0981 0.0667 0.9929
vn -0.2869 0.2240 0.9314
vn 0.3259 -0.1139 0.9385
vn 0.2947 -0.1769 0.9391
vn 0.3411 -0.0745 0.9371
vn 0.3176 -0.1451 0.9371
vn 0.3486 -0.0431 0.9363
vn 0.7159 -0.2465 0.6533
vn 0.7377 -0.1756 0.6519
vn 0.3490 0.0039 0.9371
vn 0.7532 -0.0898 0.6517
vn 0.3418 0.0354 0.9391
vn 0.7634 -0.0039 0.6459
vn 0.3413 0.0667 0.9376
vn 0.7541 0.0742 0.6525
vn 0.3335 0.0981 0.9377
vn 0.9487 -0.0039 0.3162
vn 0.7458 0.1367 0.6520
vn 0.9440 0.0901 0.3173
vn 0.9418 -0.1133 0.3165
vn 1.0000 -0.0039 0.0039
vn 0.9231 -0.2160 0.3182
vn 0.9926 -0.1216 0.0039
vn 0.8965 -0.3093 0.3171
vn 0.9726 -0.2323 0.0039
vn 0.6843 -0.3246 0.6530
vn 0.9455 -0.3256 0.0039
vn 0.6476 -0.3886 0.6554
vn 0.8581 -0.4036 0.3174
vn 0.9044 -0.4268 0.0039
vn 0.8117 -0.4902 0.3176
vn 0.2786 -0.2079 0.9376
vn 0.6052 -0.4568 0.6520
vn -0.0903 0.0746 0.9931
vn 0.5533 -0.5141 0.6554
vn 0.2553 -0.2317 0.9387
vn -0.0824 0.0902 0.9925
vn -0.2630 0.2552 0.9304
vn -0.2315 0.2864 0.9297
vn -0.0745 0.0981 0.9924
vn -0.2075 0.3093 0.9280
vn -0.0667 0.1059 0.9921
vn -0.1688 0.3258 0.9303
vn 0.2317 -0.2553 0.9387
vn 0.2004 -0.2790 0.9391
vn -0.0510 0.1137 0.9922
vn -0.1373 0.3413 0.9299
vn -0.0432 0.1138 0.9926
vn -0.0980 0.3567 0.9291
vn -0.0588 0.3647 0.9293
vn -0.0275 0.1216 0.9922
vn -0.0274 0.3719 0.9279
vn 0.0039 0.3720 0.9282
vn -0.0039 0.1293 0.9916
vn 0.0039 0.1216 0.9926
vn -0.0196 0.1216 0.9924
vn 0.0354 -0.3418 0.9391
vn 0.0039 -0.3421 0.9397
vn 0.0669 -0.3343 0.9401
vn 0.0669 -0.7511 0.6568
vn -0.0039 -0.7528 0.6582
vn -0.0040 -0.9479 0.3186
vn 0.0983 -0.3265 0.9401
vn 0.0907 -0.9432 0.3196
vn 0.1374 -0.7423 0.6558
vn -0.0039 -1.0000 0.0040
vn 0.2167 -0.7211 0.6580
vn 0.1768 -0.9313 0.3183
vn 0.0905 -0.9959 0.0039
vn 0.0910 -0.9455 -0.3125
vn -0.0039 -0.9502 -0.3115
vn 0.1855 -0.9826 0.0040
vn 0.0672 -0.7550 -0.6522
vn -0.0040 -0.7601 -0.6498
vn 0.0040 -0.3446 -0.9387
vn 0.1773 -0.9337 -0.3112
vn 0.1382 -0.7461 -0.6513
vn 0.0357 -0.3374 -0.9407
vn 0.0039 0.1226 -0.9925
vn 0.0674 -0.3368 -0.9392
vn -0.0040 0.1303 -0.9915
vn 0.0039 0.3748 -0.9271
vn -0.0198 0.1225 -0.9923
vn -0.0276 0.3746 -0.9268
vn -0.0593 0.3673 -0.9282
vn -0.0987 0.3593 -0.9280
vn -0.0277 0.1225 -0.9921
vn -0.1383 0.3438 -0.9288
vn -0.0435 0.1147 -0.9925
vn -0.1700 0.3282 -0.9292
vn 0.0991 -0.3290 -0.9391
vn 0.1384 -0.3203 -0.9372
vn 0.2179 -0.7248 -0.6536
vn 0.2960 -0.6987 -0.6513
vn 0.2720 -0.9105 -0.3114
vn -0.0514 0.1146 -0.9921
vn 0.1700 -0.3045 -0.9372
vn 0.3684 -0.8754 -0.3129
vn 0.3664 -0.6658 -0.6500
vn 0.2877 -0.9577 0.0039
vn 0.2713 -0.9083 0.3185
vn 0.3910 -0.9204 0.0039
vn 0.2945 -0.6951 0.6558
vn 0.3675 -0.8732 0.3200
vn 0.1374 -0.3179 0.9381
vn 0.1688 -0.3023 0.9382
vn 0.3645 -0.6624 0.6545
vn 0.4358 -0.6165 0.6557
vn 0.4597 -0.8291 0.3183
vn 0.4980 -0.5685 0.6548
vn 0.5409 -0.7779 0.3198
vn 0.4830 -0.8756 0.0039
vn 0.6172 -0.7194 0.3185
vn 0.5700 -0.8216 0.0039
vn 0.4609 -0.8311 -0.3112
vn 0.5423 -0.7798 -0.3127
vn 0.4381 -0.6197 -0.6512
vn 0.6187 -0.7212 -0.3114
vn 0.2019 -0.2811 -0.9382
vn 0.5005 -0.5715 -0.6503
vn 0.2335 -0.2572 -0.9377
vn 0.5562 -0.5167 -0.6509
vn 0.6498 -0.7601 0.0039
vn 0.6913 -0.6518 -0.3120
vn 0.6895 -0.6501 0.3192
vn 0.7304 -0.6830 0.0039
vn 0.7986 -0.6019 0.0039
vn 0.7580 -0.5695 0.3181
vn 0.8561 -0.5168 0.0039
vn 0.7598 -0.5709 -0.3110
vn 0.8137 -0.4914 -0.3105
vn 0.8602 -0.4046 -0.3103
vn 0.6082 -0.4591 -0.6475
vn 0.6509 -0.3906 -0.6509
vn 0.8987 -0.3100 -0.3100
vn 0.2806 -0.2095 -0.9367
vn 0.9254 -0.2166 -0.3111
vn 0.6878 -0.3262 -0.6485
vn 0.7195 -0.2477 -0.6488
vn 0.9441 -0.1136 -0.3095
vn 0.3199 -0.1462 -0.9361
vn 0.2969 -0.1781 -0.9382
vn 0.3284 -0.1147 -0.9376
vn -0.1068 0.0593 -0.9925
vn -0.0910 0.0752 -0.9930
vn -0.0989 0.0672 -0.9928
vn 0.2572 -0.2334 -0.9377
vn -0.0751 0.0988 -0.9923
vn -0.0830 0.0909 -0.9924
vn -0.0672 0.1067 -0.9920
vn -0.2331 0.2885 -0.9287
vn -0.2091 0.3116 -0.9269
vn -0.2650 0.2570 -0.9294
vn -0.2890 0.2257 -0.9304
vn -0.3126 0.1939 -0.9299
vn -0.3286 0.1623 -0.9304
vn -0.3442 0.1305 -0.9298
vn -0.1147 0.0434 -0.9925
vn -0.3596 0.0908 -0.9287
vn -0.1147 0.0356 -0.9928
vn -0.3607 0.0515 -0.9313
vn 0.3436 -0.0751 -0.9361
vn -0.1148 0.0197 -0.9932
vn -0.3680 0.0039 -0.9298
vn 0.7415 -0.1765 -0.6473
vn 0.3512 -0.0434 -0.9353
vn 0.7570 -0.0902 -0.6472
vn -0.1148 0.0040 -0.9934
vn 0.3515 0.0039 -0.9362
vn 0.9510 -0.0039 -0.3092
vn 0.7672 -0.0039 -0.6413
vn 0.7580 0.0746 -0.6480
vn 0.3444 0.0356 -0.9382
vn 0.9464 0.0903 -0.3102
vn 0.9960 0.0898 0.0039
vn 0.7496 0.1373 -0.6475
vn 0.9324 0.1755 0.3160
vn 0.9347 0.1760 -0.3090
vn 0.7249 0.2155 0.6543
vn 0.9829 0.1840 0.0039
vn 0.9097 0.2694 0.3161
vn 0.6991 0.2929 0.6522
vn 0.3250 0.1370 0.9357
vn 0.3093 0.1684 0.9359
vn 0.2862 0.1999 0.9371
vn 0.6668 0.3626 0.6511
vn 0.2626 0.2312 0.9368
vn 0.6213 0.4337 0.6526
vn 0.2391 0.2548 0.9370
vn 0.5738 0.4958 0.6519
vn 0.2154 0.2781 0.9361
vn 0.5198 0.5511 0.6527
vn 0.1844 0.2943 0.9378
vn 0.1527 0.3172 0.9360
vn 0.3952 0.6456 0.6535
vn 0.2538 0.7145 0.6520
vn 0.3315 0.6826 0.6513
vn 0.3164 0.8944 0.3163
vn 0.4101 0.8554 0.3164
vn 0.3326 0.9431 0.0039
vn 0.3171 0.8965 -0.3093
vn 0.4331 0.9013 0.0039
vn 0.3332 0.6860 -0.6468
vn 0.4111 0.8575 -0.3093
vn 0.3972 0.6489 -0.6489
vn 0.4973 0.8106 -0.3094
vn 0.4961 0.8086 0.3164
vn 0.5226 0.8526 0.0040
vn 0.4630 0.6030 0.6496
vn 0.5747 0.7546 0.3167
vn 0.6547 0.6860 0.3175
vn 0.6069 0.7948 0.0039
vn 0.5761 0.7564 -0.3096
vn 0.4653 0.6060 -0.6452
vn 0.6562 0.6877 -0.3105
vn 0.2170 0.2801 -0.9351
vn 0.5225 0.5539 -0.6482
vn -0.0673 -0.0910 -0.9936
vn 0.2409 0.2567 -0.9360
vn -0.0831 -0.0831 -0.9931
vn -0.2497 -0.2655 -0.9312
vn -0.2812 -0.2337 -0.9308
vn -0.0910 -0.0752 -0.9930
vn -0.3045 -0.2096 -0.9292
vn -0.0989 -0.0673 -0.9928
vn -0.3211 -0.1705 -0.9316
vn 0.2646 0.2329 -0.9358
vn 0.2883 0.2014 -0.9361
vn -0.1068 -0.0515 -0.9929
vn -0.3369 -0.1387 -0.9313
vn -0.1069 -0.0435 -0.9933
vn -0.3524 -0.0990 -0.9306
vn -0.3605 -0.0594 -0.9309
vn -0.1147 -0.0277 -0.9930
vn -0.3678 -0.0277 -0.9295
vn -0.1226 -0.0040 -0.9925
vn -0.1148 -0.0198 -0.9932
vn 0.3438 0.0672 -0.9366
vn 0.3359 0.0988 -0.9367
vn 0.3274 0.1380 -0.9348
vn 0.7286 0.2166 -0.6498
vn 0.7027 0.2944 -0.6477
vn 0.3117 0.1696 -0.9349
vn 0.9119 0.2700 -0.3092
vn 0.6701 0.3644 -0.6466
vn 0.9584 0.2855 0.0039
vn 0.8773 0.3659 -0.3108
vn 0.8751 0.3649 0.3178
vn 0.9216 0.3882 0.0039
vn 0.8315 0.4567 0.3162
vn 0.8335 0.4579 -0.3092
vn 0.8774 0.4797 0.0039
vn 0.7810 0.5376 0.3179
vn 0.7829 0.5390 -0.3108
vn 0.7232 0.6137 0.3167
vn 0.8241 0.5664 0.0039
vn 0.7634 0.6460 0.0039
vn 0.7250 0.6153 -0.3096
vn 0.6872 0.7265 0.0039
vn 0.5767 0.4983 -0.6474
vn 0.6245 0.4359 -0.6481
vn 0.0514 0.3675 -0.9286
vn 0.0906 0.3664 -0.9260
vn 0.0197 0.1225 -0.9923
vn 0.0355 0.1225 -0.9918
vn 0.1302 0.3511 -0.9272
vn 0.0434 0.1225 -0.9915
vn 0.1619 0.3356 -0.9280
vn 0.1934 0.3197 -0.9276
vn 0.0593 0.1146 -0.9916
vn 0.0672 0.1067 -0.9920
vn 0.2251 0.2962 -0.9282
vn 0.2565 0.2723 -0.9274
vn 0.0751 0.0988 -0.9923
vn 0.0909 0.0909 -0.9917
vn 0.2879 0.2406 -0.9269
vn 0.3111 0.2166 -0.9254
vn 0.0988 0.0830 -0.9916
vn 0.1066 0.0750 -0.9915
vn 0.3277 0.1777 -0.9279
vn 0.3435 0.1461 -0.9277
vn 0.1146 0.0593 -0.9916
vn 0.1146 0.0514 -0.9921
vn 0.3591 0.1065 -0.9272
vn 0.3672 0.0671 -0.9277
vn 0.1224 0.0356 -0.9918
vn 0.3746 0.0355 -0.9265
vn 0.1225 0.0277 -0.9921
vn 0.1303 0.0118 -0.9914
vn 0.3748 0.0039 -0.9271
vn 0.3676 -0.0435 -0.9290
vn 0.1226 0.0039 -0.9925
vn 0.3667 -0.0828 -0.9266
vn 0.1225 -0.0119 -0.9924
vn 0.1225 -0.0277 -0.9921
vn 0.3515 -0.1224 -0.9281
vn 0.1225 -0.0356 -0.9918
vn 0.3361 -0.1542 -0.9291
vn 0.3202 -0.1858 -0.9290
vn 0.1146 -0.0514 -0.9921
vn 0.1067 -0.0593 -0.9925
vn 0.2967 -0.2177 -0.9298
vn 0.2728 -0.2491 -0.9292
vn 0.0989 -0.0673 -0.9928
vn 0.0909 -0.0830 -0.9924
vn 0.2411 -0.2807 -0.9290
vn 0.2171 -0.3039 -0.9276
vn 0.0830 -0.0909 -0.9924
vn 0.0750 -0.0989 -0.9923
vn 0.1781 -0.3207 -0.9303
vn 0.1464 -0.3365 -0.9302
vn 0.0593 -0.1068 -0.9925
vn 0.0514 -0.1068 -0.9929
vn 0.1068 -0.3522 -0.9298
vn 0.0673 -0.3603 -0.9304
vn 0.0356 -0.1147 -0.9928
vn 0.0356 -0.3677 -0.9292
vn 0.0118 -0.1226 -0.9924
vn 0.0277 -0.1147 -0.9930
vn -0.0278 0.3444 -0.9384
vn -0.0593 0.3440 -0.9371
vn -0.0668 0.7584 -0.6484
vn -0.0910 0.3362 -0.9374
vn -0.0825 0.9470 -0.3104
vn -0.1296 0.7504 -0.6482
vn -0.1303 0.3277 -0.9358
vn -0.2091 0.7298 -0.6509
vn -0.1620 0.3120 -0.9362
vn -0.2872 0.7043 -0.6492
vn -0.1684 0.9359 -0.3094
vn -0.2628 0.9138 -0.3098
vn -0.0828 0.9966 0.0039
vn -0.1765 0.9843 0.0039
vn -0.0823 0.9447 0.3175
vn -0.1680 0.9336 0.3164
vn -0.0587 0.7549 0.6532
vn -0.1290 0.7465 0.6527
vn -0.0275 0.3488 0.9368
vn -0.0589 0.3415 0.9380
vn 0.0118 -0.1217 0.9925
vn 0.0275 -0.1139 0.9931
vn 0.0353 -0.3651 0.9303
vn 0.0668 -0.3576 0.9315
vn 0.1060 -0.3496 0.9309
vn 0.0353 -0.1138 0.9929
vn 0.1454 -0.3340 0.9313
vn 0.0510 -0.1060 0.9931
vn 0.1768 -0.3183 0.9313
vn -0.0903 0.3337 0.9383
vn -0.1293 0.3253 0.9367
vn -0.2080 0.7261 0.6554
vn -0.2858 0.7007 0.6537
vn -0.2621 0.9115 0.3169
vn 0.0589 -0.1059 0.9926
vn -0.2784 0.9605 0.0039
vn -0.3581 0.8776 0.3188
vn -0.3590 0.8798 -0.3117
vn -0.3815 0.9243 0.0039
vn -0.3576 0.6720 -0.6485
vn -0.4516 0.8365 -0.3103
vn -0.4295 0.6266 -0.6502
vn -0.1939 0.2888 -0.9376
vn -0.2255 0.2650 -0.9375
vn -0.2493 0.2414 -0.9379
vn -0.4924 0.5790 -0.6499
vn -0.2728 0.2175 -0.9372
vn -0.5485 0.5247 -0.6510
vn -0.2892 0.1862 -0.9390
vn -0.5334 0.7862 -0.3121
vn -0.6103 0.7285 -0.3111
vn -0.4737 0.8807 0.0039
vn -0.5610 0.8278 0.0039
vn -0.4506 0.8345 0.3173
vn -0.5320 0.7842 0.3192
vn -0.3558 0.6686 0.6530
vn -0.4274 0.6234 0.6548
vn -0.1608 0.3098 0.9371
vn -0.1925 0.2866 0.9385
vn -0.4898 0.5760 0.6544
vn 0.0745 -0.0981 0.9924
vn -0.2241 0.2631 0.9384
vn 0.0824 -0.0903 0.9925
vn 0.2155 -0.3017 0.9287
vn 0.2394 -0.2787 0.9301
vn 0.2709 -0.2473 0.9303
vn 0.0902 -0.0824 0.9925
vn 0.2946 -0.2160 0.9309
vn -0.2475 0.2396 0.9388
vn 0.0981 -0.0667 0.9929
vn 0.3178 -0.1845 0.9300
vn 0.1059 -0.0588 0.9926
vn 0.3336 -0.1531 0.9302
vn 0.3490 -0.1215 0.9292
vn 0.1138 -0.0510 0.9922
vn 0.3641 -0.0822 0.9277
vn 0.1215 -0.0353 0.9920
vn 0.3650 -0.0432 0.9300
vn 0.1216 -0.0275 0.9922
vn -0.3186 0.1219 0.9400
vn -0.2871 0.1848 0.9399
vn -0.3101 0.1531 0.9383
vn -0.2708 0.2159 0.9381
vn -0.6410 0.3972 0.6567
vn -0.5456 0.5221 0.6555
vn -0.5980 0.4651 0.6527
vn -0.6088 0.7267 0.3182
vn -0.7512 0.5781 0.3186
vn -0.6413 0.7673 0.0039
vn -0.6818 0.6582 0.3192
vn -0.6835 0.6598 -0.3121
vn -0.7227 0.6911 0.0040
vn -0.7919 0.6106 0.0039
vn -0.7530 0.5796 -0.3115
vn -0.6011 0.4675 -0.6482
vn -0.8504 0.5261 0.0040
vn -0.8078 0.5005 -0.3113
vn -0.6444 0.3992 -0.6522
vn -0.8058 0.4992 0.3184
vn -0.8999 0.4362 0.0039
vn -0.8533 0.4129 0.3185
vn -0.8554 0.4139 -0.3114
vn -0.9422 0.3351 0.0039
vn -0.6783 0.3333 0.6548
vn -0.8928 0.3186 0.3185
vn -0.7106 0.2552 0.6557
vn -0.9704 0.2416 0.0040
vn -0.3340 0.0825 0.9390
vn -0.9203 0.2251 0.3199
vn -0.7331 0.1842 0.6547
vn 0.1216 -0.0117 0.9925
vn -0.3416 0.0510 0.9385
vn 0.3721 0.0039 0.9282
vn 0.1216 0.0039 0.9926
vn 0.3718 0.0352 0.9276
vn 0.1293 0.0118 0.9915
vn 0.3645 0.0666 0.9288
vn -0.3350 -0.0276 0.9418
vn 0.1216 0.0274 0.9922
vn 0.3564 0.1057 0.9283
vn -0.3421 0.0039 0.9397
vn -0.3345 -0.0590 0.9406
vn -0.7492 0.0981 0.6550
vn -0.7511 -0.0668 0.6568
vn -0.7600 0.0118 0.6498
vn -0.9400 0.1219 0.3186
vn -0.9478 0.0118 0.3185
vn -0.9915 0.1304 0.0040
vn -0.9999 0.0119 0.0040
vn -0.9438 -0.0829 0.3199
vn -0.7431 -0.1298 0.6565
vn -0.9966 -0.0827 0.0039
vn -0.9326 -0.1692 0.3187
vn -0.3267 -0.0905 0.9408
vn -0.7223 -0.2092 0.6592
vn 0.1215 0.0353 0.9920
vn -0.6967 -0.2873 0.6573
vn -0.3183 -0.1297 0.9391
vn 0.1137 0.0510 0.9922
vn 0.3410 0.1450 0.9288
vn 0.3253 0.1764 0.9290
vn 0.1137 0.0588 0.9918
vn 0.3088 0.2150 0.9265
vn 0.1058 0.0744 0.9916
vn 0.2858 0.2389 0.9280
vn -0.3026 -0.1612 0.9394
vn -0.2794 -0.1928 0.9406
vn 0.0980 0.0823 0.9918
vn 0.2546 0.2703 0.9285
vn 0.0901 0.0902 0.9918
vn 0.2235 0.2941 0.9293
vn 0.1920 0.3174 0.9286
vn 0.0745 0.0981 0.9924
vn 0.0666 0.1059 0.9921
vn 0.1607 0.3332 0.9291
vn 0.1292 0.3486 0.9283
vn 0.0588 0.1137 0.9918
vn 0.0900 0.3638 0.9271
vn 0.0430 0.1215 0.9917
vn 0.0510 0.3648 0.9297
vn 0.0353 0.1215 0.9920
vn 0.0196 0.1216 0.9924
vn -0.1142 -0.3189 0.9409
vn -0.0747 -0.3341 0.9396
vn -0.0354 -0.3418 0.9391
vn -0.0903 -0.7498 0.6555
vn -0.1767 -0.7342 0.6556
vn -0.1142 -0.9409 0.3189
vn -0.2478 -0.7120 0.6570
vn -0.2176 -0.9219 0.3205
vn -0.1226 -0.9925 0.0040
vn -0.1144 -0.9432 -0.3118
vn -0.2341 -0.9722 0.0040
vn -0.0907 -0.7536 -0.6510
vn -0.2182 -0.9242 -0.3134
vn -0.1776 -0.7379 -0.6511
vn -0.0356 -0.3444 -0.9382
vn -0.0752 -0.3366 -0.9386
vn -0.2492 -0.7157 -0.6524
vn -0.1150 -0.3213 -0.9400
vn -0.3122 -0.8972 -0.3122
vn -0.1466 -0.3128 -0.9384
vn -0.3280 -0.6836 -0.6520
vn -0.1786 -0.2897 -0.9403
vn -0.3926 -0.6464 -0.6543
vn -0.4074 -0.8581 -0.3125
vn -0.2100 -0.2734 -0.9387
vn -0.2339 -0.2498 -0.9396
vn -0.4613 -0.6033 -0.6506
vn -0.2577 -0.2259 -0.9394
vn -0.5190 -0.5507 -0.6537
vn -0.4945 -0.8110 -0.3125
vn -0.5743 -0.7565 -0.3129
vn -0.4298 -0.9029 0.0039
vn -0.5203 -0.8540 0.0040
vn -0.3280 -0.9447 0.0040
vn -0.3115 -0.8950 0.3193
vn -0.4063 -0.8560 0.3195
vn -0.3263 -0.6801 0.6565
vn -0.1454 -0.3105 0.9394
vn -0.3906 -0.6430 0.6588
vn -0.4933 -0.8090 0.3197
vn -0.1772 -0.2875 0.9412
vn -0.2084 -0.2713 0.9397
vn -0.4590 -0.6002 0.6551
vn -0.5729 -0.7546 0.3200
vn -0.5163 -0.5479 0.6582
vn -0.2322 -0.2479 0.9405
vn -0.2558 -0.2243 0.9404
vn -0.6186 -0.4295 0.6580
vn -0.5708 -0.4920 0.6573
vn -0.6642 -0.3577 0.6564
vn -0.7812 -0.5353 0.3212
vn -0.8321 -0.4535 0.3194
vn -0.8758 -0.3606 0.3210
vn -0.9102 -0.2640 0.3192
vn -0.9232 -0.3843 0.0040
vn -0.9841 -0.1778 0.0040
vn -0.9599 -0.2805 0.0039
vn -0.9349 -0.1696 -0.3117
vn -0.9124 -0.2647 -0.3121
vn -0.8779 -0.3615 -0.3138
vn -0.8789 -0.4769 0.0039
vn -0.8341 -0.4546 -0.3123
vn -0.7003 -0.2889 -0.6528
vn -0.6677 -0.3595 -0.6519
vn -0.7831 -0.5368 -0.3141
vn -0.6218 -0.4317 -0.6535
vn -0.8253 -0.5647 0.0040
vn -0.7229 -0.6123 0.3200
vn -0.7247 -0.6139 -0.3129
vn -0.6537 -0.6854 0.3209
vn -0.7640 -0.6452 0.0040
vn -0.6057 -0.7957 0.0039
vn -0.6870 -0.7267 0.0040
vn -0.6553 -0.6871 -0.3138
vn -0.5737 -0.4946 -0.6528
vn -0.2815 -0.1943 -0.9397
vn -0.3049 -0.1624 -0.9384
vn -0.3206 -0.1307 -0.9382
vn -0.3292 -0.0912 -0.9399
vn -0.7261 -0.2103 -0.6547
vn -0.3370 -0.0595 -0.9396
vn -0.7469 -0.1304 -0.6520
vn -0.9462 -0.0831 -0.3128
vn -0.7550 -0.0672 -0.6522
vn -0.3375 -0.0278 -0.9409
vn -0.9502 0.0118 -0.3115
vn -0.3446 0.0040 -0.9387
vn -0.7639 0.0119 -0.6452
vn -0.9424 0.1223 -0.3115
vn -0.7531 0.0985 -0.6505
vn -0.9226 0.2257 -0.3128
vn -0.7369 0.1852 -0.6502
vn -0.3441 0.0514 -0.9375
vn -0.3364 0.0830 -0.9380
vn -0.7143 0.2565 -0.6512
vn -0.3210 0.1228 -0.9391
vn -0.3124 0.1542 -0.9373
vn -0.6818 0.3350 -0.6503
vn -0.8950 0.3193 -0.3115
vn -0.4983 0.8670 0.0039
vn -0.2638 0.9646 0.0039
vn -0.3482 0.6142 0.7081
vn -0.5930 0.8052 0.0039
vn -0.1449 0.6384 0.7559
vn 0.2306 0.9730 0.0039
vn -0.4203 0.5538 0.7188
vn -0.6872 0.7264 0.0039
vn 0.1521 0.5811 0.7995
vn 0.6375 0.7705 0.0039
vn -0.2632 0.4518 0.8524
vn 0.2063 0.4942 0.8445
vn 0.3792 0.4887 0.7858
vn 0.5428 0.3709 0.7536
vn 0.8278 0.5610 0.0040
vn 0.5821 0.2383 0.7774
vn 0.6213 0.2618 0.7385
vn 0.9187 0.3949 0.0039
vn 0.6437 0.1366 0.7530
vn 0.6780 0.1215 0.7250
vn 0.9856 0.1689 0.0039
vn 0.6608 0.0743 0.7469
vn 0.7149 -0.0039 0.6993
vn 0.9999 -0.0117 0.0039
vn 0.6752 0.0039 0.7376
vn 0.7086 -0.0822 0.7008
vn 0.9935 -0.1139 0.0039
vn 0.6694 -0.0666 0.7399
vn 0.6997 -0.1446 0.6997
vn 0.9781 -0.2082 0.0039
vn 0.9533 -0.3021 0.0039
vn 0.6610 -0.1291 0.7392
vn 0.8088 -0.0820 0.5823
vn 0.6786 -0.2157 0.7021
vn 0.9146 -0.4043 0.0040
vn 0.6362 -0.1991 0.7454
vn 0.6537 -0.2858 0.7007
vn 0.8620 -0.4920 0.1220
vn 0.6080 -0.2628 0.7492
vn 0.7957 -0.1607 0.5840
vn 0.7639 -0.2390 0.5994
vn 0.6225 -0.3485 0.7008
vn 0.8116 -0.5842 0.0039
vn 0.5767 -0.3256 0.7493
vn 0.5780 -0.4129 0.7039
vn 0.7454 -0.6666 0.0039
vn 0.7338 -0.3179 0.6004
vn 0.5299 -0.4750 0.7026
vn 0.5371 -0.3882 0.7489
vn 0.6946 -0.3964 0.6004
vn 0.4830 -0.5223 0.7028
vn 0.6748 -0.7380 0.0039
vn 0.4967 -0.4420 0.7470
vn 0.6482 -0.4675 0.6011
vn 0.4277 -0.5690 0.7024
vn 0.6019 -0.7986 0.0039
vn 0.4508 -0.4979 0.7409
vn 0.3656 -0.6093 0.7036
vn 0.5168 -0.8561 0.0039
vn 0.3585 -0.9335 0.0039
vn 0.3971 -0.5387 0.7431
vn 0.2402 -0.6417 0.7284
vn 0.1303 -0.9915 0.0039
vn 0.3415 -0.5770 0.7419
vn 0.0903 -0.6638 0.7424
vn -0.0670 -0.9977 0.0039
vn 0.2714 -0.6018 0.7512
vn -0.0433 -0.6492 0.7594
vn -0.3446 -0.9387 0.0040
vn 0.2084 -0.6172 0.7587
vn -0.2241 -0.5702 0.7904
vn -0.7304 -0.6830 0.0039
vn 0.0904 -0.6169 0.7819
vn 0.2572 -0.7717 0.5817
vn -0.4278 -0.4121 0.8045
vn -0.3175 -0.4194 0.8505
vn -0.6201 -0.1856 0.7623
vn -0.9685 -0.2490 0.0040
vn 0.1378 -0.7676 0.6259
vn -0.7032 0.0039 0.7110
vn -1.0000 0.0040 0.0040
vn -0.9925 0.1225 0.0039
vn -0.5168 0.0118 0.8560
vn -0.6883 0.0904 0.7198
vn -0.6556 0.1767 0.7341
vn -0.9309 0.3653 0.0039
vn -0.5778 0.1297 0.8058
vn -0.6333 0.2635 0.7277
vn -0.8548 0.5003 0.1379
vn -0.5227 0.3734 0.7664
vn -0.5925 0.3492 0.7259
vn -0.7743 0.6328 0.0039
vn -0.4675 0.4125 0.7818
vn -0.5379 0.4279 0.7263
vn -0.5451 0.3255 0.7726
vn -0.4737 0.4894 0.7322
vn -0.5862 0.2085 0.7829
vn -0.5845 0.2707 0.7649
vn -0.3962 0.4432 0.8041
vn -0.9290 0.2807 0.2412
vn -0.2393 0.3491 0.9060
vn -0.8418 0.4940 0.2173
vn -0.6981 0.6744 0.2406
vn -0.4675 0.4675 0.7503
vn -0.5941 0.6806 0.4288
vn -0.5770 0.3415 0.7419
vn -0.4372 0.1536 0.8862
vn -0.3345 0.5470 0.7674
vn -0.4199 0.0432 0.9065
vn 0.0274 0.8395 0.5427
vn 0.3728 0.2315 0.8986
vn -0.3490 -0.2079 0.9138
vn 0.5278 0.0430 0.8483
vn 0.0904 -0.6721 0.7349
vn 0.4672 -0.2630 0.8441
vn 0.5841 0.2940 0.7566
vn 0.4899 -0.1529 0.8583
vn 0.5893 0.0117 0.8078
vn 0.2168 -0.5478 0.8080
vn 0.6000 -0.2078 0.7725
vn 0.3093 -0.4973 0.8105
vn 0.0039 -0.7812 0.6242
vn 0.5556 -0.8314 0.0039
vn 0.0039 -0.6107 0.7919
vn 0.9646 -0.2638 0.0039
vn 0.0039 -0.6281 0.7781
vn 0.0040 -1.0000 0.0040
vn -0.5501 -0.8351 0.0039
vn 0.7562 0.0039 0.6543
vn 1.0000 0.0039 0.0039
vn 0.9869 0.1612 0.0039
vn 0.6933 0.1293 0.7090
vn 0.7986 0.6019 0.0039
vn 0.4961 0.4023 0.7694
vn 0.2071 0.6135 0.7620
vn 0.2542 0.6141 0.7471
vn 0.3558 0.9345 0.0039
vn 0.0039 0.6952 0.7188
vn 0.0039 1.0000 0.0039
vn -0.3490 0.9371 0.0039
vn 0.0039 0.6242 0.7812
vn -0.2469 0.6153 0.7486
vn -0.7957 0.6057 0.0039
vn 0.0039 0.9431 0.3326
vn -0.1996 0.6145 0.7632
vn -0.4901 0.4039 0.7724
vn -0.6892 0.1300 0.7128
vn -0.9867 0.1625 0.0040
vn -0.5789 0.2954 0.7600
vn -0.7528 0.0039 0.6582
vn -1.0000 0.0040 0.0039
vn -0.9640 -0.2658 0.0039
vn -0.5841 0.0117 0.8116
vn -0.5950 -0.2088 0.7762
vn -0.3022 -0.4985 0.8125
vn -0.4839 -0.1534 0.8616
vn -0.2093 -0.5488 0.8093
vn -0.5221 0.0432 0.8518
vn -0.4610 -0.2640 0.8472
vn -0.0826 -0.6725 0.7354
vn 0.3559 -0.2073 0.9112
vn -0.3660 0.2322 0.9012
vn 0.0040 -0.4519 0.8921
vn 0.4263 0.0430 0.9035
vn 0.0508 -0.4419 0.8956
vn 0.0039 -0.2949 0.9555
vn 0.0978 -0.4341 0.8955
vn 0.0354 -0.2947 0.9549
vn 0.0668 -0.2871 0.9556
vn -0.0430 -0.4421 0.8959
vn -0.0275 -0.2948 0.9552
vn 0.1376 -0.4128 0.9004
vn 0.0985 -0.2718 0.9573
vn -0.0900 -0.4344 0.8962
vn -0.0590 -0.2872 0.9560
vn 0.1769 -0.3972 0.9005
vn 0.1221 -0.2638 0.9568
vn 0.3334 -0.7335 0.5923
vn 0.2241 -0.3734 0.9002
vn 0.1535 -0.2480 0.9565
vn 0.4133 -0.6966 0.5864
vn 0.2558 -0.3502 0.9011
vn 0.1771 -0.2322 0.9564
vn 0.4816 -0.6539 0.5834
vn 0.2950 -0.3186 0.9008
vn 0.2005 -0.2163 0.9555
vn 0.5455 -0.6004 0.5847
vn 0.5974 -0.5349 0.5974
vn 0.3264 -0.2871 0.9006
vn 0.2241 -0.1927 0.9553
vn 0.3577 -0.2476 0.9004
vn 0.2400 -0.1692 0.9559
vn 0.3808 -0.2160 0.8991
vn 0.2557 -0.1455 0.9557
vn 0.2714 -0.1140 0.9557
vn 0.3977 -0.1693 0.9017
vn 0.2795 -0.0827 0.9566
vn 0.4198 -0.1295 0.8984
vn 0.2872 -0.0590 0.9560
vn 0.4283 -0.0825 0.8999
vn 0.2948 -0.0275 0.9552
vn 0.4357 -0.0432 0.8990
vn 0.2949 0.0040 0.9555
vn 0.8116 0.0039 0.5842
vn 0.4362 0.0039 0.8999
vn 0.2947 0.0353 0.9549
vn 0.8019 0.0899 0.5907
vn 0.4356 0.0510 0.8987
vn 0.2871 0.0668 0.9556
vn 0.7983 0.1691 0.5780
vn 0.4344 0.0900 0.8962
vn 0.2865 0.0903 0.9538
vn 0.4253 0.1444 0.8935
vn 0.2784 0.1215 0.9528
vn 0.7319 0.2779 0.6222
vn 0.4096 0.1834 0.8936
vn 0.2627 0.1529 0.9527
vn 0.6297 0.2620 0.7313
vn 0.3955 0.2310 0.8889
vn 0.3632 0.2616 0.8942
vn 0.2470 0.1764 0.9528
vn 0.0117 0.4108 0.9116
vn 0.3319 0.3007 0.8941
vn 0.2237 0.2002 0.9539
vn 0.2935 0.3327 0.8962
vn 0.2002 0.2238 0.9539
vn 0.6036 0.5023 0.6192
vn 0.2624 0.3563 0.8968
vn 0.1768 0.2396 0.9546
vn 0.5454 0.6082 0.5768
vn 0.4734 0.6534 0.5908
vn 0.2234 0.3802 0.8975
vn 0.1532 0.2553 0.9546
vn 0.1840 0.4032 0.8964
vn 0.1218 0.2711 0.9548
vn 0.4110 0.7007 0.5832
vn 0.1371 0.4193 0.8974
vn 0.0983 0.2791 0.9552
vn 0.3330 0.7405 0.5838
vn 0.0981 0.4277 0.8986
vn 0.0668 0.2871 0.9556
vn 0.2545 0.7713 0.5834
vn 0.1753 0.7834 0.5963
vn 0.0510 0.4356 0.8987
vn 0.0354 0.2947 0.9549
vn 0.0901 0.7953 0.5994
vn 0.0040 0.4362 0.8998
vn 0.0039 0.2949 0.9555
vn -0.0275 0.2948 0.9552
vn -0.0432 0.4358 0.8990
vn -0.0590 0.2872 0.9560
vn -0.0903 0.4280 0.8993
vn -0.0905 0.2794 0.9559
vn -0.0824 0.7959 0.5998
vn -0.1295 0.4198 0.8984
vn -0.1141 0.2714 0.9557
vn -0.1678 0.7844 0.5971
vn 0.0039 0.8014 0.5981
vn -0.1764 0.4038 0.8977
vn -0.1455 0.2556 0.9558
vn -0.2472 0.7728 0.5845
vn -0.2160 0.3808 0.8991
vn -0.1692 0.2400 0.9559
vn -0.3260 0.7424 0.5853
vn -0.2551 0.3571 0.8986
vn -0.1927 0.2241 0.9553
vn -0.4045 0.7029 0.5851
vn -0.2864 0.3334 0.8983
vn -0.2163 0.2005 0.9555
vn -0.4673 0.6558 0.5930
vn -0.3249 0.3014 0.8964
vn -0.2396 0.1768 0.9546
vn -0.5399 0.6108 0.5792
vn -0.3564 0.2624 0.8968
vn -0.2554 0.1532 0.9546
vn -0.5986 0.5047 0.6220
vn -0.4284 0.4912 0.7584
vn -0.4902 0.3882 0.7804
vn -0.3883 0.5371 0.7488
vn -0.5854 0.2868 0.7583
vn -0.3330 0.5838 0.7405
vn -0.5296 0.4119 0.7415
vn -0.4362 0.5305 0.7269
vn -0.2704 0.6152 0.7406
vn -0.3415 0.6242 0.7027
vn -0.6328 0.7743 0.0039
vn -0.8983 0.4393 0.0040
vn -0.4830 0.8756 0.0039
vn -0.9854 0.1702 0.0039
vn -0.2785 0.6552 0.7023
vn -0.3882 0.9216 0.0039
vn -0.6082 0.0902 0.7887
vn -0.9577 -0.2877 0.0039
vn -0.2157 0.6786 0.7021
vn -0.3021 0.9533 0.0039
vn -0.2077 0.6389 0.7407
vn -0.1366 0.6521 0.7458
vn -0.1446 0.6997 0.6997
vn -0.2082 0.9781 0.0039
vn -0.0665 0.6612 0.7473
vn -0.0744 0.7090 0.7012
vn -0.0983 0.9951 0.0039
vn 0.0039 0.6627 0.7489
vn 0.0039 0.7149 0.6992
vn 0.1061 0.9943 0.0039
vn 0.0822 0.7086 0.7008
vn 0.2157 0.9765 0.0039
vn 0.0743 0.6608 0.7469
vn 0.1523 0.6989 0.6988
vn 0.3092 0.9510 0.0039
vn 0.1443 0.6513 0.7449
vn 0.2232 0.6774 0.7009
vn 0.3948 0.9187 0.0039
vn 0.2152 0.6378 0.7395
vn 0.2857 0.6537 0.7007
vn 0.4890 0.8723 0.0039
vn 0.2776 0.6139 0.7390
vn 0.3485 0.6225 0.7008
vn 0.3400 0.5822 0.7385
vn 0.4425 0.5286 0.7244
vn 0.3948 0.5355 0.7466
vn 0.5352 0.4102 0.7385
vn 0.7948 0.6069 0.0039
vn 0.8999 0.4362 0.0039
vn 0.4348 0.4895 0.7559
vn 0.5906 0.2855 0.7548
vn 0.4961 0.3867 0.7774
vn 0.6131 0.0897 0.7849
vn 0.9584 -0.2855 0.0039
vn 0.5271 -0.0664 0.8472
vn 0.5752 -0.1604 0.8021
vn 0.4819 -0.4427 0.7562
vn 0.7032 -0.7110 0.0039
vn 0.5421 0.4173 0.7294
vn 0.3567 -0.6076 0.7096
vn 0.5017 -0.8651 0.0040
vn 0.3977 -0.9175 0.0039
vn 0.2559 -0.4527 0.8542
vn 0.2710 -0.6402 0.7188
vn 0.3633 -0.1992 0.9101
vn 0.1843 -0.6547 0.7331
vn 0.1624 -0.9867 0.0039
vn 0.1848 -0.5623 0.8060
vn 0.0987 -0.6755 0.7307
vn 0.0039 -0.9904 0.1381
vn -0.0511 -0.6405 0.7662
vn 0.0985 -0.4529 0.8861
vn -0.1142 -0.6105 0.7838
vn 0.1768 -0.3811 0.9075
vn 0.0039 -0.6872 0.7264
vn -0.2941 0.4353 0.8509
vn -0.0909 -0.6760 0.7313
vn -0.1547 -0.9879 0.0040
vn -0.3808 0.2159 0.8991
vn 0.0039 0.5374 0.8433
vn -0.5388 0.3657 0.7589
vn 0.3720 0.4660 0.8028
vn -0.2939 0.5055 0.8112
vn -0.1056 0.5047 0.8568
vn 0.6764 0.3949 0.6217
vn 0.2844 0.5182 0.8066
vn 0.5301 0.3102 0.7892
vn 0.5907 0.0900 0.8019
vn 0.4672 -0.2631 0.8441
vn 0.5893 -0.0117 0.8078
vn 0.2310 -0.4738 0.8498
vn 0.3873 -0.3404 0.8568
vn 0.5465 0.3185 0.7745
vn 0.8636 0.5041 0.0039
vn 0.4519 0.8921 0.0039
vn 0.9987 -0.0509 0.0039
vn -0.1132 0.6287 0.7693
vn -0.2397 0.9708 0.0039
vn -0.3732 0.6560 0.6560
vn -0.6242 0.7812 0.0039
vn -0.4519 0.5384 0.7113
vn -0.9175 0.3977 0.0039
vn -0.5918 0.2313 0.7722
vn -0.6313 -0.1294 0.7646
vn -0.6510 -0.0907 0.7536
vn -0.9879 -0.1547 0.0040
vn -0.7364 -0.3977 0.5474
vn -0.5334 -0.3121 0.7862
vn -0.5975 -0.3443 0.7242
vn -0.8685 -0.4957 0.0039
vn -0.6319 -0.7750 0.0040
vn -0.4063 -0.5168 0.7535
vn -0.0983 -0.6250 0.7744
vn -0.1148 -0.9934 0.0040
vn -0.4274 -0.4823 0.7646
vn 0.2404 -0.6582 0.7134
vn 0.0433 -0.6492 0.7594
vn 0.3819 -0.6496 0.6574
vn 0.5017 -0.8651 0.0039
vn 0.7188 -0.6952 0.0039
vn 0.2867 -0.5067 0.8131
vn 0.4826 -0.4120 0.7729
vn -0.0039 -0.4298 0.9029
vn -0.3427 0.3112 0.8864
vn -0.7132 -0.4374 0.5477
vn -0.8845 0.1847 0.4285
vn -0.8167 -0.4695 0.3354
vn -0.6008 -0.1689 0.7814
vn -0.5479 -0.3114 0.7765
vn -0.4458 -0.4300 0.7851
vn -0.6366 0.0198 0.7710
vn 0.0039 0.0039 1.0000
vn -0.6334 0.1849 0.7514
vn -0.2879 -0.8558 0.4298
vn -0.3034 -0.5635 0.7684
vn -0.2251 -0.9441 0.2410
vn -0.1611 -0.6407 0.7507
vn 0.0039 -0.6328 0.7743
vn 0.0039 -0.9761 0.2173
vn 0.0039 -0.6709 0.7415
vn 0.1688 -0.6398 0.7498
vn 0.2326 -0.9424 0.2405
vn 0.1220 -0.6099 0.7830
vn 0.3105 -0.5621 0.7665
vn 0.0589 -0.6402 0.7659
vn 0.2951 -0.8538 0.4289
vn -0.1767 -0.6556 0.7341
vn -0.2805 -0.9599 0.0039
vn -0.1772 -0.5631 0.8072
vn -0.2637 -0.6416 0.7203
vn -0.3911 -0.9204 0.0040
vn -0.3499 -0.6093 0.7115
vn -0.4957 -0.8685 0.0040
vn -0.6992 -0.7150 0.0040
vn -0.2485 -0.4536 0.8559
vn -0.4759 -0.4444 0.7590
vn -0.5699 -0.1612 0.8057
vn -0.5214 -0.0666 0.8507
vn -0.0906 -0.4532 0.8868
vn -0.3565 -0.1998 0.9127
vn -0.5366 0.4191 0.7324
vn -0.1692 -0.3816 0.9087
vn 0.3012 0.4343 0.8489
vn 0.3875 0.2153 0.8964
vn 0.7399 -0.3954 0.5442
vn 0.5443 0.3642 0.7557
vn 0.3010 0.5043 0.8093
vn -0.3889 0.2317 0.8917
vn -0.3653 0.4673 0.8051
vn -0.4032 0.1840 0.8964
vn -0.2711 0.1218 0.9548
vn -0.6722 0.3970 0.6250
vn -0.4188 0.1448 0.8964
vn -0.2793 0.0905 0.9559
vn -0.6249 0.2633 0.7350
vn -0.7282 0.2795 0.6258
vn -0.4280 0.0903 0.8992
vn -0.2798 0.0670 0.9577
vn -0.7954 0.1702 0.5817
vn -0.4292 0.0512 0.9017
vn -0.2875 0.0354 0.9571
vn -0.7991 0.0905 0.5944
vn -0.4298 0.0039 0.9029
vn -0.2877 0.0039 0.9577
vn -0.4294 -0.0433 0.9021
vn -0.2876 -0.0276 0.9574
vn -0.8089 0.0039 0.5879
vn -0.4219 -0.0828 0.9029
vn -0.2800 -0.0591 0.9582
vn -0.8061 -0.0826 0.5859
vn -0.4133 -0.1299 0.9013
vn -0.2722 -0.0829 0.9587
vn -0.7928 -0.1617 0.5877
vn -0.7606 -0.2404 0.6030
vn -0.3911 -0.1699 0.9046
vn -0.2641 -0.1143 0.9577
vn -0.7302 -0.3197 0.6039
vn -0.3741 -0.2166 0.9017
vn -0.2483 -0.1458 0.9576
vn -0.2325 -0.1695 0.9577
vn -0.3509 -0.2484 0.9029
vn -0.2166 -0.1930 0.9570
vn -0.6905 -0.3985 0.6037
vn -0.3194 -0.2878 0.9029
vn -0.1930 -0.2166 0.9570
vn -0.6436 -0.4699 0.6041
vn -0.2878 -0.3194 0.9029
vn -0.1695 -0.2325 0.9577
vn -0.5924 -0.5375 0.6002
vn -0.2484 -0.3509 0.9029
vn -0.1458 -0.2483 0.9576
vn -0.5399 -0.6030 0.5872
vn -0.4908 -0.4437 0.7499
vn -0.5316 -0.3898 0.7520
vn -0.5714 -0.3271 0.7527
vn -0.5242 -0.4769 0.7055
vn -0.6030 -0.2641 0.7528
vn -0.5728 -0.4148 0.7071
vn -0.6315 -0.2000 0.7492
vn -0.6492 -0.2872 0.7043
vn -0.6565 -0.1297 0.7430
vn -0.6743 -0.2170 0.7059
vn -0.6956 -0.1454 0.7035
vn -0.6651 -0.0669 0.7438
vn -0.9526 -0.3043 0.0040
vn -0.9133 -0.4072 0.0039
vn -0.9777 -0.2098 0.0040
vn -0.8599 -0.4954 0.1229
vn -0.9934 -0.1148 0.0039
vn -0.6177 -0.3501 0.7042
vn -0.8089 -0.5879 0.0039
vn -0.7419 -0.6705 0.0040
vn -0.4769 -0.5242 0.7055
vn -0.6705 -0.7419 0.0040
vn -0.4445 -0.4996 0.7435
vn -0.4213 -0.5709 0.7047
vn -0.5968 -0.8024 0.0040
vn -0.4756 -0.6564 0.5856
vn -0.3905 -0.5403 0.7454
vn -0.3588 -0.6110 0.7056
vn -0.5110 -0.8596 0.0040
vn -0.3516 -0.9362 0.0039
vn -0.4067 -0.6989 0.5883
vn -0.3345 -0.5786 0.7439
vn -0.2327 -0.6430 0.7297
vn -0.2166 -0.3741 0.9017
vn -0.1143 -0.2641 0.9577
vn -0.0825 -0.6643 0.7429
vn 0.0749 -0.9972 0.0039
vn -0.1693 -0.3977 0.9018
vn -0.0907 -0.2720 0.9580
vn -0.3263 -0.7355 0.5938
vn -0.1299 -0.4133 0.9013
vn -0.2641 -0.6030 0.7528
vn -0.2498 -0.7732 0.5829
vn -0.2008 -0.6182 0.7599
vn 0.0511 -0.6490 0.7591
vn 0.3515 -0.9362 0.0039
vn -0.0826 -0.6173 0.7824
vn -0.1300 -0.7684 0.6266
vn 0.2316 -0.5692 0.7889
vn 0.7340 -0.6791 0.0039
vn 0.3245 -0.4183 0.8484
vn 0.4341 -0.4107 0.8018
vn 0.6249 -0.1847 0.7585
vn 0.9690 -0.2472 0.0039
vn 0.5225 0.0118 0.8525
vn 0.7071 0.0039 0.7071
vn 0.9926 0.1216 0.0039
vn 0.6924 0.0900 0.7159
vn 0.9708 0.2398 0.0039
vn 0.5830 0.1291 0.8021
vn 0.6601 0.1757 0.7304
vn 0.9319 0.3626 0.0039
vn 0.4435 0.1531 0.8831
vn 0.6380 0.2622 0.7241
vn 0.8569 0.4969 0.1369
vn 0.5284 0.3719 0.7632
vn 0.5976 0.3476 0.7226
vn 0.7774 0.6290 0.0039
vn 0.4736 0.4110 0.7789
vn 0.5434 0.4261 0.7233
vn 0.6913 0.7225 0.0039
vn 0.5506 0.3241 0.7693
vn 0.4798 0.4876 0.7294
vn 0.5913 0.2075 0.7793
vn 0.5896 0.2694 0.7614
vn 0.4267 0.5520 0.7164
vn 0.5981 0.8014 0.0039
vn 0.4028 0.4419 0.8016
vn 0.3551 0.6126 0.7062
vn 0.5041 0.8636 0.0039
vn 0.2711 0.9626 0.0039
vn 0.2705 0.4508 0.8506
vn 0.1526 0.6377 0.7550
vn -0.2231 0.9748 0.0039
vn -0.1445 0.5818 0.8004
vn -0.1988 0.4950 0.8458
vn -0.3725 0.4901 0.7881
vn -0.5372 0.3725 0.7568
vn -0.8253 0.5647 0.0039
vn -0.5769 0.2394 0.7810
vn -0.6165 0.2631 0.7421
vn -0.6391 0.1372 0.7568
vn -0.6564 0.0747 0.7507
vn -0.6737 0.1221 0.7288
vn -0.6709 0.0039 0.7415
vn -0.7110 -0.0039 0.7032
vn -0.9999 -0.0119 0.0039
vn -0.7047 -0.0827 0.7047
vn -0.0039 0.4108 0.9117
vn 0.2466 0.3484 0.9043
vn -0.2236 -0.4747 0.8513
vn -0.5855 0.0904 0.8056
vn -0.3806 -0.3414 0.8594
vn -0.5244 0.3115 0.7925
vn -0.5842 -0.0118 0.8115
vn -0.2795 -0.5078 0.8149
vn -0.2772 0.5194 0.8083
vn -0.4765 -0.4135 0.7758
vn 0.1134 0.5043 0.8561
vn -0.5409 0.3198 0.7779
vn 0.1209 0.6282 0.7686
vn -0.4456 0.8952 0.0039
vn -0.8616 0.5075 0.0039
vn 0.2472 0.9690 0.0039
vn -0.9987 -0.0513 0.0039
vn -0.7150 -0.6992 0.0040
vn 0.3799 0.6541 0.6541
vn 0.6289 0.7774 0.0039
vn 0.4581 0.5365 0.7087
vn 0.5970 0.2301 0.7686
vn 0.6360 -0.1288 0.7609
vn 0.6555 -0.0903 0.7497
vn 0.9881 -0.1536 0.0039
vn 0.5390 -0.3108 0.7829
vn 0.6026 -0.3426 0.7207
vn 0.8704 -0.4923 0.0039
vn 0.6367 -0.7711 0.0040
vn 0.4129 -0.5151 0.7511
vn 0.1060 -0.6245 0.7738
vn 0.1226 -0.9924 0.0039
vn 0.4338 -0.4807 0.7621
vn -0.2330 -0.6594 0.7147
vn -0.3515 -0.9362 0.0040
vn -0.0354 -0.6494 0.7596
vn -0.3751 -0.6515 0.6594
vn 0.0118 -0.4298 0.9029
vn 0.3497 0.3104 0.8840
vn 0.7170 -0.4349 0.5447
vn 0.8862 0.1835 0.4255
vn 0.8193 -0.4665 0.3332
vn 0.5533 -0.3100 0.7731
vn 0.4521 -0.4285 0.7823
vn 0.6058 -0.1681 0.7777
vn 0.6412 0.0196 0.7671
vn 0.9301 0.2786 0.2394
vn 0.6381 0.1840 0.7477
vn 0.8441 0.4908 0.2159
vn 0.5823 0.3399 0.7385
vn 0.7021 0.6707 0.2393
vn 0.4736 0.4657 0.7475
vn 0.5991 0.6774 0.4268
vn 0.3415 0.5456 0.7654
vn -0.0195 0.8396 0.5428
vn 0.1528 0.6073 0.7797
vn 0.0039 0.6328 0.7743
vn -0.1451 0.6080 0.7806
vn 0.3570 0.6159 -0.7023
vn 0.1535 0.6415 -0.7517
vn 0.4291 0.5551 -0.7126
vn -0.1454 0.5854 -0.7976
vn 0.2723 0.4538 -0.8485
vn -0.2001 0.4983 -0.8436
vn -0.3748 0.4931 -0.7851
vn -0.5404 0.3747 -0.7534
vn -0.5804 0.2409 -0.7779
vn -0.6201 0.2646 -0.7386
vn -0.6429 0.1380 -0.7534
vn -0.6776 0.1228 -0.7251
vn -0.6603 0.0751 -0.7473
vn -0.7149 -0.0040 -0.6992
vn -0.6748 0.0039 -0.7380
vn -0.7086 -0.0831 -0.7007
vn -0.6690 -0.0673 -0.7402
vn -0.6995 -0.1462 -0.6995
vn -0.6604 -0.1305 -0.7395
vn -0.8099 -0.0830 -0.5807
vn -0.6781 -0.2181 -0.7018
vn -0.6352 -0.2013 -0.7457
vn -0.6528 -0.2888 -0.7003
vn -0.8608 -0.4958 -0.1151
vn -0.6066 -0.2657 -0.7493
vn -0.7964 -0.1625 -0.5825
vn -0.7643 -0.2416 -0.5979
vn -0.6211 -0.3521 -0.7002
vn -0.5748 -0.3290 -0.7492
vn -0.5760 -0.4171 -0.7031
vn -0.7336 -0.3212 -0.5988
vn -0.5347 -0.3921 -0.7486
vn -0.5271 -0.4796 -0.7015
vn -0.4796 -0.5271 -0.7015
vn -0.4937 -0.4463 -0.7464
vn -0.6938 -0.4005 -0.5985
vn -0.4236 -0.5740 -0.7007
vn -0.4471 -0.5025 -0.7400
vn -0.3608 -0.6144 -0.7016
vn -0.3928 -0.5435 -0.7418
vn -0.2341 -0.6466 -0.7260
vn -0.3365 -0.5820 -0.7403
vn -0.0830 -0.6682 -0.7393
vn -0.2656 -0.6066 -0.7493
vn 0.0514 -0.6529 -0.7557
vn -0.2020 -0.6219 -0.7566
vn 0.2330 -0.5727 -0.7860
vn -0.0831 -0.6211 -0.7793
vn -0.2510 -0.7768 -0.5776
vn 0.4369 -0.4132 -0.7990
vn 0.3266 -0.4211 -0.8462
vn 0.6286 -0.1858 -0.7552
vn -0.1307 -0.7722 -0.6217
vn 0.7110 0.0039 -0.7032
vn 0.5261 0.0119 -0.8504
vn 0.6963 0.0905 -0.7120
vn 0.6638 0.1767 -0.7267
vn 0.5867 0.1299 -0.7993
vn 0.6416 0.2637 -0.7203
vn 0.8578 0.4975 -0.1292
vn 0.5316 0.3741 -0.7600
vn 0.6010 0.3496 -0.7188
vn 0.4765 0.4135 -0.7758
vn 0.5465 0.4286 -0.7195
vn 0.5539 0.3261 -0.7660
vn 0.4825 0.4904 -0.7258
vn 0.5949 0.2088 -0.7762
vn 0.5931 0.2710 -0.7581
vn 0.4053 0.4447 -0.7988
vn 0.9318 0.2791 -0.2320
vn 0.2484 0.3509 -0.9029
vn 0.8891 0.1841 -0.4191
vn 0.3521 0.3125 -0.8822
vn -0.0039 0.4138 -0.9104
vn 0.0119 -0.4328 -0.9014
vn -0.2251 -0.4779 -0.8491
vn -0.4641 -0.2658 -0.8450
vn 0.6094 -0.1691 -0.7746
vn -0.6285 0.2648 -0.7313
vn 0.6451 0.0198 -0.7638
vn 0.5567 -0.3119 -0.7699
vn 0.6418 0.1850 -0.7442
vn 0.8215 -0.4677 -0.3262
vn 0.5856 0.3419 -0.7350
vn 0.4364 -0.4836 -0.7588
vn 0.8455 0.4916 -0.2085
vn 0.7034 0.6720 -0.2318
vn 0.4764 0.4685 -0.7441
vn 0.6011 0.6797 -0.4204
vn 0.4466 0.1541 -0.8813
vn 0.3435 0.5488 -0.7621
vn 0.4294 0.0434 -0.9021
vn -0.0196 0.8432 -0.5373
vn -0.3686 0.2338 -0.8997
vn 0.3585 -0.2088 -0.9099
vn -0.5256 0.0435 -0.8496
vn -0.0831 -0.6764 -0.7318
vn -0.4641 -0.2658 -0.8449
vn -0.5824 0.2971 -0.7567
vn -0.4872 -0.1545 -0.8595
vn -0.5879 0.0118 -0.8089
vn -0.2106 -0.5523 -0.8066
vn -0.5986 -0.2101 -0.7730
vn -0.3042 -0.5017 -0.8098
vn 0.0039 -0.7851 -0.6194
vn 0.0039 -0.6145 -0.7889
vn 0.0040 -0.6319 -0.7750
vn -0.7567 0.0040 -0.6537
vn -0.6931 0.1307 -0.7089
vn -0.4931 0.4063 -0.7692
vn -0.2008 0.6182 -0.7599
vn -0.2484 0.6190 -0.7451
vn 0.0039 0.6991 -0.7150
vn 0.0040 0.6280 -0.7782
vn 0.2557 0.6177 -0.7436
vn 0.0039 0.9455 -0.3256
vn 0.2083 0.6172 -0.7587
vn 0.4990 0.4047 -0.7663
vn 0.6972 0.1300 -0.7050
vn 0.5876 0.2957 -0.7532
vn 0.7601 0.0039 -0.6498
vn 0.5930 0.0118 -0.8051
vn 0.6036 -0.2091 -0.7693
vn 0.3113 -0.5005 -0.8078
vn 0.4932 -0.1539 -0.8562
vn 0.2182 -0.5514 -0.8052
vn 0.5313 0.0433 -0.8461
vn 0.4703 -0.2648 -0.8418
vn 0.0909 -0.6760 -0.7313
vn -0.3516 -0.2094 -0.9125
vn 0.3754 0.2332 -0.8971
vn 0.0039 -0.4551 -0.8904
vn -0.4229 0.0435 -0.9051
vn -0.0433 -0.4452 -0.8944
vn 0.0040 -0.2971 -0.9548
vn -0.0907 -0.4375 -0.8946
vn -0.0277 -0.2970 -0.9545
vn -0.0595 -0.2894 -0.9554
vn 0.0512 -0.4451 -0.8940
vn 0.0356 -0.2970 -0.9542
vn -0.1309 -0.4162 -0.8998
vn -0.0914 -0.2741 -0.9573
vn 0.0985 -0.4371 -0.8940
vn 0.0674 -0.2892 -0.9549
vn -0.1705 -0.4006 -0.9003
vn -0.1152 -0.2661 -0.9570
vn -0.3279 -0.7388 -0.5887
vn -0.2181 -0.3768 -0.9003
vn -0.1469 -0.2502 -0.9570
vn -0.4086 -0.7022 -0.5831
vn -0.2502 -0.3534 -0.9014
vn -0.1708 -0.2343 -0.9570
vn -0.4778 -0.6594 -0.5805
vn -0.2899 -0.3217 -0.9014
vn -0.5423 -0.6059 -0.5821
vn -0.1945 -0.2182 -0.9563
vn -0.5952 -0.5400 -0.5952
vn -0.3216 -0.2899 -0.9014
vn -0.2182 -0.1945 -0.9563
vn -0.6467 -0.4721 -0.5991
vn -0.3534 -0.2502 -0.9014
vn -0.2343 -0.1708 -0.9571
vn -0.3768 -0.2179 -0.9003
vn -0.2501 -0.1469 -0.9570
vn -0.2661 -0.1152 -0.9570
vn -0.3939 -0.1711 -0.9031
vn -0.2743 -0.0835 -0.9580
vn -0.4162 -0.1308 -0.8998
vn -0.2821 -0.0596 -0.9575
vn -0.4249 -0.0834 -0.9014
vn -0.2898 -0.0278 -0.9567
vn -0.4325 -0.0437 -0.9006
vn -0.2899 0.0040 -0.9570
vn -0.8127 0.0039 -0.5827
vn -0.4329 0.0040 -0.9015
vn -0.2897 0.0357 -0.9564
vn -0.8028 0.0909 -0.5893
vn -0.4323 0.0516 -0.9003
vn -0.2819 0.0675 -0.9571
vn -0.7991 0.1709 -0.5764
vn -0.4310 0.0910 -0.8977
vn -0.2815 0.0912 -0.9552
vn -0.4218 0.1459 -0.8949
vn -0.2732 0.1227 -0.9541
vn -0.7318 0.2809 -0.6210
vn -0.4061 0.1853 -0.8949
vn -0.2573 0.1543 -0.9539
vn -0.3916 0.2334 -0.8900
vn -0.3589 0.2642 -0.8952
vn -0.2414 0.1781 -0.9539
vn -0.6755 0.3989 -0.6202
vn -0.3272 0.3035 -0.8949
vn -0.2179 0.2021 -0.9548
vn -0.5397 0.4215 -0.7288
vn -0.6015 0.5072 -0.6172
vn -0.2884 0.3358 -0.8967
vn -0.1941 0.2258 -0.9546
vn -0.5423 0.6136 -0.5740
vn -0.2569 0.3596 -0.8971
vn -0.1704 0.2418 -0.9552
vn -0.4695 0.6588 -0.5878
vn -0.2175 0.3835 -0.8976
vn -0.1466 0.2576 -0.9551
vn -0.1777 0.4066 -0.8962
vn -0.1149 0.2734 -0.9550
vn -0.4064 0.7061 -0.5799
vn -0.1304 0.4227 -0.8968
vn -0.0912 0.2814 -0.9552
vn -0.3275 0.7458 -0.5801
vn -0.0910 0.4311 -0.8977
vn -0.0595 0.2894 -0.9554
vn -0.2483 0.7764 -0.5793
vn -0.1686 0.7881 -0.5921
vn -0.0435 0.4389 -0.8975
vn -0.0277 0.2970 -0.9545
vn -0.0827 0.7996 -0.5948
vn 0.0040 0.4393 -0.8983
vn 0.0039 0.2971 -0.9548
vn 0.0356 0.2970 -0.9542
vn 0.0514 0.4387 -0.8972
vn 0.0673 0.2892 -0.9549
vn 0.0988 0.4308 -0.8970
vn 0.0990 0.2812 -0.9545
vn 0.0905 0.7991 -0.5944
vn 0.1381 0.4223 -0.8959
vn 0.1227 0.2732 -0.9541
vn 0.1762 0.7870 -0.5912
vn 0.0039 0.8052 -0.5930
vn 0.1853 0.4060 -0.8949
vn 0.1544 0.2573 -0.9539
vn 0.2557 0.7748 -0.5782
vn 0.2250 0.3829 -0.8960
vn 0.1781 0.2415 -0.9539
vn 0.3345 0.7439 -0.5786
vn 0.2642 0.3589 -0.8952
vn 0.2017 0.2254 -0.9532
vn 0.4128 0.7039 -0.5780
vn 0.2956 0.3350 -0.8947
vn 0.2254 0.2017 -0.9532
vn 0.4756 0.6564 -0.5856
vn 0.3342 0.3028 -0.8925
vn 0.2489 0.1778 -0.9521
vn 0.5478 0.6109 -0.5716
vn 0.3657 0.2635 -0.8927
vn 0.2647 0.1541 -0.9520
vn 0.6065 0.5048 -0.6143
vn 0.4373 0.4925 -0.7525
vn 0.3983 0.2327 -0.8873
vn 0.4992 0.3891 -0.7742
vn 0.5452 0.4197 -0.7257
vn 0.5306 -0.0668 -0.8450
vn 0.4126 0.1847 -0.8920
vn 0.2805 0.1225 -0.9520
vn 0.6797 0.3968 -0.6169
vn 0.4283 0.1454 -0.8919
vn 0.2887 0.0910 -0.9531
vn 0.6333 0.2635 -0.7277
vn 0.7354 0.2792 -0.6174
vn 0.4375 0.0906 -0.8947
vn 0.2892 0.0674 -0.9549
vn 0.8019 0.1699 -0.5728
vn 0.4387 0.0514 -0.8972
vn 0.2969 0.0356 -0.9542
vn 0.8056 0.0904 -0.5855
vn 0.4393 0.0040 -0.8983
vn 0.2971 0.0040 -0.9548
vn 0.4388 -0.0435 -0.8975
vn 0.2970 -0.0277 -0.9545
vn 0.8153 0.0039 -0.5790
vn 0.4314 -0.0831 -0.8983
vn 0.2893 -0.0595 -0.9554
vn 0.8125 -0.0824 -0.5770
vn 0.4227 -0.1304 -0.8968
vn 0.2816 -0.0833 -0.9559
vn 0.7993 -0.1614 -0.5788
vn 0.7675 -0.2401 -0.5944
vn 0.4006 -0.1705 -0.9003
vn 0.2734 -0.1149 -0.9550
vn 0.7373 -0.3193 -0.5953
vn 0.3835 -0.2175 -0.8976
vn 0.2576 -0.1466 -0.9551
vn 0.2418 -0.1704 -0.9552
vn 0.3603 -0.2495 -0.8989
vn 0.2258 -0.1941 -0.9546
vn 0.3287 -0.2891 -0.8991
vn 0.2020 -0.2179 -0.9548
vn 0.6513 -0.4697 -0.5960
vn 0.2971 -0.3209 -0.8993
vn 0.1784 -0.2340 -0.9557
vn 0.6002 -0.5374 -0.5924
vn 0.6979 -0.3982 -0.5953
vn 0.2575 -0.3527 -0.8996
vn 0.1546 -0.2498 -0.9559
vn 0.5480 -0.6032 -0.5795
vn 0.4996 -0.4445 -0.7435
vn 0.5403 -0.3904 -0.7454
vn 0.5801 -0.3275 -0.7458
vn 0.6116 -0.2644 -0.7457
vn 0.5812 -0.4151 -0.6999
vn 0.6399 -0.2002 -0.7419
vn 0.6573 -0.2873 -0.6967
vn 0.6648 -0.1298 -0.7356
vn 0.6823 -0.2170 -0.6981
vn 0.7035 -0.1454 -0.6957
vn 0.6733 -0.0670 -0.7363
vn 0.8628 -0.4925 -0.1143
vn 0.6259 -0.3503 -0.6968
vn 0.7125 -0.0827 -0.6968
vn 0.7188 -0.0039 -0.6952
vn 0.6791 0.0039 -0.7340
vn 0.6819 0.1221 -0.7212
vn 0.6647 0.0747 -0.7434
vn 0.6249 0.2633 -0.7350
vn 0.6475 0.1374 -0.7496
vn 0.5459 0.3731 -0.7502
vn 0.5856 0.2398 -0.7743
vn 0.3816 0.4916 -0.7828
vn 0.1530 0.5847 -0.7967
vn 0.2076 0.4975 -0.8423
vn -0.1458 0.6422 -0.7525
vn -0.3501 0.6177 -0.7042
vn -0.2650 0.4548 -0.8503
vn -0.4227 0.5570 -0.7150
vn 0.0118 0.4138 -0.9103
vn -0.4765 0.4922 -0.7285
vn -0.3987 0.4460 -0.8013
vn -0.2410 0.3516 -0.9046
vn -0.5410 0.4304 -0.7226
vn -0.5880 0.2723 -0.7616
vn -0.5959 0.3512 -0.7222
vn -0.8557 0.5008 -0.1301
vn -0.5898 0.2098 -0.7798
vn -0.6369 0.2650 -0.7240
vn -0.5485 0.3275 -0.7694
vn -0.6594 0.1777 -0.7305
vn -0.4704 0.4151 -0.7787
vn -0.5259 0.3756 -0.7631
vn -0.6922 0.0910 -0.7159
vn -0.5815 0.1305 -0.8030
vn -0.7071 0.0039 -0.7071
vn -0.5203 0.0119 -0.8539
vn -0.6238 -0.1868 -0.7589
vn -0.4305 -0.4147 -0.8017
vn -0.3196 -0.4222 -0.8483
vn -0.2255 -0.5737 -0.7874
vn 0.1385 -0.7714 -0.6211
vn 0.0909 -0.6207 -0.7788
vn -0.0435 -0.6531 -0.7560
vn 0.2584 -0.7752 -0.5765
vn 0.2096 -0.6209 -0.7553
vn 0.0908 -0.6677 -0.7388
vn 0.2730 -0.6054 -0.7477
vn 0.2415 -0.6455 -0.7246
vn 0.3350 -0.7369 -0.5872
vn 0.3676 -0.6127 -0.6996
vn 0.3435 -0.5804 -0.7383
vn 0.4301 -0.5721 -0.6984
vn 0.3994 -0.5418 -0.7395
vn 0.4856 -0.5251 -0.6989
vn 0.4534 -0.5008 -0.7373
vn 0.4152 -0.6998 -0.5812
vn 0.5328 -0.4776 -0.6986
vn 0.4838 -0.6569 -0.5782
vn 0.2256 -0.3761 -0.8987
vn 0.1230 -0.2658 -0.9561
vn 0.1782 -0.4000 -0.8990
vn 0.0992 -0.2739 -0.9566
vn 0.1386 -0.4158 -0.8989
vn -0.4402 0.1547 -0.8845
vn 0.0274 0.8430 -0.5372
vn -0.5960 0.6829 -0.4224
vn -0.6994 0.6757 -0.2331
vn -0.3365 0.5503 -0.7641
vn -0.8432 0.4949 -0.2098
vn -0.4702 0.4702 -0.7468
vn -0.9308 0.2812 -0.2337
vn -0.5804 0.3435 -0.7383
vn -0.1460 0.6117 -0.7775
vn 0.0039 0.0039 -1.0000
vn 0.0040 0.6367 -0.7711
vn 0.1537 0.6110 -0.7766
vn 0.4549 -0.4311 -0.7792
vn -0.6371 0.1860 -0.7480
vn -0.6405 0.0199 -0.7677
vn -0.8874 0.1854 -0.4220
vn -0.6045 -0.1699 -0.7783
vn -0.3451 0.3134 -0.8847
vn -0.7163 -0.4393 -0.5422
vn -0.0040 -0.4329 -0.9014
vn -0.5512 -0.3133 -0.7733
vn -0.8189 -0.4708 -0.3283
vn 0.2326 -0.4770 -0.8476
vn -0.4300 -0.4852 -0.7614
vn 0.2886 -0.5099 -0.8104
vn 0.3899 -0.3427 -0.8547
vn 0.5944 0.0905 -0.7991
vn 0.0435 -0.6531 -0.7560
vn 0.5334 0.3121 -0.7862
vn -0.0989 -0.6289 -0.7712
vn 0.3744 0.4689 -0.8000
vn 0.2418 -0.6619 -0.7095
vn 0.3839 -0.6529 -0.6529
vn 0.4855 -0.4145 -0.7697
vn 0.5930 -0.0118 -0.8051
vn 0.5499 0.3204 -0.7713
vn 0.2862 0.5215 -0.8038
vn -0.1139 0.6325 -0.7661
vn -0.1063 0.5081 -0.8547
vn 0.0039 0.5410 -0.8410
vn -0.2958 0.5088 -0.8085
vn -0.3751 0.6594 -0.6515
vn -0.4545 0.5414 -0.7074
vn -0.2961 0.4382 -0.8487
vn -0.5954 0.2327 -0.7690
vn -0.5420 0.3679 -0.7556
vn -0.6549 -0.0913 -0.7502
vn -0.6351 -0.1302 -0.7614
vn -0.6009 -0.3462 -0.7204
vn -0.5367 -0.3141 -0.7832
vn -0.4088 -0.5199 -0.7501
vn -0.4486 -0.4327 -0.7820
vn -0.3836 0.2175 -0.8975
vn 0.1781 -0.3838 -0.9061
vn 0.0992 -0.4561 -0.8844
vn -0.2889 -0.8587 -0.4234
vn 0.3659 -0.2006 -0.9088
vn 0.2576 -0.4557 -0.8520
vn 0.1860 -0.5658 -0.8033
vn 0.4848 -0.4454 -0.7528
vn -0.3053 -0.5669 -0.7651
vn 0.5788 -0.1614 -0.7993
vn 0.6168 0.0904 -0.7819
vn 0.3587 -0.6110 -0.7056
vn 0.2726 -0.6439 -0.7149
vn 0.1853 -0.6584 -0.7295
vn -0.0514 -0.6444 -0.7630
vn 0.0993 -0.6794 -0.7270
vn 0.0039 -0.9915 -0.1304
vn -0.2256 -0.9458 -0.2335
vn -0.1149 -0.6143 -0.7807
vn 0.0039 -0.6912 -0.7227
vn -0.1621 -0.6445 -0.7472
vn 0.0040 -0.6367 -0.7711
vn 0.0040 -0.9777 -0.2098
vn 0.0040 -0.6748 -0.7380
vn 0.1698 -0.6436 -0.7463
vn 0.3124 -0.5655 -0.7633
vn 0.2331 -0.9441 -0.2331
vn 0.2961 -0.8567 -0.4224
vn 0.1227 -0.6137 -0.7800
vn 0.0593 -0.6441 -0.7626
vn -0.0914 -0.6799 -0.7276
vn -0.1777 -0.6594 -0.7305
vn -0.1783 -0.5667 -0.8044
vn -0.2652 -0.6452 -0.7165
vn -0.0913 -0.4564 -0.8851
vn -0.3518 -0.6128 -0.7076
vn -0.2502 -0.4567 -0.8537
vn -0.4787 -0.4471 -0.7556
vn -0.5736 -0.1622 -0.8030
vn -0.6120 0.0907 -0.7857
vn -0.5249 -0.0671 -0.8485
vn -0.5889 0.2885 -0.7549
vn -0.4932 0.3906 -0.7773
vn -0.5327 0.4143 -0.7379
vn -0.4309 0.4941 -0.7551
vn -0.3904 0.5403 -0.7454
vn -0.4387 0.5335 -0.7232
vn -0.3350 0.5872 -0.7369
vn -0.3434 0.6276 -0.6987
vn -0.2720 0.6188 -0.7370
vn -0.2801 0.6588 -0.6983
vn -0.2090 0.6425 -0.7372
vn -0.2169 0.6823 -0.6981
vn -0.1375 0.6558 -0.7423
vn -0.1454 0.7035 -0.6956
vn -0.0669 0.6650 -0.7438
vn -0.0748 0.7130 -0.6972
vn 0.0039 0.6665 -0.7455
vn 0.0039 0.7188 -0.6952
vn 0.0827 0.7125 -0.6968
vn 0.0747 0.6647 -0.7434
vn 0.1531 0.7027 -0.6949
vn 0.1451 0.6551 -0.7415
vn 0.2244 0.6811 -0.6969
vn 0.2165 0.6415 -0.7360
vn 0.2873 0.6573 -0.6967
vn 0.2792 0.6174 -0.7354
vn 0.3504 0.6259 -0.6968
vn 0.3419 0.5856 -0.7349
vn 0.4450 0.5316 -0.7207
vn 0.3971 0.5386 -0.7431
vn 0.5383 0.4126 -0.7348
vn 0.5936 0.2877 -0.7516
vn 0.7431 -0.3971 -0.5386
vn 0.5423 -0.3127 -0.7798
vn 0.3903 0.2168 -0.8948
vn -0.1704 -0.3843 -0.9073
vn 0.5475 0.3663 -0.7523
vn -0.3590 -0.2012 -0.9114
vn 0.3033 0.4371 -0.8467
vn 0.0039 0.5409 -0.8411
vn 0.3030 0.5076 -0.8066
vn -0.3676 0.4703 -0.8023
vn 0.1141 0.5077 -0.8540
vn -0.5277 0.3134 -0.7895
vn -0.2790 0.5226 -0.8056
vn 0.1217 0.6319 -0.7654
vn -0.5893 0.0910 -0.8028
vn -0.5443 0.3218 -0.7747
vn -0.3832 -0.3437 -0.8573
vn -0.5879 -0.0119 -0.8088
vn -0.2813 -0.5111 -0.8122
vn -0.4794 -0.4161 -0.7727
vn -0.3771 -0.6549 -0.6549
vn 0.3819 0.6574 -0.6496
vn 0.4607 0.5394 -0.7048
vn 0.6005 0.2316 -0.7653
vn 0.6398 -0.1295 -0.7575
vn 0.6594 -0.0908 -0.7463
vn 0.6060 -0.3446 -0.7169
vn 0.4153 -0.5182 -0.7476
vn 0.1067 -0.6283 -0.7706
vn -0.0356 -0.6533 -0.7562
vn -0.2343 -0.6632 -0.7108
vt 0.024490 0.752808
vt 0.001030 0.752808
vt 0.001030 0.678223
vt 0.024490 0.678223
vt 0.055725 0.752808
vt 0.055725 0.678223
vt 0.086975 0.752808
vt 0.086975 0.678223
vt 0.118286 0.752808
vt 0.118286 0.678223
vt 0.149536 0.752808
vt 0.149536 0.678223
vt 0.180786 0.752808
vt 0.180786 0.678223
vt 0.212036 0.752808
vt 0.212036 0.678223
vt 0.243286 0.752808
vt 0.243286 0.678223
vt 0.274658 0.752808
vt 0.274658 0.678223
vt 0.305908 0.752808
vt 0.305908 0.678223
vt 0.337158 0.752808
vt 0.337158 0.678223
vt 0.368408 0.752808
vt 0.368408 0.678223
vt 0.399658 0.752808
vt 0.399658 0.678223
vt 0.430908 0.752808
vt 0.430908 0.678223
vt 0.469971 0.678223
vt 0.469971 0.752808
vt 0.493408 0.678223
vt 0.493408 0.752808
vt 0.524414 0.752808
vt 0.524414 0.678223
vt 0.555664 0.752808
vt 0.555664 0.678223
vt 0.586914 0.752808
vt 0.586914 0.678223
vt 0.618652 0.752808
vt 0.618652 0.678223
vt 0.649902 0.752808
vt 0.649902 0.678223
vt 0.681152 0.752808
vt 0.681152 0.678223
vt 0.712402 0.752808
vt 0.712402 0.678223
vt 0.743652 0.752808
vt 0.743652 0.678223
vt 0.774902 0.752808
vt 0.774902 0.678223
vt 0.806152 0.752808
vt 0.806152 0.678223
vt 0.837402 0.752808
vt 0.837402 0.678223
vt 0.868652 0.752808
vt 0.868652 0.678223
vt 0.899902 0.752808
vt 0.899902 0.678223
vt 0.938965 0.678223
vt 0.938965 0.752808
vt 1.899414 0.752808
vt 1.938477 0.678223
vt 1.938477 0.752808
vt 1.899414 0.678223
vt 1.868164 0.678223
vt 1.868164 0.752808
vt 1.836914 0.678223
vt 1.836914 0.752808
vt 1.805664 0.678223
vt 1.805664 0.752808
vt 1.774414 0.678223
vt 1.774414 0.752808
vt 1.743164 0.678223
vt 1.743164 0.752808
vt 1.711914 0.678223
vt 1.711914 0.752808
vt 1.680664 0.678223
vt 1.680664 0.752808
vt 1.649414 0.678223
vt 1.649414 0.752808
vt 1.618164 0.678223
vt 1.618164 0.752808
vt 1.586914 0.752808
vt 1.586914 0.678223
vt 1.555664 0.752808
vt 1.555664 0.678223
vt 1.524414 0.752808
vt 1.524414 0.678223
vt 1.493164 0.678223
vt 1.493164 0.752808
vt 1.469727 0.678223
vt 1.469727 0.752808
vt 1.430664 0.678223
vt 1.430664 0.752808
vt 1.399414 0.678223
vt 1.399414 0.752808
vt 1.368164 0.678223
vt 1.368164 0.752808
vt 1.336914 0.678223
vt 1.336914 0.752808
vt 1.305664 0.678223
vt 1.305664 0.752808
vt 1.274414 0.678223
vt 1.274414 0.752808
vt 1.243164 0.678223
vt 1.243164 0.752808
vt 1.211914 0.678223
vt 1.211914 0.752808
vt 1.180664 0.678223
vt 1.180664 0.752808
vt 1.149414 0.678223
vt 1.149414 0.752808
vt 1.118164 0.678223
vt 1.118164 0.752808
vt 1.086914 0.678223
vt 1.086914 0.752808
vt 1.055664 0.678223
vt 1.055664 0.752808
vt 1.024414 0.678223
vt 1.024414 0.752808
vt 1.000977 0.752808
vt 1.000977 0.678223
vt 0.998535 0.760010
vt 0.998535 0.765869
vt 0.957031 0.760010
vt 0.957031 0.765869
vt 0.998535 0.804443
vt 0.923828 0.765869
vt 0.923828 0.760010
vt 0.957031 0.804443
vt 0.890625 0.765869
vt 0.890625 0.760010
vt 0.857422 0.760010
vt 0.923828 0.804443
vt 0.890625 0.804443
vt 0.857422 0.765869
vt 0.824219 0.765869
vt 0.824219 0.760010
vt 0.791016 0.760010
vt 0.857422 0.804443
vt 0.824219 0.804443
vt 0.791016 0.765869
vt 0.890625 0.824219
vt 0.824219 0.824219
vt 0.923828 0.824219
vt 0.857422 0.824219
vt 0.957031 0.824219
vt 0.998535 0.824219
vt 0.890625 0.839844
vt 0.923828 0.839844
vt 0.957031 0.839844
vt 0.998535 0.839844
vt 0.998535 0.857544
vt 0.957031 0.857544
vt 0.998535 0.875610
vt 0.923828 0.857544
vt 0.957031 0.875610
vt 0.957031 0.893738
vt 0.998535 0.893738
vt 0.923828 0.875610
vt 0.957031 0.911438
vt 0.998535 0.911438
vt 0.923828 0.893738
vt 0.923828 0.911438
vt 0.957031 0.927124
vt 0.998535 0.927124
vt 0.998535 0.946869
vt 0.957031 0.946869
vt 0.998535 0.985405
vt 0.923828 0.927124
vt 0.957031 0.985405
vt 0.998535 0.991318
vt 0.957031 0.991318
vt 0.923828 0.946869
vt 0.923828 0.985405
vt 0.923828 0.991318
vt 0.890625 0.927124
vt 0.890625 0.985405
vt 0.890625 0.991318
vt 0.890625 0.946869
vt 0.857422 0.991318
vt 0.857422 0.985405
vt 0.857422 0.946869
vt 0.824219 0.985405
vt 0.824219 0.991318
vt 0.791016 0.991318
vt 0.824219 0.946869
vt 0.791016 0.985405
vt 0.757324 0.985405
vt 0.757324 0.991318
vt 0.724121 0.991318
vt 0.791016 0.946869
vt 0.757324 0.946869
vt 0.724121 0.985405
vt 0.690918 0.985413
vt 0.690918 0.991318
vt 0.657715 0.991318
vt 0.724121 0.946869
vt 0.690918 0.946869
vt 0.657715 0.985405
vt 0.624512 0.985405
vt 0.624512 0.991318
vt 0.591309 0.991318
vt 0.657715 0.946869
vt 0.624512 0.946869
vt 0.591309 0.985405
vt 0.558105 0.985405
vt 0.558105 0.991318
vt 0.591309 0.946869
vt 0.524902 0.985405
vt 0.524902 0.991318
vt 0.499756 0.991318
vt 0.558105 0.946869
vt 0.524902 0.946869
vt 0.499756 0.985405
vt 0.458252 0.985405
vt 0.458252 0.991318
vt 0.499756 0.946869
vt 0.425049 0.985405
vt 0.425049 0.991318
vt 0.458252 0.946869
vt 0.425049 0.946869
vt 0.391846 0.985405
vt 0.391846 0.991318
vt 0.358398 0.991318
vt 0.391846 0.946869
vt 0.358398 0.985405
vt 0.325195 0.985405
vt 0.325195 0.991318
vt 0.291992 0.991318
vt 0.358398 0.946869
vt 0.325195 0.946869
vt 0.291992 0.985413
vt 0.391846 0.927124
vt 0.325195 0.927124
vt 0.425049 0.927124
vt 0.358398 0.927124
vt 0.458252 0.927124
vt 0.391846 0.911438
vt 0.425049 0.911438
vt 0.499756 0.927124
vt 0.458252 0.911438
vt 0.524902 0.927124
vt 0.499756 0.911438
vt 0.558105 0.927124
vt 0.524902 0.911438
vt 0.591309 0.927124
vt 0.499756 0.893738
vt 0.558105 0.911438
vt 0.524902 0.893738
vt 0.458252 0.893738
vt 0.499756 0.875610
vt 0.425049 0.893738
vt 0.458252 0.875610
vt 0.391846 0.893738
vt 0.425049 0.875610
vt 0.358398 0.911438
vt 0.391846 0.875610
vt 0.325195 0.911438
vt 0.358398 0.893738
vt 0.358398 0.875610
vt 0.325195 0.893738
vt 0.291992 0.927124
vt 0.291992 0.911438
vt 0.291992 0.946869
vt 0.258789 0.911438
vt 0.258789 0.927124
vt 0.258789 0.946869
vt 0.258789 0.985413
vt 0.258789 0.991318
vt 0.225464 0.991318
vt 0.225464 0.985413
vt 0.225464 0.946869
vt 0.192261 0.985413
vt 0.192261 0.991318
vt 0.158936 0.991318
vt 0.192261 0.946869
vt 0.158936 0.985413
vt 0.225464 0.927124
vt 0.192261 0.927124
vt 0.158936 0.946869
vt 0.125732 0.985413
vt 0.125732 0.991318
vt 0.092468 0.991318
vt 0.125732 0.946869
vt 0.092468 0.985413
vt 0.059204 0.985413
vt 0.059204 0.991318
vt 0.092468 0.946869
vt 0.025986 0.985413
vt 0.025986 0.991318
vt 0.001030 0.991318
vt 0.001030 0.985405
vt 0.025986 0.946869
vt 0.001030 0.946869
vt 0.059204 0.946869
vt 0.025986 0.927124
vt 0.001030 0.927124
vt 0.059204 0.927124
vt 0.025986 0.911438
vt 0.001030 0.911438
vt 0.001030 0.893738
vt 0.092468 0.927124
vt 0.025986 0.893738
vt 0.059204 0.911438
vt 0.001030 0.875610
vt 0.092468 0.911438
vt 0.059204 0.893738
vt 0.025986 0.875610
vt 0.025986 0.857544
vt 0.001030 0.857544
vt 0.059204 0.875610
vt 0.025986 0.839844
vt 0.001030 0.839844
vt 0.001030 0.824219
vt 0.059204 0.857544
vt 0.059204 0.839844
vt 0.025986 0.824219
vt 0.001030 0.804443
vt 0.059204 0.824219
vt 0.025986 0.804443
vt 0.001030 0.765869
vt 0.059204 0.804443
vt 0.025986 0.765869
vt 0.001030 0.760010
vt 0.025986 0.760010
vt 0.059204 0.760010
vt 0.059204 0.765869
vt 0.092468 0.760010
vt 0.092468 0.765869
vt 0.092468 0.804443
vt 0.125732 0.765869
vt 0.125732 0.760010
vt 0.158936 0.760010
vt 0.125732 0.804443
vt 0.158936 0.765869
vt 0.092468 0.824219
vt 0.125732 0.824219
vt 0.092468 0.839844
vt 0.125732 0.839844
vt 0.092468 0.857544
vt 0.158936 0.804443
vt 0.158936 0.824219
vt 0.125732 0.857544
vt 0.158936 0.839844
vt 0.092468 0.875610
vt 0.092468 0.893738
vt 0.125732 0.875610
vt 0.125732 0.911438
vt 0.125732 0.893738
vt 0.125732 0.927124
vt 0.158936 0.927124
vt 0.158936 0.911438
vt 0.192261 0.911438
vt 0.158936 0.893738
vt 0.225464 0.911438
vt 0.192261 0.893738
vt 0.158936 0.875610
vt 0.225464 0.893738
vt 0.192261 0.875610
vt 0.158936 0.857544
vt 0.192261 0.857544
vt 0.192261 0.839844
vt 0.225464 0.857544
vt 0.192261 0.824219
vt 0.225464 0.839844
vt 0.225464 0.824219
vt 0.258789 0.839844
vt 0.225464 0.875610
vt 0.258789 0.857544
vt 0.258789 0.893738
vt 0.258789 0.875610
vt 0.291992 0.875610
vt 0.291992 0.893738
vt 0.325195 0.875610
vt 0.291992 0.857544
vt 0.325195 0.857544
vt 0.358398 0.857544
vt 0.291992 0.839844
vt 0.325195 0.839844
vt 0.391846 0.857544
vt 0.291992 0.824219
vt 0.425049 0.857544
vt 0.358398 0.839844
vt 0.391846 0.839844
vt 0.458252 0.857544
vt 0.358398 0.824219
vt 0.325195 0.824219
vt 0.391846 0.824219
vt 0.358398 0.804443
vt 0.291992 0.804443
vt 0.325195 0.804443
vt 0.258789 0.824219
vt 0.225464 0.804443
vt 0.258789 0.804443
vt 0.192261 0.804443
vt 0.225464 0.765869
vt 0.192261 0.765869
vt 0.192261 0.760010
vt 0.225464 0.760010
vt 0.258789 0.765869
vt 0.258789 0.760010
vt 0.291992 0.760010
vt 0.291992 0.765869
vt 0.325195 0.765869
vt 0.325195 0.760010
vt 0.358398 0.760010
vt 0.358398 0.765869
vt 0.391846 0.765869
vt 0.391846 0.760010
vt 0.425049 0.760010
vt 0.391846 0.804443
vt 0.425049 0.765869
vt 0.458252 0.760010
vt 0.425049 0.804443
vt 0.458252 0.765869
vt 0.499756 0.760010
vt 0.425049 0.824219
vt 0.458252 0.804443
vt 0.499756 0.765869
vt 0.425049 0.839844
vt 0.458252 0.824219
vt 0.458252 0.839844
vt 0.499756 0.804443
vt 0.499756 0.824219
vt 0.499756 0.857544
vt 0.499756 0.839844
vt 0.524902 0.839844
vt 0.524902 0.824219
vt 0.524902 0.857544
vt 0.524902 0.875610
vt 0.558105 0.839844
vt 0.558105 0.893738
vt 0.558105 0.857544
vt 0.591309 0.911438
vt 0.558105 0.875610
vt 0.591309 0.893738
vt 0.624512 0.911438
vt 0.624512 0.927124
vt 0.657715 0.927124
vt 0.690918 0.927124
vt 0.657715 0.911438
vt 0.724121 0.927124
vt 0.690918 0.911438
vt 0.757324 0.927124
vt 0.724121 0.911438
vt 0.791016 0.927124
vt 0.757324 0.911438
vt 0.824219 0.927124
vt 0.857422 0.927124
vt 0.824219 0.911438
vt 0.890625 0.911438
vt 0.857422 0.911438
vt 0.890625 0.893738
vt 0.857422 0.893738
vt 0.890625 0.875610
vt 0.890625 0.857544
vt 0.857422 0.875610
vt 0.857422 0.839844
vt 0.857422 0.857544
vt 0.824219 0.839844
vt 0.824219 0.857544
vt 0.824219 0.893738
vt 0.824219 0.875610
vt 0.791016 0.911438
vt 0.791016 0.893738
vt 0.757324 0.893738
vt 0.791016 0.875610
vt 0.791016 0.857544
vt 0.791016 0.839844
vt 0.757324 0.857544
vt 0.791016 0.824219
vt 0.757324 0.839844
vt 0.791016 0.804443
vt 0.757324 0.824219
vt 0.757324 0.804443
vt 0.757324 0.765869
vt 0.757324 0.760010
vt 0.724121 0.760010
vt 0.724121 0.765869
vt 0.724121 0.804443
vt 0.690918 0.765869
vt 0.690918 0.760010
vt 0.657715 0.760010
vt 0.690918 0.804443
vt 0.657715 0.765869
vt 0.724121 0.824219
vt 0.690918 0.824219
vt 0.657715 0.804443
vt 0.624512 0.765869
vt 0.624512 0.760010
vt 0.591309 0.760010
vt 0.624512 0.804443
vt 0.591309 0.765869
vt 0.558105 0.765869
vt 0.558105 0.760010
vt 0.591309 0.804443
vt 0.524902 0.765869
vt 0.524902 0.760010
vt 0.524902 0.804443
vt 0.558105 0.804443
vt 0.558105 0.824219
vt 0.591309 0.824219
vt 0.624512 0.824219
vt 0.591309 0.839844
vt 0.624512 0.839844
vt 0.657715 0.824219
vt 0.591309 0.857544
vt 0.657715 0.839844
vt 0.591309 0.875610
vt 0.624512 0.857544
vt 0.624512 0.893738
vt 0.624512 0.875610
vt 0.657715 0.893738
vt 0.657715 0.857544
vt 0.657715 0.875610
vt 0.690918 0.893738
vt 0.690918 0.857544
vt 0.724121 0.893738
vt 0.690918 0.875610
vt 0.724121 0.875610
vt 0.724121 0.857544
vt 0.757324 0.875610
vt 0.724121 0.839844
vt 0.690918 0.839844
vt 1.998047 0.760010
vt 1.998047 0.765869
vt 1.957031 0.760010
vt 1.957031 0.765869
vt 1.998047 0.804443
vt 1.923828 0.765869
vt 1.923828 0.760010
vt 1.957031 0.804443
vt 1.998047 0.824219
vt 1.923828 0.804443
vt 1.890625 0.765869
vt 1.890625 0.760010
vt 1.857422 0.760010
vt 1.890625 0.804443
vt 1.857422 0.765869
vt 1.824219 0.765869
vt 1.824219 0.760010
vt 1.791016 0.760010
vt 1.857422 0.804443
vt 1.824219 0.804443
vt 1.791016 0.765869
vt 1.756836 0.765869
vt 1.756836 0.760010
vt 1.723633 0.760010
vt 1.791016 0.804443
vt 1.756836 0.804443
vt 1.723633 0.765869
vt 1.690430 0.765869
vt 1.690430 0.760010
vt 1.657227 0.760010
vt 1.723633 0.804443
vt 1.690430 0.804443
vt 1.657227 0.765869
vt 1.624023 0.765869
vt 1.624023 0.760010
vt 1.590820 0.760010
vt 1.657227 0.804443
vt 1.624023 0.804443
vt 1.590820 0.765869
vt 1.557617 0.765869
vt 1.557617 0.760010
vt 1.590820 0.804443
vt 1.524414 0.765869
vt 1.524414 0.760010
vt 1.499023 0.760010
vt 1.557617 0.804443
vt 1.524414 0.804443
vt 1.499023 0.765869
vt 1.458008 0.765869
vt 1.458008 0.760010
vt 1.499023 0.804443
vt 1.424805 0.765869
vt 1.424805 0.760010
vt 1.458008 0.804443
vt 1.424805 0.804443
vt 1.391602 0.765869
vt 1.391602 0.760010
vt 1.358398 0.760010
vt 1.391602 0.804443
vt 1.358398 0.765869
vt 1.325195 0.765869
vt 1.325195 0.760010
vt 1.291992 0.760010
vt 1.358398 0.804443
vt 1.325195 0.804443
vt 1.291992 0.765869
vt 1.258789 0.765869
vt 1.258789 0.760010
vt 1.224609 0.760010
vt 1.291992 0.804443
vt 1.258789 0.804443
vt 1.224609 0.765869
vt 1.191406 0.765869
vt 1.191406 0.760010
vt 1.158203 0.760010
vt 1.224609 0.804443
vt 1.191406 0.804443
vt 1.158203 0.765869
vt 1.125000 0.765869
vt 1.125000 0.760010
vt 1.091797 0.760010
vt 1.158203 0.804443
vt 1.125000 0.804443
vt 1.091797 0.765869
vt 1.058594 0.765869
vt 1.058594 0.760010
vt 1.091797 0.804443
vt 1.025391 0.765869
vt 1.025391 0.760010
vt 1.000977 0.760010
vt 1.000977 0.765869
vt 1.025391 0.804443
vt 1.000977 0.804443
vt 1.058594 0.804443
vt 1.025391 0.824219
vt 1.000977 0.824219
vt 1.058594 0.824219
vt 1.025391 0.839844
vt 1.000977 0.839844
vt 1.000977 0.857544
vt 1.091797 0.824219
vt 1.025391 0.857544
vt 1.058594 0.839844
vt 1.000977 0.875610
vt 1.125000 0.824219
vt 1.091797 0.839844
vt 1.158203 0.824219
vt 1.125000 0.839844
vt 1.058594 0.857544
vt 1.091797 0.857544
vt 1.025391 0.875610
vt 1.058594 0.875610
vt 1.025391 0.893738
vt 1.000977 0.893738
vt 1.058594 0.893738
vt 1.025391 0.911438
vt 1.000977 0.911438
vt 1.000977 0.927124
vt 1.058594 0.911438
vt 1.025391 0.927124
vt 1.000977 0.946869
vt 1.058594 0.927124
vt 1.025391 0.946869
vt 1.000977 0.985405
vt 1.058594 0.946869
vt 1.025391 0.985413
vt 1.000977 0.991318
vt 1.025391 0.991318
vt 1.058594 0.991318
vt 1.058594 0.985413
vt 1.091797 0.991318
vt 1.091797 0.985413
vt 1.091797 0.946869
vt 1.125000 0.985413
vt 1.125000 0.991318
vt 1.158203 0.991318
vt 1.125000 0.946869
vt 1.158203 0.985413
vt 1.091797 0.927124
vt 1.125000 0.927124
vt 1.091797 0.911438
vt 1.125000 0.911438
vt 1.091797 0.893738
vt 1.158203 0.946869
vt 1.091797 0.875610
vt 1.125000 0.893738
vt 1.125000 0.857544
vt 1.125000 0.875610
vt 1.158203 0.839844
vt 1.158203 0.857544
vt 1.191406 0.839844
vt 1.191406 0.824219
vt 1.224609 0.824219
vt 1.258789 0.824219
vt 1.224609 0.839844
vt 1.291992 0.824219
vt 1.258789 0.839844
vt 1.325195 0.824219
vt 1.191406 0.857544
vt 1.224609 0.857544
vt 1.158203 0.875610
vt 1.191406 0.875610
vt 1.158203 0.893738
vt 1.191406 0.893738
vt 1.158203 0.911438
vt 1.191406 0.911438
vt 1.158203 0.927124
vt 1.191406 0.927124
vt 1.224609 0.911438
vt 1.191406 0.946869
vt 1.224609 0.927124
vt 1.224609 0.946869
vt 1.191406 0.985413
vt 1.191406 0.991318
vt 1.224609 0.991318
vt 1.224609 0.985413
vt 1.258789 0.985413
vt 1.258789 0.991318
vt 1.291992 0.991318
vt 1.258789 0.946869
vt 1.291992 0.985413
vt 1.258789 0.927124
vt 1.291992 0.946869
vt 1.325195 0.985405
vt 1.325195 0.991318
vt 1.358398 0.991318
vt 1.325195 0.946869
vt 1.358398 0.985405
vt 1.391602 0.985405
vt 1.391602 0.991318
vt 1.424805 0.991318
vt 1.358398 0.946869
vt 1.424805 0.985405
vt 1.458008 0.991318
vt 1.391602 0.946869
vt 1.458008 0.985405
vt 1.499023 0.991318
vt 1.424805 0.946869
vt 1.391602 0.927124
vt 1.325195 0.927124
vt 1.358398 0.927124
vt 1.291992 0.927124
vt 1.325195 0.911438
vt 1.258789 0.911438
vt 1.291992 0.911438
vt 1.224609 0.893738
vt 1.291992 0.893738
vt 1.224609 0.875610
vt 1.258789 0.893738
vt 1.258789 0.857544
vt 1.258789 0.875610
vt 1.291992 0.875610
vt 1.291992 0.857544
vt 1.291992 0.839844
vt 1.325195 0.875610
vt 1.325195 0.857544
vt 1.325195 0.839844
vt 1.325195 0.893738
vt 1.358398 0.875610
vt 1.358398 0.893738
vt 1.358398 0.857544
vt 1.391602 0.875610
vt 1.358398 0.911438
vt 1.391602 0.893738
vt 1.391602 0.911438
vt 1.424805 0.875610
vt 1.424805 0.927124
vt 1.424805 0.893738
vt 1.424805 0.911438
vt 1.458008 0.946869
vt 1.458008 0.927124
vt 1.499023 0.985405
vt 1.499023 0.946869
vt 1.524414 0.985405
vt 1.524414 0.991318
vt 1.557617 0.991318
vt 1.524414 0.946869
vt 1.557617 0.985405
vt 1.590820 0.991318
vt 1.524414 0.927124
vt 1.557617 0.946869
vt 1.590820 0.985405
vt 1.499023 0.927124
vt 1.557617 0.927124
vt 1.458008 0.911438
vt 1.524414 0.911438
vt 1.499023 0.911438
vt 1.458008 0.893738
vt 1.499023 0.893738
vt 1.458008 0.875610
vt 1.499023 0.875610
vt 1.524414 0.893738
vt 1.557617 0.911438
vt 1.524414 0.875610
vt 1.557617 0.893738
vt 1.590820 0.927124
vt 1.590820 0.911438
vt 1.590820 0.946869
vt 1.624023 0.911438
vt 1.624023 0.927124
vt 1.624023 0.946869
vt 1.624023 0.985405
vt 1.624023 0.991318
vt 1.657227 0.991318
vt 1.657227 0.985405
vt 1.657227 0.946869
vt 1.690430 0.985413
vt 1.690430 0.991318
vt 1.723633 0.991318
vt 1.690430 0.946869
vt 1.723633 0.985405
vt 1.657227 0.927124
vt 1.690430 0.927124
vt 1.723633 0.946869
vt 1.756836 0.985405
vt 1.756836 0.991318
vt 1.791016 0.991318
vt 1.756836 0.946869
vt 1.791016 0.985405
vt 1.824219 0.985405
vt 1.824219 0.991318
vt 1.857422 0.991318
vt 1.791016 0.946869
vt 1.824219 0.946869
vt 1.857422 0.985405
vt 1.890625 0.985405
vt 1.890625 0.991318
vt 1.923828 0.991318
vt 1.857422 0.946869
vt 1.923828 0.985405
vt 1.957031 0.991318
vt 1.890625 0.946869
vt 1.957031 0.985405
vt 1.998047 0.991318
vt 1.998047 0.985405
vt 1.923828 0.946869
vt 1.957031 0.946869
vt 1.998047 0.946869
vt 1.998047 0.927124
vt 1.890625 0.927124
vt 1.923828 0.927124
vt 1.957031 0.927124
vt 1.998047 0.911438
vt 1.957031 0.911438
vt 1.998047 0.893738
vt 1.923828 0.911438
vt 1.957031 0.893738
vt 1.998047 0.875610
vt 1.890625 0.911438
vt 1.923828 0.893738
vt 1.957031 0.875610
vt 1.957031 0.857544
vt 1.998047 0.857544
vt 1.923828 0.875610
vt 1.957031 0.839844
vt 1.998047 0.839844
vt 1.923828 0.857544
vt 1.923828 0.839844
vt 1.957031 0.824219
vt 1.923828 0.824219
vt 1.890625 0.839844
vt 1.890625 0.824219
vt 1.890625 0.857544
vt 1.857422 0.824219
vt 1.857422 0.839844
vt 1.824219 0.824219
vt 1.824219 0.839844
vt 1.857422 0.857544
vt 1.791016 0.824219
vt 1.756836 0.824219
vt 1.791016 0.839844
vt 1.723633 0.824219
vt 1.756836 0.839844
vt 1.824219 0.857544
vt 1.791016 0.857544
vt 1.857422 0.875610
vt 1.824219 0.875610
vt 1.890625 0.875610
vt 1.890625 0.893738
vt 1.857422 0.893738
vt 1.857422 0.911438
vt 1.857422 0.927124
vt 1.824219 0.911438
vt 1.824219 0.893738
vt 1.824219 0.927124
vt 1.791016 0.927124
vt 1.791016 0.911438
vt 1.791016 0.893738
vt 1.756836 0.911438
vt 1.756836 0.927124
vt 1.723633 0.927124
vt 1.690430 0.911438
vt 1.723633 0.911438
vt 1.657227 0.911438
vt 1.690430 0.893738
vt 1.657227 0.893738
vt 1.624023 0.893738
vt 1.590820 0.893738
vt 1.624023 0.875610
vt 1.557617 0.875610
vt 1.590820 0.875610
vt 1.557617 0.857544
vt 1.590820 0.857544
vt 1.624023 0.857544
vt 1.657227 0.875610
vt 1.657227 0.857544
vt 1.624023 0.839844
vt 1.657227 0.839844
vt 1.690430 0.857544
vt 1.690430 0.839844
vt 1.690430 0.875610
vt 1.723633 0.893738
vt 1.723633 0.857544
vt 1.756836 0.893738
vt 1.723633 0.875610
vt 1.791016 0.875610
vt 1.756836 0.875610
vt 1.756836 0.857544
vt 1.723633 0.839844
vt 1.690430 0.824219
vt 1.657227 0.824219
vt 1.624023 0.824219
vt 1.590820 0.824219
vt 1.590820 0.839844
vt 1.557617 0.824219
vt 1.557617 0.839844
vt 1.524414 0.857544
vt 1.524414 0.839844
vt 1.524414 0.824219
vt 1.499023 0.857544
vt 1.499023 0.824219
vt 1.499023 0.839844
vt 1.458008 0.857544
vt 1.458008 0.839844
vt 1.424805 0.857544
vt 1.424805 0.839844
vt 1.458008 0.824219
vt 1.424805 0.824219
vt 1.391602 0.839844
vt 1.391602 0.824219
vt 1.358398 0.824219
vt 1.358398 0.839844
vt 1.391602 0.857544
vt 0.673340 0.390137
vt 0.688477 0.398438
vt 0.672852 0.392090
vt 0.600586 0.336426
vt 0.688965 0.400879
vt 0.698242 0.399414
vt 0.599121 0.337891
vt 0.586914 0.323730
vt 0.698730 0.401367
vt 0.706055 0.395508
vt 0.666992 0.400879
vt 0.713379 0.429199
vt 0.707520 0.397461
vt 0.712891 0.391602
vt 0.711426 0.389648
vt 0.724121 0.413086
vt 0.720215 0.378906
vt 0.717773 0.377441
vt 0.730957 0.388672
vt 0.727539 0.355957
vt 0.725098 0.354980
vt 0.734863 0.362793
vt 0.728516 0.333496
vt 0.726074 0.333496
vt 0.736328 0.336426
vt 0.726562 0.309570
vt 0.724121 0.309570
vt 0.734863 0.310059
vt 0.722656 0.284668
vt 0.720215 0.285156
vt 0.713379 0.260742
vt 0.730469 0.283691
vt 0.747070 0.309082
vt 0.715820 0.259766
vt 0.704590 0.236816
vt 0.723633 0.257812
vt 0.706543 0.235840
vt 0.692871 0.213867
vt 0.713867 0.232422
vt 0.742676 0.281250
vt 0.735840 0.253906
vt 0.694824 0.212402
vt 0.678711 0.191895
vt 0.701660 0.208496
vt 0.680664 0.190430
vt 0.663086 0.171875
vt 0.726074 0.227051
vt 0.664551 0.170410
vt 0.687012 0.186035
vt 0.712891 0.202148
vt 0.645996 0.152344
vt 0.644531 0.154297
vt 0.670410 0.165039
vt 0.697754 0.178223
vt 0.626465 0.136719
vt 0.625488 0.138672
vt 0.650879 0.145996
vt 0.606445 0.123047
vt 0.605469 0.125000
vt 0.586426 0.115234
vt 0.629883 0.129395
vt 0.586426 0.112793
vt 0.563477 0.110352
vt 0.607910 0.114746
vt 0.563477 0.107422
vt 0.549805 0.109863
vt 0.584473 0.103027
vt 0.548828 0.107910
vt 0.541992 0.111816
vt 0.560059 0.093750
vt 0.541016 0.109375
vt 0.534668 0.117188
vt 0.535156 0.087402
vt 0.562500 0.080566
vt 0.533203 0.115234
vt 0.516113 0.088867
vt 0.529297 0.124512
vt 0.531250 0.125977
vt 0.535156 0.075195
vt 0.528320 0.143555
vt 0.530762 0.143555
vt 0.538574 0.230957
vt 0.518066 0.143555
vt 0.537109 0.231934
vt 0.542969 0.249512
vt 0.541504 0.250488
vt 0.550293 0.270020
vt 0.523438 0.252930
vt 0.548340 0.270996
vt 0.559570 0.289551
vt 0.528320 0.265137
vt 0.557617 0.291016
vt 0.572266 0.307617
vt 0.540039 0.277344
vt 0.570312 0.309082
vt 0.552734 0.293945
vt 0.585449 0.325195
vt 0.561035 0.312988
vt 0.565918 0.329102
vt 0.574219 0.339355
vt 0.546387 0.318359
vt 0.662598 0.408203
vt 0.538574 0.302246
vt 0.528320 0.287109
vt 0.519043 0.296387
vt 0.514160 0.272949
vt 0.527832 0.308594
vt 0.507324 0.258301
vt 0.507812 0.286133
vt 0.509277 0.143555
vt 0.496582 0.264648
vt 0.504883 0.256836
vt 0.507324 0.087891
vt 0.507812 0.143555
vt 0.505859 0.073730
vt 0.504883 0.087402
vt 0.492676 0.246094
vt 0.497559 0.091309
vt 0.498291 0.143066
vt 0.491455 0.083984
vt 0.491943 0.104980
vt 0.486328 0.098145
vt 0.477295 0.069336
vt 0.485352 0.100098
vt 0.477295 0.082520
vt 0.489990 0.106934
vt 0.477295 0.095215
vt 0.477051 0.097656
vt 0.468994 0.099609
vt 0.493652 0.142578
vt 0.491699 0.142578
vt 0.487305 0.236328
vt 0.489014 0.237305
vt 0.486084 0.239258
vt 0.487549 0.240723
vt 0.487793 0.249023
vt 0.483154 0.244141
vt 0.482422 0.242188
vt 0.477051 0.245117
vt 0.477051 0.243164
vt 0.471680 0.242188
vt 0.477051 0.249512
vt 0.470703 0.244141
vt 0.467773 0.239258
vt 0.477051 0.264648
vt 0.466064 0.249512
vt 0.466553 0.240723
vt 0.464844 0.237305
vt 0.466797 0.236328
vt 0.461426 0.246094
vt 0.461426 0.142090
vt 0.463135 0.142090
vt 0.464600 0.105957
vt 0.456787 0.142090
vt 0.462646 0.104492
vt 0.468018 0.097168
vt 0.457031 0.090820
vt 0.463135 0.083984
vt 0.447021 0.142578
vt 0.449463 0.087402
vt 0.448975 0.073242
vt 0.447266 0.087402
vt 0.448486 0.257324
vt 0.477295 0.038574
vt 0.445801 0.143066
vt 0.508789 0.040039
vt 0.477295 0.009766
vt 0.539551 0.044922
vt 0.511719 0.011230
vt 0.545898 0.016602
vt 0.446045 0.040039
vt 0.442871 0.011230
vt 0.570312 0.051758
vt 0.578613 0.025391
vt 0.414795 0.044922
vt 0.408936 0.016602
vt 0.599609 0.062988
vt 0.610840 0.037598
vt 0.588867 0.090332
vt 0.627930 0.077148
vt 0.641602 0.053223
vt 0.613281 0.103516
vt 0.654297 0.094238
vt 0.670410 0.072266
vt 0.637207 0.118652
vt 0.679199 0.114258
vt 0.697266 0.093750
vt 0.659180 0.136719
vt 0.679688 0.156250
vt 0.701660 0.136230
vt 0.721680 0.118164
vt 0.721680 0.160645
vt 0.743652 0.145020
vt 0.738770 0.187012
vt 0.762207 0.173340
vt 0.777832 0.204102
vt 0.752930 0.215332
vt 0.790039 0.236328
vt 0.764160 0.244629
vt 0.798828 0.269531
vt 0.772461 0.275391
vt 0.804199 0.303711
vt 0.776855 0.306641
vt 0.806152 0.337891
vt 0.748535 0.337402
vt 0.778809 0.337891
vt 0.804199 0.372070
vt 0.747559 0.365723
vt 0.776855 0.369629
vt 0.798828 0.406250
vt 0.742676 0.393066
vt 0.771973 0.400879
vt 0.790039 0.439453
vt 0.762695 0.430664
vt 0.777832 0.471680
vt 0.734375 0.419434
vt 0.751465 0.459961
vt 0.762207 0.502197
vt 0.721191 0.445801
vt 0.737305 0.487793
vt 0.720215 0.514160
vt 0.743164 0.531250
vt 0.709473 0.437500
vt 0.700684 0.538818
vt 0.721680 0.557861
vt 0.679199 0.561523
vt 0.697754 0.582275
vt 0.676270 0.519531
vt 0.654785 0.581543
vt 0.670898 0.604004
vt 0.658203 0.540283
vt 0.636719 0.558350
vt 0.628418 0.598877
vt 0.642090 0.622803
vt 0.600098 0.613281
vt 0.611328 0.638428
vt 0.612793 0.573242
vt 0.570801 0.624756
vt 0.579102 0.650879
vt 0.587402 0.585938
vt 0.540527 0.633057
vt 0.545898 0.659668
vt 0.561035 0.596436
vt 0.534180 0.604248
vt 0.509277 0.638184
vt 0.511719 0.665283
vt 0.505859 0.608643
vt 0.477783 0.639648
vt 0.477783 0.666992
vt 0.443604 0.665283
vt 0.446289 0.638184
vt 0.409424 0.659912
vt 0.415039 0.633301
vt 0.376221 0.650879
vt 0.449463 0.608643
vt 0.384521 0.624756
vt 0.343994 0.638672
vt 0.421387 0.604004
vt 0.477783 0.610107
vt 0.355225 0.613281
vt 0.313477 0.623047
vt 0.394043 0.596436
vt 0.327148 0.599121
vt 0.284668 0.604248
vt 0.367676 0.586182
vt 0.300537 0.581787
vt 0.257812 0.582520
vt 0.342529 0.573486
vt 0.276123 0.562012
vt 0.233643 0.558350
vt 0.318848 0.558594
vt 0.254883 0.539062
vt 0.212036 0.531494
vt 0.297363 0.540527
vt 0.235229 0.514404
vt 0.193115 0.502686
vt 0.278809 0.520020
vt 0.307373 0.532227
vt 0.289307 0.513916
vt 0.327637 0.548584
vt 0.313721 0.515381
vt 0.349609 0.562988
vt 0.321045 0.527832
vt 0.337158 0.545654
vt 0.373291 0.574951
vt 0.355957 0.557861
vt 0.339111 0.544189
vt 0.323242 0.526611
vt 0.316162 0.514893
vt 0.357422 0.555908
vt 0.313477 0.507568
vt 0.377686 0.568359
vt 0.378906 0.566162
vt 0.311279 0.507568
vt 0.314209 0.498535
vt 0.401367 0.576904
vt 0.402344 0.574707
vt 0.398193 0.584229
vt 0.424316 0.591309
vt 0.426270 0.583740
vt 0.426758 0.581299
vt 0.450928 0.595459
vt 0.451904 0.587891
vt 0.452148 0.585449
vt 0.477783 0.596924
vt 0.477783 0.589111
vt 0.477783 0.586670
vt 0.503418 0.585693
vt 0.503418 0.588135
vt 0.528320 0.582031
vt 0.504395 0.595703
vt 0.529297 0.584229
vt 0.553223 0.574707
vt 0.531250 0.591553
vt 0.553711 0.576904
vt 0.576172 0.565918
vt 0.557129 0.584229
vt 0.577637 0.568115
vt 0.597656 0.555420
vt 0.582031 0.574707
vt 0.599609 0.557373
vt 0.616211 0.543701
vt 0.605469 0.562500
vt 0.618164 0.545410
vt 0.627930 0.548340
vt 0.634277 0.527832
vt 0.631836 0.526611
vt 0.639160 0.514648
vt 0.647949 0.531982
vt 0.641113 0.515381
vt 0.641113 0.507324
vt 0.665527 0.513672
vt 0.643555 0.507324
vt 0.640137 0.498535
vt 0.673828 0.496582
vt 0.642578 0.498047
vt 0.636719 0.489746
vt 0.634277 0.490723
vt 0.692383 0.495117
vt 0.620605 0.479980
vt 0.619141 0.481445
vt 0.539551 0.444824
vt 0.625977 0.470703
vt 0.539551 0.442871
vt 0.521484 0.439453
vt 0.679199 0.489258
vt 0.521484 0.437500
vt 0.500000 0.435059
vt 0.528320 0.420410
vt 0.500000 0.433105
vt 0.478271 0.433594
vt 0.515137 0.418945
vt 0.531738 0.404297
vt 0.499023 0.422852
vt 0.629883 0.462891
vt 0.478271 0.431152
vt 0.630859 0.461914
vt 0.456543 0.433594
vt 0.456787 0.435547
vt 0.534180 0.402832
vt 0.680664 0.487305
vt 0.549805 0.397461
vt 0.690430 0.477539
vt 0.636230 0.453613
vt 0.681152 0.479004
vt 0.710449 0.472656
vt 0.681152 0.465820
vt 0.698730 0.465820
vt 0.705078 0.452637
vt 0.708984 0.439453
vt 0.690918 0.450195
vt 0.662109 0.409668
vt 0.702148 0.444336
vt 0.687988 0.459473
vt 0.686035 0.458008
vt 0.679688 0.463867
vt 0.688477 0.450195
vt 0.671875 0.467285
vt 0.671875 0.464844
vt 0.638672 0.449707
vt 0.640137 0.448242
vt 0.561035 0.397461
vt 0.559082 0.398438
vt 0.558594 0.395020
vt 0.557129 0.395508
vt 0.549316 0.391602
vt 0.556152 0.390137
vt 0.558105 0.390137
vt 0.531738 0.391602
vt 0.554688 0.381836
vt 0.558594 0.384277
vt 0.560059 0.385254
vt 0.563477 0.380859
vt 0.562500 0.379395
vt 0.567383 0.377441
vt 0.567871 0.379395
vt 0.560059 0.372559
vt 0.571289 0.377930
vt 0.571289 0.379883
vt 0.565430 0.370117
vt 0.655273 0.422363
vt 0.654785 0.423828
vt 0.685059 0.442871
vt 0.657715 0.417969
vt 0.687500 0.441895
vt 0.562012 0.353516
vt 0.562012 0.350586
vt 0.551270 0.357422
vt 0.552246 0.337891
vt 0.541504 0.374512
vt 0.536133 0.353027
vt 0.530273 0.368164
vt 0.520508 0.381348
vt 0.537598 0.336914
vt 0.477539 0.338379
vt 0.534180 0.322266
vt 0.515625 0.402344
vt 0.507324 0.390137
vt 0.496338 0.407715
vt 0.492920 0.395020
vt 0.478271 0.425293
vt 0.478271 0.409180
vt 0.478027 0.396484
vt 0.463135 0.395508
vt 0.459961 0.407715
vt 0.457520 0.423340
vt 0.448486 0.390625
vt 0.441162 0.419434
vt 0.440430 0.403320
vt 0.435059 0.437988
vt 0.435303 0.439941
vt 0.427979 0.421387
vt 0.417236 0.443848
vt 0.417480 0.445801
vt 0.333252 0.480469
vt 0.334473 0.481934
vt 0.320068 0.491211
vt 0.328369 0.471191
vt 0.317871 0.489746
vt 0.312012 0.498047
vt 0.281006 0.497070
vt 0.424316 0.405273
vt 0.275635 0.489746
vt 0.262451 0.495605
vt 0.324463 0.463379
vt 0.323486 0.462402
vt 0.421875 0.403809
vt 0.424072 0.392578
vt 0.406006 0.398438
vt 0.274170 0.487793
vt 0.318359 0.454102
vt 0.218140 0.488281
vt 0.264404 0.478027
vt 0.203857 0.460449
vt 0.177490 0.472168
vt 0.244629 0.473145
vt 0.192261 0.431152
vt 0.165039 0.439941
vt 0.234375 0.446289
vt 0.220947 0.419922
vt 0.183228 0.401367
vt 0.156128 0.406738
vt 0.212280 0.393555
vt 0.178101 0.370117
vt 0.150757 0.372559
vt 0.207397 0.365723
vt 0.176392 0.338379
vt 0.148926 0.338379
vt 0.177979 0.307129
vt 0.150635 0.304199
vt 0.206421 0.337891
vt 0.182739 0.275879
vt 0.155884 0.270020
vt 0.207886 0.309570
vt 0.190674 0.245117
vt 0.164795 0.236816
vt 0.212036 0.281738
vt 0.218872 0.254395
vt 0.201904 0.215820
vt 0.177124 0.204590
vt 0.229004 0.227539
vt 0.216309 0.187500
vt 0.192627 0.173828
vt 0.211304 0.145020
vt 0.233398 0.161133
vt 0.233032 0.118164
vt 0.241943 0.202148
vt 0.253174 0.136719
vt 0.257324 0.094238
vt 0.257324 0.178711
vt 0.275635 0.114258
vt 0.284180 0.072266
vt 0.275391 0.156738
vt 0.300293 0.094727
vt 0.312988 0.053711
vt 0.295654 0.136719
vt 0.284912 0.165527
vt 0.268066 0.186523
vt 0.253418 0.208984
vt 0.290527 0.170898
vt 0.241089 0.232910
vt 0.274170 0.190918
vt 0.231201 0.257812
vt 0.248169 0.235840
vt 0.224609 0.284180
vt 0.238647 0.259766
vt 0.232544 0.285156
vt 0.220459 0.310547
vt 0.240845 0.260742
vt 0.250244 0.236816
vt 0.234863 0.285156
vt 0.262207 0.213867
vt 0.230835 0.310059
vt 0.260010 0.212891
vt 0.276123 0.192383
vt 0.292236 0.172363
vt 0.308838 0.152832
vt 0.310303 0.154785
vt 0.303955 0.146484
vt 0.328125 0.136719
vt 0.329346 0.138672
vt 0.317627 0.119141
vt 0.324707 0.129395
vt 0.348145 0.123047
vt 0.348877 0.125488
vt 0.368408 0.115234
vt 0.341309 0.103516
vt 0.346924 0.115234
vt 0.367920 0.112793
vt 0.391357 0.110352
vt 0.326904 0.077148
vt 0.343750 0.038086
vt 0.391357 0.107422
vt 0.405273 0.109863
vt 0.354980 0.062988
vt 0.375732 0.025879
vt 0.365967 0.090332
vt 0.384521 0.051758
vt 0.370117 0.103027
vt 0.392334 0.081055
vt 0.394531 0.093750
vt 0.405762 0.107422
vt 0.412842 0.111328
vt 0.419189 0.087402
vt 0.419434 0.075195
vt 0.413818 0.109375
vt 0.420166 0.116699
vt 0.438477 0.088379
vt 0.421631 0.114746
vt 0.426025 0.124023
vt 0.424072 0.125488
vt 0.437012 0.142578
vt 0.426758 0.142090
vt 0.424561 0.142578
vt 0.414551 0.232422
vt 0.416260 0.232910
vt 0.410400 0.250488
vt 0.430176 0.253906
vt 0.412354 0.251465
vt 0.403809 0.271484
vt 0.446045 0.258789
vt 0.405762 0.272461
vt 0.394531 0.291016
vt 0.425293 0.266113
vt 0.396484 0.292480
vt 0.382324 0.309082
vt 0.413818 0.278320
vt 0.384033 0.310547
vt 0.367920 0.325684
vt 0.401611 0.295410
vt 0.369385 0.326660
vt 0.393311 0.314453
vt 0.388672 0.330566
vt 0.355957 0.339844
vt 0.354248 0.338867
vt 0.380615 0.341309
vt 0.283447 0.391602
vt 0.282471 0.389160
vt 0.267090 0.397949
vt 0.288818 0.400391
vt 0.266846 0.400391
vt 0.257324 0.398926
vt 0.256592 0.401367
vt 0.249146 0.395508
vt 0.242432 0.429199
vt 0.247925 0.397461
vt 0.242188 0.391602
vt 0.243896 0.389648
vt 0.231445 0.413574
vt 0.234985 0.379395
vt 0.237183 0.377930
vt 0.224487 0.388672
vt 0.220337 0.363281
vt 0.227661 0.356445
vt 0.230103 0.355469
vt 0.218994 0.336914
vt 0.226685 0.333984
vt 0.229126 0.333984
vt 0.228516 0.310059
vt 0.245972 0.437500
vt 0.246826 0.439453
vt 0.293457 0.408203
vt 0.293701 0.409180
vt 0.250488 0.453125
vt 0.253662 0.444336
vt 0.256348 0.466309
vt 0.265137 0.450684
vt 0.298096 0.417969
vt 0.273682 0.466797
vt 0.268555 0.442383
vt 0.273438 0.479492
vt 0.267578 0.459961
vt 0.282471 0.468262
vt 0.275146 0.464844
vt 0.269287 0.458984
vt 0.282959 0.465820
vt 0.267578 0.450684
vt 0.270996 0.443359
vt 0.315918 0.450195
vt 0.314941 0.448730
vt 0.394775 0.398438
vt 0.396484 0.399414
vt 0.396973 0.395996
vt 0.398682 0.396484
vt 0.406250 0.392578
vt 0.399414 0.391113
vt 0.397461 0.391602
vt 0.401123 0.383301
vt 0.397217 0.385254
vt 0.395508 0.386230
vt 0.392090 0.381836
vt 0.393066 0.380371
vt 0.388184 0.378418
vt 0.387695 0.380371
vt 0.395264 0.374023
vt 0.384277 0.378906
vt 0.384521 0.380859
vt 0.390381 0.371094
vt 0.300049 0.422363
vt 0.300781 0.423828
vt 0.393311 0.354980
vt 0.393066 0.352051
vt 0.404053 0.358398
vt 0.402832 0.339355
vt 0.414307 0.375488
vt 0.425293 0.368652
vt 0.435303 0.381836
vt 0.418945 0.354004
vt 0.417480 0.338379
vt 0.408203 0.319824
vt 0.420654 0.323242
vt 0.415771 0.303223
vt 0.426758 0.309570
vt 0.426025 0.288086
vt 0.435303 0.297363
vt 0.439941 0.273438
vt 0.446533 0.286621
vt 0.457275 0.264648
vt 0.460938 0.279785
vt 0.477051 0.277832
vt 0.493164 0.279297
s 1
usemtl MI_MotorCycle_Wheel
f 3/1/1 1/2/2 2/3/3
f 4/4/4 3/1/1 2/3/3
f 5/5/5 3/1/1 4/4/4
f 6/6/6 5/5/5 4/4/4
f 7/7/7 5/5/5 6/6/6
f 8/8/8 7/7/7 6/6/6
f 9/9/9 7/7/7 8/8/8
f 10/10/10 9/9/9 8/8/8
f 11/11/11 9/9/9 10/10/10
f 12/12/12 11/11/11 10/10/10
f 13/13/13 11/11/11 12/12/12
f 14/14/14 13/13/13 12/12/12
f 15/15/15 13/13/13 14/14/14
f 16/16/16 15/15/15 14/14/14
f 17/17/17 15/15/15 16/16/16
f 18/18/18 17/17/17 16/16/16
f 19/19/19 17/17/17 18/18/18
f 20/20/20 19/19/19 18/18/18
f 21/21/21 19/19/19 20/20/20
f 22/22/22 21/21/21 20/20/20
f 23/23/23 21/21/21 22/22/22
f 24/24/24 23/23/23 22/22/22
f 25/25/25 23/23/23 24/24/24
f 26/26/26 25/25/25 24/24/24
f 27/27/27 25/25/25 26/26/26
f 28/28/28 27/27/27 26/26/26
f 29/29/29 27/27/27 28/28/28
f 30/30/30 29/29/29 28/28/28
f 31/31/31 29/29/29 30/30/30
f 29/29/29 31/31/31 32/32/32
f 33/33/33 32/32/32 31/31/31
f 32/32/32 33/33/33 34/34/34
f 35/35/35 34/34/34 33/33/33
f 36/36/36 35/35/35 33/33/33
f 37/37/37 35/35/35 36/36/36
f 38/38/38 37/37/37 36/36/36
f 39/39/39 37/37/37 38/38/38
f 40/40/40 39/39/39 38/38/38
f 41/41/41 39/39/39 40/40/40
f 42/42/42 41/41/41 40/40/40
f 43/43/43 41/41/41 42/42/42
f 44/44/44 43/43/43 42/42/42
f 45/45/45 43/43/43 44/44/44
f 46/46/46 45/45/45 44/44/44
f 47/47/47 45/45/45 46/46/46
f 48/48/48 47/47/47 46/46/46
f 49/49/49 47/47/47 48/48/48
f 50/50/50 49/49/49 48/48/48
f 51/51/51 49/49/49 50/50/50
f 52/52/52 51/51/51 50/50/50
f 53/53/53 51/51/51 52/52/52
f 54/54/54 53/53/53 52/52/52
f 55/55/55 53/53/53 54/54/54
f 56/56/56 55/55/55 54/54/54
f 57/57/57 55/55/55 56/56/56
f 58/58/58 57/57/57 56/56/56
f 59/59/59 57/57/57 58/58/58
f 60/60/60 59/59/59 58/58/58
f 61/61/61 59/59/59 60/60/60
f 59/59/59 61/61/61 62/62/62
f 63/63/63 2/64/3 1/65/2
f 2/64/3 63/63/63 64/66/64
f 64/66/64 63/63/63 65/67/65
f 63/63/63 66/68/66 65/67/65
f 65/67/65 66/68/66 67/69/67
f 66/68/66 68/70/68 67/69/67
f 67/69/67 68/70/68 69/71/69
f 68/70/68 70/72/70 69/71/69
f 69/71/69 70/72/70 71/73/71
f 70/72/70 72/74/72 71/73/71
f 71/73/71 72/74/72 73/75/73
f 72/74/72 74/76/74 73/75/73
f 73/75/73 74/76/74 75/77/75
f 74/76/74 76/78/76 75/77/75
f 75/77/75 76/78/76 77/79/77
f 76/78/76 78/80/78 77/79/77
f 77/79/77 78/80/78 79/81/79
f 78/80/78 80/82/80 79/81/79
f 79/81/79 80/82/80 81/83/81
f 80/82/80 82/84/82 81/83/81
f 82/84/82 83/85/83 81/83/81
f 84/86/84 81/83/81 83/85/83
f 83/85/83 85/87/85 84/86/84
f 86/88/86 84/86/84 85/87/85
f 85/87/85 87/89/87 86/88/86
f 88/90/88 86/88/86 87/89/87
f 88/90/88 87/89/87 89/91/89
f 87/89/87 90/92/90 89/91/89
f 89/91/89 90/92/90 91/93/91
f 92/94/92 91/93/91 90/92/90
f 91/93/91 92/94/92 93/95/93
f 94/96/94 93/95/93 92/94/92
f 93/95/93 94/96/94 95/97/95
f 94/96/94 96/98/96 95/97/95
f 95/97/95 96/98/96 97/99/97
f 96/98/96 98/100/98 97/99/97
f 97/99/97 98/100/98 99/101/99
f 98/100/98 100/102/100 99/101/99
f 99/101/99 100/102/100 101/103/101
f 100/102/100 102/104/102 101/103/101
f 101/103/101 102/104/102 103/105/103
f 102/104/102 104/106/104 103/105/103
f 103/105/103 104/106/104 105/107/105
f 104/106/104 106/108/106 105/107/105
f 105/107/105 106/108/106 107/109/107
f 106/108/106 108/110/108 107/109/107
f 107/109/107 108/110/108 109/111/109
f 108/110/108 110/112/110 109/111/109
f 109/111/109 110/112/110 111/113/111
f 110/112/110 112/114/112 111/113/111
f 111/113/111 112/114/112 113/115/113
f 112/114/112 114/116/114 113/115/113
f 113/115/113 114/116/114 115/117/115
f 114/116/114 116/118/116 115/117/115
f 115/117/115 116/118/116 117/119/117
f 116/118/116 118/120/118 117/119/117
f 117/119/117 118/120/118 119/121/119
f 118/120/118 120/122/120 119/121/119
f 120/122/120 62/123/62 119/121/119
f 61/124/61 119/121/119 62/123/62
f 62/125/62 121/126/121 59/127/59
f 122/128/122 59/127/59 121/126/121
f 121/126/121 123/129/123 122/128/122
f 122/128/122 124/130/124 59/127/59
f 57/131/57 59/127/59 124/130/124
f 125/132/125 122/128/122 123/129/123
f 124/130/124 126/133/126 57/131/57
f 55/134/55 57/131/57 126/133/126
f 55/134/55 126/133/126 53/135/53
f 124/130/124 122/128/122 127/136/127
f 127/136/127 122/128/122 125/132/125
f 126/133/126 124/130/124 128/137/128
f 128/137/128 124/130/124 127/136/127
f 129/138/129 53/135/53 126/133/126
f 126/133/126 128/137/128 129/138/129
f 129/138/129 130/139/130 53/135/53
f 51/140/51 53/135/53 130/139/130
f 51/140/51 130/139/130 49/141/49
f 131/142/131 129/138/129 128/137/128
f 130/139/130 129/138/129 132/143/132
f 129/138/129 131/142/131 132/143/132
f 133/144/133 49/141/49 130/139/130
f 130/139/130 132/143/132 133/144/133
f 128/137/128 134/145/134 131/142/131
f 128/137/128 127/136/127 134/145/134
f 132/143/132 131/142/131 135/146/135
f 127/136/127 136/147/136 134/145/134
f 127/136/127 125/132/125 136/147/136
f 137/148/137 131/142/131 134/145/134
f 135/146/135 131/142/131 137/148/137
f 125/132/125 138/149/138 136/147/136
f 138/149/138 125/132/125 123/129/123
f 123/129/123 139/150/139 138/149/138
f 134/145/134 136/147/136 140/151/140
f 140/151/140 137/148/137 134/145/134
f 136/147/136 138/149/138 141/152/141
f 141/152/141 140/151/140 136/147/136
f 138/149/138 139/150/139 142/153/142
f 142/153/142 141/152/141 138/149/138
f 143/154/143 142/153/142 139/150/139
f 143/154/143 144/155/144 142/153/142
f 145/156/145 142/153/142 144/155/144
f 145/156/145 141/152/141 142/153/142
f 146/157/146 145/156/145 144/155/144
f 147/158/147 141/152/141 145/156/145
f 147/158/147 140/151/140 141/152/141
f 148/159/148 145/156/145 146/157/146
f 148/159/148 147/158/147 145/156/145
f 149/160/149 148/159/148 146/157/146
f 146/157/146 150/161/150 149/160/149
f 151/162/151 147/158/147 148/159/148
f 149/160/149 150/161/150 152/163/152
f 153/164/153 152/163/152 150/161/150
f 149/160/149 154/165/154 148/159/148
f 151/162/151 148/159/148 154/165/154
f 149/160/149 152/163/152 155/166/155
f 155/166/155 154/165/154 149/160/149
f 152/163/152 153/164/153 156/167/156
f 152/163/152 156/167/156 155/166/155
f 157/168/157 156/167/156 153/164/153
f 158/169/158 156/167/156 157/168/157
f 159/170/159 156/167/156 158/169/158
f 158/169/158 160/171/160 159/170/159
f 161/172/161 155/166/155 156/167/156
f 159/170/159 161/172/161 156/167/156
f 162/173/162 159/170/159 160/171/160
f 160/171/160 61/174/61 162/173/162
f 60/175/60 162/173/162 61/174/61
f 162/173/162 163/176/163 159/170/159
f 163/176/163 161/172/161 159/170/159
f 162/173/162 60/175/60 164/177/164
f 164/177/164 163/176/163 162/173/162
f 58/178/58 164/177/164 60/175/60
f 161/172/161 163/176/163 165/179/165
f 164/177/164 58/178/58 166/180/166
f 56/181/56 166/180/166 58/178/58
f 163/176/163 164/177/164 167/182/167
f 166/180/166 167/182/167 164/177/164
f 167/182/167 165/179/165 163/176/163
f 56/181/56 54/183/54 166/180/166
f 166/180/166 168/184/168 167/182/167
f 168/184/168 166/180/166 54/183/54
f 167/182/167 169/185/169 165/179/165
f 169/185/169 167/182/167 168/184/168
f 168/184/168 54/183/54 170/186/170
f 52/187/52 170/186/170 54/183/54
f 52/187/52 50/188/50 170/186/170
f 170/186/170 171/189/171 168/184/168
f 169/185/169 168/184/168 171/189/171
f 50/188/50 172/190/172 170/186/170
f 170/186/170 172/190/172 171/189/171
f 172/190/172 50/188/50 173/191/173
f 48/192/48 173/191/173 50/188/50
f 48/192/48 46/193/46 173/191/173
f 174/194/174 171/189/171 172/190/172
f 173/191/173 175/195/175 172/190/172
f 174/194/174 172/190/172 175/195/175
f 46/193/46 176/196/176 173/191/173
f 173/191/173 176/196/176 175/195/175
f 176/196/176 46/193/46 177/197/177
f 44/198/44 177/197/177 46/193/46
f 177/197/177 44/198/44 42/199/42
f 178/200/178 175/195/175 176/196/176
f 177/197/177 179/201/179 176/196/176
f 178/200/178 176/196/176 179/201/179
f 42/199/42 180/202/180 177/197/177
f 177/197/177 180/202/180 179/201/179
f 180/202/180 42/199/42 181/203/181
f 40/204/40 181/203/181 42/199/42
f 181/203/181 40/204/40 38/205/38
f 182/206/182 179/201/179 180/202/180
f 180/202/180 181/203/181 183/207/183
f 182/206/182 180/202/180 183/207/183
f 38/205/38 184/208/184 181/203/181
f 181/203/181 184/208/184 183/207/183
f 184/208/184 38/205/38 185/209/185
f 36/210/36 185/209/185 38/205/38
f 186/211/186 183/207/183 184/208/184
f 185/209/185 36/210/36 187/212/187
f 33/213/33 187/212/187 36/210/36
f 187/212/187 33/213/33 31/214/31
f 184/208/184 185/209/185 188/215/188
f 186/211/186 184/208/184 188/215/188
f 189/216/189 185/209/185 187/212/187
f 189/216/189 188/215/188 185/209/185
f 190/217/190 187/212/187 31/214/31
f 187/212/187 190/217/190 189/216/189
f 190/217/190 31/214/31 191/218/191
f 30/219/30 191/218/191 31/214/31
f 192/220/192 189/216/189 190/217/190
f 191/218/191 30/219/30 193/221/193
f 28/222/28 193/221/193 30/219/30
f 191/218/191 194/223/194 190/217/190
f 192/220/192 190/217/190 194/223/194
f 195/224/195 191/218/191 193/221/193
f 195/224/195 194/223/194 191/218/191
f 193/221/193 28/222/28 196/225/196
f 26/226/26 196/225/196 28/222/28
f 26/226/26 24/227/24 196/225/196
f 197/228/197 193/221/193 196/225/196
f 197/228/197 195/224/195 193/221/193
f 198/229/198 196/225/196 24/227/24
f 196/225/196 198/229/198 197/228/197
f 198/229/198 24/227/24 199/230/199
f 22/231/22 199/230/199 24/227/24
f 22/231/22 20/232/20 199/230/199
f 200/233/200 197/228/197 198/229/198
f 199/230/199 201/234/201 198/229/198
f 198/229/198 201/234/201 200/233/200
f 202/235/202 199/230/199 20/232/20
f 199/230/199 202/235/202 201/234/201
f 197/228/197 200/233/200 203/236/203
f 203/236/203 195/224/195 197/228/197
f 201/234/201 204/237/204 200/233/200
f 195/224/195 203/236/203 205/238/205
f 205/238/205 194/223/194 195/224/195
f 206/239/206 203/236/203 200/233/200
f 206/239/206 200/233/200 204/237/204
f 194/223/194 205/238/205 207/240/207
f 207/240/207 192/220/192 194/223/194
f 203/236/203 208/241/208 205/238/205
f 208/241/208 203/236/203 206/239/206
f 205/238/205 209/242/209 207/240/207
f 209/242/209 205/238/205 208/241/208
f 192/220/192 207/240/207 210/243/210
f 211/244/211 207/240/207 209/242/209
f 207/240/207 211/244/211 210/243/210
f 210/243/210 212/245/212 192/220/192
f 189/216/189 192/220/192 212/245/212
f 189/216/189 212/245/212 188/215/188
f 213/246/213 210/243/210 211/244/211
f 214/247/214 188/215/188 212/245/212
f 188/215/188 214/247/214 186/211/186
f 212/245/212 210/243/210 215/248/215
f 212/245/212 215/248/215 214/247/214
f 213/246/213 215/248/215 210/243/210
f 216/249/216 186/211/186 214/247/214
f 213/246/213 217/250/217 215/248/215
f 213/246/213 211/244/211 217/250/217
f 218/251/218 214/247/214 215/248/215
f 214/247/214 218/251/218 216/249/216
f 219/252/219 215/248/215 217/250/217
f 215/248/215 219/252/219 218/251/218
f 220/253/220 217/250/217 211/244/211
f 220/253/220 211/244/211 209/242/209
f 217/250/217 221/254/221 219/252/219
f 221/254/221 217/250/217 220/253/220
f 209/242/209 222/255/222 220/253/220
f 222/255/222 209/242/209 208/241/208
f 220/253/220 222/255/222 223/256/223
f 220/253/220 223/256/223 221/254/221
f 208/241/208 224/257/224 222/255/222
f 225/258/225 223/256/223 222/255/222
f 222/255/222 224/257/224 225/258/225
f 208/241/208 226/259/226 224/257/224
f 206/239/206 226/259/226 208/241/208
f 227/260/227 225/258/225 224/257/224
f 226/259/226 206/239/206 228/261/228
f 229/262/229 224/257/224 226/259/226
f 228/261/228 229/262/229 226/259/226
f 224/257/224 229/262/229 227/260/227
f 204/237/204 228/261/228 206/239/206
f 230/263/230 227/260/227 229/262/229
f 228/261/228 231/264/231 229/262/229
f 229/262/229 231/264/231 230/263/230
f 228/261/228 204/237/204 232/265/232
f 233/266/233 231/264/231 228/261/228
f 232/265/232 233/266/233 228/261/228
f 232/265/232 204/237/204 234/267/234
f 201/234/201 234/267/234 204/237/204
f 234/267/234 201/234/201 202/235/202
f 233/266/233 232/265/232 235/268/235
f 234/267/234 236/269/236 232/265/232
f 236/269/236 235/268/235 232/265/232
f 234/267/234 202/235/202 237/270/237
f 237/270/237 236/269/236 234/267/234
f 238/271/238 237/270/237 202/235/202
f 202/235/202 20/232/20 238/271/238
f 18/272/18 238/271/238 20/232/20
f 18/272/18 16/273/16 238/271/238
f 238/271/238 239/274/239 237/270/237
f 239/274/239 238/271/238 16/273/16
f 237/270/237 240/275/240 236/269/236
f 240/275/240 237/270/237 239/274/239
f 239/274/239 16/273/16 241/276/241
f 14/277/14 241/276/241 16/273/16
f 14/277/14 12/278/12 241/276/241
f 241/276/241 242/279/242 239/274/239
f 240/275/240 239/274/239 242/279/242
f 12/278/12 243/280/243 241/276/241
f 241/276/241 243/280/243 242/279/242
f 244/281/244 236/269/236 240/275/240
f 244/281/244 235/268/235 236/269/236
f 242/279/242 245/282/245 240/275/240
f 240/275/240 245/282/245 244/281/244
f 246/283/246 242/279/242 243/280/243
f 242/279/242 246/283/246 245/282/245
f 243/280/243 12/278/12 247/284/247
f 10/285/10 247/284/247 12/278/12
f 10/285/10 8/286/8 247/284/247
f 247/284/247 248/287/248 243/280/243
f 246/283/246 243/280/243 248/287/248
f 8/286/8 249/288/249 247/284/247
f 247/284/247 249/288/249 248/287/248
f 249/288/249 8/286/8 250/289/250
f 6/290/6 250/289/250 8/286/8
f 251/291/251 248/287/248 249/288/249
f 250/289/250 6/290/6 252/292/252
f 4/293/4 252/292/252 6/290/6
f 252/292/252 4/293/4 2/294/3
f 2/294/3 253/295/253 252/292/252
f 252/292/252 253/295/253 254/296/254
f 252/292/252 254/296/254 250/289/250
f 255/297/255 254/296/254 253/295/253
f 250/289/250 256/298/256 249/288/249
f 256/298/256 250/289/250 254/296/254
f 251/291/251 249/288/249 256/298/256
f 254/296/254 255/297/255 257/299/257
f 257/299/257 256/298/256 254/296/254
f 258/300/258 257/299/257 255/297/255
f 256/298/256 257/299/257 259/301/259
f 259/301/259 251/291/251 256/298/256
f 257/299/257 258/300/258 260/302/260
f 257/299/257 260/302/260 259/301/259
f 261/303/261 260/302/260 258/300/258
f 261/303/261 262/304/262 260/302/260
f 251/291/251 259/301/259 263/305/263
f 264/306/264 260/302/260 262/304/262
f 265/307/265 259/301/259 260/302/260
f 260/302/260 264/306/264 265/307/265
f 259/301/259 265/307/265 263/305/263
f 262/304/262 266/308/266 264/306/264
f 267/309/267 263/305/263 265/307/265
f 268/310/268 265/307/265 264/306/264
f 265/307/265 268/310/268 267/309/267
f 269/311/269 264/306/264 266/308/266
f 264/306/264 269/311/269 268/310/268
f 269/311/269 266/308/266 270/312/270
f 271/313/271 270/312/270 266/308/266
f 272/314/272 268/310/268 269/311/269
f 270/312/270 271/313/271 273/315/273
f 274/316/274 273/315/273 271/313/271
f 275/317/275 273/315/273 274/316/274
f 270/312/270 276/318/276 269/311/269
f 272/314/272 269/311/269 276/318/276
f 273/315/273 277/319/277 270/312/270
f 276/318/276 270/312/270 277/319/277
f 278/320/278 273/315/273 275/317/275
f 275/317/275 279/321/279 278/320/278
f 277/319/277 273/315/273 280/322/280
f 278/320/278 280/322/280 273/315/273
f 281/323/281 278/320/278 279/321/279
f 279/321/279 282/324/282 281/323/281
f 283/325/283 280/322/280 278/320/278
f 283/325/283 278/320/278 281/323/281
f 284/326/284 281/323/281 282/324/282
f 1/327/2 284/326/284 282/324/282
f 3/328/1 284/326/284 1/327/2
f 3/328/1 5/329/5 284/326/284
f 284/326/284 285/330/285 281/323/281
f 285/330/285 284/326/284 5/329/5
f 283/325/283 281/323/281 285/330/285
f 5/329/5 7/331/7 285/330/285
f 285/330/285 286/332/286 283/325/283
f 286/332/286 285/330/285 7/331/7
f 287/333/287 280/322/280 283/325/283
f 287/333/287 283/325/283 286/332/286
f 286/332/286 7/331/7 288/334/288
f 9/335/9 288/334/288 7/331/7
f 9/335/9 11/336/11 288/334/288
f 288/334/288 289/337/289 286/332/286
f 287/333/287 286/332/286 289/337/289
f 290/338/290 288/334/288 11/336/11
f 288/334/288 290/338/290 289/337/289
f 287/333/287 291/339/291 280/322/280
f 280/322/280 291/339/291 277/319/277
f 289/337/289 292/340/292 287/333/287
f 291/339/291 287/333/287 292/340/292
f 293/341/293 277/319/277 291/339/291
f 277/319/277 293/341/293 276/318/276
f 291/339/291 294/342/294 293/341/293
f 292/340/292 294/342/294 291/339/291
f 295/343/295 276/318/276 293/341/293
f 293/341/293 294/342/294 295/343/295
f 276/318/276 295/343/295 272/314/272
f 289/337/289 296/344/296 292/340/292
f 296/344/296 289/337/289 290/338/290
f 292/340/292 297/345/297 294/342/294
f 296/344/296 297/345/297 292/340/292
f 298/346/298 295/343/295 294/342/294
f 299/347/299 294/342/294 297/345/297
f 294/342/294 299/347/299 298/346/298
f 300/348/300 272/314/272 295/343/295
f 295/343/295 298/346/298 300/348/300
f 300/348/300 301/349/301 272/314/272
f 268/310/268 272/314/272 301/349/301
f 301/349/301 267/309/267 268/310/268
f 302/350/302 300/348/300 298/346/298
f 267/309/267 301/349/301 303/351/303
f 267/309/267 303/351/303 263/305/263
f 301/349/301 300/348/300 304/352/304
f 304/352/304 303/351/303 301/349/301
f 302/350/302 304/352/304 300/348/300
f 305/353/305 263/305/263 303/351/303
f 263/305/263 305/353/305 251/291/251
f 248/287/248 251/291/251 305/353/305
f 305/353/305 246/283/246 248/287/248
f 246/283/246 305/353/305 306/354/306
f 305/353/305 303/351/303 306/354/306
f 306/354/306 245/282/245 246/283/246
f 303/351/303 304/352/304 307/355/307
f 307/355/307 306/354/306 303/351/303
f 245/282/245 306/354/306 308/356/308
f 306/354/306 307/355/307 308/356/308
f 245/282/245 308/356/308 244/281/244
f 309/357/309 307/355/307 304/352/304
f 307/355/307 309/357/309 308/356/308
f 304/352/304 302/350/302 309/357/309
f 310/358/310 244/281/244 308/356/308
f 244/281/244 310/358/310 235/268/235
f 311/359/311 308/356/308 309/357/309
f 308/356/308 311/359/311 310/358/310
f 312/360/312 309/357/309 302/350/302
f 309/357/309 312/360/312 311/359/311
f 313/361/313 310/358/310 311/359/311
f 310/358/310 313/361/313 235/268/235
f 314/362/314 311/359/311 312/360/312
f 311/359/311 314/362/314 313/361/313
f 312/360/312 302/350/302 315/363/315
f 298/346/298 315/363/315 302/350/302
f 315/363/315 298/346/298 299/347/299
f 315/363/315 316/364/316 312/360/312
f 314/362/314 312/360/312 316/364/316
f 299/347/299 317/365/317 315/363/315
f 316/364/316 315/363/315 317/365/317
f 297/345/297 317/365/317 299/347/299
f 316/364/316 318/366/318 314/362/314
f 317/365/317 297/345/297 319/367/319
f 297/345/297 296/344/296 319/367/319
f 317/365/317 320/368/320 316/364/316
f 318/366/318 316/364/316 320/368/320
f 320/368/320 317/365/317 321/369/321
f 319/367/319 321/369/321 317/365/317
f 320/368/320 322/370/322 318/366/318
f 321/369/321 322/370/322 320/368/320
f 323/371/323 314/362/314 318/366/318
f 323/371/323 313/361/313 314/362/314
f 324/372/324 318/366/318 322/370/322
f 318/366/318 324/372/324 323/371/323
f 313/361/313 323/371/323 325/373/325
f 325/373/325 235/268/235 313/361/313
f 326/374/326 323/371/323 324/372/324
f 326/374/326 325/373/325 323/371/323
f 326/374/326 324/372/324 327/375/327
f 326/374/326 327/375/327 325/373/325
f 235/268/235 325/373/325 328/376/328
f 328/376/328 325/373/325 327/375/327
f 235/268/235 328/376/328 233/266/233
f 233/266/233 328/376/328 231/264/231
f 231/264/231 328/376/328 329/377/329
f 327/375/327 329/377/329 328/376/328
f 329/377/329 230/263/230 231/264/231
f 324/372/324 330/378/330 327/375/327
f 327/375/327 330/378/330 329/377/329
f 322/370/322 330/378/330 324/372/324
f 329/377/329 331/379/331 230/263/230
f 330/378/330 331/379/331 329/377/329
f 331/379/331 332/380/332 230/263/230
f 230/263/230 332/380/332 227/260/227
f 333/381/333 331/379/331 330/378/330
f 330/378/330 322/370/322 333/381/333
f 334/382/334 332/380/332 331/379/331
f 331/379/331 333/381/333 334/382/334
f 332/380/332 335/383/335 227/260/227
f 227/260/227 335/383/335 225/258/225
f 333/381/333 322/370/322 336/384/336
f 333/381/333 336/384/336 334/382/334
f 225/258/225 335/383/335 337/385/337
f 225/258/225 337/385/337 223/256/223
f 332/380/332 338/386/338 335/383/335
f 332/380/332 334/382/334 338/386/338
f 335/383/335 339/387/339 337/385/337
f 335/383/335 338/386/338 339/387/339
f 223/256/223 337/385/337 340/388/340
f 223/256/223 340/388/340 221/254/221
f 338/386/338 334/382/334 341/389/341
f 338/386/338 341/389/341 339/387/339
f 342/390/342 341/389/341 334/382/334
f 334/382/334 336/384/336 342/390/342
f 339/387/339 341/389/341 343/391/343
f 341/389/341 342/390/342 344/392/344
f 341/389/341 344/392/344 343/391/343
f 336/384/336 345/393/345 342/390/342
f 346/394/346 344/392/344 342/390/342
f 346/394/346 342/390/342 345/393/345
f 336/384/336 347/395/347 345/393/345
f 347/395/347 336/384/336 322/370/322
f 322/370/322 321/369/321 347/395/347
f 321/369/321 348/396/348 347/395/347
f 321/369/321 319/367/319 348/396/348
f 349/397/349 345/393/345 347/395/347
f 349/397/349 347/395/347 348/396/348
f 350/398/350 348/396/348 319/367/319
f 350/398/350 319/367/319 296/344/296
f 296/344/296 290/338/290 350/398/350
f 350/398/350 351/399/351 348/396/348
f 348/396/348 351/399/351 349/397/349
f 352/400/352 350/398/350 290/338/290
f 352/400/352 351/399/351 350/398/350
f 290/338/290 11/336/11 352/400/352
f 13/401/13 352/400/352 11/336/11
f 13/401/13 15/402/15 352/400/352
f 351/399/351 352/400/352 15/402/15
f 351/399/351 15/402/15 353/403/353
f 353/403/353 349/397/349 351/399/351
f 17/404/17 353/403/353 15/402/15
f 17/404/17 19/405/19 353/403/353
f 353/403/353 354/406/354 349/397/349
f 354/406/354 353/403/353 19/405/19
f 349/397/349 354/406/354 345/393/345
f 345/393/345 354/406/354 346/394/346
f 354/406/354 19/405/19 355/407/355
f 355/407/355 346/394/346 354/406/354
f 21/408/21 355/407/355 19/405/19
f 21/408/21 23/409/23 355/407/355
f 346/394/346 355/407/355 356/410/356
f 356/410/356 355/407/355 23/409/23
f 346/394/346 356/410/356 344/392/344
f 356/410/356 23/409/23 357/411/357
f 357/411/357 23/409/23 25/412/25
f 25/412/25 27/413/27 357/411/357
f 344/392/344 356/410/356 358/414/358
f 357/411/357 358/414/358 356/410/356
f 358/414/358 343/391/343 344/392/344
f 359/415/359 357/411/357 27/413/27
f 359/415/359 358/414/358 357/411/357
f 27/413/27 29/416/29 359/415/359
f 343/391/343 358/414/358 360/417/360
f 358/414/358 359/415/359 360/417/360
f 361/418/361 359/415/359 29/416/29
f 361/418/361 360/417/360 359/415/359
f 29/416/29 32/419/32 361/418/361
f 343/391/343 360/417/360 362/420/362
f 343/391/343 362/420/362 339/387/339
f 360/417/360 361/418/361 363/421/363
f 362/420/362 360/417/360 363/421/363
f 364/422/364 361/418/361 32/419/32
f 361/418/361 364/422/364 363/421/363
f 365/423/365 339/387/339 362/420/362
f 337/385/337 339/387/339 365/423/365
f 337/385/337 365/423/365 340/388/340
f 362/420/362 363/421/363 366/424/366
f 362/420/362 366/424/366 365/423/365
f 340/388/340 365/423/365 367/425/367
f 367/425/367 365/423/365 366/424/366
f 366/424/366 363/421/363 368/426/368
f 368/426/368 363/421/363 364/422/364
f 366/424/366 369/427/369 367/425/367
f 369/427/369 366/424/366 368/426/368
f 340/388/340 367/425/367 370/428/370
f 221/254/221 340/388/340 370/428/370
f 371/429/371 367/425/367 369/427/369
f 371/429/371 370/428/370 367/425/367
f 371/429/371 369/427/369 372/430/372
f 371/429/371 372/430/372 370/428/370
f 369/427/369 368/426/368 373/431/373
f 373/431/373 372/430/372 369/427/369
f 370/428/370 374/432/374 221/254/221
f 374/432/374 370/428/370 372/430/372
f 375/433/375 221/254/221 374/432/374
f 375/433/375 219/252/219 221/254/221
f 372/430/372 376/434/376 374/432/374
f 219/252/219 375/433/375 377/435/377
f 377/435/377 218/251/218 219/252/219
f 374/432/374 378/436/378 375/433/375
f 378/436/378 374/432/374 376/434/376
f 218/251/218 377/435/377 379/437/379
f 379/437/379 216/249/216 218/251/218
f 380/438/380 377/435/377 375/433/375
f 380/438/380 375/433/375 378/436/378
f 381/439/381 379/437/379 377/435/377
f 377/435/377 380/438/380 381/439/381
f 379/437/379 382/440/382 216/249/216
f 379/437/379 381/439/381 382/440/382
f 383/441/383 216/249/216 382/440/382
f 216/249/216 383/441/383 186/211/186
f 183/207/183 186/211/186 383/441/383
f 383/441/383 182/206/182 183/207/183
f 384/442/384 182/206/182 383/441/383
f 383/441/383 382/440/382 384/442/384
f 384/442/384 385/443/385 182/206/182
f 179/201/179 182/206/182 385/443/385
f 385/443/385 178/200/178 179/201/179
f 386/444/386 384/442/384 382/440/382
f 178/200/178 385/443/385 387/445/387
f 385/443/385 384/442/384 388/446/388
f 385/443/385 388/446/388 387/445/387
f 386/444/386 388/446/388 384/442/384
f 387/445/387 389/447/389 178/200/178
f 175/195/175 178/200/178 389/447/389
f 389/447/389 174/194/174 175/195/175
f 390/448/390 387/445/387 388/446/388
f 174/194/174 389/447/389 391/449/391
f 389/447/389 387/445/387 392/450/392
f 389/447/389 392/450/392 391/449/391
f 390/448/390 392/450/392 387/445/387
f 391/449/391 393/451/393 174/194/174
f 171/189/171 174/194/174 393/451/393
f 169/185/169 171/189/171 393/451/393
f 169/185/169 393/451/393 394/452/394
f 394/452/394 165/179/165 169/185/169
f 393/451/393 391/449/391 395/453/395
f 393/451/393 395/453/395 394/452/394
f 394/452/394 396/454/396 165/179/165
f 165/179/165 396/454/396 161/172/161
f 155/166/155 161/172/161 396/454/396
f 154/165/154 155/166/155 396/454/396
f 394/452/394 397/455/397 396/454/396
f 397/455/397 394/452/394 395/453/395
f 396/454/396 398/456/398 154/165/154
f 396/454/396 397/455/397 398/456/398
f 154/165/154 398/456/398 151/162/151
f 399/457/399 398/456/398 397/455/397
f 395/453/395 399/457/399 397/455/397
f 400/458/400 151/162/151 398/456/398
f 398/456/398 399/457/399 400/458/400
f 400/458/400 401/459/401 151/162/151
f 151/162/151 401/459/401 147/158/147
f 401/459/401 140/151/140 147/158/147
f 402/460/402 400/458/400 399/457/399
f 401/459/401 403/461/403 140/151/140
f 137/148/137 140/151/140 403/461/403
f 404/462/404 401/459/401 400/458/400
f 404/462/404 403/461/403 401/459/401
f 402/460/402 404/462/404 400/458/400
f 403/461/403 405/463/405 137/148/137
f 404/462/404 405/463/405 403/461/403
f 135/146/135 137/148/137 405/463/405
f 406/464/406 404/462/404 402/460/402
f 405/463/405 404/462/404 406/464/406
f 399/457/399 407/465/407 402/460/402
f 395/453/395 407/465/407 399/457/399
f 408/466/408 406/464/406 402/460/402
f 408/466/408 402/460/402 407/465/407
f 409/467/409 407/465/407 395/453/395
f 391/449/391 409/467/409 395/453/395
f 409/467/409 391/449/391 392/450/392
f 409/467/409 410/468/410 407/465/407
f 392/450/392 410/468/410 409/467/409
f 407/465/407 410/468/410 408/466/408
f 392/450/392 411/469/411 410/468/410
f 412/470/412 408/466/408 410/468/410
f 410/468/410 411/469/411 412/470/412
f 413/471/413 406/464/406 408/466/408
f 412/470/412 413/471/413 408/466/408
f 414/472/414 406/464/406 413/471/413
f 406/464/406 414/472/414 405/463/405
f 415/473/415 413/471/413 412/470/412
f 416/474/416 405/463/405 414/472/414
f 405/463/405 416/474/416 135/146/135
f 413/471/413 417/475/417 414/472/414
f 414/472/414 417/475/417 416/474/416
f 417/475/417 413/471/413 415/473/415
f 416/474/416 418/476/418 135/146/135
f 132/143/132 135/146/135 418/476/418
f 418/476/418 133/144/133 132/143/132
f 418/476/418 416/474/416 419/477/419
f 419/477/419 416/474/416 417/475/417
f 418/476/418 420/478/420 133/144/133
f 418/476/418 419/477/419 420/478/420
f 421/479/421 133/144/133 420/478/420
f 133/144/133 421/479/421 49/141/49
f 47/480/47 49/141/49 421/479/421
f 47/480/47 421/479/421 45/481/45
f 421/479/421 420/478/420 422/482/422
f 45/481/45 421/479/421 422/482/422
f 420/478/420 419/477/419 423/483/423
f 423/483/423 422/482/422 420/478/420
f 422/482/422 424/484/424 45/481/45
f 43/485/43 45/481/45 424/484/424
f 43/485/43 424/484/424 41/486/41
f 424/484/424 422/482/422 425/487/425
f 423/483/423 425/487/425 422/482/422
f 41/486/41 424/484/424 426/488/426
f 424/484/424 425/487/425 426/488/426
f 427/489/427 423/483/423 419/477/419
f 419/477/419 417/475/417 427/489/427
f 423/483/423 428/490/428 425/487/425
f 423/483/423 427/489/427 428/490/428
f 429/491/429 426/488/426 425/487/425
f 425/487/425 428/490/428 429/491/429
f 426/488/426 430/492/430 41/486/41
f 39/493/39 41/486/41 430/492/430
f 39/493/39 430/492/430 37/494/37
f 430/492/430 426/488/426 431/495/431
f 429/491/429 431/495/431 426/488/426
f 37/494/37 430/492/430 432/496/432
f 430/492/430 431/495/431 432/496/432
f 432/496/432 433/497/433 37/494/37
f 35/498/35 37/494/37 433/497/433
f 434/499/434 432/496/432 431/495/431
f 433/497/433 435/500/435 35/498/35
f 34/501/34 35/498/35 435/500/435
f 435/500/435 32/419/32 34/501/34
f 32/419/32 435/500/435 364/422/364
f 435/500/435 436/502/436 364/422/364
f 433/497/433 436/502/436 435/500/435
f 368/426/368 364/422/364 436/502/436
f 436/502/436 373/431/373 368/426/368
f 437/503/437 436/502/436 433/497/433
f 373/431/373 436/502/436 437/503/437
f 433/497/433 432/496/432 437/503/437
f 434/499/434 437/503/437 432/496/432
f 438/504/438 373/431/373 437/503/437
f 438/504/438 437/503/437 434/499/434
f 373/431/373 438/504/438 372/430/372
f 376/434/376 372/430/372 438/504/438
f 439/505/439 438/504/438 434/499/434
f 438/504/438 439/505/439 376/434/376
f 431/495/431 440/506/440 434/499/434
f 439/505/439 434/499/434 440/506/440
f 440/506/440 431/495/431 429/491/429
f 441/507/441 376/434/376 439/505/439
f 376/434/376 441/507/441 378/436/378
f 440/506/440 442/508/442 439/505/439
f 441/507/441 439/505/439 442/508/442
f 429/491/429 443/509/443 440/506/440
f 440/506/440 443/509/443 442/508/442
f 443/509/443 429/491/429 428/490/428
f 444/510/444 378/436/378 441/507/441
f 441/507/441 442/508/442 444/510/444
f 378/436/378 444/510/444 380/438/380
f 445/511/445 442/508/442 443/509/443
f 446/512/446 380/438/380 444/510/444
f 446/512/446 381/439/381 380/438/380
f 447/513/447 444/510/444 442/508/442
f 444/510/444 447/513/447 446/512/446
f 442/508/442 445/511/445 447/513/447
f 381/439/381 446/512/446 448/514/448
f 448/514/448 382/440/382 381/439/381
f 382/440/382 448/514/448 386/444/386
f 449/515/449 446/512/446 447/513/447
f 449/515/449 448/514/448 446/512/446
f 450/516/450 386/444/386 448/514/448
f 448/514/448 449/515/449 450/516/450
f 386/444/386 450/516/450 388/446/388
f 447/513/447 451/517/451 449/515/449
f 451/517/451 447/513/447 445/511/445
f 452/518/452 450/516/450 449/515/449
f 452/518/452 449/515/449 451/517/451
f 453/519/453 388/446/388 450/516/450
f 450/516/450 452/518/452 453/519/453
f 388/446/388 453/519/453 390/448/390
f 451/517/451 454/520/454 452/518/452
f 455/521/455 390/448/390 453/519/453
f 390/448/390 455/521/455 392/450/392
f 456/522/456 453/519/453 452/518/452
f 453/519/453 456/522/456 455/521/455
f 456/522/456 452/518/452 454/520/454
f 411/469/411 392/450/392 455/521/455
f 457/523/457 455/521/455 456/522/456
f 455/521/455 457/523/457 411/469/411
f 454/520/454 458/524/458 456/522/456
f 457/523/457 456/522/456 458/524/458
f 459/525/459 411/469/411 457/523/457
f 459/525/459 412/470/412 411/469/411
f 459/525/459 415/473/415 412/470/412
f 459/525/459 457/523/457 415/473/415
f 458/524/458 415/473/415 457/523/457
f 415/473/415 458/524/458 417/475/417
f 460/526/460 417/475/417 458/524/458
f 458/524/458 454/520/454 460/526/460
f 427/489/427 417/475/417 460/526/460
f 461/527/461 460/526/460 454/520/454
f 460/526/460 461/527/461 427/489/427
f 454/520/454 451/517/451 461/527/461
f 428/490/428 427/489/427 461/527/461
f 445/511/445 461/527/461 451/517/451
f 428/490/428 461/527/461 443/509/443
f 443/509/443 461/527/461 445/511/445
f 1/528/2 282/529/282 63/530/63
f 63/530/63 282/529/282 462/531/462
f 282/529/282 279/532/279 462/531/462
f 462/531/462 463/533/463 63/530/63
f 66/534/66 63/530/63 463/533/463
f 462/531/462 279/532/279 464/535/464
f 279/532/279 275/536/275 464/535/464
f 463/533/463 462/531/462 465/537/465
f 464/535/464 465/537/465 462/531/462
f 463/533/463 466/538/466 66/534/66
f 68/539/68 66/534/66 466/538/466
f 466/538/466 70/540/70 68/539/68
f 466/538/466 463/533/463 467/541/467
f 465/537/465 467/541/467 463/533/463
f 70/540/70 466/538/466 468/542/468
f 466/538/466 467/541/467 468/542/468
f 468/542/468 469/543/469 70/540/70
f 72/544/72 70/540/70 469/543/469
f 469/543/469 74/545/74 72/544/72
f 470/546/470 468/542/468 467/541/467
f 468/542/468 471/547/471 469/543/469
f 470/546/470 471/547/471 468/542/468
f 74/545/74 469/543/469 472/548/472
f 469/543/469 471/547/471 472/548/472
f 472/548/472 473/549/473 74/545/74
f 76/550/76 74/545/74 473/549/473
f 473/549/473 78/551/78 76/550/76
f 474/552/474 472/548/472 471/547/471
f 472/548/472 475/553/475 473/549/473
f 475/553/475 472/548/472 474/552/474
f 78/551/78 473/549/473 476/554/476
f 473/549/473 475/553/475 476/554/476
f 476/554/476 477/555/477 78/551/78
f 80/556/80 78/551/78 477/555/477
f 477/555/477 82/557/82 80/556/80
f 478/558/478 476/554/476 475/553/475
f 476/554/476 479/559/479 477/555/477
f 479/559/479 476/554/476 478/558/478
f 480/560/480 82/557/82 477/555/477
f 477/555/477 479/559/479 480/560/480
f 480/560/480 481/561/481 82/557/82
f 83/562/83 82/557/82 481/561/481
f 83/562/83 481/561/481 85/563/85
f 482/564/482 480/560/480 479/559/479
f 481/561/481 480/560/480 483/565/483
f 483/565/483 480/560/480 482/564/482
f 484/566/484 85/563/85 481/561/481
f 481/561/481 483/565/483 484/566/484
f 484/566/484 485/567/485 85/563/85
f 87/568/87 85/563/85 485/567/485
f 486/569/486 484/566/484 483/565/483
f 485/567/485 487/570/487 87/568/87
f 90/571/90 87/568/87 487/570/487
f 90/571/90 487/570/487 92/572/92
f 485/567/485 484/566/484 488/573/488
f 488/573/488 484/566/484 486/569/486
f 487/570/487 485/567/485 489/574/489
f 485/567/485 488/573/488 489/574/489
f 490/575/490 92/572/92 487/570/487
f 487/570/487 489/574/489 490/575/490
f 490/575/490 491/576/491 92/572/92
f 94/577/94 92/572/92 491/576/491
f 492/578/492 490/575/490 489/574/489
f 491/576/491 493/579/493 94/577/94
f 96/580/96 94/577/94 493/579/493
f 491/576/491 490/575/490 494/581/494
f 492/578/492 494/581/494 490/575/490
f 493/579/493 491/576/491 495/582/495
f 494/581/494 495/582/495 491/576/491
f 493/579/493 496/583/496 96/580/96
f 98/584/98 96/580/96 496/583/496
f 98/584/98 496/583/496 100/585/100
f 496/583/496 493/579/493 497/586/497
f 495/582/495 497/586/497 493/579/493
f 100/585/100 496/583/496 498/587/498
f 496/583/496 497/586/497 498/587/498
f 498/587/498 499/588/499 100/585/100
f 102/589/102 100/585/100 499/588/499
f 102/589/102 499/588/499 104/590/104
f 500/591/500 498/587/498 497/586/497
f 499/588/499 498/587/498 501/592/501
f 500/591/500 501/592/501 498/587/498
f 104/590/104 499/588/499 502/593/502
f 499/588/499 501/592/501 502/593/502
f 502/593/502 503/594/503 104/590/104
f 106/595/106 104/590/104 503/594/503
f 503/594/503 108/596/108 106/595/106
f 504/597/504 502/593/502 501/592/501
f 503/594/503 502/593/502 505/598/505
f 504/597/504 505/598/505 502/593/502
f 108/596/108 503/594/503 506/599/506
f 503/594/503 505/598/505 506/599/506
f 506/599/506 507/600/507 108/596/108
f 110/601/110 108/596/108 507/600/507
f 507/600/507 112/602/112 110/601/110
f 508/603/508 506/599/506 505/598/505
f 506/599/506 509/604/509 507/600/507
f 508/603/508 509/604/509 506/599/506
f 112/602/112 507/600/507 510/605/510
f 507/600/507 509/604/509 510/605/510
f 510/605/510 511/606/511 112/602/112
f 114/607/114 112/602/112 511/606/511
f 511/606/511 116/608/116 114/607/114
f 512/609/512 510/605/510 509/604/509
f 510/605/510 513/610/513 511/606/511
f 512/609/512 513/610/513 510/605/510
f 116/608/116 511/606/511 514/611/514
f 511/606/511 513/610/513 514/611/514
f 514/611/514 515/612/515 116/608/116
f 118/613/118 116/608/116 515/612/515
f 516/614/516 514/611/514 513/610/513
f 515/612/515 517/615/517 118/613/118
f 120/616/120 118/613/118 517/615/517
f 517/615/517 62/617/62 120/616/120
f 121/618/121 62/617/62 517/615/517
f 517/615/517 518/619/518 121/618/121
f 515/612/515 518/619/518 517/615/517
f 123/620/123 121/618/121 518/619/518
f 514/611/514 519/621/519 515/612/515
f 518/619/518 515/612/515 519/621/519
f 519/621/519 514/611/514 516/614/516
f 518/619/518 520/622/520 123/620/123
f 518/619/518 519/621/519 520/622/520
f 139/623/139 123/620/123 520/622/520
f 521/624/521 520/622/520 519/621/519
f 519/621/519 516/614/516 521/624/521
f 522/625/522 139/623/139 520/622/520
f 520/622/520 521/624/521 522/625/522
f 143/626/143 139/623/139 522/625/522
f 143/626/143 522/625/522 144/627/144
f 523/628/523 521/624/521 516/614/516
f 524/629/524 144/627/144 522/625/522
f 525/630/525 522/625/522 521/624/521
f 522/625/522 525/630/525 524/629/524
f 521/624/521 523/628/523 525/630/525
f 144/627/144 524/629/524 146/631/146
f 523/628/523 516/614/516 526/632/526
f 513/610/513 526/632/526 516/614/516
f 513/610/513 512/609/512 526/632/526
f 527/633/527 525/630/525 523/628/523
f 528/634/528 526/632/526 512/609/512
f 526/632/526 529/635/529 523/628/523
f 527/633/527 523/628/523 529/635/529
f 526/632/526 528/634/528 529/635/529
f 525/630/525 527/633/527 530/636/530
f 530/636/530 524/629/524 525/630/525
f 527/633/527 529/635/529 531/637/531
f 531/637/531 530/636/530 527/633/527
f 524/629/524 530/636/530 532/638/532
f 532/638/532 146/631/146 524/629/524
f 530/636/530 531/637/531 533/639/533
f 533/639/533 532/638/532 530/636/530
f 532/638/532 534/640/534 146/631/146
f 150/641/150 146/631/146 534/640/534
f 533/639/533 535/642/535 532/638/532
f 534/640/534 532/638/532 535/642/535
f 534/640/534 536/643/536 150/641/150
f 153/644/153 150/641/150 536/643/536
f 157/645/157 153/644/153 536/643/536
f 535/642/535 537/646/537 534/640/534
f 536/643/536 534/640/534 537/646/537
f 536/643/536 538/647/538 157/645/157
f 157/645/157 538/647/538 158/648/158
f 537/646/537 539/649/539 536/643/536
f 538/647/538 536/643/536 539/649/539
f 540/650/540 158/648/158 538/647/538
f 158/648/158 540/650/540 160/651/160
f 539/649/539 541/652/541 538/647/538
f 540/650/540 538/647/538 541/652/541
f 542/653/542 160/651/160 540/650/540
f 160/651/160 542/653/542 61/654/61
f 119/655/119 61/654/61 542/653/542
f 119/655/119 542/653/542 117/656/117
f 542/653/542 540/650/540 543/657/543
f 543/657/543 117/656/117 542/653/542
f 540/650/540 541/652/541 543/657/543
f 117/656/117 543/657/543 115/658/115
f 541/652/541 544/659/544 543/657/543
f 544/659/544 115/658/115 543/657/543
f 541/652/541 539/649/539 545/660/545
f 541/652/541 545/660/545 544/659/544
f 544/659/544 546/661/546 115/658/115
f 546/661/546 113/662/113 115/658/115
f 113/662/113 546/661/546 111/663/111
f 546/661/546 544/659/544 547/664/547
f 545/660/545 547/664/547 544/659/544
f 548/665/548 111/663/111 546/661/546
f 547/664/547 548/665/548 546/661/546
f 549/666/549 545/660/545 539/649/539
f 539/649/539 537/646/537 549/666/549
f 547/664/547 545/660/545 550/667/550
f 549/666/549 550/667/550 545/660/545
f 551/668/551 549/666/549 537/646/537
f 537/646/537 535/642/535 551/668/551
f 552/669/552 550/667/550 549/666/549
f 551/668/551 552/669/552 549/666/549
f 553/670/553 551/668/551 535/642/535
f 551/668/551 553/670/553 552/669/552
f 535/642/535 533/639/533 553/670/553
f 547/664/547 550/667/550 554/671/554
f 547/664/547 554/671/554 548/665/548
f 555/672/555 553/670/553 533/639/533
f 555/672/555 533/639/533 531/637/531
f 553/670/553 555/672/555 556/673/556
f 556/673/556 552/669/552 553/670/553
f 531/637/531 557/674/557 555/672/555
f 557/674/557 531/637/531 529/635/529
f 558/675/558 556/673/556 555/672/555
f 558/675/558 555/672/555 557/674/557
f 529/635/529 559/676/559 557/674/557
f 559/676/559 529/635/529 528/634/528
f 560/677/560 557/674/557 559/676/559
f 557/674/557 560/677/560 558/675/558
f 559/676/559 528/634/528 561/678/561
f 559/676/559 561/678/561 560/677/560
f 562/679/562 561/678/561 528/634/528
f 528/634/528 512/609/512 562/679/562
f 509/604/509 562/679/562 512/609/512
f 562/679/562 509/604/509 508/603/508
f 563/680/563 562/679/562 508/603/508
f 562/679/562 563/680/563 561/678/561
f 563/680/563 508/603/508 564/681/564
f 505/598/505 564/681/564 508/603/508
f 564/681/564 505/598/505 504/597/504
f 565/682/565 561/678/561 563/680/563
f 504/597/504 566/683/566 564/681/564
f 564/681/564 567/684/567 563/680/563
f 564/681/564 566/683/566 567/684/567
f 565/682/565 563/680/563 567/684/567
f 566/683/566 504/597/504 568/685/568
f 501/592/501 568/685/568 504/597/504
f 500/591/500 568/685/568 501/592/501
f 561/678/561 565/682/565 569/686/569
f 569/686/569 560/677/560 561/678/561
f 570/687/570 569/686/569 565/682/565
f 565/682/565 567/684/567 570/687/570
f 560/677/560 569/686/569 571/688/571
f 571/688/571 558/675/558 560/677/560
f 569/686/569 570/687/570 572/689/572
f 572/689/572 571/688/571 569/686/569
f 571/688/571 573/690/573 558/675/558
f 556/673/556 558/675/558 573/690/573
f 572/689/572 574/691/574 571/688/571
f 573/690/573 571/688/571 574/691/574
f 573/690/573 575/692/575 556/673/556
f 552/669/552 556/673/556 575/692/575
f 575/692/575 573/690/573 576/693/576
f 574/691/574 576/693/576 573/690/573
f 575/692/575 577/694/577 552/669/552
f 575/692/575 576/693/576 577/694/577
f 550/667/550 552/669/552 577/694/577
f 577/694/577 554/671/554 550/667/550
f 578/695/578 577/694/577 576/693/576
f 577/694/577 578/695/578 554/671/554
f 576/693/576 574/691/574 579/696/579
f 580/697/580 554/671/554 578/695/578
f 554/671/554 580/697/580 548/665/548
f 578/695/578 576/693/576 581/698/581
f 579/696/579 581/698/581 576/693/576
f 580/697/580 578/695/578 582/699/582
f 581/698/581 582/699/582 578/695/578
f 583/700/583 548/665/548 580/697/580
f 548/665/548 583/700/583 111/663/111
f 583/700/583 109/701/109 111/663/111
f 109/701/109 583/700/583 107/702/107
f 584/703/584 583/700/583 580/697/580
f 584/703/584 107/702/107 583/700/583
f 580/697/580 582/699/582 584/703/584
f 107/702/107 584/703/584 585/704/585
f 585/704/585 105/705/105 107/702/107
f 105/705/105 585/704/585 103/706/103
f 582/699/582 586/707/586 584/703/584
f 585/704/585 584/703/584 586/707/586
f 587/708/587 103/706/103 585/704/585
f 587/708/587 585/704/585 586/707/586
f 586/707/586 582/699/582 588/709/588
f 581/698/581 588/709/588 582/699/582
f 589/710/589 587/708/587 586/707/586
f 586/707/586 588/709/588 589/710/589
f 103/706/103 587/708/587 590/711/590
f 590/711/590 101/712/101 103/706/103
f 101/712/101 590/711/590 99/713/99
f 590/711/590 587/708/587 591/714/591
f 589/710/589 591/714/591 587/708/587
f 592/715/592 99/713/99 590/711/590
f 590/711/590 591/714/591 592/715/592
f 99/713/99 592/715/592 593/716/593
f 593/716/593 97/717/97 99/713/99
f 97/717/97 593/716/593 95/718/95
f 594/719/594 592/715/592 591/714/591
f 595/720/595 95/718/95 593/716/593
f 95/718/95 595/720/595 93/721/93
f 593/716/593 592/715/592 596/722/596
f 593/716/593 596/722/596 595/720/595
f 594/719/594 596/722/596 592/715/592
f 597/723/597 93/721/93 595/720/595
f 93/721/93 597/723/597 91/724/91
f 598/725/598 595/720/595 596/722/596
f 595/720/595 598/725/598 597/723/597
f 596/722/596 594/719/594 599/726/599
f 596/722/596 599/726/599 598/725/598
f 600/727/600 594/719/594 591/714/591
f 591/714/591 589/710/589 600/727/600
f 601/728/601 599/726/599 594/719/594
f 601/728/601 594/719/594 600/727/600
f 602/729/602 600/727/600 589/710/589
f 602/729/602 589/710/589 588/709/588
f 600/727/600 603/730/603 601/728/601
f 600/727/600 602/729/602 603/730/603
f 588/709/588 604/731/604 602/729/602
f 588/709/588 581/698/581 604/731/604
f 579/696/579 604/731/604 581/698/581
f 605/732/605 603/730/603 602/729/602
f 605/732/605 602/729/602 604/731/604
f 579/696/579 606/733/606 604/731/604
f 606/733/606 579/696/579 574/691/574
f 574/691/574 572/689/572 606/733/606
f 604/731/604 607/734/607 605/732/605
f 608/735/608 606/733/606 572/689/572
f 608/735/608 572/689/572 570/687/570
f 609/736/609 604/731/604 606/733/606
f 606/733/606 608/735/608 609/736/609
f 604/731/604 609/736/609 607/734/607
f 570/687/570 610/737/610 608/735/608
f 610/737/610 570/687/570 567/684/567
f 611/738/611 609/736/609 608/735/608
f 611/738/611 608/735/608 610/737/610
f 611/738/611 612/739/612 609/736/609
f 611/738/611 610/737/610 612/739/612
f 607/734/607 609/736/609 612/739/612
f 567/684/567 613/740/613 610/737/610
f 610/737/610 613/740/613 612/739/612
f 613/740/613 567/684/567 614/741/614
f 614/741/614 567/684/567 566/683/566
f 612/739/612 613/740/613 615/742/615
f 612/739/612 615/742/615 607/734/607
f 614/741/614 616/743/616 613/740/613
f 613/740/613 616/743/616 615/742/615
f 614/741/614 566/683/566 617/744/617
f 616/743/616 614/741/614 617/744/617
f 568/685/568 617/744/617 566/683/566
f 618/745/618 607/734/607 615/742/615
f 605/732/605 607/734/607 618/745/618
f 605/732/605 618/745/618 603/730/603
f 615/742/615 619/746/619 618/745/618
f 615/742/615 616/743/616 619/746/619
f 603/730/603 618/745/618 620/747/620
f 620/747/620 618/745/618 619/746/619
f 616/743/616 621/748/621 619/746/619
f 617/744/617 621/748/621 616/743/616
f 619/746/619 622/749/622 620/747/620
f 619/746/619 621/748/621 622/749/622
f 603/730/603 620/747/620 623/750/623
f 623/750/623 601/728/601 603/730/603
f 620/747/620 624/751/624 623/750/623
f 624/751/624 620/747/620 622/749/622
f 623/750/623 625/752/625 601/728/601
f 625/752/625 623/750/623 624/751/624
f 599/726/599 601/728/601 625/752/625
f 622/749/622 626/753/626 624/751/624
f 599/726/599 625/752/625 627/754/627
f 627/754/627 598/725/598 599/726/599
f 625/752/625 624/751/624 628/755/628
f 628/755/628 624/751/624 626/753/626
f 629/756/629 627/754/627 625/752/625
f 628/755/628 629/756/629 625/752/625
f 598/725/598 627/754/627 630/757/630
f 630/757/630 597/723/597 598/725/598
f 627/754/627 629/756/629 631/758/631
f 631/758/631 630/757/630 627/754/627
f 597/723/597 630/757/630 632/759/632
f 632/759/632 91/724/91 597/723/597
f 630/757/630 631/758/631 633/760/633
f 633/760/633 632/759/632 630/757/630
f 91/724/91 632/759/632 634/761/634
f 89/762/89 91/724/91 634/761/634
f 89/762/89 634/761/634 88/763/88
f 634/761/634 632/759/632 635/764/635
f 633/760/633 635/764/635 632/759/632
f 636/765/636 88/763/88 634/761/634
f 634/761/634 635/764/635 636/765/636
f 88/763/88 636/765/636 86/766/86
f 635/764/635 633/760/633 637/767/637
f 638/768/638 636/765/636 635/764/635
f 635/764/635 637/767/637 638/768/638
f 639/769/639 86/766/86 636/765/636
f 636/765/636 638/768/638 639/769/639
f 640/770/640 637/767/637 633/760/633
f 640/770/640 633/760/633 631/758/631
f 638/768/638 637/767/637 641/771/641
f 631/758/631 642/772/642 640/770/640
f 642/772/642 631/758/631 629/756/629
f 637/767/637 640/770/640 643/773/643
f 637/767/637 643/773/643 641/771/641
f 644/774/644 640/770/640 642/772/642
f 640/770/640 644/774/644 643/773/643
f 645/775/645 642/772/642 629/756/629
f 629/756/629 628/755/628 645/775/645
f 644/774/644 642/772/642 646/776/646
f 645/775/645 646/776/646 642/772/642
f 644/774/644 646/776/646 643/773/643
f 645/775/645 628/755/628 647/777/647
f 626/753/626 647/777/647 628/755/628
f 648/778/648 646/776/646 645/775/645
f 645/775/645 647/777/647 648/778/648
f 649/779/649 643/773/643 646/776/646
f 646/776/646 648/778/648 649/779/649
f 643/773/643 649/779/649 650/780/650
f 650/780/650 641/771/641 643/773/643
f 651/781/651 649/779/649 648/778/648
f 652/782/652 650/780/650 649/779/649
f 649/779/649 651/781/651 652/782/652
f 641/771/641 650/780/650 653/783/653
f 650/780/650 652/782/652 654/784/654
f 654/784/654 653/783/653 650/780/650
f 655/785/655 641/771/641 653/783/653
f 638/768/638 641/771/641 655/785/655
f 655/785/655 639/769/639 638/768/638
f 653/783/653 654/784/654 656/786/656
f 653/783/653 657/787/657 655/785/655
f 653/783/653 656/786/656 657/787/657
f 655/785/655 658/788/658 639/769/639
f 658/788/658 655/785/655 657/787/657
f 659/789/659 639/769/639 658/788/658
f 639/769/639 659/789/659 86/766/86
f 84/790/84 86/766/86 659/789/659
f 84/790/84 659/789/659 81/791/81
f 659/789/659 658/788/658 660/792/660
f 660/792/660 81/791/81 659/789/659
f 658/788/658 657/787/657 661/793/661
f 660/792/660 658/788/658 661/793/661
f 660/792/660 662/794/662 81/791/81
f 79/795/79 81/791/81 662/794/662
f 79/795/79 662/794/662 77/796/77
f 662/794/662 660/792/660 663/797/663
f 661/793/661 663/797/663 660/792/660
f 664/798/664 77/796/77 662/794/662
f 662/794/662 663/797/663 664/798/664
f 661/793/661 657/787/657 665/799/665
f 657/787/657 656/786/656 665/799/665
f 663/797/663 661/793/661 666/800/666
f 665/799/665 666/800/666 661/793/661
f 663/797/663 667/801/667 664/798/664
f 663/797/663 666/800/666 667/801/667
f 664/798/664 668/802/668 77/796/77
f 668/802/668 75/803/75 77/796/77
f 75/803/75 668/802/668 73/804/73
f 668/802/668 664/798/664 669/805/669
f 667/801/667 669/805/669 664/798/664
f 670/806/670 73/804/73 668/802/668
f 669/805/669 670/806/670 668/802/668
f 670/806/670 671/807/671 73/804/73
f 671/807/671 71/808/71 73/804/73
f 71/808/71 671/807/671 69/809/69
f 669/805/669 672/810/672 670/806/670
f 671/807/671 670/806/670 673/811/673
f 672/810/672 673/811/673 670/806/670
f 674/812/674 69/809/69 671/807/671
f 673/811/673 674/812/674 671/807/671
f 675/813/675 69/809/69 674/812/674
f 675/813/675 67/814/67 69/809/69
f 67/814/67 675/813/675 65/815/65
f 673/811/673 676/816/676 674/812/674
f 677/817/677 65/815/65 675/813/675
f 65/815/65 677/817/677 64/818/64
f 675/813/675 674/812/674 678/819/678
f 677/817/677 675/813/675 678/819/678
f 676/816/676 678/819/678 674/812/674
f 679/820/679 64/818/64 677/817/677
f 64/818/64 679/820/679 2/821/3
f 253/822/253 2/821/3 679/820/679
f 680/823/680 677/817/677 678/819/678
f 679/820/679 677/817/677 680/823/680
f 679/820/679 681/824/681 253/822/253
f 681/824/681 679/820/679 680/823/680
f 255/825/255 253/822/253 681/824/681
f 255/825/255 681/824/681 258/826/258
f 682/827/682 680/823/680 678/819/678
f 678/819/678 676/816/676 682/827/682
f 683/828/683 681/824/681 680/823/680
f 683/828/683 680/823/680 682/827/682
f 684/829/684 258/826/258 681/824/681
f 684/829/684 681/824/681 683/828/683
f 261/830/261 258/826/258 684/829/684
f 684/829/684 685/831/685 261/830/261
f 261/830/261 685/831/685 262/832/262
f 683/828/683 686/833/686 684/829/684
f 685/831/685 684/829/684 686/833/686
f 687/834/687 262/832/262 685/831/685
f 687/834/687 685/831/685 686/833/686
f 266/835/266 262/832/262 687/834/687
f 686/833/686 683/828/683 688/836/688
f 682/827/682 688/836/688 683/828/683
f 686/833/686 689/837/689 687/834/687
f 689/837/689 686/833/686 688/836/688
f 687/834/687 690/838/690 266/835/266
f 687/834/687 689/837/689 690/838/690
f 690/838/690 691/839/691 266/835/266
f 266/835/266 691/839/691 271/840/271
f 692/841/692 690/838/690 689/837/689
f 691/839/691 693/842/693 271/840/271
f 274/843/274 271/840/271 693/842/693
f 690/838/690 694/844/694 691/839/691
f 692/841/692 694/844/694 690/838/690
f 691/839/691 695/845/695 693/842/693
f 694/844/694 695/845/695 691/839/691
f 696/846/696 274/843/274 693/842/693
f 693/842/693 695/845/695 696/846/696
f 275/536/275 274/843/274 696/846/696
f 696/846/696 464/535/464 275/536/275
f 696/846/696 697/847/697 464/535/464
f 697/847/697 696/846/696 695/845/695
f 465/537/465 464/535/464 697/847/697
f 695/845/695 698/848/698 697/847/697
f 694/844/694 698/848/698 695/845/695
f 697/847/697 699/849/699 465/537/465
f 699/849/699 697/847/697 698/848/698
f 467/541/467 465/537/465 699/849/699
f 467/541/467 699/849/699 470/546/470
f 700/850/700 698/848/698 694/844/694
f 692/841/692 700/850/700 694/844/694
f 699/849/699 698/848/698 701/851/701
f 701/851/701 470/546/470 699/849/699
f 700/850/700 702/852/702 698/848/698
f 702/852/702 701/851/701 698/848/698
f 701/851/701 703/853/703 470/546/470
f 471/547/471 470/546/470 703/853/703
f 471/547/471 703/853/703 474/552/474
f 702/852/702 704/854/704 701/851/701
f 703/853/703 701/851/701 704/854/704
f 705/855/705 702/852/702 700/850/700
f 705/855/705 704/854/704 702/852/702
f 706/856/706 474/552/474 703/853/703
f 703/853/703 704/854/704 706/856/706
f 706/856/706 707/857/707 474/552/474
f 475/553/475 474/552/474 707/857/707
f 475/553/475 707/857/707 478/558/478
f 708/858/708 706/856/706 704/854/704
f 709/859/709 478/558/478 707/857/707
f 707/857/707 706/856/706 710/860/710
f 708/858/708 710/860/710 706/856/706
f 707/857/707 710/860/710 709/859/709
f 711/861/711 708/858/708 704/854/704
f 704/854/704 705/855/705 711/861/711
f 712/862/712 710/860/710 708/858/708
f 708/858/708 711/861/711 712/862/712
f 711/861/711 705/855/705 713/863/713
f 712/862/712 711/861/711 714/864/714
f 714/864/714 711/861/711 713/863/713
f 705/855/705 700/850/700 715/865/715
f 713/863/713 705/855/705 715/865/715
f 715/865/715 700/850/700 692/841/692
f 715/865/715 692/841/692 716/866/716
f 689/837/689 716/866/716 692/841/692
f 688/836/688 716/866/716 689/837/689
f 713/863/713 715/865/715 717/867/717
f 716/866/716 717/867/717 715/865/715
f 688/836/688 718/868/718 716/866/716
f 717/867/717 716/866/716 718/868/718
f 718/868/718 688/836/688 719/869/719
f 682/827/682 719/869/719 688/836/688
f 719/869/719 682/827/682 676/816/676
f 720/870/720 717/867/717 718/868/718
f 718/868/718 719/869/719 720/870/720
f 717/867/717 721/871/721 713/863/713
f 720/870/720 721/871/721 717/867/717
f 714/864/714 713/863/713 721/871/721
f 719/869/719 676/816/676 722/872/722
f 722/872/722 720/870/720 719/869/719
f 673/811/673 722/872/722 676/816/676
f 673/811/673 672/810/672 722/872/722
f 720/870/720 722/872/722 723/873/723
f 723/873/723 722/872/722 672/810/672
f 724/874/724 721/871/721 720/870/720
f 724/874/724 720/870/720 723/873/723
f 724/874/724 725/875/725 721/871/721
f 721/871/721 725/875/725 714/864/714
f 724/874/724 723/873/723 726/876/726
f 726/876/726 725/875/725 724/874/724
f 723/873/723 672/810/672 727/877/727
f 727/877/727 726/876/726 723/873/723
f 669/805/669 727/877/727 672/810/672
f 669/805/669 667/801/667 727/877/727
f 728/878/728 727/877/727 667/801/667
f 726/876/726 727/877/727 728/878/728
f 728/878/728 667/801/667 666/800/666
f 666/800/666 729/879/729 728/878/728
f 729/879/729 666/800/666 665/799/665
f 730/880/730 726/876/726 728/878/728
f 730/880/730 728/878/728 729/879/729
f 665/799/665 731/881/731 729/879/729
f 731/881/731 665/799/665 656/786/656
f 729/879/729 732/882/732 730/880/730
f 731/881/731 733/883/733 729/879/729
f 732/882/732 729/879/729 733/883/733
f 656/786/656 734/884/734 731/881/731
f 733/883/733 731/881/731 734/884/734
f 734/884/734 656/786/656 735/885/735
f 654/784/654 735/885/735 656/786/656
f 735/885/735 654/784/654 652/782/652
f 734/884/734 736/886/736 733/883/733
f 652/782/652 737/887/737 735/885/735
f 737/887/737 652/782/652 651/781/651
f 735/885/735 738/888/738 734/884/734
f 738/888/738 735/885/735 737/887/737
f 736/886/736 734/884/734 738/888/738
f 737/887/737 651/781/651 739/889/739
f 738/888/738 737/887/737 740/890/740
f 739/889/739 740/890/740 737/887/737
f 736/886/736 738/888/738 741/891/741
f 740/890/740 741/891/741 738/888/738
f 742/892/742 733/883/733 736/886/736
f 733/883/733 742/892/742 732/882/732
f 741/891/741 743/893/743 736/886/736
f 742/892/742 736/886/736 743/893/743
f 741/891/741 740/890/740 744/894/744
f 743/893/743 741/891/741 745/895/745
f 744/894/744 745/895/745 741/891/741
f 743/893/743 746/896/746 742/892/742
f 745/895/745 747/897/747 743/893/743
f 746/896/746 743/893/743 747/897/747
f 748/898/748 732/882/732 742/892/742
f 748/898/748 742/892/742 746/896/746
f 732/882/732 748/898/748 749/899/749
f 749/899/749 730/880/730 732/882/732
f 730/880/730 749/899/749 726/876/726
f 746/896/746 750/900/750 748/898/748
f 751/901/751 726/876/726 749/899/749
f 726/876/726 751/901/751 725/875/725
f 752/902/752 749/899/749 748/898/748
f 749/899/749 752/902/752 751/901/751
f 752/902/752 748/898/748 750/900/750
f 725/875/725 751/901/751 753/903/753
f 753/903/753 714/864/714 725/875/725
f 753/903/753 712/862/712 714/864/714
f 754/904/754 751/901/751 752/902/752
f 754/904/754 753/903/753 751/901/751
f 754/904/754 752/902/752 755/905/755
f 754/904/754 755/905/755 753/903/753
f 755/905/755 712/862/712 753/903/753
f 750/900/750 755/905/755 752/902/752
f 710/860/710 712/862/712 755/905/755
f 755/905/755 750/900/750 710/860/710
f 756/906/756 710/860/710 750/900/750
f 750/900/750 746/896/746 756/906/756
f 756/906/756 709/859/709 710/860/710
f 747/897/747 756/906/756 746/896/746
f 756/906/756 747/897/747 709/859/709
f 757/907/757 709/859/709 747/897/747
f 709/859/709 757/907/757 478/558/478
f 479/559/479 478/558/478 757/907/757
f 479/559/479 757/907/757 482/564/482
f 747/897/747 758/908/758 757/907/757
f 758/908/758 482/564/482 757/907/757
f 745/895/745 758/908/758 747/897/747
f 745/895/745 744/894/744 758/908/758
f 758/908/758 759/909/759 482/564/482
f 759/909/759 758/908/758 744/894/744
f 483/565/483 482/564/482 759/909/759
f 483/565/483 759/909/759 486/569/486
f 744/894/744 760/910/760 759/909/759
f 760/910/760 486/569/486 759/909/759
f 760/910/760 744/894/744 761/911/761
f 761/911/761 744/894/744 740/890/740
f 740/890/740 739/889/739 761/911/761
f 760/910/760 762/912/762 486/569/486
f 488/573/488 486/569/486 762/912/762
f 761/911/761 763/913/763 760/910/760
f 763/913/763 761/911/761 739/889/739
f 762/912/762 760/910/760 763/913/763
f 739/889/739 764/914/764 763/913/763
f 764/914/764 739/889/739 651/781/651
f 651/781/651 648/778/648 764/914/764
f 763/913/763 765/915/765 762/912/762
f 765/915/765 763/913/763 764/914/764
f 762/912/762 766/916/766 488/573/488
f 766/916/766 762/912/762 765/915/765
f 489/574/489 488/573/488 766/916/766
f 489/574/489 766/916/766 492/578/492
f 767/917/767 764/914/764 648/778/648
f 764/914/764 767/917/767 765/915/765
f 768/918/768 492/578/492 766/916/766
f 765/915/765 768/918/768 766/916/766
f 769/919/769 765/915/765 767/917/767
f 768/918/768 765/915/765 769/919/769
f 648/778/648 770/920/770 767/917/767
f 647/777/647 770/920/770 648/778/648
f 769/919/769 767/917/767 771/921/771
f 770/920/770 771/921/771 767/917/767
f 769/919/769 771/921/771 768/918/768
f 647/777/647 772/922/772 770/920/770
f 626/753/626 772/922/772 647/777/647
f 770/920/770 773/923/773 771/921/771
f 772/922/772 773/923/773 770/920/770
f 774/924/774 768/918/768 771/921/771
f 771/921/771 773/923/773 774/924/774
f 492/578/492 768/918/768 774/924/774
f 494/581/494 492/578/492 774/924/774
f 774/924/774 775/925/775 494/581/494
f 775/925/775 774/924/774 773/923/773
f 495/582/495 494/581/494 775/925/775
f 773/923/773 776/926/776 775/925/775
f 772/922/772 776/926/776 773/923/773
f 775/925/775 777/927/777 495/582/495
f 777/927/777 775/925/775 776/926/776
f 497/586/497 495/582/495 777/927/777
f 497/586/497 777/927/777 500/591/500
f 778/928/778 500/591/500 777/927/777
f 777/927/777 776/926/776 778/928/778
f 500/591/500 778/928/778 568/685/568
f 568/685/568 778/928/778 617/744/617
f 779/929/779 617/744/617 778/928/778
f 778/928/778 776/926/776 779/929/779
f 621/748/621 617/744/617 779/929/779
f 780/930/780 779/929/779 776/926/776
f 621/748/621 779/929/779 780/930/780
f 780/930/780 776/926/776 772/922/772
f 626/753/626 780/930/780 772/922/772
f 621/748/621 780/930/780 622/749/622
f 622/749/622 780/930/780 626/753/626
f 783/931/781 781/932/782 782/933/783
f 783/931/781 782/933/783 784/934/784
f 785/935/785 782/933/783 781/932/782
f 781/932/782 786/936/786 785/935/785
f 787/937/787 784/934/784 782/933/783
f 784/934/784 787/937/787 788/938/788
f 789/939/789 785/935/785 786/936/786
f 786/936/786 790/940/790 789/939/789
f 782/933/783 785/935/785 791/941/791
f 782/933/783 791/941/791 787/937/787
f 789/939/789 792/942/792 785/935/785
f 785/935/785 792/942/792 791/941/791
f 793/943/793 789/939/789 790/940/790
f 793/943/793 792/942/792 789/939/789
f 793/943/793 790/940/790 794/944/794
f 794/944/794 790/940/790 795/945/795
f 792/942/792 793/943/793 796/946/796
f 794/944/794 796/946/796 793/943/793
f 794/944/794 795/945/795 797/947/797
f 797/947/797 795/945/795 798/948/798
f 796/946/796 794/944/794 799/949/799
f 797/947/797 799/949/799 794/944/794
f 797/947/797 798/948/798 800/950/800
f 801/951/801 800/950/800 798/948/798
f 797/947/797 802/952/802 799/949/799
f 802/952/802 797/947/797 800/950/800
f 800/950/800 801/951/801 803/953/803
f 803/953/803 801/951/801 804/954/804
f 802/952/802 800/950/800 805/955/805
f 803/953/803 805/955/805 800/950/800
f 803/953/803 804/954/804 806/956/806
f 807/957/807 806/956/806 804/954/804
f 803/953/803 808/958/808 805/955/805
f 806/956/806 808/958/808 803/953/803
f 806/956/806 807/957/807 809/959/809
f 810/960/810 809/959/809 807/957/807
f 809/959/809 810/960/810 811/961/811
f 808/958/808 806/956/806 812/962/812
f 809/959/809 812/962/812 806/956/806
f 808/958/808 813/963/813 805/955/805
f 813/963/813 808/958/808 812/962/812
f 811/961/811 814/964/814 809/959/809
f 811/961/811 815/965/815 814/964/814
f 812/962/812 809/959/809 816/966/816
f 814/964/814 816/966/816 809/959/809
f 817/967/817 814/964/814 815/965/815
f 817/967/817 815/965/815 818/968/818
f 816/966/816 814/964/814 819/969/819
f 817/967/817 819/969/819 814/964/814
f 820/970/820 812/962/812 816/966/816
f 812/962/812 820/970/820 813/963/813
f 821/971/821 816/966/816 819/969/819
f 816/966/816 821/971/821 820/970/820
f 818/968/818 822/972/822 817/967/817
f 822/972/822 818/968/818 823/973/823
f 819/969/819 817/967/817 824/974/824
f 822/972/822 824/974/824 817/967/817
f 823/973/823 825/975/825 822/972/822
f 824/974/824 822/972/822 825/975/825
f 823/973/823 826/976/826 825/975/825
f 819/969/819 824/974/824 827/977/827
f 819/969/819 827/977/827 821/971/821
f 828/978/828 825/975/825 826/976/826
f 825/975/825 829/979/829 824/974/824
f 825/975/825 828/978/828 829/979/829
f 830/980/830 827/977/827 824/974/824
f 824/974/824 829/979/829 830/980/830
f 828/978/828 826/976/826 831/981/831
f 832/982/832 831/981/831 826/976/826
f 833/983/833 829/979/829 828/978/828
f 833/983/833 828/978/828 831/981/831
f 834/984/834 830/980/830 829/979/829
f 829/979/829 833/983/833 834/984/834
f 831/981/831 832/982/832 835/985/835
f 836/986/836 835/985/835 832/982/832
f 833/983/833 831/981/831 837/987/837
f 837/987/837 831/981/831 835/985/835
f 835/985/835 836/986/836 838/988/838
f 839/989/839 838/988/838 836/986/836
f 839/989/839 840/990/840 838/988/838
f 837/987/837 835/985/835 841/991/841
f 841/991/841 835/985/835 838/988/838
f 842/992/842 838/988/838 840/990/840
f 842/992/842 840/990/840 843/993/843
f 844/994/844 841/991/841 838/988/838
f 844/994/844 838/988/838 842/992/842
f 843/993/843 845/995/845 842/992/842
f 843/993/843 846/996/846 845/995/845
f 842/992/842 847/997/847 844/994/844
f 842/992/842 845/995/845 847/997/847
f 848/998/848 845/995/845 846/996/846
f 846/996/846 849/999/849 848/998/848
f 850/1000/850 847/997/847 845/995/845
f 848/998/848 850/1000/850 845/995/845
f 851/1001/851 848/998/848 849/999/849
f 849/999/849 852/1002/852 851/1001/851
f 848/998/848 853/1003/853 850/1000/850
f 851/1001/851 853/1003/853 848/998/848
f 854/1004/854 847/997/847 850/1000/850
f 854/1004/854 850/1000/850 853/1003/853
f 855/1005/855 851/1001/851 852/1002/852
f 853/1003/853 851/1001/851 856/1006/856
f 855/1005/855 856/1006/856 851/1001/851
f 855/1005/855 852/1002/852 857/1007/857
f 857/1007/857 856/1006/856 855/1005/855
f 858/1008/858 857/1007/857 852/1002/852
f 853/1003/853 856/1006/856 859/1009/859
f 853/1003/853 859/1009/859 854/1004/854
f 857/1007/857 858/1008/858 860/1010/860
f 861/1011/861 860/1010/860 858/1008/858
f 860/1010/860 861/1011/861 862/1012/862
f 863/1013/863 857/1007/857 860/1010/860
f 857/1007/857 863/1013/863 856/1006/856
f 862/1012/862 864/1014/864 860/1010/860
f 863/1013/863 860/1010/860 864/1014/864
f 864/1014/864 862/1012/862 865/1015/626
f 865/1015/626 866/1016/865 864/1014/864
f 865/1015/626 867/1017/866 866/1016/865
f 864/1014/864 868/1018/867 863/1013/863
f 864/1014/864 866/1016/865 868/1018/867
f 869/1019/868 866/1016/865 867/1017/866
f 867/1017/866 870/1020/869 869/1019/868
f 871/1021/870 868/1018/867 866/1016/865
f 869/1019/868 871/1021/870 866/1016/865
f 872/1022/871 869/1019/868 870/1020/869
f 870/1020/869 873/1023/872 872/1022/871
f 869/1019/868 874/1024/873 871/1021/870
f 869/1019/868 872/1022/871 874/1024/873
f 875/1025/874 872/1022/871 873/1023/872
f 873/1023/872 788/938/788 875/1025/874
f 876/1026/875 874/1024/873 872/1022/871
f 877/1027/876 875/1025/874 788/938/788
f 877/1027/876 788/938/788 787/937/787
f 875/1025/874 878/1028/877 872/1022/871
f 876/1026/875 872/1022/871 878/1028/877
f 877/1027/876 879/1029/878 875/1025/874
f 878/1028/877 875/1025/874 879/1029/878
f 787/937/787 880/1030/879 877/1027/876
f 880/1030/879 879/1029/878 877/1027/876
f 787/937/787 791/941/791 880/1030/879
f 881/1031/880 878/1028/877 879/1029/878
f 791/941/791 882/1032/881 880/1030/879
f 876/1026/875 878/1028/877 883/1033/882
f 881/1031/880 883/1033/882 878/1028/877
f 874/1024/873 876/1026/875 884/1034/883
f 883/1033/882 884/1034/883 876/1026/875
f 874/1024/873 884/1034/883 871/1021/870
f 885/1035/884 884/1034/883 883/1033/882
f 886/1036/885 871/1021/870 884/1034/883
f 884/1034/883 885/1035/884 886/1036/885
f 885/1035/884 883/1033/882 887/1037/886
f 883/1033/882 881/1031/880 887/1037/886
f 888/1038/887 871/1021/870 886/1036/885
f 888/1038/887 868/1018/867 871/1021/870
f 889/1039/888 886/1036/885 885/1035/884
f 868/1018/867 888/1038/887 890/1040/889
f 890/1040/889 863/1013/863 868/1018/867
f 886/1036/885 891/1041/890 888/1038/887
f 886/1036/885 889/1039/888 891/1041/890
f 888/1038/887 892/1042/891 890/1040/889
f 892/1042/891 888/1038/887 891/1041/890
f 890/1040/889 893/1043/892 863/1013/863
f 856/1006/856 863/1013/863 893/1043/892
f 894/1044/893 890/1040/889 892/1042/891
f 894/1044/893 893/1043/892 890/1040/889
f 893/1043/892 895/1045/894 856/1006/856
f 895/1045/894 859/1009/859 856/1006/856
f 893/1043/892 894/1044/893 896/1046/895
f 896/1046/895 895/1045/894 893/1043/892
f 892/1042/891 897/1047/896 894/1044/893
f 892/1042/891 891/1041/890 897/1047/896
f 898/1048/897 896/1046/895 894/1044/893
f 899/1049/898 894/1044/893 897/1047/896
f 894/1044/893 899/1049/898 898/1048/897
f 898/1048/897 900/1050/899 896/1046/895
f 895/1045/894 896/1046/895 900/1050/899
f 901/1051/900 898/1048/897 899/1049/898
f 900/1050/899 898/1048/897 902/1052/901
f 898/1048/897 901/1051/900 902/1052/901
f 895/1045/894 900/1050/899 903/1053/902
f 902/1052/901 901/1051/900 904/1054/903
f 900/1050/899 902/1052/901 905/1055/904
f 905/1055/904 903/1053/902 900/1050/899
f 906/1056/905 904/1054/903 901/1051/900
f 902/1052/901 904/1054/903 907/1057/906
f 907/1057/906 905/1055/904 902/1052/901
f 908/1058/907 907/1057/906 904/1054/903
f 908/1058/907 909/1059/908 907/1057/906
f 901/1051/900 910/1060/909 906/1056/905
f 910/1060/909 901/1051/900 899/1049/898
f 911/1061/910 906/1056/905 910/1060/909
f 911/1061/910 910/1060/909 912/1062/911
f 910/1060/909 899/1049/898 913/1063/912
f 913/1063/912 912/1062/911 910/1060/909
f 897/1047/896 913/1063/912 899/1049/898
f 912/1062/911 913/1063/912 914/1064/913
f 913/1063/912 897/1047/896 915/1065/914
f 915/1065/914 914/1064/913 913/1063/912
f 897/1047/896 916/1066/915 915/1065/914
f 916/1066/915 897/1047/896 891/1041/890
f 915/1065/914 917/1067/916 914/1064/913
f 915/1065/914 916/1066/915 917/1067/916
f 918/1068/917 914/1064/913 917/1067/916
f 917/1067/916 919/1069/918 918/1068/917
f 920/1070/919 918/1068/917 919/1069/918
f 919/1069/918 921/1071/920 920/1070/919
f 916/1066/915 922/1072/921 917/1067/916
f 919/1069/918 917/1067/916 922/1072/921
f 923/1073/922 921/1071/920 919/1069/918
f 919/1069/918 922/1072/921 923/1073/922
f 923/1073/922 924/1074/923 921/1071/920
f 925/1075/924 922/1072/921 916/1066/915
f 925/1075/924 916/1066/915 891/1041/890
f 926/1076/925 923/1073/922 922/1072/921
f 922/1072/921 925/1075/924 926/1076/925
f 927/1077/926 924/1074/923 923/1073/922
f 923/1073/922 926/1076/925 927/1077/926
f 927/1077/926 928/1078/927 924/1074/923
f 929/1079/928 924/1074/923 928/1078/927
f 930/1080/929 927/1077/926 926/1076/925
f 927/1077/926 930/1080/929 928/1078/927
f 928/1078/927 931/1081/930 929/1079/928
f 932/1082/931 929/1079/928 931/1081/930
f 931/1081/930 933/1083/932 932/1082/931
f 931/1081/930 928/1078/927 934/1084/933
f 928/1078/927 930/1080/929 934/1084/933
f 933/1083/932 931/1081/930 935/1085/934
f 934/1084/933 935/1085/934 931/1081/930
f 935/1085/934 909/1059/908 933/1083/932
f 936/1086/935 909/1059/908 935/1085/934
f 936/1086/935 907/1057/906 909/1059/908
f 936/1086/935 905/1055/904 907/1057/906
f 935/1085/934 934/1084/933 937/1087/936
f 935/1085/934 937/1087/936 936/1086/935
f 936/1086/935 938/1088/937 905/1055/904
f 938/1088/937 936/1086/935 937/1087/936
f 905/1055/904 938/1088/937 903/1053/902
f 934/1084/933 939/1089/938 937/1087/936
f 934/1084/933 930/1080/929 939/1089/938
f 937/1087/936 940/1090/939 938/1088/937
f 940/1090/939 937/1087/936 939/1089/938
f 941/1091/940 903/1053/902 938/1088/937
f 941/1091/940 938/1088/937 940/1090/939
f 942/1092/941 940/1090/939 939/1089/938
f 942/1092/941 941/1091/940 940/1090/939
f 943/1093/942 939/1089/938 930/1080/929
f 941/1091/940 944/1094/943 903/1053/902
f 903/1053/902 944/1094/943 895/1045/894
f 939/1089/938 943/1093/942 945/1095/944
f 945/1095/944 942/1092/941 939/1089/938
f 946/1096/945 895/1045/894 944/1094/943
f 895/1045/894 946/1096/945 859/1009/859
f 944/1094/943 947/1097/946 946/1096/945
f 948/1098/947 859/1009/859 946/1096/945
f 946/1096/945 947/1097/946 949/1099/948
f 946/1096/945 949/1099/948 948/1098/947
f 859/1009/859 948/1098/947 854/1004/854
f 950/1100/949 948/1098/947 949/1099/948
f 951/1101/950 947/1097/946 944/1094/943
f 944/1094/943 941/1091/940 951/1101/950
f 951/1101/950 952/1102/951 947/1097/946
f 948/1098/947 950/1100/949 953/1103/952
f 953/1103/952 854/1004/854 948/1098/947
f 954/1104/953 953/1103/952 950/1100/949
f 951/1101/950 955/1105/954 952/1102/951
f 956/1106/955 952/1102/951 955/1105/954
f 953/1103/952 954/1104/953 957/1107/956
f 958/1108/957 957/1107/956 954/1104/953
f 854/1004/854 953/1103/952 959/1109/958
f 957/1107/956 959/1109/958 953/1103/952
f 959/1109/958 847/997/847 854/1004/854
f 959/1109/958 844/994/844 847/997/847
f 957/1107/956 958/1108/957 960/1110/959
f 957/1107/956 960/1110/959 959/1109/958
f 961/1111/960 960/1110/959 958/1108/957
f 962/1112/961 844/994/844 959/1109/958
f 959/1109/958 960/1110/959 962/1112/961
f 841/991/841 844/994/844 962/1112/961
f 960/1110/959 961/1111/960 963/1113/962
f 960/1110/959 963/1113/962 962/1112/961
f 964/1114/963 963/1113/962 961/1111/960
f 965/1115/964 841/991/841 962/1112/961
f 965/1115/964 962/1112/961 963/1113/962
f 965/1115/964 837/987/837 841/991/841
f 963/1113/962 964/1114/963 966/1116/965
f 967/1117/966 966/1116/965 964/1114/963
f 965/1115/964 963/1113/962 968/1118/967
f 968/1118/967 837/987/837 965/1115/964
f 966/1116/965 968/1118/967 963/1113/962
f 833/983/833 837/987/837 968/1118/967
f 969/1119/968 833/983/833 968/1118/967
f 968/1118/967 966/1116/965 969/1119/968
f 969/1119/968 834/984/834 833/983/833
f 970/1120/969 969/1119/968 966/1116/965
f 966/1116/965 967/1117/966 970/1120/969
f 969/1119/968 970/1120/969 834/984/834
f 971/1121/970 970/1120/969 967/1117/966
f 970/1120/969 971/1121/970 972/1122/971
f 972/1122/971 834/984/834 970/1120/969
f 973/1123/972 972/1122/971 971/1121/970
f 972/1122/971 974/1124/973 834/984/834
f 972/1122/971 973/1123/972 974/1124/973
f 830/980/830 834/984/834 974/1124/973
f 975/1125/974 974/1124/973 973/1123/972
f 974/1124/973 827/977/827 830/980/830
f 976/1126/975 974/1124/973 975/1125/974
f 976/1126/975 977/1127/976 974/1124/973
f 977/1127/976 827/977/827 974/1124/973
f 976/1126/975 978/1128/977 977/1127/976
f 827/977/827 977/1127/976 979/1129/978
f 979/1129/978 977/1127/976 978/1128/977
f 821/971/821 827/977/827 979/1129/978
f 978/1128/977 980/1130/979 979/1129/978
f 979/1129/978 981/1131/980 821/971/821
f 981/1131/980 979/1129/978 980/1130/979
f 820/970/820 821/971/821 981/1131/980
f 980/1130/979 982/1132/981 981/1131/980
f 820/970/820 981/1131/980 983/1133/982
f 983/1133/982 981/1131/980 982/1132/981
f 813/963/813 820/970/820 983/1133/982
f 983/1133/982 982/1132/981 984/1134/983
f 985/1135/984 813/963/813 983/1133/982
f 985/1135/984 805/955/805 813/963/813
f 805/955/805 985/1135/984 802/952/802
f 986/1136/985 983/1133/982 984/1134/983
f 985/1135/984 983/1133/982 986/1136/985
f 984/1134/983 987/1137/986 986/1136/985
f 988/1138/987 802/952/802 985/1135/984
f 985/1135/984 986/1136/985 988/1138/987
f 988/1138/987 799/949/799 802/952/802
f 989/1139/988 986/1136/985 987/1137/986
f 989/1139/988 988/1138/987 986/1136/985
f 987/1137/986 990/1140/989 989/1139/988
f 991/1141/990 799/949/799 988/1138/987
f 992/1142/991 989/1139/988 990/1140/989
f 989/1139/988 992/1142/991 988/1138/987
f 991/1141/990 988/1138/987 992/1142/991
f 990/1140/989 993/1143/992 992/1142/991
f 799/949/799 991/1141/990 796/946/796
f 994/1144/993 992/1142/991 993/1143/992
f 992/1142/991 994/1144/993 991/1141/990
f 993/1143/992 995/1145/994 994/1144/993
f 996/1146/995 796/946/796 991/1141/990
f 996/1146/995 991/1141/990 994/1144/993
f 792/942/792 796/946/796 996/1146/995
f 997/1147/996 994/1144/993 995/1145/994
f 994/1144/993 997/1147/996 996/1146/995
f 997/1147/996 995/1145/994 998/1148/997
f 999/1149/998 792/942/792 996/1146/995
f 999/1149/998 996/1146/995 997/1147/996
f 997/1147/996 998/1148/997 1000/1150/999
f 1000/1150/999 999/1149/998 997/1147/996
f 1000/1150/999 998/1148/997 1001/1151/1000
f 1001/1151/1000 998/1148/997 1002/1152/1001
f 999/1149/998 1003/1153/1002 792/942/792
f 792/942/792 1003/1153/1002 791/941/791
f 882/1032/881 791/941/791 1003/1153/1002
f 1001/1151/1000 1002/1152/1001 1004/1154/1003
f 1005/1155/1004 1004/1154/1003 1002/1152/1001
f 1004/1154/1003 1005/1155/1004 1006/1156/1005
f 1007/1157/1006 1006/1156/1005 1005/1155/1004
f 1004/1154/1003 1008/1158/1007 1001/1151/1000
f 1006/1156/1005 1007/1157/1006 1009/1159/1008
f 1010/1160/1009 1009/1159/1008 1007/1157/1006
f 1006/1156/1005 1011/1161/1010 1004/1154/1003
f 1008/1158/1007 1004/1154/1003 1011/1161/1010
f 1009/1159/1008 1012/1162/1011 1006/1156/1005
f 1011/1161/1010 1006/1156/1005 1012/1162/1011
f 1009/1159/1008 1010/1160/1009 1013/1163/1012
f 1009/1159/1008 1013/1163/1012 1012/1162/1011
f 1014/1164/1013 1013/1163/1012 1010/1160/1009
f 1013/1163/1012 1014/1164/1013 1015/1165/1014
f 1016/1166/1015 1015/1165/1014 1014/1164/1013
f 1012/1162/1011 1013/1163/1012 1017/1167/1016
f 1013/1163/1012 1015/1165/1014 1017/1167/1016
f 1015/1165/1014 1016/1166/1015 1018/1168/1017
f 1019/1169/1018 1018/1168/1017 1016/1166/1015
f 1020/1170/1019 1017/1167/1016 1015/1165/1014
f 1018/1168/1017 1019/1169/1018 1021/1171/1020
f 1022/1172/1021 1021/1171/1020 1019/1169/1018
f 1018/1168/1017 1023/1173/1022 1015/1165/1014
f 1020/1170/1019 1015/1165/1014 1023/1173/1022
f 1021/1171/1020 1024/1174/1023 1018/1168/1017
f 1023/1173/1022 1018/1168/1017 1024/1174/1023
f 1021/1171/1020 1022/1172/1021 1025/1175/1024
f 1026/1176/1025 1025/1175/1024 1022/1172/1021
f 1025/1175/1024 1027/1177/1026 1021/1171/1020
f 1024/1174/1023 1021/1171/1020 1027/1177/1026
f 1025/1175/1024 1026/1176/1025 1028/1178/1027
f 1025/1175/1024 1028/1178/1027 1027/1177/1026
f 1029/1179/1028 1028/1178/1027 1026/1176/1025
f 1030/1180/1029 1028/1178/1027 1029/1179/1028
f 1030/1180/1029 1031/1181/1030 1028/1178/1027
f 1030/1180/1029 1032/1182/1031 1031/1181/1030
f 1033/1183/1032 1031/1181/1030 1032/1182/1031
f 1032/1182/1031 1034/1184/1033 1033/1183/1032
f 1031/1181/1030 1035/1185/1034 1028/1178/1027
f 1033/1183/1032 1035/1185/1034 1031/1181/1030
f 1036/1186/1035 1033/1183/1032 1034/1184/1033
f 1034/1184/1033 1037/1187/1036 1036/1186/1035
f 1038/1188/1037 1035/1185/1034 1033/1183/1032
f 1033/1183/1032 1036/1186/1035 1038/1188/1037
f 1028/1178/1027 1035/1185/1034 1039/1189/1038
f 1039/1189/1038 1027/1177/1026 1028/1178/1027
f 1040/1190/1039 1036/1186/1035 1037/1187/1036
f 1040/1190/1039 1037/1187/1036 1041/1191/1040
f 1042/1192/1041 1038/1188/1037 1036/1186/1035
f 1042/1192/1041 1036/1186/1035 1040/1190/1039
f 1043/1193/1042 1040/1190/1039 1041/1191/1040
f 1041/1191/1040 1044/1194/1043 1043/1193/1042
f 1045/1195/1044 1042/1192/1041 1040/1190/1039
f 1046/1196/1045 1043/1193/1042 1044/1194/1043
f 1044/1194/1043 1047/1197/1046 1046/1196/1045
f 1048/1198/1047 1040/1190/1039 1043/1193/1042
f 1048/1198/1047 1045/1195/1044 1040/1190/1039
f 1049/1199/1048 1046/1196/1045 1047/1197/1046
f 1047/1197/1046 1050/1200/1049 1049/1199/1048
f 1046/1196/1045 1051/1201/1050 1043/1193/1042
f 1046/1196/1045 1049/1199/1048 1051/1201/1050
f 1048/1198/1047 1043/1193/1042 1051/1201/1050
f 1052/1202/1051 1049/1199/1048 1050/1200/1049
f 1050/1200/1049 1053/1203/1052 1052/1202/1051
f 1054/1204/1053 1051/1201/1050 1049/1199/1048
f 1049/1199/1048 1052/1202/1051 1054/1204/1053
f 1055/1205/1054 1052/1202/1051 1053/1203/1052
f 1055/1205/1054 1053/1203/1052 1056/1206/1055
f 1057/1207/1056 1054/1204/1053 1052/1202/1051
f 1052/1202/1051 1055/1205/1054 1057/1207/1056
f 1054/1204/1053 1058/1208/1057 1051/1201/1050
f 1057/1207/1056 1059/1209/1058 1054/1204/1053
f 1058/1208/1057 1054/1204/1053 1059/1209/1058
f 1058/1208/1057 1060/1210/1059 1051/1201/1050
f 1051/1201/1050 1060/1210/1059 1048/1198/1047
f 1059/1209/1058 1061/1211/1060 1058/1208/1057
f 1062/1212/1061 1048/1198/1047 1060/1210/1059
f 1048/1198/1047 1062/1212/1061 1045/1195/1044
f 1063/1213/1062 1060/1210/1059 1058/1208/1057
f 1063/1213/1062 1058/1208/1057 1061/1211/1060
f 1060/1210/1059 1064/1214/1063 1062/1212/1061
f 1060/1210/1059 1063/1213/1062 1064/1214/1063
f 1065/1215/1064 1045/1195/1044 1062/1212/1061
f 1045/1195/1044 1065/1215/1064 1042/1192/1041
f 1066/1216/1065 1062/1212/1061 1064/1214/1063
f 1062/1212/1061 1066/1216/1065 1065/1215/1064
f 1067/1217/1066 1064/1214/1063 1063/1213/1062
f 1064/1214/1063 1067/1217/1066 1066/1216/1065
f 1063/1213/1062 1068/1218/612 1067/1217/1066
f 1063/1213/1062 1069/1219/1067 1068/1218/612
f 1061/1211/1060 1069/1219/1067 1063/1213/1062
f 1066/1216/1065 1067/1217/1066 1070/1220/1068
f 1061/1211/1060 1071/1221/1069 1069/1219/1067
f 1066/1216/1065 1070/1220/1068 1072/1222/1070
f 1072/1222/1070 1065/1215/1064 1066/1216/1065
f 1073/1223/1071 1072/1222/1070 1070/1220/1068
f 1074/1224/1072 1071/1221/1069 1061/1211/1060
f 1061/1211/1060 1059/1209/1058 1074/1224/1072
f 1074/1224/1072 1075/1225/1073 1071/1221/1069
f 1072/1222/1070 1073/1223/1071 1076/1226/1074
f 1077/1227/1075 1076/1226/1074 1073/1223/1071
f 1065/1215/1064 1072/1222/1070 1078/1228/1076
f 1076/1226/1074 1078/1228/1076 1072/1222/1070
f 1078/1228/1076 1042/1192/1041 1065/1215/1064
f 1042/1192/1041 1078/1228/1076 1038/1188/1037
f 1079/1229/1077 1038/1188/1037 1078/1228/1076
f 1078/1228/1076 1076/1226/1074 1079/1229/1077
f 1038/1188/1037 1079/1229/1077 1035/1185/1034
f 1076/1226/1074 1077/1227/1075 1080/1230/1078
f 1080/1230/1078 1079/1229/1077 1076/1226/1074
f 1081/1231/1079 1080/1230/1078 1077/1227/1075
f 1082/1232/1080 1035/1185/1034 1079/1229/1077
f 1079/1229/1077 1080/1230/1078 1082/1232/1080
f 1035/1185/1034 1082/1232/1080 1039/1189/1038
f 1080/1230/1078 1081/1231/1079 1083/1233/1081
f 1083/1233/1081 1082/1232/1080 1080/1230/1078
f 1083/1233/1081 1081/1231/1079 1084/1234/1082
f 1039/1189/1038 1082/1232/1080 1085/1235/1083
f 1082/1232/1080 1083/1233/1081 1085/1235/1083
f 1083/1233/1081 1084/1234/1082 1086/1236/1084
f 1086/1236/1084 1085/1235/1083 1083/1233/1081
f 1087/1237/919 1086/1236/1084 1084/1234/1082
f 1086/1236/1084 1087/1237/919 1088/1238/1085
f 1088/1238/1085 1089/1239/1086 1086/1236/1084
f 1085/1235/1083 1086/1236/1084 1089/1239/1086
f 1088/1238/1085 1090/1240/1087 1089/1239/1086
f 1085/1235/1083 1091/1241/1088 1039/1189/1038
f 1089/1239/1086 1091/1241/1088 1085/1235/1083
f 1027/1177/1026 1039/1189/1038 1091/1241/1088
f 1092/1242/1089 1089/1239/1086 1090/1240/1087
f 1089/1239/1086 1092/1242/1089 1091/1241/1088
f 1092/1242/1089 1090/1240/1087 1093/1243/1090
f 1091/1241/1088 1094/1244/1091 1027/1177/1026
f 1094/1244/1091 1091/1241/1088 1092/1242/1089
f 1024/1174/1023 1027/1177/1026 1094/1244/1091
f 1093/1243/1090 1095/1245/1092 1092/1242/1089
f 1094/1244/1091 1092/1242/1089 1095/1245/1092
f 1095/1245/1092 1093/1243/1090 1096/1246/1093
f 1094/1244/1091 1097/1247/1094 1024/1174/1023
f 1094/1244/1091 1095/1245/1092 1097/1247/1094
f 1023/1173/1022 1024/1174/1023 1097/1247/1094
f 1096/1246/1093 1098/1248/1095 1095/1245/1092
f 1097/1247/1094 1095/1245/1092 1098/1248/1095
f 1098/1248/1095 1096/1246/1093 1099/1249/1096
f 1097/1247/1094 1100/1250/1097 1023/1173/1022
f 1097/1247/1094 1098/1248/1095 1100/1250/1097
f 1020/1170/1019 1023/1173/1022 1100/1250/1097
f 1099/1249/1096 1101/1251/1098 1098/1248/1095
f 1100/1250/1097 1098/1248/1095 1101/1251/1098
f 1099/1249/1096 1102/1252/790 1101/1251/1098
f 1100/1250/1097 1103/1253/1099 1020/1170/1019
f 1100/1250/1097 1101/1251/1098 1103/1253/1099
f 1017/1167/1016 1020/1170/1019 1103/1253/1099
f 1104/1254/1100 1101/1251/1098 1102/1252/790
f 1103/1253/1099 1101/1251/1098 1104/1254/1100
f 1103/1253/1099 1105/1255/1101 1017/1167/1016
f 1104/1254/1100 1105/1255/1101 1103/1253/1099
f 1012/1162/1011 1017/1167/1016 1105/1255/1101
f 1104/1254/1100 1102/1252/790 1106/1256/1102
f 1104/1254/1100 1106/1256/1102 1105/1255/1101
f 1107/1257/1103 1106/1256/1102 1102/1252/790
f 1107/1257/1103 1108/1258/1104 1106/1256/1102
f 1105/1255/1101 1109/1259/1105 1012/1162/1011
f 1109/1259/1105 1105/1255/1101 1106/1256/1102
f 1011/1161/1010 1012/1162/1011 1109/1259/1105
f 1110/1260/1106 1106/1256/1102 1108/1258/1104
f 1110/1260/1106 1109/1259/1105 1106/1256/1102
f 1108/1258/1104 1111/1261/801 1110/1260/1106
f 1011/1161/1010 1109/1259/1105 1112/1262/1107
f 1110/1260/1106 1112/1262/1107 1109/1259/1105
f 1011/1161/1010 1112/1262/1107 1008/1158/1007
f 1113/1263/1108 1110/1260/1106 1111/1261/801
f 1113/1263/1108 1112/1262/1107 1110/1260/1106
f 1111/1261/801 1114/1264/1109 1113/1263/1108
f 1112/1262/1107 1115/1265/1110 1008/1158/1007
f 1112/1262/1107 1113/1263/1108 1115/1265/1110
f 1116/1266/1111 1113/1263/1108 1114/1264/1109
f 1116/1266/1111 1115/1265/1110 1113/1263/1108
f 1116/1266/1111 1114/1264/1109 1117/1267/1112
f 1117/1267/1112 1115/1265/1110 1116/1266/1111
f 1118/1268/1113 1117/1267/1112 1114/1264/1109
f 1119/1269/1114 1008/1158/1007 1115/1265/1110
f 1119/1269/1114 1001/1151/1000 1008/1158/1007
f 1001/1151/1000 1119/1269/1114 1000/1150/999
f 1117/1267/1112 1118/1268/1113 1120/1270/1115
f 1121/1271/1116 1120/1270/1115 1118/1268/1113
f 1120/1270/1115 1121/1271/1116 1122/1272/1117
f 1123/1273/1118 1117/1267/1112 1120/1270/1115
f 1117/1267/1112 1123/1273/1118 1115/1265/1110
f 1122/1272/1117 1124/1274/1119 1120/1270/1115
f 1123/1273/1118 1120/1270/1115 1124/1274/1119
f 1124/1274/1119 1122/1272/1117 1125/1275/300
f 1126/1276/1120 1115/1265/1110 1123/1273/1118
f 1126/1276/1120 1119/1269/1114 1115/1265/1110
f 1125/1275/300 1127/1277/1121 1124/1274/1119
f 1125/1275/300 1128/1278/1122 1127/1277/1121
f 1124/1274/1119 1129/1279/1123 1123/1273/1118
f 1124/1274/1119 1127/1277/1121 1129/1279/1123
f 1130/1280/1124 1127/1277/1121 1128/1278/1122
f 1128/1278/1122 1131/1281/1125 1130/1280/1124
f 1132/1282/1126 1129/1279/1123 1127/1277/1121
f 1130/1280/1124 1132/1282/1126 1127/1277/1121
f 1129/1279/1123 1133/1283/1127 1123/1273/1118
f 1130/1280/1124 1134/1284/1128 1132/1282/1126
f 1135/1285/1129 1123/1273/1118 1133/1283/1127
f 1135/1285/1129 1126/1276/1120 1123/1273/1118
f 1130/1280/1124 1136/1286/1130 1134/1284/1128
f 1136/1286/1130 1130/1280/1124 1131/1281/1125
f 1137/1287/1131 1126/1276/1120 1135/1285/1129
f 1136/1286/1130 1131/1281/1125 1138/1288/1132
f 1138/1288/1132 1131/1281/1125 1139/1289/1133
f 1137/1287/1131 1135/1285/1129 1140/1290/1134
f 1133/1283/1127 1140/1290/1134 1135/1285/1129
f 1126/1276/1120 1137/1287/1131 1141/1291/1135
f 1141/1291/1135 1119/1269/1114 1126/1276/1120
f 1140/1290/1134 1142/1292/1136 1137/1287/1131
f 1119/1269/1114 1141/1291/1135 1143/1293/1137
f 1137/1287/1131 1144/1294/1138 1141/1291/1135
f 1144/1294/1138 1137/1287/1131 1142/1292/1136
f 1145/1295/1139 1143/1293/1137 1141/1291/1135
f 1145/1295/1139 1141/1291/1135 1144/1294/1138
f 1119/1269/1114 1143/1293/1137 1146/1296/1140
f 1146/1296/1140 1000/1150/999 1119/1269/1114
f 999/1149/998 1000/1150/999 1146/1296/1140
f 1143/1293/1137 1145/1295/1139 1147/1297/1141
f 1148/1298/1142 1146/1296/1140 1143/1293/1137
f 1143/1293/1137 1147/1297/1141 1148/1298/1142
f 999/1149/998 1146/1296/1140 1149/1299/1143
f 1148/1298/1142 1149/1299/1143 1146/1296/1140
f 999/1149/998 1149/1299/1143 1150/1300/1144
f 1003/1153/1002 999/1149/998 1150/1300/1144
f 1151/1301/1145 1149/1299/1143 1148/1298/1142
f 1003/1153/1002 1150/1300/1144 1152/1302/1146
f 1153/1303/1147 1150/1300/1144 1149/1299/1143
f 1150/1300/1144 1153/1303/1147 1152/1302/1146
f 1149/1299/1143 1151/1301/1145 1153/1303/1147
f 882/1032/881 1003/1153/1002 1152/1302/1146
f 1151/1301/1145 1148/1298/1142 1154/1304/1148
f 1154/1304/1148 1148/1298/1142 1147/1297/1141
f 1154/1304/1148 1155/1305/1149 1151/1301/1145
f 1155/1305/1149 1154/1304/1148 1156/1306/1150
f 1147/1297/1141 1156/1306/1150 1154/1304/1148
f 1151/1301/1145 1155/1305/1149 1157/1307/1151
f 1147/1297/1141 1158/1308/1152 1156/1306/1150
f 1145/1295/1139 1158/1308/1152 1147/1297/1141
f 1159/1309/1153 1156/1306/1150 1158/1308/1152
f 1158/1308/1152 1145/1295/1139 1144/1294/1138
f 1158/1308/1152 1160/1310/1154 1159/1309/1153
f 1160/1310/1154 1158/1308/1152 1144/1294/1138
f 1161/1311/781 1159/1309/1153 1160/1310/1154
f 1161/1311/781 1160/1310/1154 1162/1312/1155
f 1160/1310/1154 1144/1294/1138 1163/1313/1156
f 1163/1313/1156 1162/1312/1155 1160/1310/1154
f 1142/1292/1136 1163/1313/1156 1144/1294/1138
f 1162/1312/1155 1163/1313/1156 1164/1314/1157
f 1163/1313/1156 1142/1292/1136 1165/1315/1158
f 1165/1315/1158 1164/1314/1157 1163/1313/1156
f 1142/1292/1136 1166/1316/1159 1165/1315/1158
f 1165/1315/1158 1167/1317/1160 1164/1314/1157
f 1165/1315/1158 1166/1316/1159 1167/1317/1160
f 1168/1318/1161 1164/1314/1157 1167/1317/1160
f 1166/1316/1159 1142/1292/1136 1169/1319/1162
f 1140/1290/1134 1169/1319/1162 1142/1292/1136
f 1140/1290/1134 1133/1283/1127 1169/1319/1162
f 1166/1316/1159 1170/1320/1163 1167/1317/1160
f 1166/1316/1159 1169/1319/1162 1170/1320/1163
f 1167/1317/1160 1171/1321/1164 1168/1318/1161
f 1171/1321/1164 1167/1317/1160 1170/1320/1163
f 1172/1322/1165 1168/1318/1161 1171/1321/1164
f 1171/1321/1164 1173/1323/1166 1172/1322/1165
f 1174/1324/1167 1173/1323/1166 1171/1321/1164
f 1171/1321/1164 1170/1320/1163 1174/1324/1167
f 1174/1324/1167 1175/1325/1168 1173/1323/1166
f 1176/1326/1169 1173/1323/1166 1175/1325/1168
f 1177/1327/1170 1174/1324/1167 1170/1320/1163
f 1174/1324/1167 1177/1327/1170 1175/1325/1168
f 1175/1325/1168 1178/1328/1171 1176/1326/1169
f 1179/1329/840 1176/1326/1169 1178/1328/1171
f 1180/1330/1172 1175/1325/1168 1177/1327/1170
f 1175/1325/1168 1180/1330/1172 1178/1328/1171
f 1178/1328/1171 1181/1331/1173 1179/1329/840
f 1182/1332/1174 1179/1329/840 1181/1331/1173
f 1181/1331/1173 1183/1333/1175 1182/1332/1174
f 1178/1328/1171 1180/1330/1172 1184/1334/1176
f 1184/1334/1176 1181/1331/1173 1178/1328/1171
f 1183/1333/1175 1181/1331/1173 1185/1335/1177
f 1181/1331/1173 1184/1334/1176 1185/1335/1177
f 1185/1335/1177 1157/1307/1151 1183/1333/1175
f 1151/1301/1145 1157/1307/1151 1185/1335/1177
f 1185/1335/1177 1153/1303/1147 1151/1301/1145
f 1153/1303/1147 1185/1335/1177 1184/1334/1176
f 1184/1334/1176 1152/1302/1146 1153/1303/1147
f 1152/1302/1146 1184/1334/1176 1186/1336/1178
f 1180/1330/1172 1186/1336/1178 1184/1334/1176
f 1180/1330/1172 1177/1327/1170 1186/1336/1178
f 1152/1302/1146 1186/1336/1178 882/1032/881
f 1187/1337/1179 882/1032/881 1186/1336/1178
f 1187/1337/1179 880/1030/879 882/1032/881
f 1188/1338/1180 1186/1336/1178 1177/1327/1170
f 1186/1336/1178 1188/1338/1180 1187/1337/1179
f 1187/1337/1179 1189/1339/1181 880/1030/879
f 1189/1339/1181 1187/1337/1179 1188/1338/1180
f 879/1029/878 880/1030/879 1189/1339/1181
f 881/1031/880 879/1029/878 1189/1339/1181
f 1188/1338/1180 1177/1327/1170 1190/1340/1182
f 1170/1320/1163 1190/1340/1182 1177/1327/1170
f 1190/1340/1182 1170/1320/1163 1169/1319/1162
f 1188/1338/1180 1191/1341/1183 1189/1339/1181
f 1190/1340/1182 1192/1342/1184 1188/1338/1180
f 1191/1341/1183 1188/1338/1180 1192/1342/1184
f 1193/1343/1185 1190/1340/1182 1169/1319/1162
f 1192/1342/1184 1190/1340/1182 1193/1343/1185
f 1194/1344/1186 1189/1339/1181 1191/1341/1183
f 1194/1344/1186 881/1031/880 1189/1339/1181
f 1191/1341/1183 1192/1342/1184 1195/1345/1187
f 1194/1344/1186 1191/1341/1183 1195/1345/1187
f 1192/1342/1184 1193/1343/1185 1195/1345/1187
f 1196/1346/1188 881/1031/880 1194/1344/1186
f 1196/1346/1188 1194/1344/1186 1195/1345/1187
f 1196/1346/1188 887/1037/886 881/1031/880
f 887/1037/886 1196/1346/1188 1195/1345/1187
f 885/1035/884 887/1037/886 1195/1345/1187
f 889/1039/888 885/1035/884 1195/1345/1187
f 1169/1319/1162 1197/1347/1189 1193/1343/1185
f 1197/1347/1189 1169/1319/1162 1133/1283/1127
f 1133/1283/1127 1129/1279/1123 1197/1347/1189
f 1132/1282/1126 1197/1347/1189 1129/1279/1123
f 1198/1348/1190 1193/1343/1185 1197/1347/1189
f 1193/1343/1185 1198/1348/1190 1195/1345/1187
f 1197/1347/1189 1132/1282/1126 1199/1349/1191
f 1198/1348/1190 1197/1347/1189 1199/1349/1191
f 1134/1284/1128 1199/1349/1191 1132/1282/1126
f 1198/1348/1190 1199/1349/1191 1200/1350/1192
f 1198/1348/1190 1200/1350/1192 1195/1345/1187
f 1134/1284/1128 1201/1351/1193 1199/1349/1191
f 1201/1351/1193 1134/1284/1128 1136/1286/1130
f 1200/1350/1192 1199/1349/1191 1202/1352/1194
f 1202/1352/1194 1199/1349/1191 1201/1351/1193
f 1200/1350/1192 1202/1352/1194 1203/1353/1195
f 1200/1350/1192 1203/1353/1195 1195/1345/1187
f 1203/1353/1195 1202/1352/1194 1204/1354/1196
f 1203/1353/1195 1204/1354/1196 1195/1345/1187
f 1202/1352/1194 1201/1351/1193 1205/1355/1197
f 1204/1354/1196 1202/1352/1194 1205/1355/1197
f 1201/1351/1193 1136/1286/1130 1206/1356/1198
f 1206/1356/1198 1205/1355/1197 1201/1351/1193
f 1138/1288/1132 1206/1356/1198 1136/1286/1130
f 1204/1354/1196 1205/1355/1197 1207/1357/1199
f 1204/1354/1196 1207/1357/1199 1195/1345/1187
f 1205/1355/1197 1206/1356/1198 1208/1358/1200
f 1206/1356/1198 1138/1288/1132 1208/1358/1200
f 1207/1357/1199 1205/1355/1197 1209/1359/1201
f 1205/1355/1197 1208/1358/1200 1209/1359/1201
f 1210/1360/1202 1208/1358/1200 1138/1288/1132
f 1138/1288/1132 1139/1289/1133 1210/1360/1202
f 1210/1360/1202 1139/1289/1133 1211/1361/1203
f 1212/1362/1204 1208/1358/1200 1210/1360/1202
f 1208/1358/1200 1212/1362/1204 1209/1359/1201
f 1210/1360/1202 1211/1361/1203 1213/1363/1205
f 1213/1363/1205 1212/1362/1204 1210/1360/1202
f 1214/1364/1206 1213/1363/1205 1211/1361/1203
f 1213/1363/1205 1214/1364/1206 1215/1365/1207
f 1216/1366/1208 1215/1365/1207 1214/1364/1206
f 1216/1366/1208 1217/1367/1209 1215/1365/1207
f 1213/1363/1205 1218/1368/1210 1212/1362/1204
f 1215/1365/1207 1218/1368/1210 1213/1363/1205
f 1219/1369/1211 1215/1365/1207 1217/1367/1209
f 1215/1365/1207 1219/1369/1211 1218/1368/1210
f 1217/1367/1209 1075/1225/1073 1219/1369/1211
f 1220/1370/1212 1219/1369/1211 1075/1225/1073
f 1220/1370/1212 1075/1225/1073 1074/1224/1072
f 1220/1370/1212 1221/1371/1213 1219/1369/1211
f 1074/1224/1072 1221/1371/1213 1220/1370/1212
f 1219/1369/1211 1221/1371/1213 1218/1368/1210
f 1221/1371/1213 1074/1224/1072 1059/1209/1058
f 1057/1207/1056 1221/1371/1213 1059/1209/1058
f 1222/1372/1214 1212/1362/1204 1218/1368/1210
f 1222/1372/1214 1209/1359/1201 1212/1362/1204
f 1221/1371/1213 1223/1373/1215 1218/1368/1210
f 1224/1374/1216 1221/1371/1213 1057/1207/1056
f 1224/1374/1216 1223/1373/1215 1221/1371/1213
f 1224/1374/1216 1057/1207/1056 1055/1205/1054
f 1225/1375/1217 1218/1368/1210 1223/1373/1215
f 1218/1368/1210 1225/1375/1217 1222/1372/1214
f 1225/1375/1217 1223/1373/1215 1226/1376/1218
f 1222/1372/1214 1225/1375/1217 1227/1377/1219
f 1226/1376/1218 1227/1377/1219 1225/1375/1217
f 1227/1377/1219 1228/1378/1220 1222/1372/1214
f 1209/1359/1201 1222/1372/1214 1228/1378/1220
f 1227/1377/1219 1226/1376/1218 1229/1379/1221
f 1227/1377/1219 1229/1379/1221 1228/1378/1220
f 1223/1373/1215 1230/1380/1135 1226/1376/1218
f 1223/1373/1215 1224/1374/1216 1230/1380/1135
f 1231/1381/1222 1229/1379/1221 1226/1376/1218
f 1231/1381/1222 1226/1376/1218 1230/1380/1135
f 1232/1382/1223 1224/1374/1216 1055/1205/1054
f 1055/1205/1054 1056/1206/1055 1232/1382/1223
f 1224/1374/1216 1233/1383/1224 1230/1380/1135
f 1232/1382/1223 1056/1206/1055 1234/1384/1225
f 1234/1384/1225 1056/1206/1055 1235/1385/1226
f 1224/1374/1216 1232/1382/1223 1236/1386/1227
f 1224/1374/1216 1236/1386/1227 1233/1383/1224
f 1234/1384/1225 1235/1385/1226 1237/1387/1228
f 1238/1388/1229 1237/1387/1228 1235/1385/1226
f 1234/1384/1225 1239/1389/1230 1232/1382/1223
f 1236/1386/1227 1232/1382/1223 1239/1389/1230
f 1237/1387/1228 1240/1390/1231 1234/1384/1225
f 1239/1389/1230 1234/1384/1225 1240/1390/1231
f 1237/1387/1228 1238/1388/1229 1241/1391/1232
f 1242/1392/1233 1241/1391/1232 1238/1388/1229
f 1240/1390/1231 1237/1387/1228 1243/1393/1234
f 1241/1391/1232 1243/1393/1234 1237/1387/1228
f 1241/1391/1232 1242/1392/1233 1244/1394/1235
f 1245/1395/1236 1244/1394/1235 1242/1392/1233
f 1243/1393/1234 1241/1391/1232 1246/1396/1237
f 1244/1394/1235 1246/1396/1237 1241/1391/1232
f 1244/1394/1235 1245/1395/1236 1247/1397/1238
f 1244/1394/1235 1247/1397/1238 1246/1396/1237
f 1248/1398/1239 1247/1397/1238 1245/1395/1236
f 1247/1397/1238 1248/1398/1239 1249/1399/1240
f 1250/1400/1241 1249/1399/1240 1248/1398/1239
f 1246/1396/1237 1247/1397/1238 1251/1401/1242
f 1247/1397/1238 1249/1399/1240 1251/1401/1242
f 1249/1399/1240 1250/1400/1241 1252/1402/1243
f 1253/1403/1244 1252/1402/1243 1250/1400/1241
f 1254/1404/1245 1251/1401/1242 1249/1399/1240
f 1252/1402/1243 1253/1403/1244 1255/1405/1246
f 1256/1406/1247 1255/1405/1246 1253/1403/1244
f 1252/1402/1243 1257/1407/1248 1249/1399/1240
f 1254/1404/1245 1249/1399/1240 1257/1407/1248
f 1255/1405/1246 1258/1408/1249 1252/1402/1243
f 1257/1407/1248 1252/1402/1243 1258/1408/1249
f 1255/1405/1246 1256/1406/1247 1259/1409/1250
f 1260/1410/1251 1259/1409/1250 1256/1406/1247
f 1259/1409/1250 1261/1411/1252 1255/1405/1246
f 1258/1408/1249 1255/1405/1246 1261/1411/1252
f 1259/1409/1250 1260/1410/1251 1262/1412/1253
f 1259/1409/1250 1262/1412/1253 1261/1411/1252
f 1263/1413/1254 1262/1412/1253 1260/1410/1251
f 1264/1414/1255 1262/1412/1253 1263/1413/1254
f 1264/1414/1255 1265/1415/1256 1262/1412/1253
f 1264/1414/1255 1266/1416/1257 1265/1415/1256
f 1267/1417/1258 1261/1411/1252 1262/1412/1253
f 1268/1418/1259 1265/1415/1256 1266/1416/1257
f 1266/1416/1257 1269/1419/1260 1268/1418/1259
f 1265/1415/1256 1270/1420/1261 1262/1412/1253
f 1270/1420/1261 1265/1415/1256 1268/1418/1259
f 1262/1412/1253 1270/1420/1261 1267/1417/1258
f 1271/1421/1262 1268/1418/1259 1269/1419/1260
f 1269/1419/1260 1272/1422/1263 1271/1421/1262
f 1273/1423/1264 1270/1420/1261 1268/1418/1259
f 1268/1418/1259 1271/1421/1262 1273/1423/1264
f 1274/1424/1265 1271/1421/1262 1272/1422/1263
f 1274/1424/1265 1272/1422/1263 1275/1425/1266
f 1276/1426/1267 1273/1423/1264 1271/1421/1262
f 1276/1426/1267 1271/1421/1262 1274/1424/1265
f 1273/1423/1264 1277/1427/1268 1270/1420/1261
f 1276/1426/1267 1277/1427/1268 1273/1423/1264
f 1270/1420/1261 1278/1428/1269 1267/1417/1258
f 1278/1428/1269 1270/1420/1261 1277/1427/1268
f 1278/1428/1269 1279/1429/1270 1267/1417/1258
f 1267/1417/1258 1279/1429/1270 1261/1411/1252
f 1277/1427/1268 1280/1430/1271 1278/1428/1269
f 1261/1411/1252 1279/1429/1270 1281/1431/1272
f 1261/1411/1252 1281/1431/1272 1258/1408/1249
f 1278/1428/1269 1282/1432/1273 1279/1429/1270
f 1282/1432/1273 1278/1428/1269 1280/1430/1271
f 1258/1408/1249 1281/1431/1272 1283/1433/1274
f 1258/1408/1249 1283/1433/1274 1257/1407/1248
f 1284/1434/1275 1281/1431/1272 1279/1429/1270
f 1257/1407/1248 1283/1433/1274 1285/1435/1276
f 1257/1407/1248 1285/1435/1276 1254/1404/1245
f 1283/1433/1274 1281/1431/1272 1286/1436/1277
f 1284/1434/1275 1286/1436/1277 1281/1431/1272
f 1283/1433/1274 1287/1437/1278 1285/1435/1276
f 1283/1433/1274 1286/1436/1277 1287/1437/1278
f 1254/1404/1245 1285/1435/1276 1288/1438/1279
f 1286/1436/1277 1289/1439/1280 1287/1437/1278
f 1289/1439/1280 1286/1436/1277 1290/1440/1281
f 1284/1434/1275 1290/1440/1281 1286/1436/1277
f 1291/1441/1282 1287/1437/1278 1289/1439/1280
f 1290/1440/1281 1284/1434/1275 1292/1442/1283
f 1287/1437/1278 1291/1441/1282 1293/1443/1284
f 1294/1444/1285 1292/1442/1283 1284/1434/1275
f 1279/1429/1270 1294/1444/1285 1284/1434/1275
f 1292/1442/1283 1294/1444/1285 1295/1445/1286
f 1294/1444/1285 1279/1429/1270 1282/1432/1273
f 1282/1432/1273 1295/1445/1286 1294/1444/1285
f 1282/1432/1273 1296/1446/1287 1295/1445/1286
f 1280/1430/1271 1296/1446/1287 1282/1432/1273
f 1296/1446/1287 1280/1430/1271 1297/1447/1288
f 1280/1430/1271 1277/1427/1268 1297/1447/1288
f 1297/1447/1288 1298/1448/1289 1296/1446/1287
f 1299/1449/1290 1297/1447/1288 1277/1427/1268
f 1276/1426/1267 1299/1449/1290 1277/1427/1268
f 1298/1448/1289 1297/1447/1288 1300/1450/1291
f 1297/1447/1288 1299/1449/1290 1300/1450/1291
f 1300/1450/1291 1301/1451/1292 1298/1448/1289
f 1302/1452/1293 1299/1449/1290 1276/1426/1267
f 1302/1452/1293 1276/1426/1267 1274/1424/1265
f 1303/1453/1294 1300/1450/1291 1299/1449/1290
f 1302/1452/1293 1303/1453/1294 1299/1449/1290
f 1301/1451/1292 1300/1450/1291 1304/1454/1295
f 1300/1450/1291 1303/1453/1294 1304/1454/1295
f 1304/1454/1295 1305/1455/1296 1301/1451/1292
f 1304/1454/1295 1306/1456/1297 1305/1455/1296
f 1307/1457/1298 1303/1453/1294 1302/1452/1293
f 1307/1457/1298 1302/1452/1293 1274/1424/1265
f 1304/1454/1295 1303/1453/1294 1308/1458/1299
f 1307/1457/1298 1308/1458/1299 1303/1453/1294
f 1309/1459/1300 1306/1456/1297 1304/1454/1295
f 1304/1454/1295 1308/1458/1299 1309/1459/1300
f 1306/1456/1297 1309/1459/1300 1310/1460/690
f 1307/1457/1298 1274/1424/1265 1311/1461/1301
f 1311/1461/1301 1274/1424/1265 1275/1425/1266
f 1275/1425/1266 1312/1462/1302 1311/1461/1301
f 1313/1463/1303 1310/1460/690 1309/1459/1300
f 1313/1463/1303 1314/1464/1304 1310/1460/690
f 1315/1465/1305 1311/1461/1301 1312/1462/1302
f 1312/1462/1302 1316/1466/1306 1315/1465/1305
f 1307/1457/1298 1311/1461/1301 1317/1467/1307
f 1315/1465/1305 1317/1467/1307 1311/1461/1301
f 1308/1458/1299 1307/1457/1298 1317/1467/1307
f 1318/1468/1308 1315/1465/1305 1316/1466/1306
f 1315/1465/1305 1318/1468/1308 1317/1467/1307
f 1316/1466/1306 956/1106/955 1318/1468/1308
f 955/1105/954 1318/1468/1308 956/1106/955
f 1317/1467/1307 1319/1469/1309 1308/1458/1299
f 1319/1469/1309 1309/1459/1300 1308/1458/1299
f 1319/1469/1309 1313/1463/1303 1309/1459/1300
f 1320/1470/1310 1317/1467/1307 1318/1468/1308
f 1317/1467/1307 1320/1470/1310 1319/1469/1309
f 1318/1468/1308 955/1105/954 1320/1470/1310
f 1313/1463/1303 1319/1469/1309 1321/1471/1311
f 1321/1471/1311 1319/1469/1309 1320/1470/1310
f 1313/1463/1303 1321/1471/1311 1322/1472/1312
f 1322/1472/1312 1314/1464/1304 1313/1463/1303
f 1322/1472/1312 1323/1473/1313 1314/1464/1304
f 1321/1471/1311 1320/1470/1310 1324/1474/1314
f 1324/1474/1314 1322/1472/1312 1321/1471/1311
f 1325/1475/1315 1320/1470/1310 955/1105/954
f 1325/1475/1315 1324/1474/1314 1320/1470/1310
f 955/1105/954 951/1101/950 1325/1475/1315
f 941/1091/940 1325/1475/1315 951/1101/950
f 1326/1476/1316 1323/1473/1313 1322/1472/1312
f 1322/1472/1312 1324/1474/1314 1326/1476/1316
f 1326/1476/1316 1327/1477/1317 1323/1473/1313
f 1325/1475/1315 1328/1478/1318 1324/1474/1314
f 941/1091/940 1328/1478/1318 1325/1475/1315
f 1328/1478/1318 1326/1476/1316 1324/1474/1314
f 941/1091/940 942/1092/941 1328/1478/1318
f 1329/1479/1319 1327/1477/1317 1326/1476/1316
f 1326/1476/1316 1328/1478/1318 1329/1479/1319
f 1329/1479/1319 1330/1480/1320 1327/1477/1317
f 1329/1479/1319 1328/1478/1318 1330/1480/1320
f 1331/1481/1321 1327/1477/1317 1330/1480/1320
f 1328/1478/1318 942/1092/941 1332/1482/1322
f 1330/1480/1320 1328/1478/1318 1332/1482/1322
f 945/1095/944 1332/1482/1322 942/1092/941
f 1330/1480/1320 1333/1483/1323 1331/1481/1321
f 1333/1483/1323 1330/1480/1320 1332/1482/1322
f 1334/1484/910 1331/1481/1321 1333/1483/1323
f 1334/1484/910 1333/1483/1323 1335/1485/1324
f 1336/1486/1325 1335/1485/1324 1333/1483/1323
f 1333/1483/1323 1332/1482/1322 1336/1486/1325
f 1335/1485/1324 1336/1486/1325 1337/1487/1326
f 1336/1486/1325 1332/1482/1322 1338/1488/1327
f 1332/1482/1322 945/1095/944 1338/1488/1327
f 1339/1489/1328 1337/1487/1326 1336/1486/1325
f 1336/1486/1325 1338/1488/1327 1339/1489/1328
f 1339/1489/1328 1340/1490/1329 1337/1487/1326
f 1341/1491/1330 1338/1488/1327 945/1095/944
f 1341/1491/1330 945/1095/944 943/1093/942
f 1342/1492/1331 1340/1490/1329 1339/1489/1328
f 1342/1492/1331 1343/1493/1332 1340/1490/1329
f 1338/1488/1327 1344/1494/1333 1339/1489/1328
f 1339/1489/1328 1344/1494/1333 1342/1492/1331
f 1341/1491/1330 1344/1494/1333 1338/1488/1327
f 1345/1495/1334 1343/1493/1332 1342/1492/1331
f 1345/1495/1334 1346/1496/1335 1343/1493/1332
f 1347/1497/1336 1342/1492/1331 1344/1494/1333
f 1342/1492/1331 1347/1497/1336 1345/1495/1334
f 1348/1498/1337 1346/1496/1335 1345/1495/1334
f 1346/1496/1335 1348/1498/1337 1349/1499/1338
f 1350/1500/1339 1345/1495/1334 1347/1497/1336
f 1351/1501/1340 1349/1499/1338 1348/1498/1337
f 1348/1498/1337 1345/1495/1334 1352/1502/1341
f 1350/1500/1339 1352/1502/1341 1345/1495/1334
f 1348/1498/1337 1353/1503/1342 1351/1501/1340
f 1348/1498/1337 1352/1502/1341 1353/1503/1342
f 1349/1499/1338 1351/1501/1340 1354/1504/1343
f 1354/1504/1343 1355/1505/1344 1349/1499/1338
f 1353/1503/1342 1356/1506/1345 1351/1501/1340
f 1354/1504/1343 1351/1501/1340 1356/1506/1345
f 1355/1505/1344 1354/1504/1343 1357/1507/1346
f 1357/1507/1346 1358/1508/1347 1355/1505/1344
f 1358/1508/1347 1357/1507/1346 1359/1509/1348
f 1360/1510/1349 1357/1507/1346 1354/1504/1343
f 1354/1504/1343 1356/1506/1345 1360/1510/1349
f 1361/1511/1350 1359/1509/1348 1357/1507/1346
f 1360/1510/1349 1361/1511/1350 1357/1507/1346
f 1359/1509/1348 1361/1511/1350 1362/1512/1351
f 1363/1513/1352 1362/1512/1351 1361/1511/1350
f 1362/1512/1351 1363/1513/1352 1364/1514/1066
f 1361/1511/1350 1365/1515/1353 1363/1513/1352
f 1361/1511/1350 1360/1510/1349 1365/1515/1353
f 1366/1516/1354 1364/1514/1066 1363/1513/1352
f 1363/1513/1352 1365/1515/1353 1366/1516/1354
f 1366/1516/1354 1367/1517/1355 1364/1514/1066
f 1368/1518/1356 1364/1514/1066 1367/1517/1355
f 1369/1519/1357 1366/1516/1354 1365/1515/1353
f 1366/1516/1354 1369/1519/1357 1367/1517/1355
f 1367/1517/1355 1370/1520/1358 1368/1518/1356
f 1371/1521/1157 1368/1518/1356 1370/1520/1358
f 1367/1517/1355 1369/1519/1357 1372/1522/1359
f 1367/1517/1355 1372/1522/1359 1370/1520/1358
f 1369/1519/1357 1365/1515/1353 1240/1390/1231
f 1369/1519/1357 1240/1390/1231 1243/1393/1234
f 1243/1393/1234 1372/1522/1359 1369/1519/1357
f 1239/1389/1230 1240/1390/1231 1365/1515/1353
f 1243/1393/1234 1246/1396/1237 1372/1522/1359
f 1373/1523/1360 1372/1522/1359 1246/1396/1237
f 1372/1522/1359 1373/1523/1360 1370/1520/1358
f 1246/1396/1237 1251/1401/1242 1373/1523/1360
f 1371/1521/1157 1370/1520/1358 1374/1524/1361
f 1374/1524/1361 1370/1520/1358 1373/1523/1360
f 1374/1524/1361 1375/1525/1069 1371/1521/1157
f 1376/1526/1362 1373/1523/1360 1251/1401/1242
f 1374/1524/1361 1373/1523/1360 1376/1526/1362
f 1251/1401/1242 1254/1404/1245 1376/1526/1362
f 1288/1438/1279 1376/1526/1362 1254/1404/1245
f 1374/1524/1361 1377/1527/1363 1375/1525/1069
f 1376/1526/1362 1377/1527/1363 1374/1524/1361
f 1376/1526/1362 1288/1438/1279 1377/1527/1363
f 1378/1528/1364 1375/1525/1069 1377/1527/1363
f 1288/1438/1279 1379/1529/1365 1377/1527/1363
f 1378/1528/1364 1377/1527/1363 1379/1529/1365
f 1285/1435/1276 1379/1529/1365 1288/1438/1279
f 1379/1529/1365 1293/1443/1284 1378/1528/1364
f 1285/1435/1276 1287/1437/1278 1379/1529/1365
f 1293/1443/1284 1379/1529/1365 1287/1437/1278
f 1380/1530/1366 1239/1389/1230 1365/1515/1353
f 1380/1530/1366 1365/1515/1353 1360/1510/1349
f 1381/1531/939 1239/1389/1230 1380/1530/1366
f 1382/1532/1367 1380/1530/1366 1360/1510/1349
f 1382/1532/1367 1360/1510/1349 1356/1506/1345
f 1380/1530/1366 1383/1533/1368 1381/1531/939
f 1383/1533/1368 1380/1530/1366 1382/1532/1367
f 1239/1389/1230 1381/1531/939 1384/1534/1369
f 1239/1389/1230 1384/1534/1369 1236/1386/1227
f 1385/1535/1370 1381/1531/939 1383/1533/1368
f 1385/1535/1370 1384/1534/1369 1381/1531/939
f 1386/1536/1371 1236/1386/1227 1384/1534/1369
f 1386/1536/1371 1233/1383/1224 1236/1386/1227
f 1384/1534/1369 1385/1535/1370 1387/1537/1372
f 1384/1534/1369 1387/1537/1372 1386/1536/1371
f 1383/1533/1368 1388/1538/1373 1385/1535/1370
f 1389/1539/1374 1233/1383/1224 1386/1536/1371
f 1390/1540/1375 1385/1535/1370 1388/1538/1373
f 1385/1535/1370 1390/1540/1375 1387/1537/1372
f 1233/1383/1224 1389/1539/1374 1391/1541/1376
f 1391/1541/1376 1230/1380/1135 1233/1383/1224
f 1230/1380/1135 1391/1541/1376 1231/1381/1222
f 1389/1539/1374 1386/1536/1371 1392/1542/1377
f 1392/1542/1377 1386/1536/1371 1387/1537/1372
f 1393/1543/1378 1391/1541/1376 1389/1539/1374
f 1391/1541/1376 1393/1543/1378 1231/1381/1222
f 1389/1539/1374 1392/1542/1377 1394/1544/1379
f 1389/1539/1374 1394/1544/1379 1393/1543/1378
f 1395/1545/1380 1394/1544/1379 1392/1542/1377
f 1392/1542/1377 1387/1537/1372 1395/1545/1380
f 1393/1543/1378 1394/1544/1379 1396/1546/1381
f 1397/1547/1382 1395/1545/1380 1387/1537/1372
f 1387/1537/1372 1390/1540/1375 1397/1547/1382
f 1398/1548/1383 1397/1547/1382 1390/1540/1375
f 1393/1543/1378 1396/1546/1381 1399/1549/1384
f 1399/1549/1384 1231/1381/1222 1393/1543/1378
f 1399/1549/1384 1396/1546/1381 1400/1550/1347
f 1400/1550/1347 1401/1551/1385 1399/1549/1384
f 1231/1381/1222 1399/1549/1384 1402/1552/1386
f 1402/1552/1386 1399/1549/1384 1401/1551/1385
f 1402/1552/1386 1229/1379/1221 1231/1381/1222
f 1401/1551/1385 1403/1553/798 1402/1552/1386
f 1404/1554/1387 1229/1379/1221 1402/1552/1386
f 1404/1554/1387 1402/1552/1386 1403/1553/798
f 1229/1379/1221 1404/1554/1387 1405/1555/1388
f 1405/1555/1388 1228/1378/1220 1229/1379/1221
f 1404/1554/1387 1403/1553/798 1406/1556/1389
f 1406/1556/1389 1405/1555/1388 1404/1554/1387
f 1406/1556/1389 1403/1553/798 1407/1557/1390
f 1405/1555/1388 1406/1556/1389 1408/1558/1391
f 1228/1378/1220 1405/1555/1388 1408/1558/1391
f 1406/1556/1389 1407/1557/1390 1409/1559/1392
f 1409/1559/1392 1408/1558/1391 1406/1556/1389
f 1409/1559/1392 1407/1557/1390 1410/1560/1393
f 1410/1560/1393 1411/1561/1394 1409/1559/1392
f 1409/1559/1392 1412/1562/1395 1408/1558/1391
f 1412/1562/1395 1409/1559/1392 1411/1561/1394
f 1412/1562/1395 1411/1561/1394 1413/1563/1396
f 1414/1564/1397 1413/1563/1396 1411/1561/1394
f 1415/1565/1398 1408/1558/1391 1412/1562/1395
f 1413/1563/1396 1415/1565/1398 1412/1562/1395
f 1413/1563/1396 1414/1564/1397 1416/1566/1399
f 1417/1567/1400 1416/1566/1399 1414/1564/1397
f 1418/1568/1401 1415/1565/1398 1413/1563/1396
f 1416/1566/1399 1418/1568/1401 1413/1563/1396
f 1416/1566/1399 1417/1567/1400 1419/1569/1402
f 1420/1570/1208 1419/1569/1402 1417/1567/1400
f 1420/1570/1208 1398/1548/1383 1419/1569/1402
f 1390/1540/1375 1419/1569/1402 1398/1548/1383
f 1419/1569/1402 1390/1540/1375 1388/1538/1373
f 1419/1569/1402 1388/1538/1373 1416/1566/1399
f 1418/1568/1401 1416/1566/1399 1388/1538/1373
f 1418/1568/1401 1388/1538/1373 1421/1571/1403
f 1418/1568/1401 1421/1571/1403 1415/1565/1398
f 1383/1533/1368 1421/1571/1403 1388/1538/1373
f 1383/1533/1368 1382/1532/1367 1421/1571/1403
f 1422/1572/1404 1421/1571/1403 1382/1532/1367
f 1356/1506/1345 1422/1572/1404 1382/1532/1367
f 1423/1573/1405 1415/1565/1398 1421/1571/1403
f 1421/1571/1403 1422/1572/1404 1423/1573/1405
f 1422/1572/1404 1356/1506/1345 1424/1574/1406
f 1424/1574/1406 1423/1573/1405 1422/1572/1404
f 1353/1503/1342 1424/1574/1406 1356/1506/1345
f 1425/1575/1407 1415/1565/1398 1423/1573/1405
f 1415/1565/1398 1425/1575/1407 1408/1558/1391
f 1228/1378/1220 1408/1558/1391 1425/1575/1407
f 1425/1575/1407 1423/1573/1405 1426/1576/1408
f 1427/1577/1409 1228/1378/1220 1425/1575/1407
f 1427/1577/1409 1425/1575/1407 1426/1576/1408
f 1228/1378/1220 1427/1577/1409 1209/1359/1201
f 1207/1357/1199 1209/1359/1201 1427/1577/1409
f 1207/1357/1199 1427/1577/1409 1195/1345/1187
f 1427/1577/1409 1426/1576/1408 1195/1345/1187
f 1428/1578/1410 1426/1576/1408 1423/1573/1405
f 1426/1576/1408 1428/1578/1410 1195/1345/1187
f 1423/1573/1405 1424/1574/1406 1428/1578/1410
f 1429/1579/1411 1428/1578/1410 1424/1574/1406
f 1428/1578/1410 1429/1579/1411 1195/1345/1187
f 1429/1579/1411 1424/1574/1406 1430/1580/1412
f 1424/1574/1406 1353/1503/1342 1430/1580/1412
f 1352/1502/1341 1430/1580/1412 1353/1503/1342
f 1429/1579/1411 1430/1580/1412 1431/1581/1413
f 1429/1579/1411 1431/1581/1413 1195/1345/1187
f 1430/1580/1412 1352/1502/1341 1432/1582/1414
f 1350/1500/1339 1432/1582/1414 1352/1502/1341
f 1431/1581/1413 1430/1580/1412 1433/1583/1415
f 1432/1582/1414 1433/1583/1415 1430/1580/1412
f 1431/1581/1413 1433/1583/1415 1195/1345/1187
f 1432/1582/1414 1350/1500/1339 1434/1584/1416
f 1347/1497/1336 1434/1584/1416 1350/1500/1339
f 1434/1584/1416 1347/1497/1336 1344/1494/1333
f 1433/1583/1415 1432/1582/1414 1435/1585/1417
f 1435/1585/1417 1432/1582/1414 1434/1584/1416
f 1433/1583/1415 1435/1585/1417 1195/1345/1187
f 1434/1584/1416 1344/1494/1333 1436/1586/1418
f 1434/1584/1416 1436/1586/1418 1435/1585/1417
f 1344/1494/1333 1341/1491/1330 1436/1586/1418
f 1437/1587/1419 1435/1585/1417 1436/1586/1418
f 1435/1585/1417 1437/1587/1419 1195/1345/1187
f 1436/1586/1418 1341/1491/1330 1438/1588/1420
f 1436/1586/1418 1438/1588/1420 1437/1587/1419
f 943/1093/942 1438/1588/1420 1341/1491/1330
f 943/1093/942 930/1080/929 1438/1588/1420
f 926/1076/925 1438/1588/1420 930/1080/929
f 1438/1588/1420 926/1076/925 925/1075/924
f 1439/1589/1421 1437/1587/1419 1438/1588/1420
f 1439/1589/1421 1438/1588/1420 925/1075/924
f 1437/1587/1419 1439/1589/1421 1195/1345/1187
f 1439/1589/1421 925/1075/924 1440/1590/1422
f 1439/1589/1421 1440/1590/1422 1195/1345/1187
f 1440/1590/1422 925/1075/924 1441/1591/1423
f 1440/1590/1422 1441/1591/1423 1195/1345/1187
f 1441/1591/1423 925/1075/924 891/1041/890
f 1441/1591/1423 889/1039/888 1195/1345/1187
f 1441/1591/1423 891/1041/890 889/1039/888
f 1358/931/1347 1359/932/1348 1442/933/1424
f 1358/931/1347 1442/933/1424 1355/934/1344
f 1443/935/1425 1442/933/1424 1359/932/1348
f 1359/932/1348 1362/936/1351 1443/935/1425
f 1444/937/1426 1355/934/1344 1442/933/1424
f 1355/934/1344 1444/937/1426 1349/938/1338
f 1445/939/1427 1443/935/1425 1362/936/1351
f 1362/936/1351 1364/940/1066 1445/939/1427
f 1446/941/1428 1442/933/1424 1443/935/1425
f 1446/941/1428 1444/937/1426 1442/933/1424
f 1445/939/1427 1447/942/1429 1443/935/1425
f 1443/935/1425 1447/942/1429 1446/941/1428
f 1448/943/1430 1445/939/1427 1364/940/1066
f 1448/943/1430 1447/942/1429 1445/939/1427
f 1364/940/1066 1449/944/1431 1448/943/1430
f 1368/945/1356 1449/944/1431 1364/940/1066
f 1447/942/1429 1448/943/1430 1450/946/1432
f 1449/944/1431 1450/946/1432 1448/943/1430
f 1449/944/1431 1368/945/1356 1451/947/1433
f 1371/948/1157 1451/947/1433 1368/945/1356
f 1450/946/1432 1449/944/1431 1452/949/1434
f 1451/947/1433 1452/949/1434 1449/944/1431
f 1451/947/1433 1371/948/1157 1453/950/1435
f 1375/951/1069 1453/950/1435 1371/948/1157
f 1452/949/1434 1451/947/1433 1454/952/1436
f 1454/952/1436 1451/947/1433 1453/950/1435
f 1375/951/1069 1455/953/1437 1453/950/1435
f 1378/954/1364 1455/953/1437 1375/951/1069
f 1454/952/1436 1453/950/1435 1456/955/1438
f 1455/953/1437 1456/955/1438 1453/950/1435
f 1455/953/1437 1378/954/1364 1457/956/1439
f 1293/957/1284 1457/956/1439 1378/954/1364
f 1455/953/1437 1458/958/1440 1456/955/1438
f 1458/958/1440 1455/953/1437 1457/956/1439
f 1457/956/1439 1293/957/1284 1459/959/1441
f 1291/960/1282 1459/959/1441 1293/957/1284
f 1291/960/1282 1289/961/1280 1459/959/1441
f 1457/956/1439 1460/962/1442 1458/958/1440
f 1460/962/1442 1457/956/1439 1459/959/1441
f 1458/958/1440 1461/963/1443 1456/955/1438
f 1458/958/1440 1460/962/1442 1461/963/1443
f 1462/964/1444 1459/959/1441 1289/961/1280
f 1289/961/1280 1290/965/1281 1462/964/1444
f 1459/959/1441 1463/966/1445 1460/962/1442
f 1463/966/1445 1459/959/1441 1462/964/1444
f 1464/967/1446 1462/964/1444 1290/965/1281
f 1290/965/1281 1465/968/1447 1464/967/1446
f 1463/966/1445 1462/964/1444 1466/969/1448
f 1464/967/1446 1466/969/1448 1462/964/1444
f 1460/962/1442 1463/966/1445 1467/970/1449
f 1467/970/1449 1461/963/1443 1460/962/1442
f 1463/966/1445 1466/969/1448 1468/971/1450
f 1468/971/1450 1467/970/1449 1463/966/1445
f 1469/972/1451 1464/967/1446 1465/968/1447
f 1465/968/1447 1295/973/1286 1469/972/1451
f 1464/967/1446 1470/974/1452 1466/969/1448
f 1469/972/1451 1470/974/1452 1464/967/1446
f 1471/975/1453 1469/972/1451 1295/973/1286
f 1469/972/1451 1471/975/1453 1470/974/1452
f 1471/975/1453 1295/973/1286 1296/976/1287
f 1466/969/1448 1470/974/1452 1472/977/1454
f 1472/977/1454 1468/971/1450 1466/969/1448
f 1473/979/1455 1470/974/1452 1471/975/1453
f 1296/976/1287 1474/978/1456 1471/975/1453
f 1473/979/1455 1471/975/1453 1474/978/1456
f 1474/978/1456 1296/976/1287 1475/981/1457
f 1298/982/1289 1475/981/1457 1296/976/1287
f 1474/978/1456 1476/983/1458 1473/979/1455
f 1474/978/1456 1475/981/1457 1476/983/1458
f 1470/974/1452 1473/979/1455 1477/980/1459
f 1477/980/1459 1472/977/1454 1470/974/1452
f 1475/981/1457 1298/982/1289 1478/985/1460
f 1301/986/1292 1478/985/1460 1298/982/1289
f 1475/981/1457 1478/985/1460 1479/987/1461
f 1479/987/1461 1476/983/1458 1475/981/1457
f 1478/985/1460 1301/986/1292 1480/988/1462
f 1305/989/1296 1480/988/1462 1301/986/1292
f 1480/988/1462 1305/989/1296 1306/990/1297
f 1478/985/1460 1481/991/1463 1479/987/1461
f 1478/985/1460 1480/988/1462 1481/991/1463
f 1306/990/1297 1482/992/1464 1480/988/1462
f 1306/990/1297 1310/993/690 1482/992/1464
f 1480/988/1462 1483/994/1465 1481/991/1463
f 1480/988/1462 1482/992/1464 1483/994/1465
f 1484/995/1466 1482/992/1464 1310/993/690
f 1484/995/1466 1310/993/690 1314/996/1304
f 1482/992/1464 1485/997/1467 1483/994/1465
f 1485/997/1467 1482/992/1464 1484/995/1466
f 1314/996/1304 1486/998/1468 1484/995/1466
f 1486/998/1468 1314/996/1304 1323/999/1313
f 1484/995/1466 1487/1000/1469 1485/997/1467
f 1484/995/1466 1486/998/1468 1487/1000/1469
f 1323/999/1313 1488/1001/1470 1486/998/1468
f 1488/1001/1470 1323/999/1313 1327/1002/1317
f 1489/1003/1471 1487/1000/1469 1486/998/1468
f 1488/1001/1470 1489/1003/1471 1486/998/1468
f 1487/1000/1469 1490/1004/1472 1485/997/1467
f 1487/1000/1469 1489/1003/1471 1490/1004/1472
f 1327/1002/1317 1491/1005/1473 1488/1001/1470
f 1492/1006/1474 1489/1003/1471 1488/1001/1470
f 1491/1005/1473 1492/1006/1474 1488/1001/1470
f 1491/1005/1473 1327/1002/1317 1493/1007/1475
f 1493/1007/1475 1492/1006/1474 1491/1005/1473
f 1331/1008/1321 1493/1007/1475 1327/1002/1317
f 1489/1003/1471 1492/1006/1474 1494/1009/1476
f 1494/1009/1476 1490/1004/1472 1489/1003/1471
f 1493/1007/1475 1331/1008/1321 1495/1010/1477
f 1334/1011/910 1495/1010/1477 1331/1008/1321
f 1334/1011/910 1335/1012/1324 1495/1010/1477
f 1495/1010/1477 1496/1013/1478 1493/1007/1475
f 1492/1006/1474 1493/1007/1475 1496/1013/1478
f 1497/1014/1479 1495/1010/1477 1335/1012/1324
f 1495/1010/1477 1497/1014/1479 1496/1013/1478
f 1335/1012/1324 1337/1015/1326 1497/1014/1479
f 1498/1016/1480 1497/1014/1479 1337/1015/1326
f 1498/1016/1480 1337/1015/1326 1340/1017/1329
f 1497/1014/1479 1499/1018/1481 1496/1013/1478
f 1498/1016/1480 1499/1018/1481 1497/1014/1479
f 1340/1017/1329 1500/1019/1482 1498/1016/1480
f 1340/1017/1329 1501/1020/1483 1500/1019/1482
f 1499/1018/1481 1498/1016/1480 1502/1021/1484
f 1498/1016/1480 1500/1019/1482 1502/1021/1484
f 1503/1022/1485 1500/1019/1482 1501/1020/1483
f 1501/1020/1483 1346/1023/1335 1503/1022/1485
f 1504/1024/1486 1502/1021/1484 1500/1019/1482
f 1500/1019/1482 1503/1022/1485 1504/1024/1486
f 1505/1025/1487 1503/1022/1485 1346/1023/1335
f 1346/1023/1335 1349/938/1338 1505/1025/1487
f 1506/1026/1488 1504/1024/1486 1503/1022/1485
f 1507/1027/1489 1505/1025/1487 1349/938/1338
f 1507/1027/1489 1349/938/1338 1444/937/1426
f 1505/1025/1487 1508/1028/1490 1503/1022/1485
f 1506/1026/1488 1503/1022/1485 1508/1028/1490
f 1507/1027/1489 1509/1029/1491 1505/1025/1487
f 1508/1028/1490 1505/1025/1487 1509/1029/1491
f 1507/1027/1489 1444/937/1426 1510/1030/1492
f 1507/1027/1489 1510/1030/1492 1509/1029/1491
f 1444/937/1426 1446/941/1428 1510/1030/1492
f 1508/1028/1490 1509/1029/1491 1511/1031/1493
f 1446/941/1428 1512/1032/1494 1510/1030/1492
f 1509/1029/1491 1510/1030/1492 1513/1339/1495
f 1513/1339/1495 1511/1031/1493 1509/1029/1491
f 1514/1337/1496 1510/1030/1492 1512/1032/1494
f 1514/1337/1496 1513/1339/1495 1510/1030/1492
f 1512/1032/1494 1446/941/1428 1515/1153/1497
f 1447/942/1429 1515/1153/1497 1446/941/1428
f 1514/1337/1496 1512/1032/1494 1516/1336/1498
f 1517/1302/1499 1512/1032/1494 1515/1153/1497
f 1517/1302/1499 1516/1336/1498 1512/1032/1494
f 1513/1339/1495 1514/1337/1496 1518/1338/102
f 1516/1336/1498 1518/1338/102 1514/1337/1496
f 1519/1300/1500 1517/1302/1499 1515/1153/1497
f 1518/1338/102 1520/1341/1501 1513/1339/1495
f 1515/1153/1497 1521/1149/1502 1519/1300/1500
f 1521/1149/1502 1515/1153/1497 1447/942/1429
f 1522/1344/1503 1513/1339/1495 1520/1341/1501
f 1513/1339/1495 1522/1344/1503 1511/1031/1493
f 1520/1341/1501 1518/1338/102 1523/1342/1504
f 1522/1344/1503 1524/1346/1505 1511/1031/1493
f 1525/1340/1506 1523/1342/1504 1518/1338/102
f 1524/1346/1505 1526/1037/1507 1511/1031/1493
f 1518/1338/102 1527/1327/1508 1525/1340/1506
f 1516/1336/1498 1527/1327/1508 1518/1338/102
f 1528/1033/1509 1511/1031/1493 1526/1037/1507
f 1508/1028/1490 1511/1031/1493 1528/1033/1509
f 1508/1028/1490 1528/1033/1509 1506/1026/1488
f 1506/1026/1488 1528/1033/1509 1529/1034/1510
f 1506/1026/1488 1529/1034/1510 1504/1024/1486
f 1504/1024/1486 1529/1034/1510 1502/1021/1484
f 1526/1037/1507 1530/1035/1511 1528/1033/1509
f 1529/1034/1510 1528/1033/1509 1530/1035/1511
f 1531/1036/1512 1502/1021/1484 1529/1034/1510
f 1529/1034/1510 1530/1035/1511 1531/1036/1512
f 1531/1036/1512 1532/1038/1513 1502/1021/1484
f 1499/1018/1481 1502/1021/1484 1532/1038/1513
f 1533/1039/1514 1531/1036/1512 1530/1035/1511
f 1532/1038/1513 1534/1040/1515 1499/1018/1481
f 1496/1013/1478 1499/1018/1481 1534/1040/1515
f 1531/1036/1512 1535/1041/1516 1532/1038/1513
f 1531/1036/1512 1533/1039/1514 1535/1041/1516
f 1532/1038/1513 1536/1042/1517 1534/1040/1515
f 1536/1042/1517 1532/1038/1513 1535/1041/1516
f 1496/1013/1478 1534/1040/1515 1537/1043/1518
f 1537/1043/1518 1492/1006/1474 1496/1013/1478
f 1538/1044/1519 1534/1040/1515 1536/1042/1517
f 1534/1040/1515 1538/1044/1519 1537/1043/1518
f 1537/1043/1518 1539/1045/1520 1492/1006/1474
f 1539/1045/1520 1494/1009/1476 1492/1006/1474
f 1540/1046/1521 1537/1043/1518 1538/1044/1519
f 1540/1046/1521 1539/1045/1520 1537/1043/1518
f 1536/1042/1517 1541/1047/1522 1538/1044/1519
f 1535/1041/1516 1541/1047/1522 1536/1042/1517
f 1540/1046/1521 1538/1044/1519 1542/1048/1523
f 1543/1049/1524 1538/1044/1519 1541/1047/1522
f 1543/1049/1524 1542/1048/1523 1538/1044/1519
f 1542/1048/1523 1544/1050/1525 1540/1046/1521
f 1539/1045/1520 1540/1046/1521 1544/1050/1525
f 1545/1051/1526 1542/1048/1523 1543/1049/1524
f 1542/1048/1523 1546/1052/1527 1544/1050/1525
f 1546/1052/1527 1542/1048/1523 1545/1051/1526
f 1539/1045/1520 1544/1050/1525 1547/1053/1528
f 1544/1050/1525 1546/1052/1527 1548/1055/1529
f 1548/1055/1529 1547/1053/1528 1544/1050/1525
f 909/1054/908 1546/1052/1527 1545/1051/1526
f 1545/1051/1526 933/1056/932 909/1054/908
f 1546/1052/1527 909/1054/908 1549/1057/1530
f 1549/1057/1530 1548/1055/1529 1546/1052/1527
f 908/1058/907 1549/1057/1530 909/1054/908
f 908/1058/907 904/1059/903 1549/1057/1530
f 933/1056/932 1545/1051/1526 1550/1060/1531
f 1543/1049/1524 1550/1060/1531 1545/1051/1526
f 1550/1060/1531 932/1061/931 933/1056/932
f 932/1061/931 1550/1060/1531 929/1062/928
f 1550/1060/1531 1543/1049/1524 1551/1063/1532
f 1551/1063/1532 929/1062/928 1550/1060/1531
f 1541/1047/1522 1551/1063/1532 1543/1049/1524
f 929/1062/928 1551/1063/1532 924/1064/923
f 1551/1063/1532 1541/1047/1522 1552/1065/1533
f 1552/1065/1533 924/1064/923 1551/1063/1532
f 1553/1066/1534 1552/1065/1533 1541/1047/1522
f 1541/1047/1522 1535/1041/1516 1553/1066/1534
f 924/1064/923 1552/1065/1533 1554/1067/1535
f 1554/1067/1535 1552/1065/1533 1553/1066/1534
f 1554/1067/1535 921/1068/920 924/1064/923
f 921/1068/920 1554/1067/1535 1555/1069/1536
f 1555/1069/1536 920/1070/919 921/1068/920
f 920/1070/919 1555/1069/1536 918/1071/917
f 1554/1067/1535 1553/1066/1534 1556/1072/1537
f 1554/1067/1535 1556/1072/1537 1555/1069/1536
f 918/1071/917 1555/1069/1536 1557/1073/1538
f 1555/1069/1536 1556/1072/1537 1557/1073/1538
f 918/1071/917 1557/1073/1538 914/1074/913
f 1556/1072/1537 1553/1066/1534 1558/1075/1539
f 1535/1041/1516 1558/1075/1539 1553/1066/1534
f 1559/1076/1540 1557/1073/1538 1556/1072/1537
f 1556/1072/1537 1558/1075/1539 1559/1076/1540
f 914/1074/913 1557/1073/1538 1560/1077/1541
f 1557/1073/1538 1559/1076/1540 1560/1077/1541
f 1560/1077/1541 1561/1078/1542 914/1074/913
f 912/1079/911 914/1074/913 1561/1078/1542
f 1562/1080/1543 1560/1077/1541 1559/1076/1540
f 1560/1077/1541 1562/1080/1543 1561/1078/1542
f 1561/1078/1542 1563/1081/1544 912/1079/911
f 911/1082/910 912/1079/911 1563/1081/1544
f 911/1082/910 1563/1081/1544 906/1083/905
f 1563/1081/1544 1561/1078/1542 1564/1084/1545
f 1561/1078/1542 1562/1080/1543 1564/1084/1545
f 1565/1085/1546 906/1083/905 1563/1081/1544
f 1563/1081/1544 1564/1084/1545 1565/1085/1546
f 906/1083/905 1565/1085/1546 904/1059/903
f 904/1059/903 1565/1085/1546 1566/1086/1547
f 1566/1086/1547 1549/1057/1530 904/1059/903
f 1549/1057/1530 1566/1086/1547 1548/1055/1529
f 1567/1087/1548 1565/1085/1546 1564/1084/1545
f 1565/1085/1546 1567/1087/1548 1566/1086/1547
f 1568/1088/1549 1548/1055/1529 1566/1086/1547
f 1568/1088/1549 1566/1086/1547 1567/1087/1548
f 1568/1088/1549 1547/1053/1528 1548/1055/1529
f 1564/1084/1545 1569/1089/1550 1567/1087/1548
f 1569/1089/1550 1564/1084/1545 1562/1080/1543
f 1567/1087/1548 1570/1090/1551 1568/1088/1549
f 1570/1090/1551 1567/1087/1548 1569/1089/1550
f 1568/1088/1549 1571/1091/1552 1547/1053/1528
f 1571/1091/1552 1568/1088/1549 1570/1090/1551
f 1570/1090/1551 1569/1089/1550 1572/1092/1553
f 1572/1092/1553 1571/1091/1552 1570/1090/1551
f 1562/1080/1543 1573/1093/1554 1569/1089/1550
f 1571/1091/1552 1574/1094/1555 1547/1053/1528
f 1547/1053/1528 1574/1094/1555 1539/1045/1520
f 1569/1089/1550 1573/1093/1554 1575/1095/1556
f 1569/1089/1550 1575/1095/1556 1572/1092/1553
f 1576/1096/1557 1539/1045/1520 1574/1094/1555
f 1539/1045/1520 1576/1096/1557 1494/1009/1476
f 1574/1094/1555 1577/1097/1558 1576/1096/1557
f 1578/1098/1559 1494/1009/1476 1576/1096/1557
f 1579/1099/1560 1576/1096/1557 1577/1097/1558
f 1579/1099/1560 1578/1098/1559 1576/1096/1557
f 1578/1098/1559 1490/1004/1472 1494/1009/1476
f 1578/1098/1559 1579/1099/1560 1580/1100/1561
f 1574/1094/1555 1581/1101/1562 1577/1097/1558
f 1574/1094/1555 1571/1091/1552 1581/1101/1562
f 1582/1102/1563 1577/1097/1558 1581/1101/1562
f 1580/1100/1561 1583/1103/1564 1578/1098/1559
f 1490/1004/1472 1578/1098/1559 1583/1103/1564
f 1583/1103/1564 1580/1100/1561 1584/1104/1565
f 1581/1101/1562 1585/1105/1566 1582/1102/1563
f 1586/1106/1567 1582/1102/1563 1585/1105/1566
f 1583/1103/1564 1584/1104/1565 1587/1107/1568
f 1588/1108/1569 1587/1107/1568 1584/1104/1565
f 1490/1004/1472 1583/1103/1564 1589/1109/1570
f 1587/1107/1568 1589/1109/1570 1583/1103/1564
f 1485/997/1467 1490/1004/1472 1589/1109/1570
f 1485/997/1467 1589/1109/1570 1483/994/1465
f 1590/1110/1571 1587/1107/1568 1588/1108/1569
f 1589/1109/1570 1587/1107/1568 1590/1110/1571
f 1590/1110/1571 1588/1108/1569 1591/1111/1572
f 1483/994/1465 1589/1109/1570 1592/1112/1573
f 1592/1112/1573 1589/1109/1570 1590/1110/1571
f 1483/994/1465 1592/1112/1573 1481/991/1463
f 1590/1110/1571 1591/1111/1572 1593/1113/1574
f 1593/1113/1574 1592/1112/1573 1590/1110/1571
f 1594/1114/1575 1593/1113/1574 1591/1111/1572
f 1481/991/1463 1592/1112/1573 1595/1115/1576
f 1595/1115/1576 1592/1112/1573 1593/1113/1574
f 1481/991/1463 1595/1115/1576 1479/987/1461
f 1593/1113/1574 1594/1114/1575 1596/1116/1577
f 1595/1115/1576 1597/1118/1578 1479/987/1461
f 1595/1115/1576 1593/1113/1574 1597/1118/1578
f 1596/1116/1577 1597/1118/1578 1593/1113/1574
f 1479/987/1461 1597/1118/1578 1476/983/1458
f 1596/1116/1577 1594/1114/1575 1598/1117/1579
f 1476/983/1458 1597/1118/1578 1599/1119/1580
f 1597/1118/1578 1596/1116/1577 1599/1119/1580
f 1596/1116/1577 1598/1117/1579 1600/1120/1581
f 1600/1120/1581 1599/1119/1580 1596/1116/1577
f 1601/1121/1582 1600/1120/1581 1598/1117/1579
f 1599/1119/1580 1602/984/1583 1476/983/1458
f 1599/1119/1580 1600/1120/1581 1602/984/1583
f 1473/979/1455 1476/983/1458 1602/984/1583
f 1602/984/1583 1477/980/1459 1473/979/1455
f 1600/1120/1581 1601/1121/1582 1603/1122/1584
f 1603/1122/1584 1602/984/1583 1600/1120/1581
f 1601/1121/1582 1604/1123/1585 1603/1122/1584
f 1602/984/1583 1605/1124/1586 1477/980/1459
f 1602/984/1583 1603/1122/1584 1605/1124/1586
f 1603/1122/1584 1604/1123/1585 1605/1124/1586
f 1606/1125/1587 1605/1124/1586 1604/1123/1585
f 1606/1125/1587 1607/1126/1588 1605/1124/1586
f 1477/980/1459 1605/1124/1586 1472/977/1454
f 1608/1127/1589 1605/1124/1586 1607/1126/1588
f 1608/1127/1589 1472/977/1454 1605/1124/1586
f 1607/1126/1588 1609/1128/1590 1608/1127/1589
f 1608/1127/1589 1610/1129/1591 1472/977/1454
f 1610/1129/1591 1608/1127/1589 1609/1128/1590
f 1468/971/1450 1472/977/1454 1610/1129/1591
f 1609/1128/1590 1611/1130/1592 1610/1129/1591
f 1610/1129/1591 1612/1131/1593 1468/971/1450
f 1611/1130/1592 1612/1131/1593 1610/1129/1591
f 1467/970/1449 1468/971/1450 1612/1131/1593
f 1611/1130/1592 1613/1132/1594 1612/1131/1593
f 1612/1131/1593 1614/1133/1595 1467/970/1449
f 1614/1133/1595 1612/1131/1593 1613/1132/1594
f 1461/963/1443 1467/970/1449 1614/1133/1595
f 1613/1132/1594 1615/1134/1596 1614/1133/1595
f 1461/963/1443 1614/1133/1595 1616/1135/1597
f 1616/1135/1597 1456/955/1438 1461/963/1443
f 1456/955/1438 1616/1135/1597 1454/952/1436
f 1614/1133/1595 1615/1134/1596 1617/1136/1598
f 1617/1136/1598 1616/1135/1597 1614/1133/1595
f 1615/1134/1596 1618/1137/1599 1617/1136/1598
f 1619/1138/1600 1454/952/1436 1616/1135/1597
f 1616/1135/1597 1617/1136/1598 1619/1138/1600
f 1454/952/1436 1619/1138/1600 1452/949/1434
f 1620/1139/1601 1617/1136/1598 1618/1137/1599
f 1620/1139/1601 1619/1138/1600 1617/1136/1598
f 1618/1137/1599 1621/1140/1602 1620/1139/1601
f 1452/949/1434 1619/1138/1600 1622/1141/1603
f 1623/1142/1604 1620/1139/1601 1621/1140/1602
f 1620/1139/1601 1623/1142/1604 1619/1138/1600
f 1622/1141/1603 1619/1138/1600 1623/1142/1604
f 1621/1140/1602 1624/1143/1605 1623/1142/1604
f 1452/949/1434 1622/1141/1603 1450/946/1432
f 1625/1144/1606 1623/1142/1604 1624/1143/1605
f 1625/1144/1606 1622/1141/1603 1623/1142/1604
f 1624/1143/1605 1626/1145/1607 1625/1144/1606
f 1627/1146/1608 1450/946/1432 1622/1141/1603
f 1625/1144/1606 1627/1146/1608 1622/1141/1603
f 1450/946/1432 1627/1146/1608 1447/942/1429
f 1628/1147/1609 1625/1144/1606 1626/1145/1607
f 1625/1144/1606 1628/1147/1609 1627/1146/1608
f 1447/942/1429 1627/1146/1608 1521/1149/1502
f 1521/1149/1502 1627/1146/1608 1628/1147/1609
f 1626/1145/1607 1629/1148/1610 1628/1147/1609
f 1630/1150/1611 1521/1149/1502 1628/1147/1609
f 1630/1150/1611 1628/1147/1609 1629/1148/1610
f 1630/1150/1611 1629/1148/1610 1631/1151/1612
f 1632/1152/1613 1631/1151/1612 1629/1148/1610
f 1521/1149/1502 1630/1150/1611 1633/1296/1614
f 1632/1152/1613 1634/1154/1615 1631/1151/1612
f 1634/1154/1615 1632/1152/1613 1635/1155/1616
f 1631/1151/1612 1636/1269/1617 1630/1150/1611
f 1633/1296/1614 1630/1150/1611 1636/1269/1617
f 1634/1154/1615 1637/1158/1618 1631/1151/1612
f 1636/1269/1617 1631/1151/1612 1637/1158/1618
f 1635/1155/1616 1638/1156/1619 1634/1154/1615
f 1638/1156/1619 1635/1155/1616 1639/1157/1620
f 1634/1154/1615 1640/1161/1621 1637/1158/1618
f 1640/1161/1621 1634/1154/1615 1638/1156/1619
f 1638/1156/1619 1639/1157/1620 1641/1159/1622
f 1642/1160/1623 1641/1159/1622 1639/1157/1620
f 1641/1159/1622 1643/1162/1624 1638/1156/1619
f 1640/1161/1621 1638/1156/1619 1643/1162/1624
f 1644/1163/1625 1641/1159/1622 1642/1160/1623
f 1643/1162/1624 1641/1159/1622 1644/1163/1625
f 1644/1163/1625 1642/1160/1623 1645/1164/1626
f 1644/1163/1625 1645/1164/1626 1646/1165/1627
f 1647/1166/1628 1646/1165/1627 1645/1164/1626
f 1648/1167/1629 1643/1162/1624 1644/1163/1625
f 1646/1165/1627 1648/1167/1629 1644/1163/1625
f 1646/1165/1627 1647/1166/1628 1649/1168/1630
f 1649/1168/1630 1647/1166/1628 1650/1169/1631
f 1651/1170/1632 1648/1167/1629 1646/1165/1627
f 1649/1168/1630 1650/1169/1631 1652/1171/1633
f 1653/1172/1634 1652/1171/1633 1650/1169/1631
f 1649/1168/1630 1654/1173/1635 1646/1165/1627
f 1651/1170/1632 1646/1165/1627 1654/1173/1635
f 1652/1171/1633 1655/1174/1636 1649/1168/1630
f 1654/1173/1635 1649/1168/1630 1655/1174/1636
f 1652/1171/1633 1653/1172/1634 1656/1175/1637
f 1653/1172/1634 1657/1176/1638 1656/1175/1637
f 1656/1175/1637 1658/1177/1639 1652/1171/1633
f 1655/1174/1636 1652/1171/1633 1658/1177/1639
f 1656/1175/1637 1657/1176/1638 1659/1178/1640
f 1658/1177/1639 1656/1175/1637 1659/1178/1640
f 1660/1179/1641 1659/1178/1640 1657/1176/1638
f 1660/1179/1641 1661/1180/1642 1659/1178/1640
f 1662/1181/1643 1659/1178/1640 1661/1180/1642
f 1661/1180/1642 1663/1182/1644 1662/1181/1643
f 1664/1183/1645 1662/1181/1643 1663/1182/1644
f 1663/1182/1644 1665/1184/1646 1664/1183/1645
f 1662/1181/1643 1666/1185/1647 1659/1178/1640
f 1662/1181/1643 1664/1183/1645 1666/1185/1647
f 1665/1184/1646 1667/1186/1648 1664/1183/1645
f 1665/1184/1646 1668/1187/1649 1667/1186/1648
f 1669/1188/1650 1666/1185/1647 1664/1183/1645
f 1664/1183/1645 1667/1186/1648 1669/1188/1650
f 1670/1189/1651 1659/1178/1640 1666/1185/1647
f 1658/1177/1639 1659/1178/1640 1670/1189/1651
f 1671/1190/1652 1667/1186/1648 1668/1187/1649
f 1668/1187/1649 1672/1191/1653 1671/1190/1652
f 1673/1192/1654 1669/1188/1650 1667/1186/1648
f 1667/1186/1648 1671/1190/1652 1673/1192/1654
f 1671/1190/1652 1672/1191/1653 1674/1193/1655
f 1672/1191/1653 1675/1194/1656 1674/1193/1655
f 1676/1195/1657 1673/1192/1654 1671/1190/1652
f 1677/1196/1658 1674/1193/1655 1675/1194/1656
f 1675/1194/1656 1678/1197/1659 1677/1196/1658
f 1674/1193/1655 1679/1198/1660 1671/1190/1652
f 1676/1195/1657 1671/1190/1652 1679/1198/1660
f 1680/1199/1661 1677/1196/1658 1678/1197/1659
f 1678/1197/1659 1681/1200/1662 1680/1199/1661
f 1677/1196/1658 1682/1201/1663 1674/1193/1655
f 1677/1196/1658 1680/1199/1661 1682/1201/1663
f 1679/1198/1660 1674/1193/1655 1682/1201/1663
f 1683/1202/1664 1680/1199/1661 1681/1200/1662
f 1681/1200/1662 1684/1203/1665 1683/1202/1664
f 1685/1204/1666 1682/1201/1663 1680/1199/1661
f 1683/1202/1664 1685/1204/1666 1680/1199/1661
f 1686/1205/1667 1683/1202/1664 1684/1203/1665
f 1684/1203/1665 1687/1206/1668 1686/1205/1667
f 1683/1202/1664 1688/1207/1669 1685/1204/1666
f 1683/1202/1664 1686/1205/1667 1688/1207/1669
f 1689/1208/1670 1682/1201/1663 1685/1204/1666
f 1690/1382/1671 1686/1205/1667 1687/1206/1668
f 1688/1207/1669 1691/1209/1672 1685/1204/1666
f 1689/1208/1670 1685/1204/1666 1691/1209/1672
f 1692/1374/1673 1688/1207/1669 1686/1205/1667
f 1690/1382/1671 1692/1374/1673 1686/1205/1667
f 1691/1209/1672 1688/1207/1669 1693/1371/1674
f 1693/1371/1674 1688/1207/1669 1692/1374/1673
f 1690/1382/1671 1687/1206/1668 1694/1384/1675
f 1695/1385/1676 1694/1384/1675 1687/1206/1668
f 1692/1374/1673 1690/1382/1671 1696/1386/1677
f 1695/1385/1676 1697/1387/1678 1694/1384/1675
f 1697/1387/1678 1695/1385/1676 1698/1388/1679
f 1694/1384/1675 1699/1389/1680 1690/1382/1671
f 1696/1386/1677 1690/1382/1671 1699/1389/1680
f 1697/1387/1678 1700/1390/1681 1694/1384/1675
f 1699/1389/1680 1694/1384/1675 1700/1390/1681
f 1698/1388/1679 1701/1391/1682 1697/1387/1678
f 1701/1391/1682 1698/1388/1679 1702/1392/1683
f 1697/1387/1678 1703/1393/1684 1700/1390/1681
f 1703/1393/1684 1697/1387/1678 1701/1391/1682
f 1701/1391/1682 1702/1392/1683 1704/1394/1685
f 1705/1395/1686 1704/1394/1685 1702/1392/1683
f 1704/1394/1685 1706/1396/1687 1701/1391/1682
f 1703/1393/1684 1701/1391/1682 1706/1396/1687
f 1707/1397/1688 1704/1394/1685 1705/1395/1686
f 1706/1396/1687 1704/1394/1685 1707/1397/1688
f 1707/1397/1688 1705/1395/1686 1708/1398/1689
f 1707/1397/1688 1708/1398/1689 1709/1399/1690
f 1710/1400/1691 1709/1399/1690 1708/1398/1689
f 1711/1401/1692 1706/1396/1687 1707/1397/1688
f 1709/1399/1690 1711/1401/1692 1707/1397/1688
f 1709/1399/1690 1710/1400/1691 1712/1402/1693
f 1712/1402/1693 1710/1400/1691 1713/1403/1694
f 1714/1404/1695 1711/1401/1692 1709/1399/1690
f 1712/1402/1693 1713/1403/1694 1715/1405/1696
f 1716/1406/1697 1715/1405/1696 1713/1403/1694
f 1712/1402/1693 1717/1407/1698 1709/1399/1690
f 1714/1404/1695 1709/1399/1690 1717/1407/1698
f 1715/1405/1696 1718/1408/1699 1712/1402/1693
f 1717/1407/1698 1712/1402/1693 1718/1408/1699
f 1715/1405/1696 1716/1406/1697 1719/1409/1700
f 1716/1406/1697 1720/1410/1701 1719/1409/1700
f 1719/1409/1700 1721/1411/1702 1715/1405/1696
f 1718/1408/1699 1715/1405/1696 1721/1411/1702
f 1719/1409/1700 1720/1410/1701 1722/1412/1703
f 1721/1411/1702 1719/1409/1700 1722/1412/1703
f 1723/1413/1704 1722/1412/1703 1720/1410/1701
f 1723/1413/1704 1724/1414/1705 1722/1412/1703
f 1725/1415/1706 1722/1412/1703 1724/1414/1705
f 1724/1414/1705 1726/1416/1707 1725/1415/1706
f 1727/1418/1708 1725/1415/1706 1726/1416/1707
f 1726/1416/1707 1728/1419/1709 1727/1418/1708
f 1725/1415/1706 1729/1420/1710 1722/1412/1703
f 1725/1415/1706 1727/1418/1708 1729/1420/1710
f 1728/1419/1709 1730/1421/1711 1727/1418/1708
f 1728/1419/1709 1731/1422/1712 1730/1421/1711
f 1732/1423/1713 1729/1420/1710 1727/1418/1708
f 1727/1418/1708 1730/1421/1711 1732/1423/1713
f 1733/1417/1714 1722/1412/1703 1729/1420/1710
f 1721/1411/1702 1722/1412/1703 1733/1417/1714
f 1734/1424/1715 1730/1421/1711 1731/1422/1712
f 1731/1422/1712 1735/1425/1716 1734/1424/1715
f 1736/1426/1717 1732/1423/1713 1730/1421/1711
f 1730/1421/1711 1734/1424/1715 1736/1426/1717
f 1732/1423/1713 1737/1427/1718 1729/1420/1710
f 1732/1423/1713 1736/1426/1717 1737/1427/1718
f 1738/1428/1719 1733/1417/1714 1729/1420/1710
f 1738/1428/1719 1729/1420/1710 1737/1427/1718
f 1739/1429/1720 1721/1411/1702 1733/1417/1714
f 1739/1429/1720 1733/1417/1714 1738/1428/1719
f 1740/1431/1721 1721/1411/1702 1739/1429/1720
f 1740/1431/1721 1718/1408/1699 1721/1411/1702
f 1741/1432/1722 1739/1429/1720 1738/1428/1719
f 1742/1433/1723 1718/1408/1699 1740/1431/1721
f 1742/1433/1723 1717/1407/1698 1718/1408/1699
f 1740/1431/1721 1739/1429/1720 1743/1434/1724
f 1744/1435/1725 1717/1407/1698 1742/1433/1723
f 1744/1435/1725 1714/1404/1695 1717/1407/1698
f 1745/1436/1726 1742/1433/1723 1740/1431/1721
f 1740/1431/1721 1743/1434/1724 1745/1436/1726
f 1744/1435/1725 1742/1433/1723 1746/1437/1727
f 1745/1436/1726 1746/1437/1727 1742/1433/1723
f 1747/1438/1728 1714/1404/1695 1744/1435/1725
f 1745/1436/1726 811/1439/811 1746/1437/1727
f 811/1439/811 1745/1436/1726 815/1440/815
f 1743/1434/1724 815/1440/815 1745/1436/1726
f 810/1441/810 1746/1437/1727 811/1439/811
f 815/1440/815 1743/1434/1724 1748/1442/1729
f 810/1441/810 807/1443/807 1746/1437/1727
f 1749/1444/1730 1748/1442/1729 1743/1434/1724
f 1749/1444/1730 1743/1434/1724 1739/1429/1720
f 1748/1442/1729 1749/1444/1730 823/1445/823
f 1749/1444/1730 1739/1429/1720 1741/1432/1722
f 1741/1432/1722 823/1445/823 1749/1444/1730
f 823/1445/823 1741/1432/1722 826/1446/826
f 1750/1529/1731 1746/1437/1727 807/1443/807
f 1746/1437/1727 1750/1529/1731 1744/1435/1725
f 1750/1529/1731 1747/1438/1728 1744/1435/1725
f 807/1443/807 804/1528/804 1750/1529/1731
f 1751/1527/1732 1750/1529/1731 804/1528/804
f 1750/1529/1731 1751/1527/1732 1747/1438/1728
f 1751/1527/1732 804/1528/804 801/1525/801
f 1751/1527/1732 1752/1526/1733 1747/1438/1728
f 1747/1438/1728 1752/1526/1733 1714/1404/1695
f 1711/1401/1692 1714/1404/1695 1752/1526/1733
f 801/1525/801 1753/1524/1734 1751/1527/1732
f 1751/1527/1732 1753/1524/1734 1752/1526/1733
f 801/1525/801 798/1521/798 1753/1524/1734
f 1752/1526/1733 1754/1523/1735 1711/1401/1692
f 1753/1524/1734 1754/1523/1735 1752/1526/1733
f 1706/1396/1687 1711/1401/1692 1754/1523/1735
f 1755/1520/1736 1753/1524/1734 798/1521/798
f 1754/1523/1735 1753/1524/1734 1755/1520/1736
f 1755/1520/1736 798/1521/798 795/1518/795
f 1754/1523/1735 1756/1522/1737 1706/1396/1687
f 1755/1520/1736 1756/1522/1737 1754/1523/1735
f 1703/1393/1684 1706/1396/1687 1756/1522/1737
f 795/1518/795 1757/1517/1738 1755/1520/1736
f 1755/1520/1736 1757/1517/1738 1756/1522/1737
f 1757/1517/1738 795/1518/795 790/1514/790
f 1756/1522/1737 1758/1519/1739 1703/1393/1684
f 1758/1519/1739 1756/1522/1737 1757/1517/1738
f 1700/1390/1681 1703/1393/1684 1758/1519/1739
f 790/1514/790 1759/1516/1740 1757/1517/1738
f 1759/1516/1740 1758/1519/1739 1757/1517/1738
f 1759/1516/1740 790/1514/790 1760/1513/1741
f 786/1512/786 1760/1513/1741 790/1514/790
f 1761/1515/1742 1758/1519/1739 1759/1516/1740
f 1758/1519/1739 1761/1515/1742 1700/1390/1681
f 1760/1513/1741 1761/1515/1742 1759/1516/1740
f 1699/1389/1680 1700/1390/1681 1761/1515/1742
f 1760/1513/1741 786/1512/786 1762/1511/1743
f 1762/1511/1743 1761/1515/1742 1760/1513/1741
f 781/1509/782 1762/1511/1743 786/1512/786
f 1762/1511/1743 781/1509/782 1763/1507/1744
f 783/1508/781 1763/1507/1744 781/1509/782
f 783/1508/781 784/1505/784 1763/1507/1744
f 1761/1515/1742 1762/1511/1743 1764/1510/1745
f 1763/1507/1744 1764/1510/1745 1762/1511/1743
f 1765/1504/1746 1763/1507/1744 784/1505/784
f 1763/1507/1744 1765/1504/1746 1764/1510/1745
f 784/1505/784 788/1499/788 1765/1504/1746
f 1761/1515/1742 1764/1510/1745 1766/1530/1747
f 1766/1530/1747 1699/1389/1680 1761/1515/1742
f 1767/1501/1748 1765/1504/1746 788/1499/788
f 1768/1531/1551 1699/1389/1680 1766/1530/1747
f 1765/1504/1746 1769/1506/1749 1764/1510/1745
f 1767/1501/1748 1769/1506/1749 1765/1504/1746
f 1764/1510/1745 1770/1532/1750 1766/1530/1747
f 1764/1510/1745 1769/1506/1749 1770/1532/1750
f 1767/1501/1748 788/1499/788 1771/1498/1751
f 873/1496/872 1771/1498/1751 788/1499/788
f 1769/1506/1749 1767/1501/1748 1772/1503/1752
f 1767/1501/1748 1771/1498/1751 1772/1503/1752
f 1771/1498/1751 873/1496/872 1773/1495/1753
f 1774/1493/1754 1773/1495/1753 873/1496/872
f 1775/1502/1755 1772/1503/1752 1771/1498/1751
f 1771/1498/1751 1773/1495/1753 1775/1502/1755
f 1774/1493/1754 1776/1492/1756 1773/1495/1753
f 867/1490/866 1776/1492/1756 1774/1493/1754
f 1777/1500/1757 1775/1502/1755 1773/1495/1753
f 867/1490/866 1778/1489/1758 1776/1492/1756
f 865/1487/626 1778/1489/1758 867/1490/866
f 1776/1492/1756 1779/1497/1759 1773/1495/1753
f 1777/1500/1757 1773/1495/1753 1779/1497/1759
f 1778/1489/1758 1780/1494/1760 1776/1492/1756
f 1779/1497/1759 1776/1492/1756 1780/1494/1760
f 1778/1489/1758 865/1487/626 1781/1486/1761
f 862/1485/862 1781/1486/1761 865/1487/626
f 1778/1489/1758 1782/1488/1762 1780/1494/1760
f 1778/1489/1758 1781/1486/1761 1782/1488/1762
f 1781/1486/1761 862/1485/862 1783/1483/1763
f 861/1484/861 1783/1483/1763 862/1485/862
f 861/1484/861 858/1481/858 1783/1483/1763
f 1784/1482/1764 1781/1486/1761 1783/1483/1763
f 1781/1486/1761 1784/1482/1764 1782/1488/1762
f 1785/1480/1765 1783/1483/1763 858/1481/858
f 1783/1483/1763 1785/1480/1765 1784/1482/1764
f 858/1481/858 852/1477/852 1785/1480/1765
f 1784/1482/1764 1575/1095/1556 1782/1488/1762
f 1786/1479/1766 1785/1480/1765 852/1477/852
f 1575/1095/1556 1784/1482/1764 1572/1092/1553
f 1785/1480/1765 1787/1478/1767 1784/1482/1764
f 1787/1478/1767 1572/1092/1553 1784/1482/1764
f 1786/1479/1766 1787/1478/1767 1785/1480/1765
f 1571/1091/1552 1572/1092/1553 1787/1478/1767
f 852/1477/852 1788/1476/1768 1786/1479/1766
f 1788/1476/1768 1787/1478/1767 1786/1479/1766
f 849/1473/849 1788/1476/1768 852/1477/852
f 1787/1478/1767 1789/1475/1769 1571/1091/1552
f 1571/1091/1552 1789/1475/1769 1581/1101/1562
f 1585/1105/1566 1581/1101/1562 1789/1475/1769
f 1787/1478/1767 1788/1476/1768 1790/1474/1770
f 1790/1474/1770 1789/1475/1769 1787/1478/1767
f 849/1473/849 1791/1472/1771 1788/1476/1768
f 1791/1472/1771 1790/1474/1770 1788/1476/1768
f 846/1464/846 1791/1472/1771 849/1473/849
f 1789/1475/1769 1790/1474/1770 1792/1470/1772
f 1585/1105/1566 1789/1475/1769 1792/1470/1772
f 1790/1474/1770 1791/1472/1771 1793/1471/1773
f 1793/1471/1773 1792/1470/1772 1790/1474/1770
f 1791/1472/1771 846/1464/846 1794/1463/1774
f 1794/1463/1774 1793/1471/1773 1791/1472/1771
f 843/1460/843 1794/1463/1774 846/1464/846
f 1793/1471/1773 1794/1463/1774 1795/1469/1775
f 1793/1471/1773 1795/1469/1775 1792/1470/1772
f 1794/1463/1774 843/1460/843 1796/1459/1776
f 1795/1469/1775 1794/1463/1774 1796/1459/1776
f 840/1456/840 1796/1459/1776 843/1460/843
f 1797/1467/1777 1792/1470/1772 1795/1469/1775
f 840/1456/840 1798/1454/1778 1796/1459/1776
f 839/1455/839 1798/1454/1778 840/1456/840
f 839/1455/839 836/1451/836 1798/1454/1778
f 1795/1469/1775 1796/1459/1776 1799/1458/1779
f 1798/1454/1778 1799/1458/1779 1796/1459/1776
f 1795/1469/1775 1799/1458/1779 1797/1467/1777
f 1800/1450/1780 1798/1454/1778 836/1451/836
f 836/1451/836 832/1448/832 1800/1450/1780
f 1798/1454/1778 1801/1453/1781 1799/1458/1779
f 1801/1453/1781 1798/1454/1778 1800/1450/1780
f 1802/1447/1782 1800/1450/1780 832/1448/832
f 832/1448/832 826/1446/826 1802/1447/1782
f 1800/1450/1780 1803/1449/1783 1801/1453/1781
f 1803/1449/1783 1800/1450/1780 1802/1447/1782
f 1799/1458/1779 1801/1453/1781 1804/1457/1784
f 1804/1457/1784 1797/1467/1777 1799/1458/1779
f 1805/1430/1785 1802/1447/1782 826/1446/826
f 826/1446/826 1741/1432/1722 1805/1430/1785
f 1741/1432/1722 1738/1428/1719 1805/1430/1785
f 1737/1427/1718 1805/1430/1785 1738/1428/1719
f 1737/1427/1718 1802/1447/1782 1805/1430/1785
f 1802/1447/1782 1737/1427/1718 1803/1449/1783
f 1803/1449/1783 1737/1427/1718 1736/1426/1717
f 1736/1426/1717 1806/1452/1786 1803/1449/1783
f 1801/1453/1781 1803/1449/1783 1806/1452/1786
f 1806/1452/1786 1804/1457/1784 1801/1453/1781
f 1806/1452/1786 1736/1426/1717 1734/1424/1715
f 1806/1452/1786 1734/1424/1715 1804/1457/1784
f 1807/1461/1787 1804/1457/1784 1734/1424/1715
f 1804/1457/1784 1807/1461/1787 1797/1467/1777
f 1734/1424/1715 1735/1425/1716 1807/1461/1787
f 1735/1425/1716 1808/1462/1788 1807/1461/1787
f 1809/1465/1789 1807/1461/1787 1808/1462/1788
f 1809/1465/1789 1797/1467/1777 1807/1461/1787
f 1808/1462/1788 1810/1466/1790 1809/1465/1789
f 1809/1465/1789 1811/1468/1791 1797/1467/1777
f 1811/1468/1791 1809/1465/1789 1810/1466/1790
f 1792/1470/1772 1797/1467/1777 1811/1468/1791
f 1810/1466/1790 1586/1106/1567 1811/1468/1791
f 1585/1105/1566 1792/1470/1772 1811/1468/1791
f 1585/1105/1566 1811/1468/1791 1586/1106/1567
f 1812/1491/1792 1782/1488/1762 1575/1095/1556
f 1812/1491/1792 1575/1095/1556 1573/1093/1554
f 1782/1488/1762 1812/1491/1792 1780/1494/1760
f 1573/1093/1554 1813/1588/1793 1812/1491/1792
f 1573/1093/1554 1562/1080/1543 1813/1588/1793
f 1559/1076/1540 1813/1588/1793 1562/1080/1543
f 1813/1588/1793 1559/1076/1540 1558/1075/1539
f 1812/1491/1792 1814/1586/1794 1780/1494/1760
f 1814/1586/1794 1812/1491/1792 1813/1588/1793
f 1814/1586/1794 1815/1584/1795 1780/1494/1760
f 1779/1497/1759 1780/1494/1760 1815/1584/1795
f 1779/1497/1759 1815/1584/1795 1777/1500/1757
f 1813/1588/1793 1816/1587/1796 1814/1586/1794
f 1817/1582/1797 1777/1500/1757 1815/1584/1795
f 1777/1500/1757 1817/1582/1797 1775/1502/1755
f 1815/1584/1795 1814/1586/1794 1818/1585/1798
f 1815/1584/1795 1818/1585/1798 1817/1582/1797
f 1816/1587/1796 1818/1585/1798 1814/1586/1794
f 1819/1580/1799 1775/1502/1755 1817/1582/1797
f 1775/1502/1755 1819/1580/1799 1772/1503/1752
f 1818/1585/1798 1820/1583/1800 1817/1582/1797
f 1817/1582/1797 1820/1583/1800 1819/1580/1799
f 1813/1588/1793 1821/1589/1801 1816/1587/1796
f 1813/1588/1793 1558/1075/1539 1821/1589/1801
f 1818/1585/1798 1816/1587/1796 1822/1345/1802
f 1816/1587/1796 1821/1589/1801 1822/1345/1802
f 1820/1583/1800 1818/1585/1798 1822/1345/1802
f 1823/1590/1803 1821/1589/1801 1558/1075/1539
f 1821/1589/1801 1823/1590/1803 1822/1345/1802
f 1824/1591/1804 1823/1590/1803 1558/1075/1539
f 1823/1590/1803 1824/1591/1804 1822/1345/1802
f 1535/1041/1516 1824/1591/1804 1558/1075/1539
f 1824/1591/1804 1535/1041/1516 1533/1039/1514
f 1824/1591/1804 1533/1039/1514 1822/1345/1802
f 1533/1039/1514 1530/1035/1511 1822/1345/1802
f 1530/1035/1511 1526/1037/1507 1822/1345/1802
f 1526/1037/1507 1524/1346/1505 1822/1345/1802
f 1524/1346/1505 1522/1344/1503 1822/1345/1802
f 1522/1344/1503 1520/1341/1501 1822/1345/1802
f 1520/1341/1501 1523/1342/1504 1822/1345/1802
f 1523/1342/1504 1825/1343/1805 1822/1345/1802
f 1825/1343/1805 1523/1342/1504 1525/1340/1506
f 1826/1581/1806 1820/1583/1800 1822/1345/1802
f 1826/1581/1806 1819/1580/1799 1820/1583/1800
f 1826/1581/1806 1827/1579/1807 1819/1580/1799
f 1827/1579/1807 1826/1581/1806 1822/1345/1802
f 1828/1574/1808 1819/1580/1799 1827/1579/1807
f 1828/1574/1808 1772/1503/1752 1819/1580/1799
f 1772/1503/1752 1828/1574/1808 1769/1506/1749
f 1828/1574/1808 1827/1579/1807 1829/1578/1809
f 1829/1578/1809 1827/1579/1807 1822/1345/1802
f 1830/1572/1810 1769/1506/1749 1828/1574/1808
f 1830/1572/1810 1770/1532/1750 1769/1506/1749
f 1828/1574/1808 1829/1578/1809 1831/1573/1811
f 1828/1574/1808 1831/1573/1811 1830/1572/1810
f 1830/1572/1810 1832/1571/1812 1770/1532/1750
f 1832/1571/1812 1830/1572/1810 1831/1573/1811
f 1829/1578/1809 1833/1576/1813 1831/1573/1811
f 1833/1576/1813 1829/1578/1809 1822/1345/1802
f 1834/1575/1814 1831/1573/1811 1833/1576/1813
f 1835/1533/1815 1770/1532/1750 1832/1571/1812
f 1770/1532/1750 1835/1533/1815 1766/1530/1747
f 1768/1531/1551 1766/1530/1747 1835/1533/1815
f 1831/1573/1811 1836/1565/1816 1832/1571/1812
f 1836/1565/1816 1831/1573/1811 1834/1575/1814
f 1837/1538/1817 1835/1533/1815 1832/1571/1812
f 1838/1535/1818 1768/1531/1551 1835/1533/1815
f 1837/1538/1817 1838/1535/1818 1835/1533/1815
f 1838/1535/1818 1839/1534/1819 1768/1531/1551
f 1699/1389/1680 1768/1531/1551 1839/1534/1819
f 1699/1389/1680 1839/1534/1819 1696/1386/1677
f 1832/1571/1812 1840/1568/1820 1837/1538/1817
f 1840/1568/1820 1832/1571/1812 1836/1565/1816
f 1841/1536/1821 1696/1386/1677 1839/1534/1819
f 1836/1565/1816 1842/1563/1822 1840/1568/1820
f 1843/1383/1823 1696/1386/1677 1841/1536/1821
f 1843/1383/1823 1692/1374/1673 1696/1386/1677
f 1844/1566/1824 1840/1568/1820 1842/1563/1822
f 1840/1568/1820 1844/1566/1824 1837/1538/1817
f 1842/1563/1822 1176/1564/1169 1844/1566/1824
f 1179/1567/840 1844/1566/1824 1176/1564/1169
f 1176/1564/1169 1842/1563/1822 1173/1561/1166
f 1844/1566/1824 1179/1567/840 1845/1569/1825
f 1845/1569/1825 1837/1538/1817 1844/1566/1824
f 1182/1570/1174 1845/1569/1825 1179/1567/840
f 1845/1569/1825 1182/1570/1174 1183/1548/1175
f 1837/1538/1817 1845/1569/1825 1846/1540/1826
f 1183/1548/1175 1846/1540/1826 1845/1569/1825
f 1846/1540/1826 1838/1535/1818 1837/1538/1817
f 1846/1540/1826 1183/1548/1175 1157/1547/1151
f 1847/1537/1827 1838/1535/1818 1846/1540/1826
f 1157/1547/1151 1847/1537/1827 1846/1540/1826
f 1838/1535/1818 1847/1537/1827 1839/1534/1819
f 1847/1537/1827 1157/1547/1151 1155/1545/1149
f 1839/1534/1819 1847/1537/1827 1841/1536/1821
f 1155/1545/1149 1848/1542/1828 1847/1537/1827
f 1848/1542/1828 1841/1536/1821 1847/1537/1827
f 1155/1545/1149 1156/1544/1150 1848/1542/1828
f 1848/1542/1828 1849/1539/1829 1841/1536/1821
f 1849/1539/1829 1848/1542/1828 1156/1544/1150
f 1843/1383/1823 1841/1536/1821 1849/1539/1829
f 1156/1544/1150 1850/1543/1830 1849/1539/1829
f 1159/1546/1153 1850/1543/1830 1156/1544/1150
f 1843/1383/1823 1849/1539/1829 1851/1541/1831
f 1850/1543/1830 1851/1541/1831 1849/1539/1829
f 1851/1541/1831 1852/1380/1832 1843/1383/1823
f 1692/1374/1673 1843/1383/1823 1852/1380/1832
f 1851/1541/1831 1850/1543/1830 1853/1381/1833
f 1851/1541/1831 1853/1381/1833 1852/1380/1832
f 1850/1543/1830 1159/1546/1153 1854/1549/1834
f 1854/1549/1834 1853/1381/1833 1850/1543/1830
f 1161/1550/781 1854/1549/1834 1159/1546/1153
f 1161/1550/781 1162/1551/1155 1854/1549/1834
f 1855/1552/1835 1854/1549/1834 1162/1551/1155
f 1854/1549/1834 1855/1552/1835 1853/1381/1833
f 1162/1551/1155 1164/1553/1157 1855/1552/1835
f 1856/1376/1836 1852/1380/1832 1853/1381/1833
f 1857/1554/1837 1855/1552/1835 1164/1553/1157
f 1855/1552/1835 1858/1379/1838 1853/1381/1833
f 1857/1554/1837 1858/1379/1838 1855/1552/1835
f 1856/1376/1836 1853/1381/1833 1858/1379/1838
f 1164/1553/1157 1859/1556/1839 1857/1554/1837
f 1168/1557/1161 1859/1556/1839 1164/1553/1157
f 1858/1379/1838 1857/1554/1837 1860/1555/1840
f 1859/1556/1839 1860/1555/1840 1857/1554/1837
f 1168/1557/1161 1861/1559/1841 1859/1556/1839
f 1172/1560/1165 1861/1559/1841 1168/1557/1161
f 1861/1559/1841 1172/1560/1165 1173/1561/1166
f 1860/1555/1840 1859/1556/1839 1862/1558/1842
f 1861/1559/1841 1862/1558/1842 1859/1556/1839
f 1173/1561/1166 1863/1562/1843 1861/1559/1841
f 1863/1562/1843 1862/1558/1842 1861/1559/1841
f 1863/1562/1843 1173/1561/1166 1842/1563/1822
f 1863/1562/1843 1842/1563/1822 1836/1565/1816
f 1863/1562/1843 1836/1565/1816 1862/1558/1842
f 1862/1558/1842 1836/1565/1816 1834/1575/1814
f 1860/1555/1840 1862/1558/1842 1864/1378/41
f 1834/1575/1814 1864/1378/41 1862/1558/1842
f 1860/1555/1840 1864/1378/41 1858/1379/1838
f 1864/1378/41 1834/1575/1814 1865/1577/1844
f 1833/1576/1813 1865/1577/1844 1834/1575/1814
f 1866/1377/1845 1858/1379/1838 1864/1378/41
f 1858/1379/1838 1866/1377/1845 1856/1376/1836
f 1865/1577/1844 1833/1576/1813 1822/1345/1802
f 1856/1376/1836 1866/1377/1845 1867/1375/1846
f 1866/1377/1845 1864/1378/41 1868/1372/1847
f 1868/1372/1847 1867/1375/1846 1866/1377/1845
f 1864/1378/41 1865/1577/1844 1869/1359/1848
f 1869/1359/1848 1868/1372/1847 1864/1378/41
f 1856/1376/1836 1867/1375/1846 1870/1373/1849
f 1852/1380/1832 1856/1376/1836 1870/1373/1849
f 1870/1373/1849 1692/1374/1673 1852/1380/1832
f 1692/1374/1673 1870/1373/1849 1693/1371/1674
f 1867/1375/1846 1871/1368/1850 1870/1373/1849
f 1867/1375/1846 1868/1372/1847 1871/1368/1850
f 1693/1371/1674 1870/1373/1849 1871/1368/1850
f 1872/1362/1851 1871/1368/1850 1868/1372/1847
f 1868/1372/1847 1869/1359/1848 1872/1362/1851
f 1873/1369/1852 1693/1371/1674 1871/1368/1850
f 1874/1357/1853 1869/1359/1848 1865/1577/1844
f 1874/1357/1853 1865/1577/1844 1822/1345/1802
f 1875/1370/1854 1693/1371/1674 1873/1369/1852
f 1876/1224/1855 1693/1371/1674 1875/1370/1854
f 1693/1371/1674 1876/1224/1855 1691/1209/1672
f 1875/1370/1854 1873/1369/1852 1114/1225/1109
f 1114/1225/1109 1876/1224/1855 1875/1370/1854
f 1118/1367/1113 1114/1225/1109 1873/1369/1852
f 1111/1221/801 1876/1224/1855 1114/1225/1109
f 1873/1369/1852 1877/1365/1856 1118/1367/1113
f 1871/1368/1850 1877/1365/1856 1873/1369/1852
f 1121/1366/1116 1118/1367/1113 1877/1365/1856
f 1121/1366/1116 1877/1365/1856 1122/1364/1117
f 1871/1368/1850 1878/1363/1857 1877/1365/1856
f 1878/1363/1857 1122/1364/1117 1877/1365/1856
f 1878/1363/1857 1871/1368/1850 1872/1362/1851
f 1122/1364/1117 1878/1363/1857 1125/1361/300
f 1879/1360/1858 1125/1361/300 1878/1363/1857
f 1879/1360/1858 1878/1363/1857 1872/1362/1851
f 1125/1361/300 1879/1360/1858 1128/1289/1122
f 1879/1360/1858 1872/1362/1851 1880/1358/1859
f 1880/1358/1859 1872/1362/1851 1869/1359/1848
f 1128/1289/1122 1879/1360/1858 1881/1288/1860
f 1879/1360/1858 1880/1358/1859 1881/1288/1860
f 1128/1289/1122 1881/1288/1860 1882/1281/1861
f 1869/1359/1848 1883/1355/1862 1880/1358/1859
f 1869/1359/1848 1874/1357/1853 1883/1355/1862
f 1884/1356/1863 1881/1288/1860 1880/1358/1859
f 1884/1356/1863 1880/1358/1859 1883/1355/1862
f 1882/1281/1861 1881/1288/1860 1885/1286/1864
f 1881/1288/1860 1884/1356/1863 1885/1286/1864
f 1874/1357/1853 1886/1354/1865 1883/1355/1862
f 1886/1354/1865 1874/1357/1853 1822/1345/1802
f 1884/1356/1863 1883/1355/1862 1887/1351/1866
f 1887/1351/1866 1885/1286/1864 1884/1356/1863
f 1883/1355/1862 1886/1354/1865 1888/1352/1867
f 1888/1352/1867 1887/1351/1866 1883/1355/1862
f 1889/1353/1868 1886/1354/1865 1822/1345/1802
f 1886/1354/1865 1889/1353/1868 1888/1352/1867
f 1890/1350/1869 1889/1353/1868 1822/1345/1802
f 1889/1353/1868 1890/1350/1869 1888/1352/1867
f 1891/1348/1870 1890/1350/1869 1822/1345/1802
f 1825/1343/1805 1891/1348/1870 1822/1345/1802
f 1892/1349/1871 1888/1352/1867 1890/1350/1869
f 1890/1350/1869 1891/1348/1870 1892/1349/1871
f 1887/1351/1866 1888/1352/1867 1892/1349/1871
f 1893/1347/1872 1891/1348/1870 1825/1343/1805
f 1893/1347/1872 1892/1349/1871 1891/1348/1870
f 1887/1351/1866 1892/1349/1871 1894/1284/1873
f 1887/1351/1866 1894/1284/1873 1885/1286/1864
f 1894/1284/1873 1892/1349/1871 1895/1282/1874
f 1893/1347/1872 1895/1282/1874 1892/1349/1871
f 1896/1280/1875 1885/1286/1864 1894/1284/1873
f 1894/1284/1873 1895/1282/1874 1896/1280/1875
f 1885/1286/1864 1896/1280/1875 1882/1281/1861
f 1139/1278/1133 1882/1281/1861 1896/1280/1875
f 1139/1278/1133 1896/1280/1875 1897/1277/1876
f 1897/1277/1876 1896/1280/1875 1895/1282/1874
f 1897/1277/1876 1211/1275/1203 1139/1278/1133
f 1898/1279/1877 1897/1277/1876 1895/1282/1874
f 1895/1282/1874 1893/1347/1872 1898/1279/1877
f 1897/1277/1876 1899/1274/1878 1211/1275/1203
f 1897/1277/1876 1898/1279/1877 1899/1274/1878
f 1214/1272/1206 1211/1275/1203 1899/1274/1878
f 1900/1283/1879 1898/1279/1877 1893/1347/1872
f 1899/1274/1878 1901/1270/1880 1214/1272/1206
f 1216/1271/1208 1214/1272/1206 1901/1270/1880
f 1216/1271/1208 1901/1270/1880 1217/1268/1209
f 1899/1274/1878 1898/1279/1877 1902/1273/1881
f 1901/1270/1880 1899/1274/1878 1902/1273/1881
f 1898/1279/1877 1900/1283/1879 1902/1273/1881
f 1903/1267/1882 1217/1268/1209 1901/1270/1880
f 1901/1270/1880 1902/1273/1881 1903/1267/1882
f 1217/1268/1209 1903/1267/1882 1075/1264/1073
f 1904/1266/1883 1075/1264/1073 1903/1267/1882
f 1075/1264/1073 1904/1266/1883 1905/1263/1884
f 1905/1263/1884 1071/1261/1069 1075/1264/1073
f 1903/1267/1882 1906/1265/1885 1904/1266/1883
f 1904/1266/1883 1906/1265/1885 1905/1263/1884
f 1906/1265/1885 1903/1267/1882 1902/1273/1881
f 1071/1261/1069 1905/1263/1884 1907/1260/1886
f 1907/1260/1886 1069/1258/1067 1071/1261/1069
f 1905/1263/1884 1908/1262/1887 1907/1260/1886
f 1906/1265/1885 1908/1262/1887 1905/1263/1884
f 1069/1258/1067 1907/1260/1886 1909/1256/1888
f 1909/1256/1888 1068/1257/612 1069/1258/1067
f 1068/1257/612 1909/1256/1888 1067/1252/1066
f 1908/1262/1887 1910/1259/1889 1907/1260/1886
f 1909/1256/1888 1907/1260/1886 1910/1259/1889
f 1908/1262/1887 1906/1265/1885 1637/1158/1618
f 1637/1158/1618 1640/1161/1621 1908/1262/1887
f 1910/1259/1889 1908/1262/1887 1640/1161/1621
f 1636/1269/1617 1637/1158/1618 1906/1265/1885
f 1640/1161/1621 1643/1162/1624 1910/1259/1889
f 1911/1255/1890 1910/1259/1889 1643/1162/1624
f 1909/1256/1888 1910/1259/1889 1911/1255/1890
f 1643/1162/1624 1648/1167/1629 1911/1255/1890
f 1911/1255/1890 1912/1254/1891 1909/1256/1888
f 1912/1254/1891 1067/1252/1066 1909/1256/1888
f 1913/1253/1892 1911/1255/1890 1648/1167/1629
f 1912/1254/1891 1911/1255/1890 1913/1253/1892
f 1648/1167/1629 1651/1170/1632 1913/1253/1892
f 1067/1252/1066 1912/1254/1891 1914/1251/1893
f 1914/1251/1893 1912/1254/1891 1913/1253/1892
f 1914/1251/1893 1070/1249/1068 1067/1252/1066
f 1915/1250/1894 1913/1253/1892 1651/1170/1632
f 1914/1251/1893 1913/1253/1892 1915/1250/1894
f 1651/1170/1632 1654/1173/1635 1915/1250/1894
f 1914/1251/1893 1916/1248/1895 1070/1249/1068
f 1916/1248/1895 1914/1251/1893 1915/1250/1894
f 1073/1246/1071 1070/1249/1068 1916/1248/1895
f 1917/1247/1896 1915/1250/1894 1654/1173/1635
f 1916/1248/1895 1915/1250/1894 1917/1247/1896
f 1654/1173/1635 1655/1174/1636 1917/1247/1896
f 1916/1248/1895 1918/1245/1897 1073/1246/1071
f 1918/1245/1897 1916/1248/1895 1917/1247/1896
f 1077/1243/1075 1073/1246/1071 1918/1245/1897
f 1919/1244/1898 1917/1247/1896 1655/1174/1636
f 1917/1247/1896 1919/1244/1898 1918/1245/1897
f 1655/1174/1636 1658/1177/1639 1919/1244/1898
f 1918/1245/1897 1920/1242/1899 1077/1243/1075
f 1920/1242/1899 1918/1245/1897 1919/1244/1898
f 1081/1240/1079 1077/1243/1075 1920/1242/1899
f 1921/1241/1900 1919/1244/1898 1658/1177/1639
f 1920/1242/1899 1919/1244/1898 1921/1241/1900
f 1658/1177/1639 1670/1189/1651 1921/1241/1900
f 1081/1240/1079 1920/1242/1899 1922/1239/1901
f 1921/1241/1900 1922/1239/1901 1920/1242/1899
f 1922/1239/1901 1084/1238/1082 1081/1240/1079
f 1923/1235/1902 1921/1241/1900 1670/1189/1651
f 1921/1241/1900 1923/1235/1902 1922/1239/1901
f 1922/1239/1901 1924/1236/1903 1084/1238/1082
f 1924/1236/1903 1922/1239/1901 1923/1235/1902
f 1087/1237/919 1084/1238/1082 1924/1236/1903
f 1087/1237/919 1924/1236/1903 1088/1234/1085
f 1925/1233/1904 1088/1234/1085 1924/1236/1903
f 1924/1236/1903 1923/1235/1902 1925/1233/1904
f 1088/1234/1085 1925/1233/1904 1090/1231/1087
f 1923/1235/1902 1670/1189/1651 1926/1232/1905
f 1925/1233/1904 1923/1235/1902 1926/1232/1905
f 1926/1232/1905 1670/1189/1651 1666/1185/1647
f 1090/1231/1087 1925/1233/1904 1927/1230/1906
f 1925/1233/1904 1926/1232/1905 1927/1230/1906
f 1090/1231/1087 1927/1230/1906 1093/1227/1090
f 1926/1232/1905 1666/1185/1647 1928/1229/1907
f 1928/1229/1907 1927/1230/1906 1926/1232/1905
f 1669/1188/1650 1928/1229/1907 1666/1185/1647
f 1929/1226/1908 1093/1227/1090 1927/1230/1906
f 1928/1229/1907 1929/1226/1908 1927/1230/1906
f 1093/1227/1090 1929/1226/1908 1096/1223/1093
f 1928/1229/1907 1669/1188/1650 1930/1228/1909
f 1929/1226/1908 1928/1229/1907 1930/1228/1909
f 1673/1192/1654 1930/1228/1909 1669/1188/1650
f 1931/1222/1910 1096/1223/1093 1929/1226/1908
f 1930/1228/1909 1931/1222/1910 1929/1226/1908
f 1096/1223/1093 1931/1222/1910 1099/1220/1096
f 1930/1228/1909 1673/1192/1654 1932/1215/1911
f 1931/1222/1910 1930/1228/1909 1932/1215/1911
f 1676/1195/1657 1932/1215/1911 1673/1192/1654
f 1933/1216/1912 1099/1220/1096 1931/1222/1910
f 1932/1215/1911 1933/1216/1912 1931/1222/1910
f 1099/1220/1096 1933/1216/1912 1102/1217/790
f 1932/1215/1911 1676/1195/1657 1934/1212/1913
f 1933/1216/1912 1932/1215/1911 1934/1212/1913
f 1679/1198/1660 1934/1212/1913 1676/1195/1657
f 1102/1217/790 1933/1216/1912 1935/1214/1914
f 1933/1216/1912 1934/1212/1913 1935/1214/1914
f 1934/1212/1913 1679/1198/1660 1936/1210/1915
f 1936/1210/1915 1935/1214/1914 1934/1212/1913
f 1682/1201/1663 1936/1210/1915 1679/1198/1660
f 1682/1201/1663 1689/1208/1670 1936/1210/1915
f 1935/1214/1914 1937/1213/1916 1102/1217/790
f 1936/1210/1915 1937/1213/1916 1935/1214/1914
f 1689/1208/1670 1937/1213/1916 1936/1210/1915
f 1107/1218/1103 1102/1217/790 1937/1213/1916
f 1107/1218/1103 1937/1213/1916 1108/1219/1104
f 1937/1213/1916 1689/1208/1670 1938/1211/1917
f 1938/1211/1917 1108/1219/1104 1937/1213/1916
f 1691/1209/1672 1938/1211/1917 1689/1208/1670
f 1108/1219/1104 1938/1211/1917 1111/1221/801
f 1938/1211/1917 1691/1209/1672 1876/1224/1855
f 1111/1221/801 1938/1211/1917 1876/1224/1855
f 1893/1347/1872 1825/1343/1805 1939/1319/1918
f 1939/1319/1918 1825/1343/1805 1525/1340/1506
f 1893/1347/1872 1939/1319/1918 1900/1283/1879
f 1525/1340/1506 1940/1320/1919 1939/1319/1918
f 1940/1320/1919 1525/1340/1506 1527/1327/1508
f 1941/1290/1920 1900/1283/1879 1939/1319/1918
f 1900/1283/1879 1941/1290/1920 1942/1285/1921
f 1942/1285/1921 1902/1273/1881 1900/1283/1879
f 1939/1319/1918 1943/1292/1922 1941/1290/1920
f 1902/1273/1881 1942/1285/1921 1944/1276/1923
f 1902/1273/1881 1944/1276/1923 1906/1265/1885
f 1945/1287/1924 1942/1285/1921 1941/1290/1920
f 1942/1285/1921 1945/1287/1924 1944/1276/1923
f 1941/1290/1920 1943/1292/1922 1945/1287/1924
f 1944/1276/1923 1636/1269/1617 1906/1265/1885
f 1946/1291/1925 1944/1276/1923 1945/1287/1924
f 1946/1291/1925 1636/1269/1617 1944/1276/1923
f 1947/1294/1926 1945/1287/1924 1943/1292/1922
f 1945/1287/1924 1947/1294/1926 1946/1291/1925
f 1636/1269/1617 1946/1291/1925 1948/1293/1927
f 1636/1269/1617 1948/1293/1927 1633/1296/1614
f 1949/1295/1928 1946/1291/1925 1947/1294/1926
f 1949/1295/1928 1948/1293/1927 1946/1291/1925
f 1950/1298/1929 1633/1296/1614 1948/1293/1927
f 1949/1295/1928 1951/1297/1930 1948/1293/1927
f 1948/1293/1927 1951/1297/1930 1950/1298/1929
f 1952/1308/1931 1949/1295/1928 1947/1294/1926
f 1951/1297/1930 1949/1295/1928 1952/1308/1931
f 1953/1299/1932 1633/1296/1614 1950/1298/1929
f 1953/1299/1932 1521/1149/1502 1633/1296/1614
f 1521/1149/1502 1953/1299/1932 1519/1300/1500
f 1954/1304/1933 1950/1298/1929 1951/1297/1930
f 1955/1303/1934 1519/1300/1500 1953/1299/1932
f 1519/1300/1500 1955/1303/1934 1517/1302/1499
f 1953/1299/1932 1950/1298/1929 1956/1301/1935
f 1953/1299/1932 1956/1301/1935 1955/1303/1934
f 1954/1304/1933 1956/1301/1935 1950/1298/1929
f 1957/1334/1936 1517/1302/1499 1955/1303/1934
f 1517/1302/1499 1957/1334/1936 1516/1336/1498
f 1958/1335/1937 1955/1303/1934 1956/1301/1935
f 1955/1303/1934 1958/1335/1937 1957/1334/1936
f 1395/1305/1380 1956/1301/1935 1954/1304/1933
f 1397/1307/1382 1956/1301/1935 1395/1305/1380
f 1397/1307/1382 1958/1335/1937 1956/1301/1935
f 1395/1305/1380 1954/1304/1933 1394/1306/1379
f 1951/1297/1930 1394/1306/1379 1954/1304/1933
f 1394/1306/1379 1951/1297/1930 1952/1308/1931
f 1398/1333/1383 1958/1335/1937 1397/1307/1382
f 1952/1308/1931 1396/1309/1381 1394/1306/1379
f 1398/1333/1383 1959/1331/1938 1958/1335/1937
f 1959/1331/1938 1957/1334/1936 1958/1335/1937
f 1420/1332/1208 1959/1331/1938 1398/1333/1383
f 1420/1332/1208 1417/1329/1400 1959/1331/1938
f 1396/1309/1381 1952/1308/1931 1960/1310/1939
f 1960/1310/1939 1400/1311/1347 1396/1309/1381
f 1947/1294/1926 1960/1310/1939 1952/1308/1931
f 1400/1311/1347 1960/1310/1939 1401/1312/1385
f 1960/1310/1939 1947/1294/1926 1961/1313/1940
f 1961/1313/1940 1401/1312/1385 1960/1310/1939
f 1943/1292/1922 1961/1313/1940 1947/1294/1926
f 1401/1312/1385 1961/1313/1940 1403/1314/798
f 1961/1313/1940 1943/1292/1922 1962/1315/1941
f 1962/1315/1941 1403/1314/798 1961/1313/1940
f 1963/1316/1942 1962/1315/1941 1943/1292/1922
f 1943/1292/1922 1939/1319/1918 1963/1316/1942
f 1403/1314/798 1962/1315/1941 1964/1317/1943
f 1964/1317/1943 1962/1315/1941 1963/1316/1942
f 1963/1316/1942 1939/1319/1918 1940/1320/1919
f 1964/1317/1943 1963/1316/1942 1940/1320/1919
f 1964/1317/1943 1407/1318/1390 1403/1314/798
f 1407/1318/1390 1964/1317/1943 1965/1321/1944
f 1964/1317/1943 1940/1320/1919 1965/1321/1944
f 1965/1321/1944 1410/1322/1393 1407/1318/1390
f 1410/1322/1393 1965/1321/1944 1411/1323/1394
f 1965/1321/1944 1940/1320/1919 1966/1324/1945
f 1411/1323/1394 1965/1321/1944 1966/1324/1945
f 1527/1327/1508 1966/1324/1945 1940/1320/1919
f 1966/1324/1945 1967/1325/1946 1411/1323/1394
f 1966/1324/1945 1527/1327/1508 1967/1325/1946
f 1414/1326/1397 1411/1323/1394 1967/1325/1946
f 1968/1330/1947 1967/1325/1946 1527/1327/1508
f 1527/1327/1508 1516/1336/1498 1968/1330/1947
f 1968/1330/1947 1516/1336/1498 1957/1334/1936
f 1967/1325/1946 1969/1328/1948 1414/1326/1397
f 1967/1325/1946 1968/1330/1947 1969/1328/1948
f 1969/1328/1948 1968/1330/1947 1957/1334/1936
f 1417/1329/1400 1414/1326/1397 1969/1328/1948
f 1959/1331/1938 1969/1328/1948 1957/1334/1936
f 1969/1328/1948 1959/1331/1938 1417/1329/1400
