g Hub_334
v 8.08182 0.017816782 35.057884
v 8.08182 0.10560191 35.057884
v 8.116 0.10560191 35.023705
v 8.08182 0.017816782 35.057884
v 8.116 0.10560191 35.023705
v 8.116 0.017816782 35.023705
v 8.116 0.7055305 35.023705
v 8.08182 0.10560191 35.057884
v 8.08182 0.7055305 35.057884
v 8.116 0.98071086 35.023705
v 8.08182 0.98071086 35.057884
v 8.116 2.355741 35.023705
v 8.08182 2.355741 35.057884
v 8.116 2.4494562 35.023705
v 8.08182 2.4494562 35.057884
v 8.08182 -0.016363502 35.023705
v 7.9909997 -0.016363502 35.023705
v 7.9909997 0.017816782 35.057884
v 8.08182 -0.016363502 35.023705
v 7.9909997 0.017816782 35.057884
v 8.08182 0.017816782 35.057884
v 7.9909997 -0.016363502 35.023705
v 7.4909997 0.017816782 35.057884
v 7.4909997 -0.016363502 35.023705
v 6.9909997 0.017816782 35.057884
v 6.900181 -0.016363502 34.029564
v 6.9910007 0.017816901 33.995384
v 6.8660007 0.017816782 33.995384
v 8.0818205 -0.016363502 34.029564
v 8.116 0.017816782 34.029564
v 8.0818205 0.017816901 33.995384
v 8.0818205 2.4494562 33.995384
v 8.116 2.4494562 34.029564
v 8.0818205 2.4836364 34.029564
v 8.08182 2.4836364 35.023705
v 8.116 2.4494562 35.023705
v 8.08182 2.4494562 35.057884
v 8.08182 0.017816782 35.057884
v 8.116 0.017816782 35.023705
v 8.08182 -0.016363502 35.023705
v 6.8659997 2.4494562 35.023705
v 6.9001803 2.4836364 35.023705
v 6.90018 2.4494562 35.057884
v 6.8659997 0.017816782 35.023705
v 6.90018 0.017816782 35.057884
v 6.9001803 -0.016363502 35.023705
v 7.9520397 2.3163729 33.93342
v 7.9520397 1.0200791 33.93342
v 7.95868 1.0134386 33.926777
v 7.9520397 2.3163729 33.93342
v 7.95868 1.0134386 33.926777
v 7.95868 2.3230133 33.926777
v 7.428395 2.5428224 34.092777
v 7.4107547 2.5168502 34.09894
v 7.4340343 2.5397203 34.09894
v 7.442868 2.9245245 34.092777
v 7.4417944 2.8745267 34.09894
v 7.448734 2.9220245 34.09894
v 7.2929273 3.3478398 34.092777
v 7.276828 3.352366 34.092777
v 7.2759776 3.3462005 34.09894
v 7.052411 3.352366 34.092777
v 7.0517187 3.3462005 34.09894
v 7.0080295 3.3561382 34.09894
v 7.010468 3.361906 34.092777
v 6.962153 3.3859513 34.09894
v 6.9674687 3.3898497 34.092777
v 6.951049 3.425918 34.09894
v 6.957445 3.425927 34.092777
v 6.962153 3.4663167 34.09894
v 6.9674864 3.4624574 34.092777
v 7.0080295 3.496778 34.09894
v 7.0105114 3.4910254 34.092777
v 7.0517187 3.5069318 34.09894
v 7.052426 3.5007665 34.092777
v 7.288916 3.5069318 34.09894
v 7.288916 3.5007665 34.092777
v 7.4929385 3.506932 34.09894
v 7.4929824 3.5007668 34.092777
v 7.692143 3.5069318 34.09894
v 7.692143 3.5007665 34.092777
v 7.9531355 3.5069318 34.09894
v 7.9523525 3.5007665 34.092777
v 7.9924536 3.496778 34.09894
v 7.9896145 3.4911437 34.092777
v 8.030063 3.4663167 34.09894
v 8.024317 3.4630368 34.092777
v 8.036059 3.425918 34.09894
v 8.029826 3.4259229 34.092777
v 8.030063 3.3859513 34.09894
v 8.024327 3.3892715 34.092777
v 7.2929273 3.3478398 34.092777
v 7.2759776 3.3462005 34.09894
v 7.2883167 3.3427315 34.09894
v 7.276828 3.352366 34.092777
v 7.0517187 3.3462005 34.09894
v 7.2759776 3.3462005 34.09894
v 7.689571 3.3323245 34.09894
v 7.693254 3.3427315 34.09894
v 7.688469 3.3476913 34.092777
v 7.693254 3.3427315 34.09894
v 7.7043023 3.3462005 34.09894
v 7.703357 3.352366 34.092777
v 7.693254 3.3427315 34.09894
v 7.703357 3.352366 34.092777
v 7.688469 3.3476913 34.092777
v 7.9523687 3.352366 34.092777
v 7.7043023 3.3462005 34.09894
v 7.9531355 3.3462005 34.09894
v 7.9896603 3.3617914 34.092777
v 7.9924536 3.3561382 34.09894
v 8.024327 3.3892715 34.092777
v 8.030063 3.3859513 34.09894
v 7.4910007 2.3163729 33.962162
v 7.9520397 1.0200791 33.962162
v 7.9520397 2.3163729 33.962162
v 7.4910007 1.0200791 33.962162
v 7.0299616 2.3163729 33.962162
v 7.0299616 1.0200791 33.962162
v 7.0118337 0.6805335 33.978394
v 7.011834 0.13059902 33.978394
v 7.4910007 0.13059902 33.978397
v 7.4910007 0.6805335 33.978397
v 7.970167 0.13059902 33.978397
v 7.970167 0.6805335 33.978397
v 8.092713 0.6905323 34.923203
v 8.092714 0.6905323 34.135166
v 8.092714 0.12060022 34.135166
v 8.092713 0.120600104 34.923203
v 8.0818205 -0.016363502 34.029564
v 8.116 0.017816782 34.114426
v 8.116 0.017816782 34.029564
v 8.0818205 -0.016363502 34.114426
v 8.116 0.017816782 34.94394
v 8.0818205 0.017816901 33.995384
v 7.9910007 -0.016363502 34.029564
v 8.0818205 -0.016363502 34.029564
v 7.9910007 0.017816901 33.995384
v 7.4910007 -0.016363502 34.029564
v 7.4910007 0.017816901 33.995384
v 6.9910007 -0.016363502 34.029564
v 6.9910007 0.017816901 33.995384
v 6.900181 -0.016363502 34.029564
v 8.116 0.017816782 34.029564
v 8.0818205 0.105602026 33.995384
v 8.0818205 0.017816901 33.995384
v 8.116 0.105602026 34.029564
v 8.0818205 0.7055305 33.995384
v 8.116 0.7055305 34.029564
v 8.0818205 0.98071086 33.995384
v 8.116 0.98071086 34.029564
v 8.0818205 2.355741 33.995384
v 8.116 2.355741 34.029564
v 8.0818205 2.4494562 33.995384
v 8.116 2.4494562 34.029564
v 8.0818205 2.4836364 34.029564
v 7.9910007 2.4494562 33.995384
v 8.0818205 2.4494562 33.995384
v 7.9910007 2.4836364 34.029564
v 7.4910007 2.4494562 33.995384
v 7.4910007 2.4836364 34.029564
v 6.9910007 2.4494562 33.995384
v 6.9910007 2.4836364 34.029564
v 6.8660007 2.4494562 33.995384
v 6.900181 2.4836364 34.029564
v 8.116 2.4494562 34.029564
v 8.0818205 2.4836364 34.114426
v 8.0818205 2.4836364 34.029564
v 8.116 2.4494562 34.114426
v 8.08182 2.4836364 34.94394
v 8.116 2.4494562 34.94394
v 8.08182 2.4836364 35.023705
v 8.116 2.4494562 35.023705
v 8.08182 2.4494562 35.057884
v 7.9909997 2.4836364 35.023705
v 8.08182 2.4836364 35.023705
v 7.9909997 2.4494562 35.057884
v 7.4909997 2.4836364 35.023705
v 7.4909997 2.4494562 35.057884
v 6.9909997 2.4836364 35.023705
v 6.9909997 2.4494562 35.057884
v 6.9001803 2.4836364 35.023705
v 6.90018 2.4494562 35.057884
v 8.116 0.017816782 35.023705
v 8.08182 -0.016363502 34.94394
v 8.08182 -0.016363502 35.023705
v 8.116 0.017816782 34.94394
v 8.0818205 -0.016363502 34.114426
v 6.900181 2.4836364 34.029564
v 6.866 2.4494562 34.114426
v 6.8660007 2.4494562 33.995384
v 6.900181 2.4836364 34.114426
v 6.8659997 2.4494562 34.94394
v 6.9001803 2.4836364 34.94394
v 6.8659997 2.4494562 35.023705
v 6.8659997 2.4494562 34.94394
v 6.9001803 2.4836364 34.94394
v 6.9001803 2.4836364 35.023705
v 6.90018 2.4494562 35.057884
v 6.8659997 2.355741 35.023705
v 6.8659997 2.4494562 35.023705
v 6.90018 2.355741 35.057884
v 6.8659997 0.98071086 35.023705
v 6.90018 0.98071086 35.057884
v 6.8659997 0.7055305 35.023705
v 6.90018 0.7055305 35.057884
v 6.8659997 0.10560191 35.023705
v 6.90018 0.10560191 35.057884
v 6.8659997 0.017816782 35.023705
v 6.90018 0.017816782 35.057884
v 6.9001803 -0.016363502 35.023705
v 6.8659997 0.017816782 34.94394
v 6.8659997 0.017816782 35.023705
v 6.9001803 -0.016363502 34.94394
v 6.866 0.017816782 34.114426
v 6.900181 -0.016363502 34.114426
v 6.8660007 0.017816782 33.995384
v 6.900181 -0.016363502 34.029564
v 6.90018 0.017816782 35.057884
v 6.9909997 -0.016363502 35.023705
v 6.9001803 -0.016363502 35.023705
v 6.9909997 0.017816782 35.057884
v 7.4909997 -0.016363502 35.023705
v 8.08182 0.10560191 35.057884
v 8.08182 0.017816782 35.057884
v 7.9909997 0.017816782 35.057884
v 7.9909997 0.10560191 35.057884
v 8.08182 0.7055305 35.057884
v 7.4909997 0.017816782 35.057884
v 7.4909997 0.10560191 35.057884
v 6.9909997 0.017816782 35.057884
v 6.9909997 0.10560191 35.057884
v 7.9909997 0.7055305 35.057884
v 8.08182 0.98071086 35.057884
v 6.90018 0.10560191 35.057884
v 6.90018 0.017816782 35.057884
v 6.9909997 0.7055305 35.057884
v 6.90018 0.7055305 35.057884
v 7.0195804 0.11819589 35.041584
v 7.962419 0.70391667 35.041584
v 7.962419 0.11819589 35.041584
v 7.4909997 0.11819589 35.041584
v 7.9909997 0.98071086 35.057884
v 8.08182 2.355741 35.057884
v 7.4909997 0.7081257 35.041584
v 7.962419 0.9911739 35.041584
v 7.9909997 2.355741 35.057884
v 8.08182 2.4494562 35.057884
v 7.9909997 2.4494562 35.057884
v 7.4909997 2.355741 35.057884
v 7.4909997 2.4494562 35.057884
v 7.962419 2.332824 35.041584
v 6.9909997 2.355741 35.057884
v 6.9909997 2.4494562 35.057884
v 7.4909997 0.98071086 35.041584
v 7.0195804 0.9911739 35.041584
v 7.4909997 2.332824 35.041584
v 7.0195804 2.332824 35.041584
v 6.90018 2.355741 35.057884
v 6.90018 2.4494562 35.057884
v 6.90018 0.98071086 35.057884
v 6.9909997 0.98071086 35.057884
v 7.0195804 0.70391667 35.041584
v 8.0818205 -0.016363502 34.114426
v 8.0818205 -0.016363502 34.029564
v 7.9910007 -0.016363502 34.029564
v 7.991 -0.016363502 34.114426
v 8.08182 -0.016363502 34.94394
v 7.4910007 -0.016363502 34.029564
v 7.9909997 -0.016363502 34.94394
v 8.08182 -0.016363502 35.023705
v 7.9909997 -0.016363502 35.023705
v 7.4910007 -0.016363502 34.114426
v 6.9910007 -0.016363502 34.029564
v 7.4909997 -0.016363502 34.94394
v 7.4909997 -0.016363502 35.023705
v 6.9910007 -0.016363502 34.114426
v 6.9909997 -0.016363502 34.94394
v 6.9909997 -0.016363502 35.023705
v 6.900181 -0.016363502 34.114426
v 6.900181 -0.016363502 34.029564
v 6.9001803 -0.016363502 34.94394
v 6.9001803 -0.016363502 35.023705
v 8.116 0.017816782 34.114426
v 8.116 0.105602026 34.029564
v 8.116 0.017816782 34.029564
v 8.116 0.105602026 34.114426
v 8.116 0.017816782 34.94394
v 8.116 0.7055305 34.114426
v 8.116 0.10560191 34.94394
v 8.116 0.017816782 35.023705
v 8.116 0.10560191 35.023705
v 8.116 0.7055305 34.94394
v 8.116 0.7055305 35.023705
v 8.116 0.7055305 34.029564
v 8.116 0.98071086 34.94394
v 8.116 0.98071086 35.023705
v 8.116 0.98071086 34.114426
v 8.116 0.98071086 34.029564
v 8.116 2.355741 34.029564
v 8.116 2.355741 34.114426
v 8.116 2.4494562 34.029564
v 8.116 2.4494562 34.114426
v 8.116 2.355741 34.94394
v 8.116 2.355741 35.023705
v 8.116 2.4494562 34.94394
v 8.116 2.4494562 35.023705
v 8.0818205 2.355741 33.995384
v 8.0818205 2.4494562 33.995384
v 7.9910007 2.4494562 33.995384
v 7.9910007 2.355741 33.995384
v 8.0818205 0.98071086 33.995384
v 7.4910007 2.4494562 33.995384
v 7.4910007 2.355741 33.995384
v 7.9910007 0.98071086 33.995384
v 6.9910007 2.4494562 33.995384
v 8.0818205 0.7055305 33.995384
v 6.9910007 2.355741 33.995384
v 6.8660007 2.355741 33.995384
v 6.8660007 2.4494562 33.995384
v 6.8660007 0.98071086 33.995384
v 6.9910007 0.98071086 33.995384
v 6.8660007 0.7055305 33.995384
v 7.9910007 0.7055305 33.995384
v 8.0818205 0.105602026 33.995384
v 6.9910007 0.7055305 33.995384
v 6.8660007 0.105602026 33.995384
v 7.876108 0.9545944 33.995384
v 7.4910007 0.98071086 33.995384
v 7.876108 0.73957014 33.995384
v 7.6528006 0.73957014 33.995384
v 7.6528006 0.9545944 33.995384
v 7.9910007 0.105602026 33.995384
v 8.0818205 0.017816901 33.995384
v 7.9910007 0.017816901 33.995384
v 7.4910007 0.105602026 33.995384
v 7.4910007 0.017816901 33.995384
v 7.4910007 0.7055305 33.995384
v 6.9910007 0.105602026 33.995384
v 6.9910007 0.017816901 33.995384
v 6.8660007 0.017816782 33.995384
v 7.4504585 0.9566283 33.995384
v 7.4504585 0.7329428 33.995384
v 7.031543 0.9566283 33.995384
v 7.031543 0.7329428 33.995384
v 6.8660007 2.355741 33.995384
v 6.8660007 2.4494562 33.995384
v 6.866 2.4494562 34.114426
v 6.866 2.355741 34.114426
v 6.8660007 0.98071086 33.995384
v 6.8659997 2.355741 34.94394
v 6.8659997 2.4494562 34.94394
v 6.8659997 2.355741 35.023705
v 6.8659997 2.4494562 35.023705
v 6.8659997 0.98071086 35.023705
v 6.8659997 0.98071086 34.94394
v 6.8659997 0.7055305 35.023705
v 6.866 0.98071086 34.114426
v 6.8659997 0.7055305 34.94394
v 6.8659997 0.10560191 35.023705
v 6.866 0.7055305 34.114426
v 6.8660007 0.7055305 33.995384
v 6.8660007 0.105602026 33.995384
v 6.8659997 0.10560191 34.94394
v 6.8659997 0.017816782 35.023705
v 6.8659997 0.017816782 34.94394
v 6.866 0.105602026 34.114426
v 6.8660007 0.017816782 33.995384
v 6.866 0.017816782 34.114426
v 8.08182 2.4836364 34.94394
v 8.08182 2.4836364 35.023705
v 7.9909997 2.4836364 35.023705
v 7.9909997 2.4836364 34.94394
v 8.0818205 2.4836364 34.114426
v 7.4909997 2.4836364 35.023705
v 7.991 2.4836364 34.114426
v 8.0818205 2.4836364 34.029564
v 7.9910007 2.4836364 34.029564
v 7.5292463 2.4836364 34.63747
v 6.9909997 2.4836364 35.023705
v 7.529247 2.4836364 34.194717
v 7.4910007 2.4836364 34.029564
v 7.0804734 2.4836364 34.63747
v 6.9001803 2.4836364 35.023705
v 6.9001803 2.4836364 34.94394
v 7.0804734 2.4836364 34.194717
v 6.9910007 2.4836364 34.029564
v 6.900181 2.4836364 34.114426
v 6.900181 2.4836364 34.029564
v 7.4910007 2.355741 33.93465
v 6.9910007 2.355741 33.93465
v 6.998873 2.3478682 33.926777
v 7.4910007 2.3478682 33.926777
v 7.9910007 2.355741 33.93465
v 7.9831276 2.3478682 33.926777
v 7.9831276 2.3478682 33.926777
v 7.9831276 0.9885837 33.926777
v 7.9910007 0.98071086 33.93465
v 7.9910007 2.355741 33.93465
v 7.9831276 0.9885837 33.926777
v 7.4910007 0.98071086 33.93465
v 7.9910007 0.98071086 33.93465
v 7.4910007 0.9885837 33.926777
v 6.9910007 0.98071086 33.93465
v 6.998873 0.9885837 33.926777
v 6.9910007 2.355741 33.93465
v 6.9910007 0.98071086 33.93465
v 6.998873 0.9885837 33.926777
v 6.998873 2.3478682 33.926777
v 7.4910007 2.355741 33.995384
v 7.9910007 2.355741 33.93465
v 7.9910007 2.355741 33.995384
v 7.4910007 2.355741 33.93465
v 6.9910007 2.355741 33.995384
v 6.9910007 2.355741 33.93465
v 7.9910007 2.355741 33.995384
v 7.9910007 2.355741 33.93465
v 7.9910007 0.98071086 33.93465
v 7.9910007 0.98071086 33.995384
v 7.9910007 0.98071086 33.995384
v 7.9910007 0.98071086 33.93465
v 7.4910007 0.98071086 33.93465
v 7.4910007 0.98071086 33.995384
v 6.9910007 0.98071086 33.93465
v 6.9910007 0.98071086 33.995384
v 6.9910007 0.98071086 33.995384
v 6.9910007 0.98071086 33.93465
v 6.9910007 2.355741 33.93465
v 6.9910007 2.355741 33.995384
v 7.4910007 2.3163729 33.93342
v 7.9520397 2.3163729 33.93342
v 7.95868 2.3230133 33.926777
v 7.4910007 2.3230133 33.926777
v 7.0299616 2.3163729 33.93342
v 7.023321 2.3230133 33.926777
v 7.9520397 1.0200791 33.93342
v 7.4910007 1.0134386 33.926777
v 7.95868 1.0134386 33.926777
v 7.4910007 1.0200791 33.93342
v 7.023321 1.0134386 33.926777
v 7.0299616 1.0200791 33.93342
v 7.023321 2.3230133 33.926777
v 7.023321 1.0134386 33.926777
v 7.0299616 1.0200791 33.93342
v 7.0299616 2.3163729 33.93342
v 7.4910007 2.3163729 33.93342
v 7.9520397 2.3163729 33.962162
v 7.9520397 2.3163729 33.93342
v 7.4910007 2.3163729 33.962162
v 7.0299616 2.3163729 33.93342
v 7.0299616 2.3163729 33.962162
v 7.9520397 2.3163729 33.93342
v 7.9520397 2.3163729 33.962162
v 7.9520397 1.0200791 33.962162
v 7.9520397 1.0200791 33.93342
v 7.9520397 1.0200791 33.93342
v 7.9520397 1.0200791 33.962162
v 7.4910007 1.0200791 33.962162
v 7.4910007 1.0200791 33.93342
v 7.0299616 1.0200791 33.962162
v 7.0299616 1.0200791 33.93342
v 7.0299616 1.0200791 33.93342
v 7.0299616 1.0200791 33.962162
v 7.0299616 2.3163729 33.962162
v 7.0299616 2.3163729 33.93342
v 7.4910007 2.3478682 33.926777
v 7.95868 2.3230133 33.926777
v 7.9831276 2.3478682 33.926777
v 7.4910007 2.3230133 33.926777
v 6.998873 2.3478682 33.926777
v 7.023321 2.3230133 33.926777
v 7.9831276 2.3478682 33.926777
v 7.95868 2.3230133 33.926777
v 7.95868 1.0134386 33.926777
v 7.9831276 0.9885837 33.926777
v 7.9831276 0.9885837 33.926777
v 7.95868 1.0134386 33.926777
v 7.4910007 1.0134386 33.926777
v 7.4910007 0.9885837 33.926777
v 7.023321 1.0134386 33.926777
v 6.998873 0.9885837 33.926777
v 6.998873 0.9885837 33.926777
v 7.023321 1.0134386 33.926777
v 7.023321 2.3230133 33.926777
v 6.998873 2.3478682 33.926777
v 7.9909997 2.355741 35.057884
v 7.962419 2.332824 35.041584
v 7.4909997 2.332824 35.041584
v 7.4909997 2.355741 35.057884
v 7.0195804 2.332824 35.041584
v 6.9909997 2.355741 35.057884
v 7.4909997 0.10560191 35.057884
v 7.962419 0.11819589 35.041584
v 7.9909997 0.10560191 35.057884
v 7.4909997 0.11819589 35.041584
v 6.9909997 0.10560191 35.057884
v 7.0195804 0.11819589 35.041584
v 7.8475456 0.9322524 33.973793
v 7.681363 0.9322524 33.973793
v 7.681363 0.76197064 33.93422
v 7.8475456 0.76197064 33.93422
v 7.6751313 0.9367379 33.96678
v 7.681363 0.9322524 33.973793
v 7.8475456 0.9322524 33.973793
v 7.8537774 0.9367379 33.96678
v 7.8475456 0.9322524 33.973793
v 7.8475456 0.76197064 33.93422
v 7.8537774 0.7605845 33.925842
v 7.8537774 0.9367379 33.96678
v 7.8537774 0.7605845 33.925842
v 7.8475456 0.76197064 33.93422
v 7.681363 0.76197064 33.93422
v 7.6751313 0.7605845 33.925842
v 7.681363 0.9322524 33.973793
v 7.6751313 0.9367379 33.96678
v 7.6751313 0.7605845 33.925842
v 7.681363 0.76197064 33.93422
v 7.6528006 0.9520315 33.972336
v 7.6528006 0.74227285 33.923943
v 7.65525 0.74474716 33.92216
v 7.6550364 0.9499694 33.969856
v 7.6550364 0.9499694 33.969856
v 7.873825 0.9499308 33.96985
v 7.876108 0.9520364 33.97238
v 7.6528006 0.9520315 33.972336
v 7.873825 0.9499308 33.96985
v 7.873883 0.7445289 33.92211
v 7.876108 0.74227285 33.923943
v 7.876108 0.9520364 33.97238
v 7.873883 0.7445289 33.92211
v 7.65525 0.74474716 33.92216
v 7.6528006 0.74227285 33.923943
v 7.876108 0.74227285 33.923943
v 7.6528006 0.9545944 33.995384
v 7.6528006 0.9520315 33.972336
v 7.876108 0.9520364 33.97238
v 7.876108 0.9545944 33.995384
v 7.876108 0.9520364 33.97238
v 7.876108 0.74227285 33.923943
v 7.876108 0.73957014 33.995384
v 7.876108 0.9545944 33.995384
v 7.6528006 0.9545944 33.995384
v 7.6528006 0.73957014 33.995384
v 7.6528006 0.74227285 33.923943
v 7.6528006 0.9520315 33.972336
v 7.876108 0.73957014 33.995384
v 7.876108 0.74227285 33.923943
v 7.6528006 0.74227285 33.923943
v 7.6528006 0.73957014 33.995384
v 7.8537774 0.9367379 33.96678
v 7.8537774 0.7605845 33.925842
v 7.873883 0.7445289 33.92211
v 7.873825 0.9499308 33.96985
v 7.6550364 0.9499694 33.969856
v 7.6751313 0.9367379 33.96678
v 7.6751313 0.7605845 33.925842
v 7.65525 0.74474716 33.92216
v 7.873883 0.7445289 33.92211
v 7.8537774 0.7605845 33.925842
v 7.031543 0.9566283 33.97219
v 7.031543 0.7329428 33.97219
v 7.0341196 0.73551977 33.969612
v 7.0341196 0.9540514 33.969612
v 7.0341196 0.9540514 33.969612
v 7.4478817 0.9540514 33.969612
v 7.4504585 0.9566283 33.97219
v 7.031543 0.9566283 33.97219
v 7.4478817 0.9540514 33.969612
v 7.4478817 0.73551977 33.969612
v 7.4504585 0.7329428 33.97219
v 7.4504585 0.9566283 33.97219
v 7.4478817 0.73551977 33.969612
v 7.0341196 0.73551977 33.969612
v 7.031543 0.7329428 33.97219
v 7.4504585 0.7329428 33.97219
v 7.0341196 0.9540514 33.969612
v 7.0341196 0.73551977 33.969612
v 7.4478817 0.73551977 33.969612
v 7.4478817 0.9540514 33.969612
v 7.031543 0.9566283 33.995384
v 7.031543 0.9566283 33.97219
v 7.4504585 0.9566283 33.97219
v 7.4504585 0.9566283 33.995384
v 7.4504585 0.9566283 33.97219
v 7.4504585 0.7329428 33.97219
v 7.4504585 0.7329428 33.995384
v 7.4504585 0.9566283 33.995384
v 7.031543 0.9566283 33.995384
v 7.031543 0.7329428 33.995384
v 7.031543 0.7329428 33.97219
v 7.031543 0.9566283 33.97219
v 7.4504585 0.7329428 33.995384
v 7.4504585 0.7329428 33.97219
v 7.031543 0.7329428 33.97219
v 7.031543 0.7329428 33.995384
v 8.116 0.7055305 34.94394
v 8.092713 0.6905323 34.923203
v 8.092713 0.120600104 34.923203
v 8.116 0.10560191 34.94394
v 8.116 0.10560191 34.94394
v 8.092713 0.120600104 34.923203
v 8.092714 0.12060022 34.135166
v 8.116 0.105602026 34.114426
v 8.116 0.105602026 34.114426
v 8.092714 0.12060022 34.135166
v 8.092714 0.6905323 34.135166
v 8.116 0.7055305 34.114426
v 8.116 0.7055305 34.114426
v 8.092714 0.6905323 34.135166
v 8.092713 0.6905323 34.923203
v 8.116 0.7055305 34.94394
v 6.9910007 0.7055305 33.995384
v 7.0118337 0.6805335 33.978394
v 7.4910007 0.6805335 33.978397
v 7.4910007 0.7055305 33.995384
v 7.970167 0.6805335 33.978397
v 7.9910007 0.7055305 33.995384
v 7.4910007 0.105602026 33.995384
v 7.011834 0.13059902 33.978394
v 6.9910007 0.105602026 33.995384
v 7.4910007 0.13059902 33.978397
v 7.9910007 0.105602026 33.995384
v 7.970167 0.13059902 33.978397
v 6.9910007 0.105602026 33.995384
v 7.011834 0.13059902 33.978394
v 7.0118337 0.6805335 33.978394
v 6.9910007 0.7055305 33.995384
v 7.9910007 0.7055305 33.995384
v 7.970167 0.6805335 33.978397
v 7.970167 0.13059902 33.978397
v 7.9910007 0.105602026 33.995384
v 7.100693 2.6858559 34.61725
v 7.100693 2.6858559 34.214935
v 7.120807 2.7059696 34.23505
v 7.1208067 2.7059696 34.597134
v 7.1208067 2.7059696 34.597134
v 7.488913 2.7059696 34.597134
v 7.5090265 2.6858559 34.61725
v 7.100693 2.6858559 34.61725
v 7.488913 2.7059696 34.597134
v 7.488913 2.7059696 34.23505
v 7.5090265 2.6858559 34.214935
v 7.5090265 2.6858559 34.61725
v 7.488913 2.7059696 34.23505
v 7.120807 2.7059696 34.23505
v 7.100693 2.6858559 34.214935
v 7.5090265 2.6858559 34.214935
v 7.1208067 2.7059696 34.597134
v 7.120807 2.7059696 34.23505
v 7.488913 2.7059696 34.23505
v 7.488913 2.7059696 34.597134
v 7.0804734 2.4836364 34.194717
v 7.529247 2.4836364 34.194717
v 7.5090265 2.5038564 34.214935
v 7.100693 2.5038564 34.214935
v 7.100693 2.5038564 34.214935
v 7.100693 2.5038564 34.61725
v 7.0804734 2.4836364 34.63747
v 7.0804734 2.4836364 34.194717
v 7.100693 2.5038564 34.61725
v 7.5090265 2.5038564 34.61725
v 7.5292463 2.4836364 34.63747
v 7.0804734 2.4836364 34.63747
v 7.529247 2.4836364 34.194717
v 7.5292463 2.4836364 34.63747
v 7.5090265 2.5038564 34.61725
v 7.5090265 2.5038564 34.214935
v 7.100693 2.5038564 34.61725
v 7.100693 2.6858559 34.61725
v 7.5090265 2.6858559 34.61725
v 7.5090265 2.5038564 34.61725
v 7.5090265 2.5038564 34.61725
v 7.5090265 2.6858559 34.61725
v 7.5090265 2.6858559 34.214935
v 7.5090265 2.5038564 34.214935
v 7.5090265 2.5038564 34.214935
v 7.5090265 2.6858559 34.214935
v 7.100693 2.6858559 34.214935
v 7.100693 2.5038564 34.214935
v 7.100693 2.5038564 34.214935
v 7.100693 2.6858559 34.214935
v 7.100693 2.6858559 34.61725
v 7.100693 2.5038564 34.61725
v 7.4381146 3.9521167 34.092293
v 7.4996715 3.9621174 34.092293
v 7.4996715 3.9683633 34.098457
v 7.4361873 3.9580498 34.098457
v 7.382436 3.924025 34.092293
v 7.3787646 3.9290783 34.098457
v 7.3385134 3.8797526 34.092293
v 7.3334665 3.8834195 34.098457
v 7.3099804 3.8242989 34.092293
v 7.30404 3.8262286 34.098457
v 7.3004694 3.7626646 34.092293
v 7.294231 3.7626646 34.098457
v 7.3099804 3.70103 34.092293
v 7.30404 3.6990998 34.098457
v 7.338514 3.6455762 34.092293
v 7.333467 3.6419094 34.098457
v 7.3824363 3.6013036 34.092293
v 7.3787646 3.59625 34.098457
v 7.4381146 3.5732117 34.092293
v 7.4361873 3.5672789 34.098457
v 7.4996715 3.5632107 34.092293
v 7.4996715 3.5569649 34.098457
v 7.5612288 3.5732117 34.092293
v 7.563156 3.5672789 34.098457
v 7.616907 3.6013036 34.092293
v 7.620579 3.59625 34.098457
v 7.6608295 3.6455762 34.092293
v 7.6658764 3.6419094 34.098457
v 7.689363 3.70103 34.092293
v 7.6953034 3.6990998 34.098457
v 7.698874 3.7626643 34.092293
v 7.705112 3.7626643 34.098457
v 7.689363 3.8242984 34.092293
v 7.6953034 3.8262286 34.098457
v 7.6608295 3.8797522 34.092293
v 7.6658764 3.883419 34.098457
v 7.616907 3.924025 34.092293
v 7.620579 3.9290783 34.098457
v 7.5612288 3.9521167 34.092293
v 7.563156 3.9580498 34.098457
v 7.4996715 3.9621174 34.092293
v 7.5612288 3.9521167 34.092293
v 7.563156 3.9580498 34.098457
v 7.4996715 3.9683633 34.098457
v 7.2883167 3.3427315 34.09894
v 7.298594 3.3335016 34.092777
v 7.2929273 3.3478398 34.092777
v 7.29243 3.3323245 34.09894
v 7.298926 2.9391706 34.092777
v 7.292855 2.9376583 34.099033
v 7.299274 2.5767674 34.092777
v 7.292855 2.9376583 34.099033
v 7.2931094 2.575862 34.09894
v 7.299274 2.5767674 34.092777
v 7.309229 2.5435328 34.092777
v 7.303935 2.5397203 34.09894
v 7.338902 2.5226376 34.092777
v 7.336412 2.5168502 34.09894
v 7.3765397 2.5150447 34.092777
v 7.376649 2.508733 34.09894
v 7.407658 2.5224507 34.092777
v 7.4107547 2.5168502 34.09894
v 7.428395 2.5428224 34.092777
v 7.4340343 2.5397203 34.09894
v 7.4356294 2.5765162 34.092777
v 7.4417944 2.575862 34.09894
v 7.4356294 2.8749747 34.092777
v 7.4417944 2.8745267 34.09894
v 7.442868 2.9245245 34.092777
v 7.448734 2.9220245 34.09894
v 7.4658585 2.9541013 34.092777
v 7.469551 2.948806 34.09894
v 7.4965796 2.963871 34.092777
v 7.496735 2.957451 34.09894
v 7.526516 2.9559255 34.092777
v 7.5227737 2.95054 34.09894
v 7.547802 2.9258392 34.092777
v 7.5418735 2.9235446 34.09894
v 7.554405 2.8723173 34.092777
v 7.5482397 2.8719387 34.09894
v 7.554405 2.5722308 34.092777
v 7.5482397 2.5715876 34.09894
v 7.5617523 2.5373893 34.092777
v 7.5561295 2.534173 34.09894
v 7.5826993 2.5182867 34.092777
v 7.5797997 2.512587 34.09894
v 7.613259 2.512032 34.092777
v 7.6131973 2.5057516 34.09894
v 7.6477513 2.5183916 34.092777
v 7.6502714 2.512587 34.09894
v 7.674037 2.5378335 34.092777
v 7.6794553 2.534173 34.09894
v 7.6830187 2.5723772 34.092777
v 7.6891837 2.5715876 34.09894
v 7.683204 2.9513302 34.092777
v 7.689369 2.9513302 34.09894
v 7.6834064 3.3333848 34.092777
v 7.689571 3.3323245 34.09894
v 7.688469 3.3476913 34.092777
v 7.3334665 3.8834195 34.196907
v 7.3787646 3.9290783 34.098457
v 7.3787646 3.9290783 34.196907
v 7.3334665 3.8834195 34.098457
v 7.30404 3.8262286 34.196907
v 7.30404 3.8262286 34.098457
v 7.294231 3.7626646 34.196907
v 7.294231 3.7626646 34.098457
v 7.30404 3.6990998 34.196907
v 7.3787646 3.9290783 34.196907
v 7.3787646 3.9290783 34.098457
v 7.4361873 3.9580498 34.098457
v 7.436187 3.9580498 34.196907
v 7.4996715 3.9683633 34.098457
v 7.4996715 3.9683633 34.196907
v 7.4996715 3.9683633 34.196907
v 7.4996715 3.9683633 34.098457
v 7.563156 3.9580498 34.098457
v 7.563156 3.9580498 34.196907
v 7.620579 3.9290783 34.098457
v 7.620579 3.9290783 34.196907
v 7.620579 3.9290783 34.196907
v 7.620579 3.9290783 34.098457
v 7.6658764 3.883419 34.098457
v 7.6658764 3.883419 34.196907
v 7.6953034 3.8262286 34.098457
v 7.6953034 3.8262286 34.196907
v 7.705112 3.7626643 34.098457
v 7.705112 3.7626643 34.196907
v 7.6953034 3.6990998 34.098457
v 7.695303 3.6990998 34.196907
v 7.6658764 3.6419094 34.098457
v 7.695303 3.6990998 34.196907
v 7.6658764 3.6419094 34.098457
v 7.6658764 3.6419094 34.196907
v 7.620579 3.59625 34.098457
v 7.620579 3.59625 34.196907
v 7.563156 3.5672789 34.098457
v 7.563156 3.5672789 34.196907
v 7.4996715 3.5569649 34.098457
v 7.4996715 3.5569649 34.196907
v 7.4361873 3.5672789 34.098457
v 7.436187 3.5672789 34.196907
v 7.436187 3.5672789 34.196907
v 7.4361873 3.5672789 34.098457
v 7.3787646 3.59625 34.098457
v 7.3787646 3.59625 34.196907
v 7.333467 3.6419094 34.098457
v 7.3334665 3.6419094 34.196907
v 7.30404 3.6990998 34.098457
v 7.30404 3.6990998 34.196907
v 7.294231 3.7626646 34.098457
v 7.6794553 2.534173 34.19739
v 7.6794553 2.534173 34.09894
v 7.6502714 2.512587 34.09894
v 7.6502714 2.512587 34.19739
v 7.6502714 2.512587 34.19739
v 7.6502714 2.512587 34.09894
v 7.6131973 2.5057516 34.09894
v 7.6131973 2.5057516 34.19739
v 7.5797997 2.512587 34.09894
v 7.579799 2.512587 34.19739
v 7.4340343 2.5397203 34.19739
v 7.4340343 2.5397203 34.09894
v 7.4107547 2.5168502 34.09894
v 7.4107547 2.5168502 34.19739
v 7.4107547 2.5168502 34.19739
v 7.4107547 2.5168502 34.09894
v 7.376649 2.508733 34.09894
v 7.376649 2.508733 34.19739
v 7.579799 2.512587 34.19739
v 7.5797997 2.512587 34.09894
v 7.5561295 2.534173 34.09894
v 7.5561295 2.534173 34.19739
v 7.336412 2.5168502 34.19739
v 7.303935 2.5397203 34.09894
v 7.303935 2.5397203 34.19739
v 7.336412 2.5168502 34.09894
v 7.376649 2.508733 34.19739
v 7.376649 2.508733 34.09894
v 7.5561295 2.534173 34.19739
v 7.5561295 2.534173 34.09894
v 7.5482397 2.5715876 34.09894
v 7.5482397 2.5715876 34.19739
v 7.5482397 2.8719387 34.09894
v 7.5482397 2.8719387 34.19739
v 7.5418735 2.9235446 34.09894
v 7.541873 2.9235446 34.19739
v 7.689183 2.5715876 34.19739
v 7.6794553 2.534173 34.09894
v 7.6794553 2.534173 34.19739
v 7.6891837 2.5715876 34.09894
v 7.689369 2.9513302 34.09894
v 7.689369 2.9513302 34.19739
v 7.689571 3.3323245 34.19739
v 7.689571 3.3323245 34.09894
v 7.6932535 3.3427315 34.19739
v 7.693254 3.3427315 34.09894
v 7.2883167 3.3427315 34.19739
v 7.2883167 3.3427315 34.09894
v 7.2759776 3.3462005 34.09894
v 7.2759776 3.3462005 34.19739
v 7.0517187 3.3462005 34.19739
v 7.0517187 3.3462005 34.09894
v 7.0080295 3.3561382 34.09894
v 7.0080295 3.3561382 34.19739
v 6.962153 3.3859513 34.09894
v 6.962153 3.3859513 34.19739
v 7.29243 3.3323245 34.19739
v 7.2883167 3.3427315 34.09894
v 7.2883167 3.3427315 34.19739
v 7.29243 3.3323245 34.09894
v 7.292855 2.9376583 34.099033
v 7.2928543 2.9376583 34.19739
v 7.2931094 2.575862 34.19739
v 7.2931094 2.575862 34.09894
v 7.303935 2.5397203 34.19739
v 7.303935 2.5397203 34.09894
v 6.962153 3.3859513 34.19739
v 6.962153 3.3859513 34.09894
v 6.951049 3.425918 34.09894
v 6.951049 3.425918 34.19739
v 7.7043023 3.3462005 34.19739
v 7.693254 3.3427315 34.09894
v 7.6932535 3.3427315 34.19739
v 7.7043023 3.3462005 34.09894
v 7.9531355 3.3462005 34.19739
v 7.9531355 3.3462005 34.09894
v 7.9924536 3.3561382 34.19739
v 7.9924536 3.3561382 34.09894
v 8.030063 3.3859513 34.19739
v 8.030063 3.3859513 34.09894
v 7.496735 2.957451 34.19739
v 7.496735 2.957451 34.09894
v 7.469551 2.948806 34.09894
v 7.469551 2.948806 34.19739
v 7.469551 2.948806 34.19739
v 7.469551 2.948806 34.09894
v 7.448734 2.9220245 34.09894
v 7.448734 2.9220245 34.19739
v 7.4417944 2.8745267 34.09894
v 7.4417944 2.8745267 34.19739
v 7.4417944 2.575862 34.19739
v 7.4417944 2.575862 34.09894
v 7.4340343 2.5397203 34.09894
v 7.4340343 2.5397203 34.19739
v 7.5227737 2.95054 34.19739
v 7.5227737 2.95054 34.09894
v 7.496735 2.957451 34.09894
v 7.496735 2.957451 34.19739
v 7.541873 2.9235446 34.19739
v 7.5418735 2.9235446 34.09894
v 7.5227737 2.95054 34.09894
v 7.5227737 2.95054 34.19739
v 6.962153 3.4663167 34.19739
v 6.962153 3.4663167 34.09894
v 7.0080295 3.496778 34.09894
v 7.0080295 3.496778 34.19739
v 7.0517187 3.5069318 34.09894
v 7.0517187 3.5069318 34.19739
v 7.288916 3.5069318 34.09894
v 7.2889156 3.5069318 34.19739
v 7.4929385 3.506932 34.09894
v 7.4929385 3.506932 34.19739
v 7.692143 3.5069318 34.09894
v 7.692143 3.5069318 34.19739
v 7.9531355 3.5069318 34.09894
v 7.9531355 3.5069318 34.19739
v 7.9924536 3.496778 34.09894
v 7.9924536 3.496778 34.19739
v 6.951049 3.425918 34.19739
v 6.951049 3.425918 34.09894
v 6.962153 3.4663167 34.09894
v 6.962153 3.4663167 34.19739
v 8.030063 3.4663167 34.19739
v 8.030063 3.4663167 34.09894
v 8.036059 3.425918 34.09894
v 8.036059 3.425918 34.19739
v 8.030063 3.3859513 34.09894
v 8.030063 3.3859513 34.19739
v 7.9924536 3.496778 34.19739
v 7.9924536 3.496778 34.09894
v 8.030063 3.4663167 34.09894
v 8.030063 3.4663167 34.19739
v 7.9896603 3.3617914 34.092777
v 8.024327 3.3892715 34.092777
v 8.017812 3.3992014 34.092777
v 7.9901567 3.4261343 34.092777
v 8.029826 3.4259229 34.092777
v 7.9523687 3.352366 34.092777
v 8.023937 3.425846 34.092777
v 8.017812 3.4527783 34.092777
v 8.024317 3.4630368 34.092777
v 7.9896145 3.4911437 34.092777
v 7.9523525 3.5007665 34.092777
v 7.9531355 3.4261336 34.092777
v 7.703357 3.352366 34.092777
v 7.692143 3.4261336 34.092777
v 7.692143 3.5007665 34.092777
v 7.688469 3.3476913 34.092777
v 7.4929824 3.5007668 34.092777
v 7.4938135 3.384315 34.092777
v 7.6112037 3.3424969 34.092777
v 7.6834064 3.3333848 34.092777
v 7.683204 2.9513302 34.092777
v 7.6162586 2.9513302 34.092777
v 7.6830187 2.5723772 34.092777
v 7.6162586 2.53468 34.092777
v 7.674037 2.5378335 34.092777
v 7.6477513 2.5183916 34.092777
v 7.613259 2.512032 34.092777
v 7.5826993 2.5182867 34.092777
v 7.5617523 2.5373893 34.092777
v 7.554405 2.5722308 34.092777
v 7.554405 2.8723173 34.092777
v 7.547802 2.9258392 34.092777
v 7.526516 2.9559255 34.092777
v 7.4965796 2.963871 34.092777
v 7.368703 2.9565516 34.092777
v 7.4658585 2.9541013 34.092777
v 7.442868 2.9245245 34.092777
v 7.4356294 2.8749747 34.092777
v 7.4356294 2.5765162 34.092777
v 7.375563 2.5398574 34.092777
v 7.428395 2.5428224 34.092777
v 7.407658 2.5224507 34.092777
v 7.3765397 2.5150447 34.092777
v 7.338902 2.5226376 34.092777
v 7.309229 2.5435328 34.092777
v 7.299274 2.5767674 34.092777
v 7.298926 2.9391706 34.092777
v 7.298594 3.3335016 34.092777
v 7.3729224 3.3424969 34.092777
v 7.2929273 3.3478398 34.092777
v 7.288916 3.4261336 34.092777
v 7.276828 3.352366 34.092777
v 7.288916 3.5007665 34.092777
v 7.052411 3.352366 34.092777
v 7.0517187 3.4261336 34.092777
v 7.052426 3.5007665 34.092777
v 7.010468 3.361906 34.092777
v 7.0109653 3.4261343 34.092777
v 7.0105114 3.4910254 34.092777
v 6.97781 3.3992014 34.092777
v 6.9674687 3.3898497 34.092777
v 6.957445 3.425927 34.092777
v 6.97781 3.4527783 34.092777
v 6.9674864 3.4624574 34.092777
v 6.9699817 3.425846 34.092777
v 7.3099804 3.70103 34.092293
v 7.4996715 3.7626653 34.092293
v 7.3004694 3.7626646 34.092293
v 7.338514 3.6455762 34.092293
v 7.3099804 3.8242989 34.092293
v 7.3824363 3.6013036 34.092293
v 7.3385134 3.8797526 34.092293
v 7.4381146 3.5732117 34.092293
v 7.382436 3.924025 34.092293
v 7.4996715 3.5632107 34.092293
v 7.4381146 3.9521167 34.092293
v 7.5612288 3.5732117 34.092293
v 7.4996715 3.9621174 34.092293
v 7.616907 3.6013036 34.092293
v 7.5612288 3.9521167 34.092293
v 7.6608295 3.6455762 34.092293
v 7.616907 3.924025 34.092293
v 7.689363 3.70103 34.092293
v 7.6608295 3.8797522 34.092293
v 7.698874 3.7626643 34.092293
v 7.689363 3.8242984 34.092293
v 7.689369 2.9513302 34.19739
v 7.6112037 3.3424969 34.19739
v 7.689571 3.3323245 34.19739
v 7.6162586 2.9513302 34.19739
v 7.689183 2.5715876 34.19739
v 7.6162586 2.53468 34.19739
v 7.6794553 2.534173 34.19739
v 7.6502714 2.512587 34.19739
v 7.6131973 2.5057516 34.19739
v 7.579799 2.512587 34.19739
v 7.5561295 2.534173 34.19739
v 7.5482397 2.5715876 34.19739
v 7.5482397 2.8719387 34.19739
v 7.541873 2.9235446 34.19739
v 7.5227737 2.95054 34.19739
v 7.6932535 3.3427315 34.19739
v 7.496735 2.957451 34.19739
v 7.4938135 3.3843157 34.19739
v 7.368703 2.9565516 34.19739
v 7.469551 2.948806 34.19739
v 7.448734 2.9220245 34.19739
v 7.4417944 2.8745267 34.19739
v 7.4417944 2.575862 34.19739
v 7.375563 2.5398574 34.19739
v 7.4340343 2.5397203 34.19739
v 7.4107547 2.5168502 34.19739
v 7.376649 2.508733 34.19739
v 7.336412 2.5168502 34.19739
v 7.303935 2.5397203 34.19739
v 7.2931094 2.575862 34.19739
v 7.2928543 2.9376583 34.19739
v 7.3729224 3.3424969 34.19739
v 7.29243 3.3323245 34.19739
v 7.2883167 3.3427315 34.19739
v 7.2889156 3.426134 34.19739
v 7.2759776 3.3462005 34.19739
v 7.0517187 3.3462005 34.19739
v 7.0517187 3.4261336 34.19739
v 7.0080295 3.3561382 34.19739
v 7.4929385 3.506932 34.19739
v 7.2889156 3.5069318 34.19739
v 7.0517187 3.5069318 34.19739
v 7.692143 3.426134 34.19739
v 7.692143 3.5069318 34.19739
v 7.7043023 3.3462005 34.19739
v 7.0109653 3.4261343 34.19739
v 7.0080295 3.496778 34.19739
v 7.9531355 3.4261336 34.19739
v 7.9531355 3.5069318 34.19739
v 7.9901567 3.4261343 34.19739
v 7.9531355 3.3462005 34.19739
v 7.9924536 3.496778 34.19739
v 7.9924536 3.3561382 34.19739
v 6.97781 3.3992014 34.19739
v 6.962153 3.3859513 34.19739
v 6.951049 3.425918 34.19739
v 6.97781 3.4527783 34.19739
v 6.962153 3.4663167 34.19739
v 6.969981 3.425846 34.19739
v 8.017811 3.4527783 34.19739
v 8.030063 3.4663167 34.19739
v 8.036059 3.425918 34.19739
v 8.017811 3.3992014 34.19739
v 8.030063 3.3859513 34.19739
v 8.023937 3.425846 34.19739
v 7.30404 3.6990998 34.196907
v 7.294231 3.7626646 34.196907
v 7.4996715 3.7626653 34.196907
v 7.3334665 3.6419094 34.196907
v 7.30404 3.8262286 34.196907
v 7.3787646 3.59625 34.196907
v 7.3334665 3.8834195 34.196907
v 7.436187 3.5672789 34.196907
v 7.3787646 3.9290783 34.196907
v 7.4996715 3.5569649 34.196907
v 7.436187 3.9580498 34.196907
v 7.563156 3.5672789 34.196907
v 7.4996715 3.9683633 34.196907
v 7.620579 3.59625 34.196907
v 7.563156 3.9580498 34.196907
v 7.6658764 3.6419094 34.196907
v 7.620579 3.9290783 34.196907
v 7.695303 3.6990998 34.196907
v 7.6658764 3.883419 34.196907
v 7.705112 3.7626643 34.196907
v 7.6953034 3.8262286 34.196907
vt 0.47387695 0.0073509216
vt 0.47387695 0.026229858
vt 0.48120117 0.026229858
vt 0.47387695 0.0073509216
vt 0.48120117 0.026229858
vt 0.48120117 0.0073509216
vt 0.48120117 0.15527344
vt 0.47387695 0.026229858
vt 0.47387695 0.15527344
vt 0.48120117 0.21447754
vt 0.47387695 0.21447754
vt 0.48120117 0.5102539
vt 0.47387695 0.5102539
vt 0.48120117 0.53027344
vt 0.47387695 0.53027344
vt 0.47387695 0
vt 0.4543457 0
vt 0.4543457 0.0073509216
vt 0.47387695 0
vt 0.4543457 0.0073509216
vt 0.47387695 0.0073509216
vt 0.4543457 0
vt 0.3466797 0.0073509216
vt 0.3466797 0
vt 0.23925781 0.0073509216
vt 0.74316406 0
vt 0.7236328 0.007297516
vt 0.7504883 0.007297516
vt 0.4909668 0
vt 0.48364258 0.007297516
vt 0.4909668 0.007297516
vt 0.4909668 0.5263672
vt 0.48364258 0.5263672
vt 0.4909668 0.5336914
vt 0.47387695 0.53759766
vt 0.48120117 0.53027344
vt 0.47387695 0.53027344
vt 0.47387695 0.0073509216
vt 0.48120117 0.0073509216
vt 0.47387695 0
vt 0.21240234 0.53027344
vt 0.21972656 0.53759766
vt 0.21972656 0.53027344
vt 0.21240234 0.0073509216
vt 0.21972656 0.0073509216
vt 0.21972656 0
vt 0.99365234 0.28125
vt 0.99365234 0.008293152
vt 0.9916992 0.006893158
vt 0.99365234 0.28125
vt 0.9916992 0.006893158
vt 0.9916992 0.28271484
vt 0.82177734 0.5371094
vt 0.8256836 0.5317383
vt 0.8208008 0.5366211
vt 0.81884766 0.61865234
vt 0.81884766 0.60791016
vt 0.8173828 0.61816406
vt 0.85058594 0.7089844
vt 0.8540039 0.70996094
vt 0.8544922 0.7084961
vt 0.90185547 0.70996094
vt 0.90234375 0.7084961
vt 0.9116211 0.7109375
vt 0.9111328 0.71191406
vt 0.9213867 0.71728516
vt 0.9199219 0.71777344
vt 0.9238281 0.72558594
vt 0.9223633 0.72558594
vt 0.9213867 0.734375
vt 0.9199219 0.73339844
vt 0.9116211 0.74072266
vt 0.9111328 0.7397461
vt 0.90234375 0.74316406
vt 0.90185547 0.7416992
vt 0.8515625 0.74316406
vt 0.8515625 0.7416992
vt 0.80810547 0.74316406
vt 0.80810547 0.7416992
vt 0.765625 0.74316406
vt 0.765625 0.7416992
vt 0.70996094 0.74316406
vt 0.70996094 0.7416992
vt 0.70166016 0.74072266
vt 0.70214844 0.7397461
vt 0.6933594 0.734375
vt 0.6948242 0.73339844
vt 0.6923828 0.72558594
vt 0.6933594 0.72558594
vt 0.6933594 0.71728516
vt 0.6948242 0.71777344
vt 0.85058594 0.7089844
vt 0.8544922 0.7084961
vt 0.8515625 0.7080078
vt 0.8540039 0.70996094
vt 0.90234375 0.7084961
vt 0.8544922 0.7084961
vt 0.7661133 0.7055664
vt 0.7651367 0.7080078
vt 0.7661133 0.7089844
vt 0.7651367 0.7080078
vt 0.7626953 0.7084961
vt 0.7631836 0.70996094
vt 0.7651367 0.7080078
vt 0.7631836 0.70996094
vt 0.7661133 0.7089844
vt 0.70996094 0.70996094
vt 0.7626953 0.7084961
vt 0.70996094 0.7084961
vt 0.70214844 0.71191406
vt 0.70166016 0.7109375
vt 0.6948242 0.71777344
vt 0.6933594 0.71728516
vt 0.60839844 0.48583984
vt 0.51123047 0.21276855
vt 0.51123047 0.48583984
vt 0.60839844 0.21276855
vt 0.7055664 0.48583984
vt 0.7055664 0.21276855
vt 0.7192383 0.14880371
vt 0.7192383 0.03137207
vt 0.6171875 0.03137207
vt 0.6171875 0.14880371
vt 0.51464844 0.03137207
vt 0.51464844 0.14880371
vt 0.022567749 0.40283203
vt 0.18688965 0.40283203
vt 0.18725586 0.28320312
vt 0.022842407 0.28295898
vt 0.2109375 0.24951172
vt 0.19299316 0.25952148
vt 0.2109375 0.25976562
vt 0.19299316 0.24938965
vt 0.017105103 0.25927734
vt 0.4909668 0.007297516
vt 0.5102539 0
vt 0.4909668 0
vt 0.5102539 0.007297516
vt 0.6171875 0
vt 0.6171875 0.007297516
vt 0.7236328 0
vt 0.7236328 0.007297516
vt 0.74316406 0
vt 0.48364258 0.007297516
vt 0.4909668 0.026031494
vt 0.4909668 0.007297516
vt 0.48364258 0.026031494
vt 0.4909668 0.15405273
vt 0.48364258 0.15405273
vt 0.4909668 0.21276855
vt 0.48364258 0.21276855
vt 0.4909668 0.50634766
vt 0.48364258 0.50634766
vt 0.4909668 0.5263672
vt 0.48364258 0.5263672
vt 0.4909668 0.5336914
vt 0.5102539 0.5263672
vt 0.4909668 0.5263672
vt 0.5102539 0.5336914
vt 0.6171875 0.5263672
vt 0.6171875 0.5336914
vt 0.7236328 0.5263672
vt 0.7236328 0.5336914
vt 0.7504883 0.5263672
vt 0.74316406 0.5336914
vt 0.2109375 0.7753906
vt 0.19311523 0.78564453
vt 0.21105957 0.78564453
vt 0.19311523 0.7753906
vt 0.018356323 0.78564453
vt 0.018325806 0.7758789
vt 0.0015468597 0.78564453
vt 0.0015163422 0.7758789
vt 0.47387695 0.53027344
vt 0.4543457 0.53759766
vt 0.47387695 0.53759766
vt 0.4543457 0.53027344
vt 0.3466797 0.53759766
vt 0.3466797 0.53027344
vt 0.23925781 0.53759766
vt 0.23925781 0.53027344
vt 0.21972656 0.53759766
vt 0.21972656 0.53027344
vt 0.00029802322 0.25927734
vt 0.017181396 0.24914551
vt 0.00037550926 0.24902344
vt 0.017105103 0.25927734
vt 0.19299316 0.24938965
vt 0.7583008 0.5292969
vt 0.7763672 0.52197266
vt 0.75097656 0.52197266
vt 0.7763672 0.5292969
vt 0.95214844 0.52197266
vt 0.95214844 0.5292969
vt 0.96875 0.52197266
vt 0.95214844 0.52197266
vt 0.95214844 0.5292969
vt 0.96875 0.5292969
vt 0.21972656 0.53027344
vt 0.21240234 0.5102539
vt 0.21240234 0.53027344
vt 0.21972656 0.5102539
vt 0.21240234 0.21447754
vt 0.21972656 0.21447754
vt 0.21240234 0.15527344
vt 0.21972656 0.15527344
vt 0.21240234 0.026229858
vt 0.21972656 0.026229858
vt 0.21240234 0.0073509216
vt 0.21972656 0.0073509216
vt 0.96875 0
vt 0.95214844 0.0072364807
vt 0.96875 0.0072364807
vt 0.95214844 0
vt 0.7763672 0.0072364807
vt 0.7763672 0
vt 0.75097656 0.0072364807
vt 0.7583008 0
vt 0.21972656 0.0073509216
vt 0.23925781 0
vt 0.21972656 0
vt 0.23925781 0.0073509216
vt 0.3466797 0
vt 0.47387695 0.026229858
vt 0.47387695 0.0073509216
vt 0.4543457 0.0073509216
vt 0.4543457 0.026229858
vt 0.47387695 0.15527344
vt 0.3466797 0.0073509216
vt 0.3466797 0.026229858
vt 0.23925781 0.0073509216
vt 0.23925781 0.026229858
vt 0.4543457 0.15527344
vt 0.47387695 0.21447754
vt 0.21972656 0.026229858
vt 0.21972656 0.0073509216
vt 0.23925781 0.15527344
vt 0.21972656 0.15527344
vt 0.24536133 0.028945923
vt 0.4482422 0.15490723
vt 0.4482422 0.028945923
vt 0.3466797 0.028945923
vt 0.4543457 0.21447754
vt 0.47387695 0.5102539
vt 0.3466797 0.15588379
vt 0.4482422 0.2166748
vt 0.4543457 0.5102539
vt 0.47387695 0.53027344
vt 0.4543457 0.53027344
vt 0.3466797 0.5102539
vt 0.3466797 0.53027344
vt 0.4482422 0.5053711
vt 0.23925781 0.5102539
vt 0.23925781 0.53027344
vt 0.3466797 0.21447754
vt 0.24536133 0.2166748
vt 0.3466797 0.5053711
vt 0.24536133 0.5053711
vt 0.21972656 0.5102539
vt 0.21972656 0.53027344
vt 0.21972656 0.21447754
vt 0.23925781 0.21447754
vt 0.24536133 0.15490723
vt 0.19299316 0.24938965
vt 0.2109375 0.24951172
vt 0.21081543 0.23034668
vt 0.19299316 0.23022461
vt 0.017181396 0.24914551
vt 0.21081543 0.125
vt 0.017333984 0.22998047
vt 0.00037550926 0.24902344
vt 0.0005135536 0.2298584
vt 0.19299316 0.124938965
vt 0.21105957 0.019638062
vt 0.017822266 0.124572754
vt 0.0010118484 0.12451172
vt 0.19311523 0.019592285
vt 0.0181427 0.019180298
vt 0.0013399124 0.019134521
vt 0.19311523 0.0004491806
vt 0.21105957 0.0004940033
vt 0.018203735 4.1365623E-05
vt 0.0013885498 0
vt 0.19299316 0.25952148
vt 0.2109375 0.27807617
vt 0.2109375 0.25976562
vt 0.19311523 0.27807617
vt 0.017105103 0.25927734
vt 0.19274902 0.40795898
vt 0.016967773 0.27783203
vt 0.00029802322 0.25927734
vt 0.00015759468 0.27783203
vt 0.016799927 0.40795898
vt 0 0.40795898
vt 0.21069336 0.40795898
vt 0.01725769 0.46606445
vt 0.00043988228 0.4663086
vt 0.19262695 0.4658203
vt 0.21044922 0.4658203
vt 0.2109375 0.7553711
vt 0.19311523 0.7553711
vt 0.2109375 0.7753906
vt 0.19311523 0.7753906
vt 0.01826477 0.7558594
vt 0.001455307 0.7558594
vt 0.018325806 0.7758789
vt 0.0015163422 0.7758789
vt 0.4909668 0.50634766
vt 0.4909668 0.5263672
vt 0.5102539 0.5263672
vt 0.5102539 0.50634766
vt 0.4909668 0.21276855
vt 0.6171875 0.5263672
vt 0.6171875 0.50634766
vt 0.5102539 0.21276855
vt 0.7236328 0.5263672
vt 0.4909668 0.15405273
vt 0.7236328 0.50634766
vt 0.7504883 0.50634766
vt 0.7504883 0.5263672
vt 0.7504883 0.21276855
vt 0.7236328 0.21276855
vt 0.7504883 0.15405273
vt 0.5102539 0.15405273
vt 0.4909668 0.026031494
vt 0.7236328 0.15405273
vt 0.7504883 0.026031494
vt 0.53515625 0.20727539
vt 0.6171875 0.21276855
vt 0.53515625 0.16137695
vt 0.58251953 0.16137695
vt 0.58251953 0.20727539
vt 0.5102539 0.026031494
vt 0.4909668 0.007297516
vt 0.5102539 0.007297516
vt 0.6171875 0.026031494
vt 0.6171875 0.007297516
vt 0.6171875 0.15405273
vt 0.7236328 0.026031494
vt 0.7236328 0.007297516
vt 0.7504883 0.007297516
vt 0.62597656 0.2076416
vt 0.62597656 0.15991211
vt 0.71533203 0.2076416
vt 0.71533203 0.15991211
vt 0.75097656 0.5024414
vt 0.75097656 0.52197266
vt 0.7763672 0.52197266
vt 0.7763672 0.5024414
vt 0.75097656 0.21105957
vt 0.95214844 0.5024414
vt 0.95214844 0.52197266
vt 0.96875 0.5024414
vt 0.96875 0.52197266
vt 0.96875 0.21105957
vt 0.95214844 0.21105957
vt 0.96875 0.15283203
vt 0.7763672 0.21105957
vt 0.95214844 0.15283203
vt 0.96875 0.025817871
vt 0.7763672 0.15283203
vt 0.75097656 0.15283203
vt 0.75097656 0.025817871
vt 0.95214844 0.025817871
vt 0.96875 0.0072364807
vt 0.95214844 0.0072364807
vt 0.7763672 0.025817871
vt 0.75097656 0.0072364807
vt 0.7763672 0.0072364807
vt 0.6723633 0.78222656
vt 0.68896484 0.78222656
vt 0.68896484 0.7631836
vt 0.6723633 0.7631836
vt 0.4975586 0.78222656
vt 0.68896484 0.6582031
vt 0.4975586 0.7631836
vt 0.47973633 0.78222656
vt 0.47973633 0.7631836
vt 0.60791016 0.6660156
vt 0.68896484 0.5527344
vt 0.51464844 0.6660156
vt 0.47973633 0.6582031
vt 0.60791016 0.57177734
vt 0.68896484 0.5336914
vt 0.6723633 0.5336914
vt 0.51464844 0.57177734
vt 0.47973633 0.5527344
vt 0.4975586 0.5336914
vt 0.47973633 0.5336914
vt 0.58496094 0.79785156
vt 0.6904297 0.79785156
vt 0.68847656 0.79589844
vt 0.58496094 0.79589844
vt 0.47973633 0.79785156
vt 0.4814453 0.79589844
vt 0.9863281 0.2878418
vt 0.9863281 0.0016584396
vt 0.984375 3.5762787E-07
vt 0.984375 0.28955078
vt 0.0016593933 0.80078125
vt 0.105285645 0.7988281
vt 1.5497208E-06 0.7988281
vt 0.105285645 0.80078125
vt 0.21057129 0.7988281
vt 0.2088623 0.80078125
vt 0.9633789 0.81884766
vt 0.9633789 0.5292969
vt 0.9609375 0.5307617
vt 0.9609375 0.8173828
vt 0.58496094 0.81103516
vt 0.47973633 0.79785156
vt 0.47973633 0.81103516
vt 0.58496094 0.79785156
vt 0.6904297 0.81103516
vt 0.6904297 0.79785156
vt 0.9711914 0.28955078
vt 0.984375 0.28955078
vt 0.984375 3.5762787E-07
vt 0.9711914 0
vt 0 0.78564453
vt 1.5497208E-06 0.7988281
vt 0.105285645 0.7988281
vt 0.105285645 0.78564453
vt 0.21057129 0.7988281
vt 0.21057129 0.78564453
vt 0.9760742 0.5292969
vt 0.9633789 0.5292969
vt 0.9633789 0.81884766
vt 0.9760742 0.81884766
vt 0.58496094 0.7885742
vt 0.4880371 0.7885742
vt 0.48657227 0.79052734
vt 0.58496094 0.79052734
vt 0.6821289 0.7885742
vt 0.68359375 0.79052734
vt 0.0082092285 0.80810547
vt 0.105285645 0.80615234
vt 0.0068092346 0.80615234
vt 0.105285645 0.80810547
vt 0.20373535 0.80615234
vt 0.20239258 0.80810547
vt 0.9555664 0.8120117
vt 0.9555664 0.5361328
vt 0.9536133 0.53759766
vt 0.9536133 0.8105469
vt 0.58496094 0.7885742
vt 0.4880371 0.78222656
vt 0.4880371 0.7885742
vt 0.58496094 0.78222656
vt 0.6821289 0.7885742
vt 0.6821289 0.78222656
vt 0.99365234 0.28125
vt 0.9995117 0.28125
vt 0.9995117 0.008293152
vt 0.99365234 0.008293152
vt 0.0082092285 0.80810547
vt 0.0082092285 0.8144531
vt 0.105285645 0.8144531
vt 0.105285645 0.80810547
vt 0.20239258 0.8144531
vt 0.20239258 0.80810547
vt 0.9536133 0.53759766
vt 0.9477539 0.53759766
vt 0.9477539 0.8105469
vt 0.9536133 0.8105469
vt 0.58496094 0.79589844
vt 0.48657227 0.79052734
vt 0.4814453 0.79589844
vt 0.58496094 0.79052734
vt 0.68847656 0.79589844
vt 0.68359375 0.79052734
vt 0.9863281 0.2878418
vt 0.9916992 0.28271484
vt 0.9916992 0.006893158
vt 0.9863281 0.0016584396
vt 0.0016593933 0.80078125
vt 0.0068092346 0.80615234
vt 0.105285645 0.80615234
vt 0.105285645 0.80078125
vt 0.20373535 0.80615234
vt 0.2088623 0.80078125
vt 0.9609375 0.5307617
vt 0.9555664 0.5361328
vt 0.9555664 0.8120117
vt 0.9609375 0.8173828
vt 0.4543457 0.5102539
vt 0.4482422 0.5053711
vt 0.3466797 0.5053711
vt 0.3466797 0.5102539
vt 0.24536133 0.5053711
vt 0.23925781 0.5102539
vt 0.3466797 0.026229858
vt 0.4482422 0.028945923
vt 0.4543457 0.026229858
vt 0.3466797 0.028945923
vt 0.23925781 0.026229858
vt 0.24536133 0.028945923
vt 0.62939453 0.19628906
vt 0.6645508 0.19628906
vt 0.6645508 0.15991211
vt 0.62939453 0.15991211
vt 0.73876953 0.80810547
vt 0.73828125 0.80566406
vt 0.7089844 0.7866211
vt 0.70654297 0.7871094
vt 0.7089844 0.7866211
vt 0.71484375 0.74902344
vt 0.7128906 0.7480469
vt 0.70654297 0.7871094
vt 0.7705078 0.7475586
vt 0.7685547 0.74902344
vt 0.7661133 0.7832031
vt 0.7680664 0.7841797
vt 0.73828125 0.80566406
vt 0.73876953 0.80810547
vt 0.7680664 0.7841797
vt 0.7661133 0.7832031
vt 0.7402344 0.81347656
vt 0.77197266 0.78759766
vt 0.7714844 0.7871094
vt 0.7402344 0.8125
vt 0.7402344 0.8125
vt 0.70214844 0.78759766
vt 0.7011719 0.78808594
vt 0.7402344 0.81347656
vt 0.70214844 0.78759766
vt 0.7089844 0.74365234
vt 0.7080078 0.74316406
vt 0.7011719 0.78808594
vt 0.77441406 0.74365234
vt 0.7714844 0.7871094
vt 0.77197266 0.78759766
vt 0.7753906 0.74316406
vt 0.7392578 0.8183594
vt 0.7402344 0.81347656
vt 0.7011719 0.78808594
vt 0.6972656 0.7910156
vt 0.7011719 0.78808594
vt 0.7080078 0.74316406
vt 0.6923828 0.74365234
vt 0.6972656 0.7910156
vt 0.7392578 0.8183594
vt 0.78515625 0.79541016
vt 0.77197266 0.78759766
vt 0.7402344 0.81347656
vt 0.79052734 0.74316406
vt 0.7753906 0.74316406
vt 0.77197266 0.78759766
vt 0.78515625 0.79541016
vt 0.70654297 0.7871094
vt 0.7128906 0.7480469
vt 0.7089844 0.74365234
vt 0.70214844 0.78759766
vt 0.7402344 0.8125
vt 0.73876953 0.80810547
vt 0.7680664 0.7841797
vt 0.7714844 0.7871094
vt 0.77441406 0.74365234
vt 0.7705078 0.7475586
vt 0.62939453 0.20263672
vt 0.67626953 0.20263672
vt 0.67578125 0.2019043
vt 0.6298828 0.2019043
vt 0.7080078 0.2133789
vt 0.7080078 0.3005371
vt 0.7084961 0.3010254
vt 0.7084961 0.21276855
vt 0.67578125 0.19628906
vt 0.6298828 0.19628906
vt 0.62939453 0.19702148
vt 0.67626953 0.19702148
vt 0.7158203 0.2133789
vt 0.7158203 0.3005371
vt 0.7163086 0.3010254
vt 0.7163086 0.21276855
vt 0.4765625 0.67041016
vt 0.4765625 0.62402344
vt 0.3894043 0.62402344
vt 0.3894043 0.67041016
vt 0.7133789 0.21276855
vt 0.7084961 0.21276855
vt 0.7084961 0.3010254
vt 0.7133789 0.3010254
vt 0.67626953 0.19702148
vt 0.62939453 0.19702148
vt 0.62939453 0.2019043
vt 0.67626953 0.2019043
vt 0.62939453 0.20751953
vt 0.67626953 0.20751953
vt 0.67626953 0.20263672
vt 0.62939453 0.20263672
vt 0.7211914 0.21276855
vt 0.7163086 0.21276855
vt 0.7163086 0.3010254
vt 0.7211914 0.3010254
vt 0.016799927 0.40795898
vt 0.022567749 0.40283203
vt 0.022842407 0.28295898
vt 0.016967773 0.27783203
vt 0.016967773 0.27783203
vt 0.022842407 0.28295898
vt 0.18725586 0.28320312
vt 0.19311523 0.27807617
vt 0.19311523 0.27807617
vt 0.18725586 0.28320312
vt 0.18688965 0.40283203
vt 0.19274902 0.40795898
vt 0.19274902 0.40795898
vt 0.18688965 0.40283203
vt 0.022567749 0.40283203
vt 0.016799927 0.40795898
vt 0.7236328 0.15405273
vt 0.7192383 0.14880371
vt 0.6171875 0.14880371
vt 0.6171875 0.15405273
vt 0.51464844 0.14880371
vt 0.5102539 0.15405273
vt 0.6171875 0.026031494
vt 0.7192383 0.03137207
vt 0.7236328 0.026031494
vt 0.6171875 0.03137207
vt 0.5102539 0.026031494
vt 0.51464844 0.03137207
vt 0.7236328 0.026031494
vt 0.7192383 0.03137207
vt 0.7192383 0.14880371
vt 0.7236328 0.15405273
vt 0.5102539 0.15405273
vt 0.51464844 0.14880371
vt 0.51464844 0.03137207
vt 0.5102539 0.026031494
vt 0.29174805 0.56103516
vt 0.25830078 0.6323242
vt 0.26513672 0.6323242
vt 0.2956543 0.5678711
vt 0.41479492 0.6879883
vt 0.35009766 0.72265625
vt 0.3503418 0.7294922
vt 0.42138672 0.69189453
vt 0.35009766 0.72265625
vt 0.29003906 0.7011719
vt 0.28515625 0.7060547
vt 0.3503418 0.7294922
vt 0.29003906 0.7011719
vt 0.26513672 0.6323242
vt 0.25830078 0.6323242
vt 0.28515625 0.7060547
vt 0.33911133 0.6035156
vt 0.26513672 0.6323242
vt 0.29003906 0.7011719
vt 0.36547852 0.6767578
vt 0.21240234 0.6328125
vt 0.25512695 0.73876953
vt 0.26000977 0.73339844
vt 0.21960449 0.6333008
vt 0.21960449 0.6333008
vt 0.25390625 0.5449219
vt 0.25024414 0.53759766
vt 0.21240234 0.6328125
vt 0.43969727 0.7236328
vt 0.3544922 0.76660156
vt 0.35546875 0.7734375
vt 0.44702148 0.7270508
vt 0.25512695 0.73876953
vt 0.35546875 0.7734375
vt 0.3544922 0.76660156
vt 0.26000977 0.73339844
vt 0.43969727 0.7236328
vt 0.42138672 0.69189453
vt 0.3503418 0.7294922
vt 0.3544922 0.76660156
vt 0.3544922 0.76660156
vt 0.3503418 0.7294922
vt 0.28515625 0.7060547
vt 0.26000977 0.73339844
vt 0.26000977 0.73339844
vt 0.28515625 0.7060547
vt 0.25830078 0.6323242
vt 0.21960449 0.6333008
vt 0.21960449 0.6333008
vt 0.25830078 0.6323242
vt 0.29174805 0.56103516
vt 0.25390625 0.5449219
vt 0.39501953 0.62158203
vt 0.38208008 0.62353516
vt 0.38208008 0.6254883
vt 0.3955078 0.6230469
vt 0.40673828 0.61572266
vt 0.40771484 0.6171875
vt 0.41601562 0.6064453
vt 0.41748047 0.6074219
vt 0.421875 0.59472656
vt 0.42358398 0.59521484
vt 0.42382812 0.58154297
vt 0.42578125 0.58154297
vt 0.421875 0.56884766
vt 0.42358398 0.5678711
vt 0.41601562 0.5571289
vt 0.41748047 0.55566406
vt 0.40673828 0.54785156
vt 0.40771484 0.54589844
vt 0.39501953 0.5415039
vt 0.3955078 0.54003906
vt 0.38208008 0.5395508
vt 0.38208008 0.53759766
vt 0.36914062 0.5415039
vt 0.3684082 0.54003906
vt 0.35742188 0.5473633
vt 0.35620117 0.54589844
vt 0.34814453 0.5571289
vt 0.3466797 0.55566406
vt 0.34204102 0.5683594
vt 0.34033203 0.5678711
vt 0.3400879 0.58154297
vt 0.33813477 0.58154297
vt 0.34204102 0.59472656
vt 0.34033203 0.59521484
vt 0.34814453 0.6064453
vt 0.34643555 0.6074219
vt 0.35717773 0.61572266
vt 0.35620117 0.6171875
vt 0.36889648 0.62158203
vt 0.3684082 0.6230469
vt 0.38208008 0.62353516
vt 0.36889648 0.62158203
vt 0.3684082 0.6230469
vt 0.38208008 0.6254883
vt 0.8515625 0.7080078
vt 0.8496094 0.7060547
vt 0.85058594 0.7089844
vt 0.85058594 0.7055664
vt 0.8496094 0.62158203
vt 0.85058594 0.62158203
vt 0.8491211 0.5444336
vt 0.85058594 0.62158203
vt 0.85058594 0.5444336
vt 0.8491211 0.5444336
vt 0.84716797 0.53759766
vt 0.84814453 0.5366211
vt 0.8408203 0.53271484
vt 0.8413086 0.5317383
vt 0.8330078 0.53125
vt 0.8330078 0.52978516
vt 0.8261719 0.53271484
vt 0.8256836 0.5317383
vt 0.82177734 0.5371094
vt 0.8208008 0.5366211
vt 0.8203125 0.5444336
vt 0.81884766 0.5444336
vt 0.8203125 0.60791016
vt 0.81884766 0.60791016
vt 0.81884766 0.61865234
vt 0.8173828 0.61816406
vt 0.81396484 0.625
vt 0.8129883 0.62402344
vt 0.8071289 0.6269531
vt 0.8071289 0.6254883
vt 0.80078125 0.6254883
vt 0.8017578 0.62402344
vt 0.7963867 0.6191406
vt 0.7973633 0.61865234
vt 0.7949219 0.6074219
vt 0.7963867 0.6074219
vt 0.7949219 0.54345703
vt 0.7963867 0.54345703
vt 0.79345703 0.5361328
vt 0.7944336 0.53515625
vt 0.7890625 0.53222656
vt 0.7895508 0.5307617
vt 0.78222656 0.5307617
vt 0.78222656 0.5292969
vt 0.77490234 0.53222656
vt 0.77441406 0.5307617
vt 0.76953125 0.5361328
vt 0.7680664 0.53515625
vt 0.7675781 0.54345703
vt 0.7661133 0.54345703
vt 0.7675781 0.6245117
vt 0.7661133 0.6245117
vt 0.7675781 0.7060547
vt 0.7661133 0.7055664
vt 0.7661133 0.7089844
vt 0.69433594 0.81591797
vt 0.7080078 0.8364258
vt 0.7080078 0.81591797
vt 0.69433594 0.8364258
vt 0.68066406 0.81591797
vt 0.68066406 0.8364258
vt 0.6669922 0.81591797
vt 0.6669922 0.8364258
vt 0.6538086 0.81591797
vt 0.7080078 0.81591797
vt 0.7080078 0.8364258
vt 0.7211914 0.8364258
vt 0.7211914 0.81591797
vt 0.7348633 0.8364258
vt 0.7348633 0.81591797
vt 0.46411133 0.81591797
vt 0.46411133 0.83691406
vt 0.47753906 0.83691406
vt 0.47753906 0.81591797
vt 0.49121094 0.83691406
vt 0.49121094 0.81591797
vt 0.49121094 0.81591797
vt 0.49121094 0.83691406
vt 0.5048828 0.83691406
vt 0.5048828 0.81591797
vt 0.5180664 0.8364258
vt 0.5180664 0.81591797
vt 0.5317383 0.8364258
vt 0.5317383 0.81591797
vt 0.54541016 0.8364258
vt 0.54541016 0.81591797
vt 0.55908203 0.8364258
vt 0.54541016 0.81591797
vt 0.55908203 0.8364258
vt 0.55908203 0.81591797
vt 0.5722656 0.8364258
vt 0.5722656 0.81591797
vt 0.5859375 0.8364258
vt 0.5859375 0.81591797
vt 0.5996094 0.8364258
vt 0.5996094 0.81591797
vt 0.61279297 0.8364258
vt 0.61279297 0.81591797
vt 0.61279297 0.81591797
vt 0.61279297 0.8364258
vt 0.62646484 0.8364258
vt 0.62646484 0.81591797
vt 0.6401367 0.8364258
vt 0.6401367 0.81591797
vt 0.6538086 0.8364258
vt 0.6538086 0.81591797
vt 0.6669922 0.8364258
vt 1 0.46020508
vt 0.9794922 0.46020508
vt 0.9794922 0.46777344
vt 1 0.46777344
vt 1 0.46777344
vt 0.9794922 0.46777344
vt 0.9794922 0.47583008
vt 1 0.47583008
vt 0.9794922 0.48291016
vt 1 0.48291016
vt 1 0.67871094
vt 0.9790039 0.67871094
vt 0.9790039 0.6855469
vt 1 0.6855469
vt 1 0.6855469
vt 0.9790039 0.6855469
vt 0.9790039 0.6928711
vt 1 0.6928711
vt 1 0.48291016
vt 0.9794922 0.48291016
vt 0.9794922 0.4897461
vt 1 0.4897461
vt 1 0.7011719
vt 0.9790039 0.70996094
vt 1 0.70996094
vt 0.9790039 0.7011719
vt 1 0.6928711
vt 0.9790039 0.6928711
vt 1 0.4897461
vt 0.9794922 0.4897461
vt 0.9794922 0.49780273
vt 1 0.49780273
vt 0.9794922 0.56103516
vt 1 0.56103516
vt 0.9794922 0.57177734
vt 1 0.57177734
vt 1 0.45214844
vt 0.9794922 0.46020508
vt 1 0.46020508
vt 0.9794922 0.45214844
vt 0.9790039 0.3720703
vt 1 0.3720703
vt 1 0.29174805
vt 0.9790039 0.29174805
vt 1 0.28955078
vt 0.9790039 0.28955078
vt 0.86621094 0.8769531
vt 0.86621094 0.8564453
vt 0.86376953 0.8564453
vt 0.86376953 0.8769531
vt 0.81640625 0.8769531
vt 0.81640625 0.8564453
vt 0.8071289 0.8564453
vt 0.8071289 0.8769531
vt 0.79541016 0.8564453
vt 0.79541016 0.8769531
vt 1 0.8769531
vt 0.9790039 0.87939453
vt 1 0.87939453
vt 0.9790039 0.8769531
vt 0.9790039 0.7939453
vt 1 0.7939453
vt 1 0.71777344
vt 0.9790039 0.71777344
vt 1 0.70996094
vt 0.9790039 0.70996094
vt 0.79541016 0.8769531
vt 0.79541016 0.8564453
vt 0.7866211 0.8564453
vt 0.7866211 0.8769531
vt 0.45996094 0.8769531
vt 0.45776367 0.8564453
vt 0.45776367 0.8769531
vt 0.46020508 0.8564453
vt 0.5126953 0.8769531
vt 0.5126953 0.8564453
vt 0.5209961 0.8769531
vt 0.5209961 0.8564453
vt 0.53125 0.8769531
vt 0.53125 0.8564453
vt 1 0.58447266
vt 0.9790039 0.58447266
vt 0.9790039 0.59033203
vt 1 0.59033203
vt 1 0.59033203
vt 0.9790039 0.59033203
vt 0.9790039 0.59765625
vt 1 0.59765625
vt 0.9790039 0.60791016
vt 1 0.60791016
vt 1 0.67089844
vt 0.9790039 0.67089844
vt 0.9790039 0.67871094
vt 1 0.67871094
vt 1 0.57910156
vt 0.9794922 0.57910156
vt 0.9794922 0.58447266
vt 1 0.58447266
vt 1 0.57177734
vt 0.9794922 0.57177734
vt 0.9794922 0.57910156
vt 1 0.57910156
vt 0.77783203 0.8769531
vt 0.77783203 0.8564453
vt 0.7661133 0.8564453
vt 0.7661133 0.8769531
vt 0.75683594 0.8564453
vt 0.75683594 0.8769531
vt 0.70703125 0.8564453
vt 0.70703125 0.8769531
vt 0.6640625 0.8564453
vt 0.6640625 0.8769531
vt 0.6220703 0.8564453
vt 0.6220703 0.8769531
vt 0.56689453 0.8564453
vt 0.56689453 0.8769531
vt 0.55859375 0.8564453
vt 0.55859375 0.8769531
vt 0.7866211 0.8769531
vt 0.7866211 0.8564453
vt 0.77783203 0.8564453
vt 0.77783203 0.8769531
vt 0.54833984 0.8769531
vt 0.54833984 0.8564453
vt 0.5395508 0.8564453
vt 0.5395508 0.8769531
vt 0.53125 0.8564453
vt 0.53125 0.8769531
vt 0.55859375 0.8769531
vt 0.55859375 0.8564453
vt 0.54833984 0.8564453
vt 0.54833984 0.8769531
vt 0.70214844 0.71191406
vt 0.6948242 0.71777344
vt 0.6958008 0.71972656
vt 0.70214844 0.72558594
vt 0.6933594 0.72558594
vt 0.70996094 0.70996094
vt 0.6948242 0.72558594
vt 0.6958008 0.7314453
vt 0.6948242 0.73339844
vt 0.70214844 0.7397461
vt 0.70996094 0.7416992
vt 0.70996094 0.72558594
vt 0.7631836 0.70996094
vt 0.765625 0.72558594
vt 0.765625 0.7416992
vt 0.7661133 0.7089844
vt 0.80810547 0.7416992
vt 0.8076172 0.7167969
vt 0.78271484 0.7080078
vt 0.7675781 0.7060547
vt 0.7675781 0.6245117
vt 0.7817383 0.6245117
vt 0.7675781 0.54345703
vt 0.7817383 0.53564453
vt 0.76953125 0.5361328
vt 0.77490234 0.53222656
vt 0.78222656 0.5307617
vt 0.7890625 0.53222656
vt 0.79345703 0.5361328
vt 0.7949219 0.54345703
vt 0.7949219 0.6074219
vt 0.7963867 0.6191406
vt 0.80078125 0.6254883
vt 0.8071289 0.6269531
vt 0.83447266 0.6254883
vt 0.81396484 0.625
vt 0.81884766 0.61865234
vt 0.8203125 0.60791016
vt 0.8203125 0.5444336
vt 0.8330078 0.5366211
vt 0.82177734 0.5371094
vt 0.8261719 0.53271484
vt 0.8330078 0.53125
vt 0.8408203 0.53271484
vt 0.84716797 0.53759766
vt 0.8491211 0.5444336
vt 0.8496094 0.62158203
vt 0.8496094 0.7060547
vt 0.8334961 0.7080078
vt 0.85058594 0.7089844
vt 0.8515625 0.72558594
vt 0.8540039 0.70996094
vt 0.8515625 0.7416992
vt 0.90185547 0.70996094
vt 0.90234375 0.72558594
vt 0.90185547 0.7416992
vt 0.9111328 0.71191406
vt 0.91064453 0.72558594
vt 0.9111328 0.7397461
vt 0.91796875 0.71972656
vt 0.9199219 0.71777344
vt 0.9223633 0.72558594
vt 0.91796875 0.7314453
vt 0.9199219 0.73339844
vt 0.9194336 0.72558594
vt 0.421875 0.56884766
vt 0.38208008 0.58154297
vt 0.42382812 0.58154297
vt 0.41601562 0.5571289
vt 0.421875 0.59472656
vt 0.40673828 0.54785156
vt 0.41601562 0.6064453
vt 0.39501953 0.5415039
vt 0.40673828 0.61572266
vt 0.38208008 0.5395508
vt 0.39501953 0.62158203
vt 0.36914062 0.5415039
vt 0.38208008 0.62353516
vt 0.35742188 0.5473633
vt 0.36889648 0.62158203
vt 0.34814453 0.5571289
vt 0.35717773 0.61572266
vt 0.34204102 0.5683594
vt 0.34814453 0.6064453
vt 0.3400879 0.58154297
vt 0.34204102 0.59472656
vt 0.28076172 0.8486328
vt 0.27075195 0.8984375
vt 0.28076172 0.89697266
vt 0.27148438 0.8486328
vt 0.28076172 0.80029297
vt 0.27148438 0.79541016
vt 0.27954102 0.79541016
vt 0.2758789 0.79248047
vt 0.2709961 0.7915039
vt 0.2668457 0.79248047
vt 0.26367188 0.79541016
vt 0.2626953 0.80029297
vt 0.2626953 0.8383789
vt 0.2619629 0.84521484
vt 0.25952148 0.8486328
vt 0.28125 0.8984375
vt 0.25610352 0.8491211
vt 0.25585938 0.9038086
vt 0.23986816 0.8491211
vt 0.25268555 0.84814453
vt 0.25 0.84472656
vt 0.24926758 0.8388672
vt 0.24926758 0.80078125
vt 0.24072266 0.79589844
vt 0.24816895 0.79589844
vt 0.24523926 0.79296875
vt 0.2409668 0.7919922
vt 0.23583984 0.79296875
vt 0.23168945 0.79589844
vt 0.23022461 0.80078125
vt 0.23022461 0.8466797
vt 0.24047852 0.8984375
vt 0.23022461 0.89697266
vt 0.22961426 0.8984375
vt 0.22973633 0.9091797
vt 0.22802734 0.8989258
vt 0.19946289 0.8989258
vt 0.19946289 0.9091797
vt 0.19396973 0.89990234
vt 0.25561523 0.9194336
vt 0.22973633 0.9194336
vt 0.19946289 0.9194336
vt 0.28100586 0.9091797
vt 0.28100586 0.9194336
vt 0.28271484 0.8989258
vt 0.19433594 0.9091797
vt 0.19396973 0.91796875
vt 0.31445312 0.9091797
vt 0.31445312 0.9194336
vt 0.3190918 0.9091797
vt 0.31445312 0.8989258
vt 0.31933594 0.91796875
vt 0.31933594 0.89990234
vt 0.19006348 0.9057617
vt 0.18811035 0.9038086
vt 0.18664551 0.9091797
vt 0.19006348 0.91259766
vt 0.18811035 0.9140625
vt 0.18908691 0.9091797
vt 0.32250977 0.91259766
vt 0.32421875 0.9140625
vt 0.32495117 0.9091797
vt 0.32250977 0.9057617
vt 0.32421875 0.9038086
vt 0.32348633 0.9091797
vt 0.43798828 0.7392578
vt 0.42456055 0.74072266
vt 0.43652344 0.78222656
vt 0.45117188 0.7416992
vt 0.41210938 0.74658203
vt 0.46313477 0.7480469
vt 0.40234375 0.7558594
vt 0.4724121 0.7583008
vt 0.39575195 0.7675781
vt 0.47802734 0.7705078
vt 0.39331055 0.78125
vt 0.47973633 0.7836914
vt 0.3947754 0.7944336
vt 0.47729492 0.7973633
vt 0.40063477 0.8066406
vt 0.47070312 0.80908203
vt 0.4099121 0.81640625
vt 0.46069336 0.8183594
vt 0.421875 0.8232422
vt 0.44848633 0.82421875
vt 0.4350586 0.8256836
vn 0.70866144 0 0.70866144
vn 0.70866144 0 0.70866144
vn 0.70866144 0 0.70866144
vn 0.70866144 0 0.70866144
vn 0.70866144 0 0.70866144
vn 0.70866144 0 0.70866144
vn 0.70866144 0 0.70866144
vn 0.70866144 0 0.70866144
vn 0.70866144 0 0.70866144
vn 0.70866144 0 0.70866144
vn 0.70866144 0 0.70866144
vn 0.70866144 0 0.70866144
vn 0.70866144 0 0.70866144
vn 0.70866144 0 0.70866144
vn 0.70866144 0 0.70866144
vn -0 -0.70866144 0.70866144
vn -0 -0.70866144 0.70866144
vn -0 -0.70866144 0.70866144
vn -0 -0.70866144 0.70866144
vn -0 -0.70866144 0.70866144
vn -0 -0.70866144 0.70866144
vn -0 -0.70866144 0.70866144
vn -0 -0.70866144 0.70866144
vn -0 -0.70866144 0.70866144
vn -0 -0.70866144 0.70866144
vn -0 -0.70866144 -0.70866144
vn -0 -0.70866144 -0.70866144
vn -0 -0.70866144 -0.70866144
vn 0.5748032 -0.5748032 -0.5748032
vn 0.5748032 -0.5748032 -0.5748032
vn 0.5748032 -0.5748032 -0.5748032
vn 0.5748032 0.5748032 -0.5748032
vn 0.5748032 0.5748032 -0.5748032
vn 0.5748032 0.5748032 -0.5748032
vn 0.5748032 0.5748032 0.5748032
vn 0.5748032 0.5748032 0.5748032
vn 0.5748032 0.5748032 0.5748032
vn 0.5748032 -0.5748032 0.5748032
vn 0.5748032 -0.5748032 0.5748032
vn 0.5748032 -0.5748032 0.5748032
vn -0.5748032 0.5748032 0.5748032
vn -0.5748032 0.5748032 0.5748032
vn -0.5748032 0.5748032 0.5748032
vn -0.5748032 -0.5748032 0.5748032
vn -0.5748032 -0.5748032 0.5748032
vn -0.5748032 -0.5748032 0.5748032
vn -0.70866144 0 -0.70866144
vn -0.70866144 0 -0.70866144
vn -0.70866144 0 -0.70866144
vn -0.70866144 0 -0.70866144
vn -0.70866144 0 -0.70866144
vn -0.70866144 0 -0.70866144
vn 0.61417323 -0.32283464 -0.72440946
vn 0.33070865 -0.61417323 -0.71653545
vn 0.61417323 -0.32283464 -0.72440946
vn 0.6535433 -0.24409449 -0.71653545
vn 0.70866144 -0.015748031 -0.70866144
vn 0.6535433 -0.24409449 -0.71653545
vn -0.18897638 -0.6771653 -0.70866144
vn -0.015748031 -0.70866144 -0.70866144
vn -0.015748031 -0.70866144 -0.70866144
vn -0.023622047 -0.70866144 -0.70866144
vn -0.023622047 -0.70866144 -0.70866144
vn -0.28346455 -0.63779527 -0.70866144
vn -0.28346455 -0.63779527 -0.70866144
vn -0.52755904 -0.43307087 -0.7322835
vn -0.52755904 -0.43307087 -0.7322835
vn -0.6929134 0 -0.71653545
vn -0.6929134 0 -0.71653545
vn -0.53543305 0.43307087 -0.7322835
vn -0.53543305 0.43307087 -0.7322835
vn -0.2913386 0.63779527 -0.71653545
vn -0.2913386 0.63779527 -0.71653545
vn -0.023622047 0.70866144 -0.70866144
vn -0.023622047 0.70866144 -0.70866144
vn -0 0.70866144 -0.70866144
vn -0 0.70866144 -0.70866144
vn -0 0.70866144 -0.70866144
vn -0 0.70866144 -0.70866144
vn -0 0.70866144 -0.70866144
vn -0 0.70866144 -0.70866144
vn 0.023622047 0.70866144 -0.70866144
vn 0.023622047 0.70866144 -0.70866144
vn 0.32283464 0.62204725 -0.71653545
vn 0.32283464 0.62204725 -0.71653545
vn 0.5826772 0.35433072 -0.7322835
vn 0.5826772 0.35433072 -0.7322835
vn 0.7007874 0 -0.70866144
vn 0.7007874 0 -0.70866144
vn 0.7007874 -0.1023622 -0.70866144
vn 0.7007874 -0.1023622 -0.70866144
vn -0.18897638 -0.6771653 -0.70866144
vn -0.015748031 -0.70866144 -0.70866144
vn -0.18897638 -0.6771653 -0.70866144
vn -0.015748031 -0.70866144 -0.70866144
vn -0.023622047 -0.70866144 -0.70866144
vn -0.015748031 -0.70866144 -0.70866144
vn 0.70866144 -0.007874016 -0.70866144
vn 0.6692913 -0.23622048 -0.70866144
vn 0.6692913 -0.23622048 -0.70866144
vn 0.21259843 -0.6771653 -0.70866144
vn 0.007874016 -0.70866144 -0.70866144
vn 0.007874016 -0.70866144 -0.70866144
vn 0.21259843 -0.6771653 -0.70866144
vn 0.007874016 -0.70866144 -0.70866144
vn 0.21259843 -0.6771653 -0.70866144
vn 0.023622047 -0.70866144 -0.70866144
vn 0.007874016 -0.70866144 -0.70866144
vn 0.023622047 -0.70866144 -0.70866144
vn 0.32283464 -0.62204725 -0.71653545
vn 0.32283464 -0.62204725 -0.71653545
vn 0.44094488 -0.5511811 -0.70866144
vn 0.44094488 -0.5511811 -0.70866144
vn -0 0 -1
vn -0 0 -1
vn -0 0 -1
vn -0 0 -1
vn -0 0 -1
vn -0 0 -1
vn -0 0 -1
vn -0 0 -1
vn -0 0 -1
vn -0 0 -1
vn -0 0 -1
vn -0 0 -1
vn 1 0 0
vn 1 0 0
vn 1 0 0
vn 1 0 0
vn 0.70866144 -0.70866144 0
vn 0.70866144 -0.70866144 0
vn 0.70866144 -0.70866144 0
vn 0.70866144 -0.70866144 0
vn 0.70866144 -0.70866144 0
vn -0 -0.70866144 -0.70866144
vn -0 -0.70866144 -0.70866144
vn -0 -0.70866144 -0.70866144
vn -0 -0.70866144 -0.70866144
vn -0 -0.70866144 -0.70866144
vn -0 -0.70866144 -0.70866144
vn -0 -0.70866144 -0.70866144
vn -0 -0.70866144 -0.70866144
vn -0 -0.70866144 -0.70866144
vn 0.70866144 0 -0.70866144
vn 0.70866144 0 -0.70866144
vn 0.70866144 0 -0.70866144
vn 0.70866144 0 -0.70866144
vn 0.70866144 0 -0.70866144
vn 0.70866144 0 -0.70866144
vn 0.70866144 0 -0.70866144
vn 0.70866144 0 -0.70866144
vn 0.70866144 0 -0.70866144
vn 0.70866144 0 -0.70866144
vn 0.70866144 0 -0.70866144
vn 0.70866144 0 -0.70866144
vn -0 0.70866144 -0.70866144
vn -0 0.70866144 -0.70866144
vn -0 0.70866144 -0.70866144
vn -0 0.70866144 -0.70866144
vn -0 0.70866144 -0.70866144
vn -0 0.70866144 -0.70866144
vn -0 0.70866144 -0.70866144
vn -0 0.70866144 -0.70866144
vn -0 0.70866144 -0.70866144
vn -0 0.70866144 -0.70866144
vn 0.70866144 0.70866144 0
vn 0.70866144 0.70866144 0
vn 0.70866144 0.70866144 0
vn 0.70866144 0.70866144 0
vn 0.70866144 0.70866144 0
vn 0.70866144 0.70866144 0
vn 0.70866144 0.70866144 0
vn 0.70866144 0.70866144 0
vn -0 0.70866144 0.70866144
vn -0 0.70866144 0.70866144
vn -0 0.70866144 0.70866144
vn -0 0.70866144 0.70866144
vn -0 0.70866144 0.70866144
vn -0 0.70866144 0.70866144
vn -0 0.70866144 0.70866144
vn -0 0.70866144 0.70866144
vn -0 0.70866144 0.70866144
vn -0 0.70866144 0.70866144
vn 0.70866144 -0.70866144 0
vn 0.70866144 -0.70866144 0
vn 0.70866144 -0.70866144 0
vn 0.70866144 -0.70866144 0
vn 0.70866144 -0.70866144 0
vn -0.70866144 0.70866144 0
vn -0.70866144 0.70866144 0
vn -0.70866144 0.70866144 0
vn -0.70866144 0.70866144 0
vn -0.70866144 0.70866144 0
vn -0.70866144 0.70866144 0
vn -0.70866144 0.70866144 0
vn -0.70866144 0.70866144 0
vn -0.70866144 0.70866144 0
vn -0.70866144 0.70866144 0
vn -0.70866144 0 0.70866144
vn -0.70866144 0 0.70866144
vn -0.70866144 0 0.70866144
vn -0.70866144 0 0.70866144
vn -0.70866144 0 0.70866144
vn -0.70866144 0 0.70866144
vn -0.70866144 0 0.70866144
vn -0.70866144 0 0.70866144
vn -0.70866144 0 0.70866144
vn -0.70866144 0 0.70866144
vn -0.70866144 0 0.70866144
vn -0.70866144 0 0.70866144
vn -0.70866144 -0.70866144 0
vn -0.70866144 -0.70866144 0
vn -0.70866144 -0.70866144 0
vn -0.70866144 -0.70866144 0
vn -0.70866144 -0.70866144 0
vn -0.70866144 -0.70866144 0
vn -0.70866144 -0.70866144 0
vn -0.70866144 -0.70866144 0
vn -0 -0.70866144 0.70866144
vn -0 -0.70866144 0.70866144
vn -0 -0.70866144 0.70866144
vn -0 -0.70866144 0.70866144
vn -0 -0.70866144 0.70866144
vn -0 0 1
vn -0 0 1
vn -0 0 1
vn -0.062992126 0 1
vn -0 0 1
vn -0 0 1
vn -0 0 1
vn -0 0 1
vn 0.062992126 0 1
vn -0.13385826 0 0.992126
vn -0 0 1
vn -0 0 1
vn -0 0 1
vn 0.13385826 0 0.992126
vn -0 0 1
vn 0.03937008 0 1
vn -0.031496063 0 1
vn -0.03937008 0 1
vn -0 0 1
vn -0.11811024 0 0.992126
vn -0 0 1
vn -0 0 1
vn -0.03937008 0 1
vn -0.062992126 0 1
vn -0 0 1
vn -0 0 1
vn -0 0 1
vn -0 0 1
vn -0.047244094 0 1
vn 0.062992126 0 1
vn -0 0 1
vn -0 0 1
vn 0.03937008 0 1
vn -0 0 1
vn 0.047244094 0 1
vn -0 0 1
vn -0 0 1
vn -0 0 1
vn 0.11811024 0 0.992126
vn 0.031496063 0 1
vn -0 -1 0
vn -0 -1 0
vn -0 -1 0
vn -0 -1 0
vn -0 -1 0
vn -0 -1 0
vn -0 -1 0
vn -0 -1 0
vn -0 -1 0
vn -0 -1 0
vn -0 -1 0
vn -0 -1 0
vn -0 -1 0
vn -0 -1 0
vn -0 -1 0
vn -0 -1 0
vn -0 -1 0
vn -0 -1 0
vn -0 -1 0
vn -0 -1 0
vn 1 0 0
vn 1 0 0
vn 1 0 0
vn 1 0 0
vn 1 0 0
vn 1 0 0
vn 1 0 0
vn 1 0 0
vn 1 0 0
vn 1 0 0
vn 1 0 0
vn 1 0 0
vn 1 0 0
vn 1 0 0
vn 1 0 0
vn 1 0 0
vn 1 0 0
vn 1 0 0
vn 1 0 0
vn 1 0 0
vn 1 0 0
vn 1 0 0
vn 1 0 0
vn 1 0 0
vn -0 0 -1
vn -0 0 -1
vn -0 0 -1
vn -0 0 -1
vn -0 0 -1
vn -0 0 -1
vn -0 0 -1
vn -0 0 -1
vn -0 0 -1
vn -0 0 -1
vn -0 0 -1
vn -0 0 -1
vn -0 0 -1
vn -0 0 -1
vn -0 0 -1
vn -0 0 -1
vn -0 0 -1
vn -0 0 -1
vn -0 0 -1
vn -0 0 -1
vn -0 0 -1
vn -0 0 -1
vn -0 0 -1
vn -0 0 -1
vn -0 0 -1
vn -0 0 -1
vn -0 0 -1
vn -0 0 -1
vn -0 0 -1
vn -0 0 -1
vn -0 0 -1
vn -0 0 -1
vn -0 0 -1
vn -0 0 -1
vn -0 0 -1
vn -0 0 -1
vn -0 0 -1
vn -0 0 -1
vn -1 0 0
vn -1 0 0
vn -1 0 0
vn -1 0 0
vn -1 0 0
vn -1 0 0
vn -1 0 0
vn -1 0 0
vn -1 0 0
vn -1 0 0
vn -1 0 0
vn -1 0 0
vn -1 0 0
vn -1 0 0
vn -1 0 0
vn -1 0 0
vn -1 0 0
vn -1 0 0
vn -1 0 0
vn -1 0 0
vn -1 0 0
vn -1 0 0
vn -1 0 0
vn -1 0 0
vn -0 1 0
vn -0 1 0
vn -0 1 0
vn -0 1 0
vn -0 1 0
vn -0 1 0
vn -0 1 0
vn -0 1 0
vn -0 1 0
vn -0 1 0
vn -0 1 0
vn -0 1 0
vn -0 1 0
vn -0 1 0
vn -0 1 0
vn -0 1 0
vn -0 1 0
vn -0 1 0
vn -0 1 0
vn -0 1 0
vn -0 0.70866144 -0.70866144
vn -0 0.70866144 -0.70866144
vn -0 0.70866144 -0.70866144
vn -0 0.70866144 -0.70866144
vn -0 0.70866144 -0.70866144
vn -0 0.70866144 -0.70866144
vn 0.70866144 0 -0.70866144
vn 0.70866144 0 -0.70866144
vn 0.70866144 0 -0.70866144
vn 0.70866144 0 -0.70866144
vn -0 -0.70866144 -0.70866144
vn -0 -0.70866144 -0.70866144
vn -0 -0.70866144 -0.70866144
vn -0 -0.70866144 -0.70866144
vn -0 -0.70866144 -0.70866144
vn -0 -0.70866144 -0.70866144
vn -0.70866144 0 -0.70866144
vn -0.70866144 0 -0.70866144
vn -0.70866144 0 -0.70866144
vn -0.70866144 0 -0.70866144
vn -0 1 0
vn -0 1 0
vn -0 1 0
vn -0 1 0
vn -0 1 0
vn -0 1 0
vn 1 0 0
vn 1 0 0
vn 1 0 0
vn 1 0 0
vn -0 -1 0
vn -0 -1 0
vn -0 -1 0
vn -0 -1 0
vn -0 -1 0
vn -0 -1 0
vn -1 0 0
vn -1 0 0
vn -1 0 0
vn -1 0 0
vn -0 -0.70866144 -0.70866144
vn -0 -0.70866144 -0.70866144
vn -0 -0.70866144 -0.70866144
vn -0 -0.70866144 -0.70866144
vn -0 -0.70866144 -0.70866144
vn -0 -0.70866144 -0.70866144
vn -0 0.70866144 -0.70866144
vn -0 0.70866144 -0.70866144
vn -0 0.70866144 -0.70866144
vn -0 0.70866144 -0.70866144
vn -0 0.70866144 -0.70866144
vn -0 0.70866144 -0.70866144
vn 0.70866144 0 -0.70866144
vn 0.70866144 0 -0.70866144
vn 0.70866144 0 -0.70866144
vn 0.70866144 0 -0.70866144
vn -0 -1 0
vn -0 -1 0
vn -0 -1 0
vn -0 -1 0
vn -0 -1 0
vn -0 -1 0
vn -1 0 0
vn -1 0 0
vn -1 0 0
vn -1 0 0
vn -0 1 0
vn -0 1 0
vn -0 1 0
vn -0 1 0
vn -0 1 0
vn -0 1 0
vn 1 0 0
vn 1 0 0
vn 1 0 0
vn 1 0 0
vn -0 0 -1
vn -0 0 -1
vn -0 0 -1
vn -0 0 -1
vn -0 0 -1
vn -0 0 -1
vn -0 0 -1
vn -0 0 -1
vn -0 0 -1
vn -0 0 -1
vn -0 0 -1
vn -0 0 -1
vn -0 0 -1
vn -0 0 -1
vn -0 0 -1
vn -0 0 -1
vn -0 0 -1
vn -0 0 -1
vn -0 0 -1
vn -0 0 -1
vn -0 -0.5826772 0.8110236
vn -0 -0.5826772 0.8110236
vn -0 -0.5826772 0.8110236
vn -0 -0.5826772 0.8110236
vn -0 -0.5826772 0.8110236
vn -0 -0.5826772 0.8110236
vn -0 0.79527557 0.61417323
vn -0 0.79527557 0.61417323
vn -0 0.79527557 0.61417323
vn -0 0.79527557 0.61417323
vn -0 0.79527557 0.61417323
vn -0 0.79527557 0.61417323
vn -0 0.22834645 -0.97637796
vn -0 0.22834645 -0.97637796
vn -0 0.22834645 -0.97637796
vn -0 0.22834645 -0.97637796
vn -0 -0.8425197 -0.53543305
vn -0 -0.8425197 -0.53543305
vn -0 -0.8425197 -0.53543305
vn -0 -0.8425197 -0.53543305
vn -0.77952754 0.14173228 -0.6062992
vn -0.77952754 0.14173228 -0.6062992
vn -0.77952754 0.14173228 -0.6062992
vn -0.77952754 0.14173228 -0.6062992
vn -0 0.984252 -0.16535433
vn -0 0.984252 -0.16535433
vn -0 0.984252 -0.16535433
vn -0 0.984252 -0.16535433
vn 0.77952754 0.14173228 -0.6062992
vn 0.77952754 0.14173228 -0.6062992
vn 0.77952754 0.14173228 -0.6062992
vn 0.77952754 0.14173228 -0.6062992
vn -0.6692913 0.16535433 -0.72440946
vn -0.6692913 0.16535433 -0.72440946
vn -0.6692913 0.16535433 -0.72440946
vn -0.6692913 0.16535433 -0.72440946
vn -0 0.77165353 -0.63779527
vn -0 0.77165353 -0.63779527
vn -0 0.77165353 -0.63779527
vn -0 0.77165353 -0.63779527
vn 0.68503934 0.16535433 -0.70866144
vn 0.68503934 0.16535433 -0.70866144
vn 0.68503934 0.16535433 -0.70866144
vn 0.68503934 0.16535433 -0.70866144
vn -0 -0.6062992 -0.79527557
vn -0 -0.6062992 -0.79527557
vn -0 -0.6062992 -0.79527557
vn -0 -0.6062992 -0.79527557
vn -0 0.992126 -0.11023622
vn -0 0.992126 -0.11023622
vn -0 0.992126 -0.11023622
vn -0 0.992126 -0.11023622
vn 1 0 0
vn 1 0 0
vn 1 0 0
vn 1 0 0
vn -1 0 0
vn -1 0 0
vn -1 0 0
vn -1 0 0
vn -0 -1 -0.03937008
vn -0 -1 -0.03937008
vn -0 -1 -0.03937008
vn -0 -1 -0.03937008
vn -0 0.22834645 -0.97637796
vn -0 0.22834645 -0.97637796
vn -0 0.22834645 -0.97637796
vn -0 0.22834645 -0.97637796
vn -0 0.22834645 -0.97637796
vn -0 0.22834645 -0.97637796
vn -0 0.22834645 -0.97637796
vn -0 0.22834645 -0.97637796
vn -0 0.22834645 -0.97637796
vn -0 0.22834645 -0.97637796
vn -0.70866144 0 -0.70866144
vn -0.70866144 0 -0.70866144
vn -0.70866144 0 -0.70866144
vn -0.70866144 0 -0.70866144
vn -0 0.70866144 -0.70866144
vn -0 0.70866144 -0.70866144
vn -0 0.70866144 -0.70866144
vn -0 0.70866144 -0.70866144
vn 0.70866144 0 -0.70866144
vn 0.70866144 0 -0.70866144
vn 0.70866144 0 -0.70866144
vn 0.70866144 0 -0.70866144
vn -0 -0.70866144 -0.70866144
vn -0 -0.70866144 -0.70866144
vn -0 -0.70866144 -0.70866144
vn -0 -0.70866144 -0.70866144
vn -0 0 -1
vn -0 0 -1
vn -0 0 -1
vn -0 0 -1
vn -0 1 0
vn -0 1 0
vn -0 1 0
vn -0 1 0
vn 1 0 0
vn 1 0 0
vn 1 0 0
vn 1 0 0
vn -1 0 0
vn -1 0 0
vn -1 0 0
vn -1 0 0
vn -0 -1 0
vn -0 -1 0
vn -0 -1 0
vn -0 -1 0
vn 0.6614173 0 -0.7480315
vn 0.6614173 0 -0.7480315
vn 0.6614173 0 -0.7480315
vn 0.6614173 0 -0.7480315
vn 0.54330707 0.8425197 0
vn 0.54330707 0.8425197 0
vn 0.54330707 0.8425197 0
vn 0.54330707 0.8425197 0
vn 0.6614173 0 0.7480315
vn 0.6614173 0 0.7480315
vn 0.6614173 0 0.7480315
vn 0.6614173 0 0.7480315
vn 0.54330707 -0.8425197 0
vn 0.54330707 -0.8425197 0
vn 0.54330707 -0.8425197 0
vn 0.54330707 -0.8425197 0
vn -0 0.5590551 -0.8267717
vn -0 0.5590551 -0.8267717
vn -0 0.5590551 -0.8267717
vn -0 0.5590551 -0.8267717
vn -0 0.5590551 -0.8267717
vn -0 0.5590551 -0.8267717
vn -0 -0.5590551 -0.8267717
vn -0 -0.5590551 -0.8267717
vn -0 -0.5590551 -0.8267717
vn -0 -0.5590551 -0.8267717
vn -0 -0.5590551 -0.8267717
vn -0 -0.5590551 -0.8267717
vn -0.62992126 0 -0.77165353
vn -0.62992126 0 -0.77165353
vn -0.62992126 0 -0.77165353
vn -0.62992126 0 -0.77165353
vn 0.62992126 0 -0.77165353
vn 0.62992126 0 -0.77165353
vn 0.62992126 0 -0.77165353
vn 0.62992126 0 -0.77165353
vn -0.70866144 0.70866144 0
vn -0.70866144 0.70866144 0
vn -0.70866144 0.70866144 0
vn -0.70866144 0.70866144 0
vn -0 0.70866144 0.70866144
vn -0 0.70866144 0.70866144
vn -0 0.70866144 0.70866144
vn -0 0.70866144 0.70866144
vn 0.70866144 0.70866144 0
vn 0.70866144 0.70866144 0
vn 0.70866144 0.70866144 0
vn 0.70866144 0.70866144 0
vn -0 0.70866144 -0.70866144
vn -0 0.70866144 -0.70866144
vn -0 0.70866144 -0.70866144
vn -0 0.70866144 -0.70866144
vn -0 1 0
vn -0 1 0
vn -0 1 0
vn -0 1 0
vn -0 0.70866144 -0.70866144
vn -0 0.70866144 -0.70866144
vn -0 0.70866144 -0.70866144
vn -0 0.70866144 -0.70866144
vn -0.70866144 0.70866144 0
vn -0.70866144 0.70866144 0
vn -0.70866144 0.70866144 0
vn -0.70866144 0.70866144 0
vn -0 0.70866144 0.70866144
vn -0 0.70866144 0.70866144
vn -0 0.70866144 0.70866144
vn -0 0.70866144 0.70866144
vn 0.70866144 0.70866144 0
vn 0.70866144 0.70866144 0
vn 0.70866144 0.70866144 0
vn 0.70866144 0.70866144 0
vn -0 0 1
vn -0 0 1
vn -0 0 1
vn -0 0 1
vn 1 0 0
vn 1 0 0
vn 1 0 0
vn 1 0 0
vn -0 0 -1
vn -0 0 -1
vn -0 0 -1
vn -0 0 -1
vn -1 0 0
vn -1 0 0
vn -1 0 0
vn -1 0 0
vn -0.22047244 0.6692913 -0.70866144
vn -0 0.7007874 -0.70866144
vn -0 0.7007874 -0.70866144
vn -0.22047244 0.6692913 -0.70866144
vn -0.4094488 0.5669291 -0.70866144
vn -0.4094488 0.5669291 -0.70866144
vn -0.5669291 0.4094488 -0.70866144
vn -0.5669291 0.4094488 -0.70866144
vn -0.6692913 0.22047244 -0.70866144
vn -0.6692913 0.22047244 -0.70866144
vn -0.7007874 0 -0.70866144
vn -0.7007874 0 -0.70866144
vn -0.6692913 -0.22047244 -0.70866144
vn -0.6692913 -0.22047244 -0.70866144
vn -0.5669291 -0.4094488 -0.70866144
vn -0.5669291 -0.4094488 -0.70866144
vn -0.4094488 -0.5669291 -0.70866144
vn -0.4094488 -0.5669291 -0.70866144
vn -0.22047244 -0.6692913 -0.70866144
vn -0.22047244 -0.6692913 -0.70866144
vn -0 -0.7007874 -0.70866144
vn -0 -0.7007874 -0.70866144
vn 0.22047244 -0.6692913 -0.70866144
vn 0.22047244 -0.6692913 -0.70866144
vn 0.4094488 -0.5669291 -0.70866144
vn 0.4094488 -0.5669291 -0.70866144
vn 0.5669291 -0.4094488 -0.70866144
vn 0.5669291 -0.4094488 -0.70866144
vn 0.6692913 -0.22047244 -0.70866144
vn 0.6692913 -0.22047244 -0.70866144
vn 0.7007874 0 -0.70866144
vn 0.7007874 0 -0.70866144
vn 0.6692913 0.22047244 -0.70866144
vn 0.6692913 0.22047244 -0.70866144
vn 0.5669291 0.4094488 -0.70866144
vn 0.5669291 0.4094488 -0.70866144
vn 0.4094488 0.5669291 -0.70866144
vn 0.4094488 0.5669291 -0.70866144
vn 0.22047244 0.6692913 -0.70866144
vn 0.22047244 0.6692913 -0.70866144
vn -0 0.7007874 -0.70866144
vn 0.22047244 0.6692913 -0.70866144
vn 0.22047244 0.6692913 -0.70866144
vn -0 0.7007874 -0.70866144
vn -0.6614173 -0.25984251 -0.70866144
vn -0.70866144 -0.007874016 -0.7007874
vn -0.6614173 -0.25984251 -0.70866144
vn -0.70866144 -0.007874016 -0.7007874
vn -0.70866144 0 -0.7007874
vn -0.70866144 0 -0.7007874
vn -0.70866144 -0.015748031 -0.7007874
vn -0.70866144 0 -0.7007874
vn -0.70866144 -0.015748031 -0.7007874
vn -0.70866144 -0.015748031 -0.7007874
vn -0.5511811 -0.4094488 -0.72440946
vn -0.5511811 -0.4094488 -0.72440946
vn -0.27559054 -0.6456693 -0.71653545
vn -0.27559054 -0.6456693 -0.71653545
vn -0 -0.7007874 -0.71653545
vn -0 -0.7007874 -0.71653545
vn 0.33070865 -0.61417323 -0.71653545
vn 0.33070865 -0.61417323 -0.71653545
vn 0.61417323 -0.32283464 -0.72440946
vn 0.61417323 -0.32283464 -0.72440946
vn 0.70866144 -0.015748031 -0.70866144
vn 0.70866144 -0.015748031 -0.70866144
vn 0.70866144 -0.015748031 -0.70866144
vn 0.70866144 -0.015748031 -0.70866144
vn 0.6535433 -0.24409449 -0.71653545
vn 0.6535433 -0.24409449 -0.71653545
vn 0.4094488 -0.5590551 -0.72440946
vn 0.4094488 -0.5590551 -0.72440946
vn 0.023622047 -0.6929134 -0.72440946
vn 0.023622047 -0.6929134 -0.72440946
vn -0.4094488 -0.5511811 -0.7322835
vn -0.4094488 -0.5511811 -0.7322835
vn -0.6614173 -0.22047244 -0.71653545
vn -0.6614173 -0.22047244 -0.71653545
vn -0.70866144 -0.015748031 -0.70866144
vn -0.70866144 -0.015748031 -0.70866144
vn -0.70866144 -0.015748031 -0.70866144
vn -0.70866144 -0.015748031 -0.70866144
vn -0.6062992 -0.32283464 -0.72440946
vn -0.6062992 -0.32283464 -0.72440946
vn -0.30708662 -0.62204725 -0.71653545
vn -0.30708662 -0.62204725 -0.71653545
vn -0 -0.7007874 -0.71653545
vn -0 -0.7007874 -0.71653545
vn 0.27559054 -0.6456693 -0.71653545
vn 0.27559054 -0.6456693 -0.71653545
vn 0.5748032 -0.37795275 -0.72440946
vn 0.5748032 -0.37795275 -0.72440946
vn 0.70866144 -0.015748031 -0.70866144
vn 0.70866144 -0.015748031 -0.70866144
vn 0.70866144 0 -0.70866144
vn 0.70866144 0 -0.70866144
vn 0.70866144 -0.007874016 -0.70866144
vn 0.70866144 -0.007874016 -0.70866144
vn 0.6692913 -0.23622048 -0.70866144
vn -0.8110236 0.5905512 0
vn -0.5905512 0.8110236 0
vn -0.5905512 0.8110236 0
vn -0.8110236 0.5905512 0
vn -0.9527559 0.30708662 0
vn -0.9527559 0.30708662 0
vn -1 0 0
vn -1 0 0
vn -0.9527559 -0.30708662 0
vn -0.5905512 0.8110236 0
vn -0.5905512 0.8110236 0
vn -0.30708662 0.9527559 0
vn -0.30708662 0.9527559 0
vn -0 1 0
vn -0 1 0
vn -0 1 0
vn -0 1 0
vn 0.30708662 0.9527559 0
vn 0.30708662 0.9527559 0
vn 0.5905512 0.8110236 0
vn 0.5905512 0.8110236 0
vn 0.5905512 0.8110236 0
vn 0.5905512 0.8110236 0
vn 0.8110236 0.5905512 0
vn 0.8110236 0.5905512 0
vn 0.9527559 0.30708662 0
vn 0.9527559 0.30708662 0
vn 1 0 0
vn 1 0 0
vn 0.9527559 -0.30708662 0
vn 0.9527559 -0.30708662 0
vn 0.8110236 -0.5905512 0
vn 0.9527559 -0.30708662 0
vn 0.8110236 -0.5905512 0
vn 0.8110236 -0.5905512 0
vn 0.5905512 -0.8110236 0
vn 0.5905512 -0.8110236 0
vn 0.30708662 -0.9527559 0
vn 0.30708662 -0.9527559 0
vn -0 -1 0
vn -0 -1 0
vn -0.30708662 -0.9527559 0
vn -0.30708662 -0.9527559 0
vn -0.30708662 -0.9527559 0
vn -0.30708662 -0.9527559 0
vn -0.5905512 -0.8110236 0
vn -0.5905512 -0.8110236 0
vn -0.8110236 -0.5905512 0
vn -0.8110236 -0.5905512 0
vn -0.9527559 -0.30708662 0
vn -0.9527559 -0.30708662 0
vn -1 0 0
vn 0.5984252 -0.8031496 0
vn 0.5984252 -0.8031496 0
vn 0.39370078 -0.9212598 0
vn 0.39370078 -0.9212598 0
vn 0.39370078 -0.9212598 0
vn 0.39370078 -0.9212598 0
vn -0 -1 0
vn -0 -1 0
vn -0.19685039 -0.97637796 0
vn -0.19685039 -0.97637796 0
vn 0.7007874 -0.71653545 0
vn 0.7007874 -0.71653545 0
vn 0.7007874 -0.71653545 0
vn 0.7007874 -0.71653545 0
vn 0.22834645 -0.97637796 0
vn 0.22834645 -0.97637796 0
vn -0 -1 0
vn -0 -1 0
vn -0.6771653 -0.7401575 0
vn -0.6771653 -0.7401575 0
vn -0.6771653 -0.7401575 0
vn -0.6771653 -0.7401575 0
vn -0.39370078 -0.9212598 0
vn -0.5748032 -0.8188976 0
vn -0.5748032 -0.8188976 0
vn -0.39370078 -0.9212598 0
vn -0 -1 0
vn -0 -1 0
vn -0.97637796 -0.2047244 0
vn -0.97637796 -0.2047244 0
vn -1 -0.023622047 0
vn -1 -0.023622047 0
vn -1 -0.015748031 0
vn -1 -0.015748031 0
vn -0.9527559 -0.30708662 0
vn -0.9527559 -0.30708662 0
vn 1 -0.023622047 0
vn 0.96850395 -0.2519685 0
vn 0.96850395 -0.2519685 0
vn 1 -0.023622047 0
vn 1 0 0
vn 1 0 0
vn 1 -0.007874016 0
vn 1 -0.007874016 0
vn 0.9448819 -0.33070865 0
vn 0.9448819 -0.33070865 0
vn -0.26771653 -0.96062994 0
vn -0.26771653 -0.96062994 0
vn -0.015748031 -1 0
vn -0.015748031 -1 0
vn -0.03937008 -1 0
vn -0.03937008 -1 0
vn -0.4094488 -0.9133858 0
vn -0.4094488 -0.9133858 0
vn -0.54330707 -0.8346457 0
vn -0.54330707 -0.8346457 0
vn -1 -0.007874016 0
vn -0.92913383 -0.37007874 0
vn -0.92913383 -0.37007874 0
vn -1 -0.007874016 0
vn -1 0 0
vn -1 0 0
vn -1 -0.031496063 0
vn -1 -0.031496063 0
vn -0.96062994 -0.28346455 0
vn -0.96062994 -0.28346455 0
vn -0.96062994 -0.26771653 0
vn -0.96062994 -0.26771653 0
vn -0.96062994 -0.26771653 0
vn -0.96062994 -0.26771653 0
vn 0.015748031 -1 0
vn 0.2992126 -0.9527559 0
vn 0.2992126 -0.9527559 0
vn 0.015748031 -1 0
vn 0.031496063 -1 0
vn 0.031496063 -1 0
vn 0.4566929 -0.8897638 0
vn 0.4566929 -0.8897638 0
vn 0.62204725 -0.78740156 0
vn 0.62204725 -0.78740156 0
vn 0.2992126 -0.9527559 0
vn 0.2992126 -0.9527559 0
vn 0.2992126 -0.9527559 0
vn 0.2992126 -0.9527559 0
vn 0.78740156 -0.61417323 0
vn 0.78740156 -0.61417323 0
vn 0.93700784 -0.3464567 0
vn 0.93700784 -0.3464567 0
vn 1 -0.023622047 0
vn 1 -0.023622047 0
vn 1 -0.023622047 0
vn 1 -0.023622047 0
vn 0.97637796 -0.21259843 0
vn 0.97637796 -0.21259843 0
vn -0.25984251 -0.96850395 0
vn -0.25984251 -0.96850395 0
vn -0.25984251 -0.96850395 0
vn -0.25984251 -0.96850395 0
vn -0.9527559 -0.30708662 0
vn -0.9527559 -0.30708662 0
vn -0.8188976 -0.5748032 0
vn -0.8188976 -0.5748032 0
vn -0.5511811 0.8346457 0
vn -0.5511811 0.8346457 0
vn -0.4094488 0.9133858 0
vn -0.4094488 0.9133858 0
vn -0.03937008 1 0
vn -0.03937008 1 0
vn -0 1 0
vn -0 1 0
vn -0 1 0
vn -0 1 0
vn -0 1 0
vn -0 1 0
vn 0.031496063 1 0
vn 0.031496063 1 0
vn 0.46456692 0.88188976 0
vn 0.46456692 0.88188976 0
vn -0.96062994 0.26771653 0
vn -0.96062994 0.26771653 0
vn -0.96062994 0.26771653 0
vn -0.96062994 0.26771653 0
vn 0.992126 0.1496063 0
vn 0.992126 0.1496063 0
vn 1 0 0
vn 1 0 0
vn 0.992126 -0.1496063 0
vn 0.992126 -0.1496063 0
vn 0.46456692 0.88188976 0
vn 0.46456692 0.88188976 0
vn 0.62992126 0.77952754 0
vn 0.62992126 0.77952754 0
vn -0 0 -1
vn -0 0 -1
vn -0 0 -1
vn -0 0 -1
vn -0 0 -1
vn -0 0 -1
vn -0 0 -1
vn -0 0 -1
vn -0 0 -1
vn -0 0 -1
vn -0 0 -1
vn -0 0 -1
vn -0 0 -1
vn -0 0 -1
vn -0 0 -1
vn -0 0 -1
vn -0 0 -1
vn -0 0 -1
vn -0 0 -1
vn -0 0 -1
vn -0 0 -1
vn -0 0 -1
vn -0 0 -1
vn -0 0 -1
vn -0 0 -1
vn -0 0 -1
vn -0 0 -1
vn -0 0 -1
vn -0 0 -1
vn -0 0 -1
vn -0 0 -1
vn -0 0 -1
vn -0 0 -1
vn -0 0 -1
vn -0 0 -1
vn -0 0 -1
vn -0 0 -1
vn -0 0 -1
vn -0 0 -1
vn -0 0 -1
vn -0 0 -1
vn -0 0 -1
vn -0 0 -1
vn -0 0 -1
vn -0 0 -1
vn -0 0 -1
vn -0 0 -1
vn -0 0 -1
vn -0 0 -1
vn -0 0 -1
vn -0 0 -1
vn -0 0 -1
vn -0 0 -1
vn -0 0 -1
vn -0 0 -1
vn -0 0 -1
vn -0 0 -1
vn -0 0 -1
vn -0 0 -1
vn -0 0 -1
vn -0 0 -1
vn -0 0 -1
vn -0 0 -1
vn -0 0 -1
vn -0 0 -1
vn -0 0 -1
vn -0 0 -1
vn -0 0 -1
vn -0 0 -1
vn -0 0 -1
vn -0 0 -1
vn -0 0 -1
vn -0 0 -1
vn -0 0 -1
vn -0 0 -1
vn -0 0 -1
vn -0 0 -1
vn -0 0 -1
vn -0 0 -1
vn -0 0 -1
vn -0 0 -1
vn -0 0 -1
vn -0 0 -1
vn -0 0 -1
vn -0 0 -1
vn -0 0 -1
vn -0 0 1
vn -0 0 1
vn -0 0 1
vn -0 0 1
vn -0 0 1
vn -0 0 1
vn -0 0 1
vn -0 0 1
vn -0 0 1
vn -0 0 1
vn -0 0 1
vn -0 0 1
vn -0 0 1
vn -0 0 1
vn -0 0 1
vn -0 0 1
vn -0 0 1
vn -0 0 1
vn -0 0 1
vn -0 0 1
vn -0 0 1
vn -0 0 1
vn -0 0 1
vn -0 0 1
vn -0 0 1
vn -0 0 1
vn -0 0 1
vn -0 0 1
vn -0 0 1
vn -0 0 1
vn -0 0 1
vn -0 0 1
vn -0 0 1
vn -0 0 1
vn -0 0 1
vn -0 0 1
vn -0 0 1
vn -0 0 1
vn -0 0 1
vn -0 0 1
vn -0 0 1
vn -0 0 1
vn -0 0 1
vn -0 0 1
vn -0 0 1
vn -0 0 1
vn -0 0 1
vn -0 0 1
vn -0 0 1
vn -0 0 1
vn -0 0 1
vn -0 0 1
vn -0 0 1
vn -0 0 1
vn -0 0 1
vn -0 0 1
vn -0 0 1
vn -0 0 1
vn -0 0 1
vn -0 0 1
vn -0 0 1
vn -0 0 1
vn -0 0 1
vn -0 0 1
vn -0 0 1
vn -0 0 1
vn -0 0 1
vn -0 0 1
vn -0 0 1
vn -0 0 1
vn -0 0 1
vn -0 0 1
vn -0 0 1
vn -0 0 1
vn -0 0 1
vn -0 0 1
vn -0 0 1
vn -0 0 1
vn -0 0 1
vn -0 0 1
vn -0 0 1
vn -0 0 1
vn -0 0 1
vn -0 0 1
vn -0 0 1
vn -0 0 1
g Hub_334_0
f 3/3/3 2/2/2 1/1/1
f 6/6/6 5/5/5 4/4/4
f 8/8/8 5/5/5 7/7/7
f 9/9/9 8/8/8 7/7/7
f 9/9/9 7/7/7 10/10/10
f 11/11/11 9/9/9 10/10/10
f 11/11/11 10/10/10 12/12/12
f 13/13/13 11/11/11 12/12/12
f 13/13/13 12/12/12 14/14/14
f 15/15/15 13/13/13 14/14/14
f 18/18/18 17/17/17 16/16/16
f 21/21/21 20/20/20 19/19/19
f 20/20/20 23/23/23 22/22/22
f 23/23/23 24/24/24 22/22/22
f 24/24/24 23/23/23 25/25/25
f 28/28/28 27/27/27 26/26/26
f 31/31/31 30/30/30 29/29/29
f 34/34/34 33/33/33 32/32/32
f 37/37/37 36/36/36 35/35/35
f 40/40/40 39/39/39 38/38/38
f 43/43/43 42/42/42 41/41/41
f 46/46/46 45/45/45 44/44/44
f 49/49/49 48/48/48 47/47/47
f 52/52/52 51/51/51 50/50/50
f 55/55/55 54/54/54 53/53/53
f 58/58/58 57/57/57 56/56/56
f 61/61/61 60/60/60 59/59/59
f 63/63/63 62/62/62 60/60/60
f 62/62/62 63/63/63 64/64/64
f 65/65/65 62/62/62 64/64/64
f 64/64/64 66/66/66 65/65/65
f 66/66/66 67/67/67 65/65/65
f 66/66/66 68/68/68 67/67/67
f 68/68/68 69/69/69 67/67/67
f 68/68/68 70/70/70 69/69/69
f 70/70/70 71/71/71 69/69/69
f 71/71/71 70/70/70 72/72/72
f 73/73/73 71/71/71 72/72/72
f 72/72/72 74/74/74 73/73/73
f 74/74/74 75/75/75 73/73/73
f 75/75/75 74/74/74 76/76/76
f 77/77/77 75/75/75 76/76/76
f 76/76/76 78/78/78 77/77/77
f 78/78/78 79/79/79 77/77/77
f 78/78/78 80/80/80 79/79/79
f 80/80/80 81/81/81 79/79/79
f 80/80/80 82/82/82 81/81/81
f 82/82/82 83/83/83 81/81/81
f 82/82/82 84/84/84 83/83/83
f 84/84/84 85/85/85 83/83/83
f 84/84/84 86/86/86 85/85/85
f 86/86/86 87/87/87 85/85/85
f 87/87/87 86/86/86 88/88/88
f 89/89/89 87/87/87 88/88/88
f 88/88/88 90/90/90 89/89/89
f 90/90/90 91/91/91 89/89/89
f 94/94/94 93/93/93 92/92/92
f 97/97/97 96/96/96 95/95/95
f 100/100/100 99/99/99 98/98/98
f 103/103/103 102/102/102 101/101/101
f 106/106/106 105/105/105 104/104/104
f 108/108/108 105/105/105 107/107/107
f 109/109/109 108/108/108 107/107/107
f 107/107/107 110/110/110 109/109/109
f 110/110/110 111/111/111 109/109/109
f 110/110/110 112/112/112 111/111/111
f 112/112/112 113/113/113 111/111/111
f 116/116/116 115/115/115 114/114/114
f 115/115/115 117/117/117 114/114/114
f 114/114/114 117/117/117 118/118/118
f 117/117/117 119/119/119 118/118/118
f 122/122/122 121/121/121 120/120/120
f 123/123/123 122/122/122 120/120/120
f 124/124/124 122/122/122 123/123/123
f 125/125/125 124/124/124 123/123/123
f 128/128/128 127/127/127 126/126/126
f 129/129/129 128/128/128 126/126/126
f 132/132/132 131/131/131 130/130/130
f 131/131/131 133/133/133 130/130/130
f 133/133/133 131/131/131 134/134/134
f 137/137/137 136/136/136 135/135/135
f 136/136/136 138/138/138 135/135/135
f 136/136/136 139/139/139 138/138/138
f 139/139/139 140/140/140 138/138/138
f 140/140/140 139/139/139 141/141/141
f 142/142/142 140/140/140 141/141/141
f 142/142/142 141/141/141 143/143/143
f 146/146/146 145/145/145 144/144/144
f 145/145/145 147/147/147 144/144/144
f 145/145/145 148/148/148 147/147/147
f 148/148/148 149/149/149 147/147/147
f 148/148/148 150/150/150 149/149/149
f 150/150/150 151/151/151 149/149/149
f 151/151/151 150/150/150 152/152/152
f 153/153/153 151/151/151 152/152/152
f 153/153/153 152/152/152 154/154/154
f 155/155/155 153/153/153 154/154/154
f 158/158/158 157/157/157 156/156/156
f 157/157/157 159/159/159 156/156/156
f 157/157/157 160/160/160 159/159/159
f 160/160/160 161/161/161 159/159/159
f 161/161/161 160/160/160 162/162/162
f 163/163/163 161/161/161 162/162/162
f 163/163/163 162/162/162 164/164/164
f 165/165/165 163/163/163 164/164/164
f 168/168/168 167/167/167 166/166/166
f 167/167/167 169/169/169 166/166/166
f 167/167/167 170/170/170 169/169/169
f 170/170/170 171/171/171 169/169/169
f 171/171/171 170/170/170 172/172/172
f 173/173/173 171/171/171 172/172/172
f 176/176/176 175/175/175 174/174/174
f 175/175/175 177/177/177 174/174/174
f 175/175/175 178/178/178 177/177/177
f 178/178/178 179/179/179 177/177/177
f 179/179/179 178/178/178 180/180/180
f 181/181/181 179/179/179 180/180/180
f 181/181/181 180/180/180 182/182/182
f 183/183/183 181/181/181 182/182/182
f 186/186/186 185/185/185 184/184/184
f 185/185/185 187/187/187 184/184/184
f 185/185/185 188/188/188 187/187/187
f 191/191/191 190/190/190 189/189/189
f 190/190/190 192/192/192 189/189/189
f 190/190/190 193/193/193 192/192/192
f 193/193/193 194/194/194 192/192/192
f 197/197/197 196/196/196 195/195/195
f 198/198/198 197/197/197 195/195/195
f 201/201/201 200/200/200 199/199/199
f 200/200/200 202/202/202 199/199/199
f 200/200/200 203/203/203 202/202/202
f 203/203/203 204/204/204 202/202/202
f 203/203/203 205/205/205 204/204/204
f 205/205/205 206/206/206 204/204/204
f 205/205/205 207/207/207 206/206/206
f 207/207/207 208/208/208 206/206/206
f 208/208/208 207/207/207 209/209/209
f 210/210/210 208/208/208 209/209/209
f 213/213/213 212/212/212 211/211/211
f 212/212/212 214/214/214 211/211/211
f 212/212/212 215/215/215 214/214/214
f 215/215/215 216/216/216 214/214/214
f 216/216/216 215/215/215 217/217/217
f 218/218/218 216/216/216 217/217/217
f 221/221/221 220/220/220 219/219/219
f 220/220/220 222/222/222 219/219/219
f 220/220/220 223/223/223 222/222/222
f 226/226/226 225/225/225 224/224/224
f 227/227/227 226/226/226 224/224/224
f 227/227/227 224/224/224 228/228/228
f 226/226/226 227/227/227 229/229/229
f 227/227/227 230/230/230 229/229/229
f 229/229/229 230/230/230 231/231/231
f 230/230/230 232/232/232 231/231/231
f 233/233/233 227/227/227 228/228/228
f 233/233/233 228/228/228 234/234/234
f 232/232/232 235/235/235 231/231/231
f 235/235/235 236/236/236 231/231/231
f 232/232/232 237/237/237 235/235/235
f 237/237/237 238/238/238 235/235/235
f 232/232/232 239/239/239 237/237/237
f 233/233/233 240/240/240 227/227/227
f 240/240/240 241/241/241 227/227/227
f 241/241/241 240/240/240 242/242/242
f 243/243/243 233/233/233 234/234/234
f 243/243/243 234/234/234 244/244/244
f 242/242/242 245/245/245 239/239/239
f 240/240/240 245/245/245 242/242/242
f 240/240/240 233/233/233 246/246/246
f 233/233/233 243/243/243 246/246/246
f 247/247/247 243/243/243 244/244/244
f 247/247/247 244/244/244 248/248/248
f 249/249/249 247/247/247 248/248/248
f 247/247/247 249/249/249 250/250/250
f 249/249/249 251/251/251 250/250/250
f 247/247/247 252/252/252 243/243/243
f 252/252/252 246/246/246 243/243/243
f 250/250/250 251/251/251 253/253/253
f 251/251/251 254/254/254 253/253/253
f 240/240/240 246/246/246 255/255/255
f 246/246/246 252/252/252 255/255/255
f 245/245/245 240/240/240 255/255/255
f 245/245/245 255/255/255 256/256/256
f 252/252/252 257/257/257 255/255/255
f 255/255/255 257/257/257 256/256/256
f 257/257/257 258/258/258 256/256/256
f 256/256/256 258/258/258 253/253/253
f 253/253/253 254/254/254 259/259/259
f 254/254/254 260/260/260 259/259/259
f 253/253/253 259/259/259 261/261/261
f 262/262/262 253/253/253 261/261/261
f 262/262/262 256/256/256 253/253/253
f 261/261/261 238/238/238 262/262/262
f 238/238/238 237/237/237 262/262/262
f 262/262/262 237/237/237 256/256/256
f 263/263/263 245/245/245 256/256/256
f 237/237/237 263/263/263 256/256/256
f 245/245/245 263/263/263 239/239/239
f 239/239/239 263/263/263 237/237/237
f 266/266/266 265/265/265 264/264/264
f 267/267/267 266/266/266 264/264/264
f 267/267/267 264/264/264 268/268/268
f 266/266/266 267/267/267 269/269/269
f 270/270/270 267/267/267 268/268/268
f 270/270/270 268/268/268 271/271/271
f 272/272/272 270/270/270 271/271/271
f 267/267/267 273/273/273 269/269/269
f 267/267/267 270/270/270 273/273/273
f 269/269/269 273/273/273 274/274/274
f 270/270/270 272/272/272 275/275/275
f 270/270/270 275/275/275 273/273/273
f 272/272/272 276/276/276 275/275/275
f 273/273/273 277/277/277 274/274/274
f 273/273/273 275/275/275 277/277/277
f 275/275/275 276/276/276 278/278/278
f 275/275/275 278/278/278 277/277/277
f 276/276/276 279/279/279 278/278/278
f 277/277/277 280/280/280 274/274/274
f 277/277/277 278/278/278 280/280/280
f 280/280/280 281/281/281 274/274/274
f 278/278/278 282/282/282 280/280/280
f 278/278/278 279/279/279 282/282/282
f 279/279/279 283/283/283 282/282/282
f 286/286/286 285/285/285 284/284/284
f 285/285/285 287/287/287 284/284/284
f 284/284/284 287/287/287 288/288/288
f 287/287/287 285/285/285 289/289/289
f 287/287/287 290/290/290 288/288/288
f 288/288/288 290/290/290 291/291/291
f 290/290/290 292/292/292 291/291/291
f 290/290/290 293/293/293 292/292/292
f 293/293/293 294/294/294 292/292/292
f 285/285/285 295/295/295 289/289/289
f 294/294/294 293/293/293 296/296/296
f 293/293/293 289/289/289 296/296/296
f 297/297/297 294/294/294 296/296/296
f 298/298/298 289/289/289 295/295/295
f 289/289/289 298/298/298 296/296/296
f 299/299/299 298/298/298 295/295/295
f 299/299/299 300/300/300 298/298/298
f 300/300/300 301/301/301 298/298/298
f 298/298/298 301/301/301 296/296/296
f 300/300/300 302/302/302 301/301/301
f 302/302/302 303/303/303 301/301/301
f 296/296/296 304/304/304 297/297/297
f 301/301/301 304/304/304 296/296/296
f 301/301/301 303/303/303 304/304/304
f 304/304/304 305/305/305 297/297/297
f 303/303/303 306/306/306 304/304/304
f 304/304/304 306/306/306 305/305/305
f 306/306/306 307/307/307 305/305/305
f 310/310/310 309/309/309 308/308/308
f 311/311/311 310/310/310 308/308/308
f 311/311/311 308/308/308 312/312/312
f 310/310/310 311/311/311 313/313/313
f 311/311/311 314/314/314 313/313/313
f 315/315/315 311/311/311 312/312/312
f 313/313/313 314/314/314 316/316/316
f 312/312/312 317/317/317 315/315/315
f 314/314/314 318/318/318 316/316/316
f 318/318/318 319/319/319 316/316/316
f 319/319/319 320/320/320 316/316/316
f 321/321/321 319/319/319 318/318/318
f 322/322/322 321/321/321 318/318/318
f 323/323/323 321/321/321 322/322/322
f 317/317/317 324/324/324 315/315/315
f 324/324/324 317/317/317 325/325/325
f 326/326/326 323/323/323 322/322/322
f 327/327/327 323/323/323 326/326/326
f 315/315/315 324/324/324 328/328/328
f 315/315/315 328/328/328 329/329/329
f 324/324/324 330/330/330 328/328/328
f 331/331/331 330/330/330 324/324/324
f 328/328/328 332/332/332 329/329/329
f 333/333/333 324/324/324 325/325/325
f 333/333/333 325/325/325 334/334/334
f 335/335/335 333/333/333 334/334/334
f 333/333/333 335/335/335 336/336/336
f 335/335/335 337/337/337 336/336/336
f 338/338/338 331/331/331 324/324/324
f 331/331/331 338/338/338 332/332/332
f 338/338/338 329/329/329 332/332/332
f 336/336/336 337/337/337 339/339/339
f 337/337/337 340/340/340 339/339/339
f 340/340/340 341/341/341 339/339/339
f 341/341/341 327/327/327 339/339/339
f 339/339/339 327/327/327 326/326/326
f 329/329/329 338/338/338 342/342/342
f 329/329/329 342/342/342 322/322/322
f 338/338/338 343/343/343 342/342/342
f 342/342/342 344/344/344 322/322/322
f 326/326/326 322/322/322 344/344/344
f 345/345/345 343/343/343 338/338/338
f 345/345/345 326/326/326 344/344/344
f 326/326/326 345/345/345 338/338/338
f 348/348/348 347/347/347 346/346/346
f 349/349/349 348/348/348 346/346/346
f 349/349/349 346/346/346 350/350/350
f 349/349/349 351/351/351 348/348/348
f 351/351/351 352/352/352 348/348/348
f 351/351/351 353/353/353 352/352/352
f 353/353/353 354/354/354 352/352/352
f 355/355/355 353/353/353 351/351/351
f 356/356/356 355/355/355 351/351/351
f 356/356/356 351/351/351 349/349/349
f 357/357/357 355/355/355 356/356/356
f 358/358/358 349/349/349 350/350/350
f 358/358/358 356/356/356 349/349/349
f 359/359/359 357/357/357 356/356/356
f 359/359/359 356/356/356 358/358/358
f 360/360/360 357/357/357 359/359/359
f 361/361/361 358/358/358 350/350/350
f 361/361/361 359/359/359 358/358/358
f 362/362/362 361/361/361 350/350/350
f 361/361/361 362/362/362 363/363/363
f 364/364/364 360/360/360 359/359/359
f 364/364/364 359/359/359 361/361/361
f 365/365/365 360/360/360 364/364/364
f 366/366/366 365/365/365 364/364/364
f 367/367/367 361/361/361 363/363/363
f 367/367/367 364/364/364 361/361/361
f 366/366/366 364/364/364 367/367/367
f 367/367/367 363/363/363 368/368/368
f 369/369/369 366/366/366 367/367/367
f 369/369/369 367/367/367 368/368/368
f 372/372/372 371/371/371 370/370/370
f 373/373/373 372/372/372 370/370/370
f 373/373/373 370/370/370 374/374/374
f 372/372/372 373/373/373 375/375/375
f 376/376/376 373/373/373 374/374/374
f 376/376/376 374/374/374 377/377/377
f 378/378/378 376/376/376 377/377/377
f 373/373/373 379/379/379 375/375/375
f 373/373/373 376/376/376 379/379/379
f 375/375/375 379/379/379 380/380/380
f 376/376/376 378/378/378 381/381/381
f 376/376/376 381/381/381 379/379/379
f 378/378/378 382/382/382 381/381/381
f 379/379/379 383/383/383 380/380/380
f 384/384/384 380/380/380 383/383/383
f 385/385/385 384/384/384 383/383/383
f 381/381/381 382/382/382 386/386/386
f 385/385/385 383/383/383 386/386/386
f 382/382/382 387/387/387 386/386/386
f 388/388/388 385/385/385 386/386/386
f 388/388/388 386/386/386 387/387/387
f 389/389/389 388/388/388 387/387/387
f 392/392/392 391/391/391 390/390/390
f 393/393/393 392/392/392 390/390/390
f 390/390/390 394/394/394 393/393/393
f 394/394/394 395/395/395 393/393/393
f 398/398/398 397/397/397 396/396/396
f 399/399/399 398/398/398 396/396/396
f 402/402/402 401/401/401 400/400/400
f 401/401/401 403/403/403 400/400/400
f 401/401/401 404/404/404 403/403/403
f 404/404/404 405/405/405 403/403/403
f 408/408/408 407/407/407 406/406/406
f 409/409/409 408/408/408 406/406/406
f 412/412/412 411/411/411 410/410/410
f 411/411/411 413/413/413 410/410/410
f 410/410/410 413/413/413 414/414/414
f 413/413/413 415/415/415 414/414/414
f 418/418/418 417/417/417 416/416/416
f 419/419/419 418/418/418 416/416/416
f 422/422/422 421/421/421 420/420/420
f 423/423/423 422/422/422 420/420/420
f 424/424/424 422/422/422 423/423/423
f 425/425/425 424/424/424 423/423/423
f 428/428/428 427/427/427 426/426/426
f 429/429/429 428/428/428 426/426/426
f 432/432/432 431/431/431 430/430/430
f 433/433/433 432/432/432 430/430/430
f 430/430/430 434/434/434 433/433/433
f 434/434/434 435/435/435 433/433/433
f 438/438/438 437/437/437 436/436/436
f 437/437/437 439/439/439 436/436/436
f 437/437/437 440/440/440 439/439/439
f 440/440/440 441/441/441 439/439/439
f 444/444/444 443/443/443 442/442/442
f 445/445/445 444/444/444 442/442/442
f 448/448/448 447/447/447 446/446/446
f 447/447/447 449/449/449 446/446/446
f 446/446/446 449/449/449 450/450/450
f 449/449/449 451/451/451 450/450/450
f 454/454/454 453/453/453 452/452/452
f 455/455/455 454/454/454 452/452/452
f 458/458/458 457/457/457 456/456/456
f 459/459/459 458/458/458 456/456/456
f 460/460/460 458/458/458 459/459/459
f 461/461/461 460/460/460 459/459/459
f 464/464/464 463/463/463 462/462/462
f 465/465/465 464/464/464 462/462/462
f 468/468/468 467/467/467 466/466/466
f 467/467/467 469/469/469 466/466/466
f 466/466/466 469/469/469 470/470/470
f 469/469/469 471/471/471 470/470/470
f 474/474/474 473/473/473 472/472/472
f 475/475/475 474/474/474 472/472/472
f 478/478/478 477/477/477 476/476/476
f 479/479/479 478/478/478 476/476/476
f 480/480/480 478/478/478 479/479/479
f 481/481/481 480/480/480 479/479/479
f 484/484/484 483/483/483 482/482/482
f 485/485/485 484/484/484 482/482/482
f 488/488/488 487/487/487 486/486/486
f 489/489/489 488/488/488 486/486/486
f 490/490/490 488/488/488 489/489/489
f 491/491/491 490/490/490 489/489/489
f 494/494/494 493/493/493 492/492/492
f 493/493/493 495/495/495 492/492/492
f 492/492/492 495/495/495 496/496/496
f 495/495/495 497/497/497 496/496/496
f 500/500/500 499/499/499 498/498/498
f 501/501/501 500/500/500 498/498/498
f 504/504/504 503/503/503 502/502/502
f 505/505/505 504/504/504 502/502/502
f 508/508/508 507/507/507 506/506/506
f 509/509/509 508/508/508 506/506/506
f 512/512/512 511/511/511 510/510/510
f 513/513/513 512/512/512 510/510/510
f 516/516/516 515/515/515 514/514/514
f 517/517/517 516/516/516 514/514/514
f 520/520/520 519/519/519 518/518/518
f 521/521/521 520/520/520 518/518/518
f 524/524/524 523/523/523 522/522/522
f 525/525/525 524/524/524 522/522/522
f 528/528/528 527/527/527 526/526/526
f 529/529/529 528/528/528 526/526/526
f 532/532/532 531/531/531 530/530/530
f 533/533/533 532/532/532 530/530/530
f 536/536/536 535/535/535 534/534/534
f 537/537/537 536/536/536 534/534/534
f 540/540/540 539/539/539 538/538/538
f 541/541/541 540/540/540 538/538/538
f 544/544/544 543/543/543 542/542/542
f 545/545/545 544/544/544 542/542/542
f 548/548/548 547/547/547 546/546/546
f 549/549/549 548/548/548 546/546/546
f 552/552/552 551/551/551 550/550/550
f 553/553/553 552/552/552 550/550/550
f 553/553/553 550/550/550 554/554/554
f 550/550/550 555/555/555 554/554/554
f 555/555/555 556/556/556 554/554/554
f 556/556/556 557/557/557 554/554/554
f 557/557/557 556/556/556 558/558/558
f 556/556/556 559/559/559 558/558/558
f 562/562/562 561/561/561 560/560/560
f 563/563/563 562/562/562 560/560/560
f 566/566/566 565/565/565 564/564/564
f 567/567/567 566/566/566 564/564/564
f 570/570/570 569/569/569 568/568/568
f 571/571/571 570/570/570 568/568/568
f 574/574/574 573/573/573 572/572/572
f 575/575/575 574/574/574 572/572/572
f 578/578/578 577/577/577 576/576/576
f 579/579/579 578/578/578 576/576/576
f 582/582/582 581/581/581 580/580/580
f 583/583/583 582/582/582 580/580/580
f 586/586/586 585/585/585 584/584/584
f 587/587/587 586/586/586 584/584/584
f 590/590/590 589/589/589 588/588/588
f 591/591/591 590/590/590 588/588/588
f 594/594/594 593/593/593 592/592/592
f 595/595/595 594/594/594 592/592/592
f 598/598/598 597/597/597 596/596/596
f 599/599/599 598/598/598 596/596/596
f 602/602/602 601/601/601 600/600/600
f 603/603/603 602/602/602 600/600/600
f 606/606/606 605/605/605 604/604/604
f 607/607/607 606/606/606 604/604/604
f 610/610/610 609/609/609 608/608/608
f 611/611/611 610/610/610 608/608/608
f 614/614/614 613/613/613 612/612/612
f 615/615/615 614/614/614 612/612/612
f 616/616/616 614/614/614 615/615/615
f 617/617/617 616/616/616 615/615/615
f 620/620/620 619/619/619 618/618/618
f 619/619/619 621/621/621 618/618/618
f 618/618/618 621/621/621 622/622/622
f 621/621/621 623/623/623 622/622/622
f 626/626/626 625/625/625 624/624/624
f 627/627/627 626/626/626 624/624/624
f 630/630/630 629/629/629 628/628/628
f 631/631/631 630/630/630 628/628/628
f 634/634/634 633/633/633 632/632/632
f 635/635/635 634/634/634 632/632/632
f 638/638/638 637/637/637 636/636/636
f 639/639/639 638/638/638 636/636/636
f 642/642/642 641/641/641 640/640/640
f 643/643/643 642/642/642 640/640/640
f 646/646/646 645/645/645 644/644/644
f 647/647/647 646/646/646 644/644/644
f 650/650/650 649/649/649 648/648/648
f 651/651/651 650/650/650 648/648/648
f 654/654/654 653/653/653 652/652/652
f 655/655/655 654/654/654 652/652/652
f 658/658/658 657/657/657 656/656/656
f 659/659/659 658/658/658 656/656/656
f 662/662/662 661/661/661 660/660/660
f 663/663/663 662/662/662 660/660/660
f 666/666/666 665/665/665 664/664/664
f 667/667/667 666/666/666 664/664/664
f 670/670/670 669/669/669 668/668/668
f 671/671/671 670/670/670 668/668/668
f 674/674/674 673/673/673 672/672/672
f 675/675/675 674/674/674 672/672/672
f 678/678/678 677/677/677 676/676/676
f 679/679/679 678/678/678 676/676/676
f 682/682/682 681/681/681 680/680/680
f 683/683/683 682/682/682 680/680/680
f 686/686/686 685/685/685 684/684/684
f 687/687/687 686/686/686 684/684/684
f 687/687/687 684/684/684 688/688/688
f 689/689/689 687/687/687 688/688/688
f 689/689/689 688/688/688 690/690/690
f 691/691/691 689/689/689 690/690/690
f 691/691/691 690/690/690 692/692/692
f 693/693/693 691/691/691 692/692/692
f 692/692/692 694/694/694 693/693/693
f 694/694/694 695/695/695 693/693/693
f 695/695/695 694/694/694 696/696/696
f 697/697/697 695/695/695 696/696/696
f 697/697/697 696/696/696 698/698/698
f 699/699/699 697/697/697 698/698/698
f 699/699/699 698/698/698 700/700/700
f 701/701/701 699/699/699 700/700/700
f 701/701/701 700/700/700 702/702/702
f 703/703/703 701/701/701 702/702/702
f 703/703/703 702/702/702 704/704/704
f 705/705/705 703/703/703 704/704/704
f 705/705/705 704/704/704 706/706/706
f 707/707/707 705/705/705 706/706/706
f 707/707/707 706/706/706 708/708/708
f 709/709/709 707/707/707 708/708/708
f 709/709/709 708/708/708 710/710/710
f 711/711/711 709/709/709 710/710/710
f 711/711/711 710/710/710 712/712/712
f 713/713/713 711/711/711 712/712/712
f 713/713/713 712/712/712 714/714/714
f 715/715/715 713/713/713 714/714/714
f 715/715/715 714/714/714 716/716/716
f 717/717/717 715/715/715 716/716/716
f 717/717/717 716/716/716 718/718/718
f 719/719/719 717/717/717 718/718/718
f 719/719/719 718/718/718 720/720/720
f 721/721/721 719/719/719 720/720/720
f 721/721/721 720/720/720 722/722/722
f 723/723/723 721/721/721 722/722/722
f 726/726/726 725/725/725 724/724/724
f 727/727/727 726/726/726 724/724/724
f 730/730/730 729/729/729 728/728/728
f 729/729/729 731/731/731 728/728/728
f 731/731/731 729/729/729 732/732/732
f 733/733/733 731/731/731 732/732/732
f 732/732/732 734/734/734 733/733/733
f 737/737/737 736/736/736 735/735/735
f 736/736/736 737/737/737 738/738/738
f 739/739/739 736/736/736 738/738/738
f 738/738/738 740/740/740 739/739/739
f 740/740/740 741/741/741 739/739/739
f 741/741/741 740/740/740 742/742/742
f 743/743/743 741/741/741 742/742/742
f 743/743/743 742/742/742 744/744/744
f 745/745/745 743/743/743 744/744/744
f 745/745/745 744/744/744 746/746/746
f 746/746/746 748/748/748 747/747/747
f 748/748/748 749/749/749 747/747/747
f 749/749/749 748/748/748 750/750/750
f 751/751/751 749/749/749 750/750/750
f 751/751/751 750/750/750 752/752/752
f 752/752/752 754/754/754 753/753/753
f 754/754/754 755/755/755 753/753/753
f 755/755/755 754/754/754 756/756/756
f 757/757/757 755/755/755 756/756/756
f 756/756/756 758/758/758 757/757/757
f 758/758/758 759/759/759 757/757/757
f 758/758/758 760/760/760 759/759/759
f 760/760/760 761/761/761 759/759/759
f 760/760/760 762/762/762 761/761/761
f 762/762/762 763/763/763 761/761/761
f 763/763/763 762/762/762 764/764/764
f 765/765/765 763/763/763 764/764/764
f 765/765/765 764/764/764 766/766/766
f 767/767/767 765/765/765 766/766/766
f 766/766/766 768/768/768 767/767/767
f 768/768/768 769/769/769 767/767/767
f 769/769/769 768/768/768 770/770/770
f 771/771/771 769/769/769 770/770/770
f 771/771/771 770/770/770 772/772/772
f 773/773/773 771/771/771 772/772/772
f 773/773/773 772/772/772 774/774/774
f 775/775/775 773/773/773 774/774/774
f 774/774/774 776/776/776 775/775/775
f 776/776/776 777/777/777 775/775/775
f 776/776/776 778/778/778 777/777/777
f 778/778/778 779/779/779 777/777/777
f 778/778/778 780/780/780 779/779/779
f 780/780/780 781/781/781 779/779/779
f 780/780/780 782/782/782 781/781/781
f 785/785/785 784/784/784 783/783/783
f 784/784/784 786/786/786 783/783/783
f 783/783/783 786/786/786 787/787/787
f 786/786/786 788/788/788 787/787/787
f 787/787/787 788/788/788 789/789/789
f 788/788/788 790/790/790 789/789/789
f 789/789/789 790/790/790 791/791/791
f 794/794/794 793/793/793 792/792/792
f 795/795/795 794/794/794 792/792/792
f 796/796/796 794/794/794 795/795/795
f 797/797/797 796/796/796 795/795/795
f 800/800/800 799/799/799 798/798/798
f 801/801/801 800/800/800 798/798/798
f 802/802/802 800/800/800 801/801/801
f 803/803/803 802/802/802 801/801/801
f 806/806/806 805/805/805 804/804/804
f 807/807/807 806/806/806 804/804/804
f 808/808/808 806/806/806 807/807/807
f 809/809/809 808/808/808 807/807/807
f 810/810/810 808/808/808 809/809/809
f 811/811/811 810/810/810 809/809/809
f 812/812/812 810/810/810 811/811/811
f 813/813/813 812/812/812 811/811/811
f 814/814/814 812/812/812 813/813/813
f 817/817/817 816/816/816 815/815/815
f 818/818/818 816/816/816 817/817/817
f 819/819/819 818/818/818 817/817/817
f 820/820/820 818/818/818 819/819/819
f 821/821/821 820/820/820 819/819/819
f 822/822/822 820/820/820 821/821/821
f 823/823/823 822/822/822 821/821/821
f 824/824/824 822/822/822 823/823/823
f 825/825/825 824/824/824 823/823/823
f 828/828/828 827/827/827 826/826/826
f 829/829/829 828/828/828 826/826/826
f 830/830/830 828/828/828 829/829/829
f 831/831/831 830/830/830 829/829/829
f 832/832/832 830/830/830 831/831/831
f 833/833/833 832/832/832 831/831/831
f 834/834/834 832/832/832 833/833/833
f 837/837/837 836/836/836 835/835/835
f 838/838/838 837/837/837 835/835/835
f 841/841/841 840/840/840 839/839/839
f 842/842/842 841/841/841 839/839/839
f 843/843/843 841/841/841 842/842/842
f 844/844/844 843/843/843 842/842/842
f 847/847/847 846/846/846 845/845/845
f 848/848/848 847/847/847 845/845/845
f 851/851/851 850/850/850 849/849/849
f 852/852/852 851/851/851 849/849/849
f 855/855/855 854/854/854 853/853/853
f 856/856/856 855/855/855 853/853/853
f 859/859/859 858/858/858 857/857/857
f 858/858/858 860/860/860 857/857/857
f 857/857/857 860/860/860 861/861/861
f 860/860/860 862/862/862 861/861/861
f 865/865/865 864/864/864 863/863/863
f 866/866/866 865/865/865 863/863/863
f 865/865/865 866/866/866 867/867/867
f 866/866/866 868/868/868 867/867/867
f 869/869/869 867/867/867 868/868/868
f 870/870/870 869/869/869 868/868/868
f 873/873/873 872/872/872 871/871/871
f 872/872/872 874/874/874 871/871/871
f 871/871/871 874/874/874 875/875/875
f 876/876/876 871/871/871 875/875/875
f 877/877/877 876/876/876 875/875/875
f 878/878/878 877/877/877 875/875/875
f 877/877/877 878/878/878 879/879/879
f 878/878/878 880/880/880 879/879/879
f 883/883/883 882/882/882 881/881/881
f 884/884/884 883/883/883 881/881/881
f 884/884/884 885/885/885 883/883/883
f 885/885/885 886/886/886 883/883/883
f 887/887/887 886/886/886 885/885/885
f 888/888/888 887/887/887 885/885/885
f 889/889/889 887/887/887 888/888/888
f 890/890/890 889/889/889 888/888/888
f 893/893/893 892/892/892 891/891/891
f 892/892/892 894/894/894 891/891/891
f 891/891/891 894/894/894 895/895/895
f 896/896/896 891/891/891 895/895/895
f 897/897/897 896/896/896 895/895/895
f 898/898/898 897/897/897 895/895/895
f 897/897/897 898/898/898 899/899/899
f 898/898/898 900/900/900 899/899/899
f 903/903/903 902/902/902 901/901/901
f 904/904/904 903/903/903 901/901/901
f 907/907/907 906/906/906 905/905/905
f 906/906/906 908/908/908 905/905/905
f 909/909/909 905/905/905 908/908/908
f 910/910/910 909/909/909 908/908/908
f 909/909/909 910/910/910 911/911/911
f 910/910/910 912/912/912 911/911/911
f 911/911/911 912/912/912 913/913/913
f 912/912/912 914/914/914 913/913/913
f 917/917/917 916/916/916 915/915/915
f 918/918/918 917/917/917 915/915/915
f 921/921/921 920/920/920 919/919/919
f 922/922/922 921/921/921 919/919/919
f 923/923/923 921/921/921 922/922/922
f 924/924/924 923/923/923 922/922/922
f 924/924/924 925/925/925 923/923/923
f 925/925/925 926/926/926 923/923/923
f 927/927/927 926/926/926 925/925/925
f 928/928/928 927/927/927 925/925/925
f 931/931/931 930/930/930 929/929/929
f 932/932/932 931/931/931 929/929/929
f 935/935/935 934/934/934 933/933/933
f 936/936/936 935/935/935 933/933/933
f 939/939/939 938/938/938 937/937/937
f 940/940/940 939/939/939 937/937/937
f 941/941/941 939/939/939 940/940/940
f 942/942/942 941/941/941 940/940/940
f 941/941/941 942/942/942 943/943/943
f 942/942/942 944/944/944 943/943/943
f 945/945/945 943/943/943 944/944/944
f 946/946/946 945/945/945 944/944/944
f 947/947/947 945/945/945 946/946/946
f 948/948/948 947/947/947 946/946/946
f 947/947/947 948/948/948 949/949/949
f 948/948/948 950/950/950 949/949/949
f 951/951/951 949/949/949 950/950/950
f 952/952/952 951/951/951 950/950/950
f 955/955/955 954/954/954 953/953/953
f 956/956/956 955/955/955 953/953/953
f 959/959/959 958/958/958 957/957/957
f 960/960/960 959/959/959 957/957/957
f 961/961/961 959/959/959 960/960/960
f 962/962/962 961/961/961 960/960/960
f 965/965/965 964/964/964 963/963/963
f 966/966/966 965/965/965 963/963/963
f 969/969/969 968/968/968 967/967/967
f 970/970/970 969/969/969 967/967/967
f 968/968/968 969/969/969 971/971/971
f 970/970/970 967/967/967 972/972/972
f 969/969/969 973/973/973 971/971/971
f 973/973/973 969/969/969 970/970/970
f 973/973/973 974/974/974 971/971/971
f 974/974/974 973/973/973 970/970/970
f 974/974/974 975/975/975 971/971/971
f 975/975/975 974/974/974 976/976/976
f 974/974/974 970/970/970 976/976/976
f 977/977/977 976/976/976 970/970/970
f 978/978/978 970/970/970 972/972/972
f 978/978/978 977/977/977 970/970/970
f 978/978/978 972/972/972 979/979/979
f 978/978/978 980/980/980 977/977/977
f 980/980/980 978/978/978 979/979/979
f 980/980/980 981/981/981 977/977/977
f 980/980/980 979/979/979 982/982/982
f 983/983/983 981/981/981 980/980/980
f 984/984/984 980/980/980 982/982/982
f 984/984/984 983/983/983 980/980/980
f 985/985/985 984/984/984 982/982/982
f 985/985/985 982/982/982 986/986/986
f 985/985/985 986/986/986 987/987/987
f 988/988/988 985/985/985 987/987/987
f 984/984/984 985/985/985 988/988/988
f 987/987/987 989/989/989 988/988/988
f 989/989/989 990/990/990 988/988/988
f 989/989/989 991/991/991 990/990/990
f 992/992/992 990/990/990 991/991/991
f 990/990/990 992/992/992 993/993/993
f 994/994/994 990/990/990 993/993/993
f 990/990/990 994/994/994 995/995/995
f 990/990/990 995/995/995 996/996/996
f 990/990/990 996/996/996 997/997/997
f 988/988/988 990/990/990 997/997/997
f 988/988/988 997/997/997 998/998/998
f 988/988/988 998/998/998 999/999/999
f 988/988/988 999/999/999 1000/1000/1000
f 1000/1000/1000 984/984/984 988/988/988
f 1001/1001/1001 984/984/984 1000/1000/1000
f 1000/1000/1000 1002/1002/1002 1001/1001/1001
f 1002/1002/1002 1003/1003/1003 1001/1001/1001
f 1003/1003/1003 1004/1004/1004 1001/1001/1001
f 1004/1004/1004 1005/1005/1005 1001/1001/1001
f 1005/1005/1005 1006/1006/1006 1001/1001/1001
f 1005/1005/1005 1007/1007/1007 1006/1006/1006
f 1008/1008/1008 1006/1006/1006 1007/1007/1007
f 1006/1006/1006 1008/1008/1008 1009/1009/1009
f 1010/1010/1010 1006/1006/1006 1009/1009/1009
f 1006/1006/1006 1010/1010/1010 1011/1011/1011
f 1006/1006/1006 1011/1011/1011 1012/1012/1012
f 1006/1006/1006 1012/1012/1012 1013/1013/1013
f 1001/1001/1001 1006/1006/1006 1013/1013/1013
f 1013/1013/1013 1014/1014/1014 1001/1001/1001
f 1014/1014/1014 1015/1015/1015 1001/1001/1001
f 1015/1015/1015 984/984/984 1001/1001/1001
f 1014/1014/1014 1016/1016/1016 1015/1015/1015
f 1015/1015/1015 1016/1016/1016 984/984/984
f 1016/1016/1016 1017/1017/1017 984/984/984
f 984/984/984 1017/1017/1017 983/983/983
f 1016/1016/1016 1018/1018/1018 1017/1017/1017
f 1017/1017/1017 1019/1019/1019 983/983/983
f 1018/1018/1018 1020/1020/1020 1017/1017/1017
f 1017/1017/1017 1021/1021/1021 1019/1019/1019
f 1020/1020/1020 1021/1021/1021 1017/1017/1017
f 1021/1021/1021 1022/1022/1022 1019/1019/1019
f 1020/1020/1020 1023/1023/1023 1021/1021/1021
f 1021/1021/1021 1024/1024/1024 1022/1022/1022
f 1023/1023/1023 1024/1024/1024 1021/1021/1021
f 1024/1024/1024 1025/1025/1025 1022/1022/1022
f 1026/1026/1026 1024/1024/1024 1023/1023/1023
f 1027/1027/1027 1026/1026/1026 1023/1023/1023
f 1026/1026/1026 1027/1027/1027 1028/1028/1028
f 1024/1024/1024 1029/1029/1029 1025/1025/1025
f 1029/1029/1029 1030/1030/1030 1025/1025/1025
f 1030/1030/1030 1029/1029/1029 1028/1028/1028
f 1026/1026/1026 1031/1031/1031 1024/1024/1024
f 1031/1031/1031 1026/1026/1026 1028/1028/1028
f 1031/1031/1031 1029/1029/1029 1024/1024/1024
f 1029/1029/1029 1031/1031/1031 1028/1028/1028
f 1034/1034/1034 1033/1033/1033 1032/1032/1032
f 1033/1033/1033 1035/1035/1035 1032/1032/1032
f 1033/1033/1033 1034/1034/1034 1036/1036/1036
f 1035/1035/1035 1033/1033/1033 1037/1037/1037
f 1038/1038/1038 1033/1033/1033 1036/1036/1036
f 1033/1033/1033 1039/1039/1039 1037/1037/1037
f 1033/1033/1033 1038/1038/1038 1040/1040/1040
f 1039/1039/1039 1033/1033/1033 1041/1041/1041
f 1042/1042/1042 1033/1033/1033 1040/1040/1040
f 1033/1033/1033 1043/1043/1043 1041/1041/1041
f 1033/1033/1033 1042/1042/1042 1044/1044/1044
f 1043/1043/1043 1033/1033/1033 1045/1045/1045
f 1046/1046/1046 1033/1033/1033 1044/1044/1044
f 1033/1033/1033 1047/1047/1047 1045/1045/1045
f 1033/1033/1033 1046/1046/1046 1048/1048/1048
f 1047/1047/1047 1033/1033/1033 1049/1049/1049
f 1050/1050/1050 1033/1033/1033 1048/1048/1048
f 1033/1033/1033 1051/1051/1051 1049/1049/1049
f 1033/1033/1033 1050/1050/1050 1052/1052/1052
f 1051/1051/1051 1033/1033/1033 1052/1052/1052
f 1055/1055/1055 1054/1054/1054 1053/1053/1053
f 1054/1054/1054 1056/1056/1056 1053/1053/1053
f 1057/1057/1057 1053/1053/1053 1056/1056/1056
f 1058/1058/1058 1057/1057/1057 1056/1056/1056
f 1059/1059/1059 1057/1057/1057 1058/1058/1058
f 1058/1058/1058 1060/1060/1060 1059/1059/1059
f 1060/1060/1060 1058/1058/1058 1061/1061/1061
f 1058/1058/1058 1062/1062/1062 1061/1061/1061
f 1062/1062/1062 1058/1058/1058 1063/1063/1063
f 1063/1063/1063 1058/1058/1058 1064/1064/1064
f 1064/1064/1064 1058/1058/1058 1065/1065/1065
f 1058/1058/1058 1056/1056/1056 1065/1065/1065
f 1065/1065/1065 1056/1056/1056 1066/1066/1066
f 1066/1066/1066 1056/1056/1056 1067/1067/1067
f 1068/1068/1068 1054/1054/1054 1055/1055/1055
f 1067/1067/1067 1056/1056/1056 1069/1069/1069
f 1056/1056/1056 1054/1054/1054 1070/1070/1070
f 1070/1070/1070 1054/1054/1054 1068/1068/1068
f 1069/1069/1069 1056/1056/1056 1070/1070/1070
f 1070/1070/1070 1071/1071/1071 1069/1069/1069
f 1072/1072/1072 1069/1069/1069 1071/1071/1071
f 1073/1073/1073 1072/1072/1072 1071/1071/1071
f 1074/1074/1074 1073/1073/1073 1071/1071/1071
f 1075/1075/1075 1074/1074/1074 1071/1071/1071
f 1076/1076/1076 1075/1075/1075 1071/1071/1071
f 1077/1077/1077 1075/1075/1075 1076/1076/1076
f 1076/1076/1076 1078/1078/1078 1077/1077/1077
f 1078/1078/1078 1076/1076/1076 1079/1079/1079
f 1076/1076/1076 1080/1080/1080 1079/1079/1079
f 1080/1080/1080 1076/1076/1076 1081/1081/1081
f 1081/1081/1081 1076/1076/1076 1082/1082/1082
f 1082/1082/1082 1076/1076/1076 1083/1083/1083
f 1076/1076/1076 1071/1071/1071 1083/1083/1083
f 1083/1083/1083 1071/1071/1071 1084/1084/1084
f 1070/1070/1070 1084/1084/1084 1071/1071/1071
f 1085/1085/1085 1083/1083/1083 1084/1084/1084
f 1086/1086/1086 1085/1085/1085 1084/1084/1084
f 1086/1086/1086 1084/1084/1084 1070/1070/1070
f 1087/1087/1087 1086/1086/1086 1070/1070/1070
f 1088/1088/1088 1086/1086/1086 1087/1087/1087
f 1089/1089/1089 1088/1088/1088 1087/1087/1087
f 1090/1090/1090 1089/1089/1089 1087/1087/1087
f 1091/1091/1091 1089/1089/1089 1090/1090/1090
f 1087/1087/1087 1070/1070/1070 1092/1092/1092
f 1093/1093/1093 1087/1087/1087 1092/1092/1092
f 1090/1090/1090 1087/1087/1087 1093/1093/1093
f 1094/1094/1094 1090/1090/1090 1093/1093/1093
f 1092/1092/1092 1070/1070/1070 1095/1095/1095
f 1095/1095/1095 1070/1070/1070 1068/1068/1068
f 1096/1096/1096 1092/1092/1092 1095/1095/1095
f 1097/1097/1097 1095/1095/1095 1068/1068/1068
f 1098/1098/1098 1090/1090/1090 1094/1094/1094
f 1098/1098/1098 1091/1091/1091 1090/1090/1090
f 1099/1099/1099 1098/1098/1098 1094/1094/1094
f 1095/1095/1095 1100/1100/1100 1096/1096/1096
f 1100/1100/1100 1095/1095/1095 1097/1097/1097
f 1100/1100/1100 1101/1101/1101 1096/1096/1096
f 1101/1101/1101 1100/1100/1100 1102/1102/1102
f 1103/1103/1103 1100/1100/1100 1097/1097/1097
f 1102/1102/1102 1100/1100/1100 1103/1103/1103
f 1104/1104/1104 1101/1101/1101 1102/1102/1102
f 1105/1105/1105 1102/1102/1102 1103/1103/1103
f 1098/1098/1098 1106/1106/1106 1091/1091/1091
f 1106/1106/1106 1107/1107/1107 1091/1091/1091
f 1107/1107/1107 1106/1106/1106 1108/1108/1108
f 1109/1109/1109 1098/1098/1098 1099/1099/1099
f 1110/1110/1110 1109/1109/1109 1099/1099/1099
f 1109/1109/1109 1110/1110/1110 1108/1108/1108
f 1111/1111/1111 1106/1106/1106 1098/1098/1098
f 1106/1106/1106 1111/1111/1111 1108/1108/1108
f 1109/1109/1109 1111/1111/1111 1098/1098/1098
f 1111/1111/1111 1109/1109/1109 1108/1108/1108
f 1102/1102/1102 1112/1112/1112 1104/1104/1104
f 1112/1112/1112 1113/1113/1113 1104/1104/1104
f 1113/1113/1113 1112/1112/1112 1114/1114/1114
f 1115/1115/1115 1102/1102/1102 1105/1105/1105
f 1116/1116/1116 1115/1115/1115 1105/1105/1105
f 1115/1115/1115 1116/1116/1116 1114/1114/1114
f 1112/1112/1112 1117/1117/1117 1114/1114/1114
f 1117/1117/1117 1112/1112/1112 1102/1102/1102
f 1115/1115/1115 1117/1117/1117 1102/1102/1102
f 1117/1117/1117 1115/1115/1115 1114/1114/1114
f 1120/1120/1120 1119/1119/1119 1118/1118/1118
f 1121/1121/1121 1120/1120/1120 1118/1118/1118
f 1119/1119/1119 1120/1120/1120 1122/1122/1122
f 1120/1120/1120 1121/1121/1121 1123/1123/1123
f 1120/1120/1120 1124/1124/1124 1122/1122/1122
f 1125/1125/1125 1120/1120/1120 1123/1123/1123
f 1124/1124/1124 1120/1120/1120 1126/1126/1126
f 1120/1120/1120 1125/1125/1125 1127/1127/1127
f 1120/1120/1120 1128/1128/1128 1126/1126/1126
f 1129/1129/1129 1120/1120/1120 1127/1127/1127
f 1128/1128/1128 1120/1120/1120 1130/1130/1130
f 1120/1120/1120 1129/1129/1129 1131/1131/1131
f 1120/1120/1120 1132/1132/1132 1130/1130/1130
f 1133/1133/1133 1120/1120/1120 1131/1131/1131
f 1132/1132/1132 1120/1120/1120 1134/1134/1134
f 1120/1120/1120 1133/1133/1133 1135/1135/1135
f 1120/1120/1120 1136/1136/1136 1134/1134/1134
f 1137/1137/1137 1120/1120/1120 1135/1135/1135
f 1136/1136/1136 1120/1120/1120 1138/1138/1138
f 1120/1120/1120 1137/1137/1137 1138/1138/1138
