g Sign
v -1.4489414E-18 -0.007002935 0.013390938
v -1.9898754E-18 -0.0069807204 0.0052503124
v 0.004027296 -0.0069807204 0.0051842914
v 0.004027296 -0.007002935 0.013324916
v -1.3223397E-18 -0.0074398126 0.0139611
v 0.004027296 -0.0074398126 0.013895079
v -1.222045E-18 -0.007943333 0.014412788
v 0.004027296 -0.007943333 0.014346766
v -1.1792964E-18 -0.008624567 0.014605311
v 0.004027296 -0.008624567 0.014539289
v -1.9898754E-18 -0.0069807204 0.0052503124
v 0.004027296 0.00016092538 0.014337979
v 0.004027296 -0.0069807204 0.0051842914
v 4.265168E-20 0.00016092538 0.014404001
v 0.004027296 0.0008242362 0.014536973
v 8.683705E-20 0.0008242362 0.014602995
v 0.004027296 0.0016202092 0.014536973
v 8.683705E-20 0.0016202092 0.014602995
v -5.187888E-18 0.012242151 -0.009152254
v -5.6447434E-18 0.012150025 -0.011209746
v 0.004027296 0.012150025 -0.011275768
v 0.004027296 0.012242151 -0.009218275
v -4.58443E-18 0.01216538 -0.0064345207
v 0.004027296 0.01216538 -0.006500542
v -4.1309842E-18 0.011566556 -0.004392383
v 0.004027296 0.011566556 -0.004458404
v -3.6298075E-18 0.010107887 -0.0021352835
v 0.004027296 0.010107887 -0.0022013048
v -3.2684148E-18 0.008480319 -0.00050771504
v 0.004027296 0.008480319 -0.00057373627
v -2.9752092E-18 0.006868105 0.0008127652
v 0.004027296 0.006868105 0.000746744
v -2.7706475E-18 0.0050869924 0.0017340305
v 0.004027296 0.0050869924 0.0016680093
v -5.6447434E-18 0.012150025 -0.011209746
v 0.004027296 0.011182697 -0.013640349
v 0.004027296 0.012150025 -0.011275768
v -6.169786E-18 0.011182697 -0.013574327
v 0.004027296 0.009754736 -0.0154061075
v -6.561863E-18 0.009754736 -0.015340086
v 0.004027296 0.007896851 -0.016864777
v -6.885753E-18 0.007896851 -0.016798755
v 0.004027296 0.0063767633 -0.017540373
v -7.035765E-18 0.0063767633 -0.017474351
v 0.004027296 0.0037204488 -0.018461637
v -7.240328E-18 0.0037204488 -0.018395616
v 0.004027296 0.0016168932 -0.01875337
v -7.305105E-18 0.0016168932 -0.018687349
v 0.004027296 -0.0012543831 -0.018860852
v -7.328971E-18 -0.0012543831 -0.01879483
v 0.004027296 -0.0053233043 -0.018768726
v -7.308515E-18 -0.0053233043 -0.018702704
v 8.683705E-20 0.0016202092 0.014602995
v 0.004027296 0.0023940718 0.0142274285
v 0.004027296 0.0016202092 0.014536973
v 1.8104253E-20 0.0023940718 0.01429345
v 0.004027296 0.003013162 0.013475676
v -1.4881826E-19 0.003013162 0.013541698
v 0.004027296 0.003256376 0.012701814
v -3.2065028E-19 0.003256376 0.0127678355
v 0.004027296 0.0031679347 0.011552075
v -5.7594353E-19 0.0031679347 0.011618096
v -5.7594353E-19 0.0031679347 0.011618096
v 0.004027296 0.0025488446 0.010579219
v 0.004027296 0.0031679347 0.011552075
v -7.919609E-19 0.0025488446 0.010645241
v 0.004027296 -0.0028681937 0.003680787
v -2.3237205E-18 -0.0028681937 0.003746808
v -2.3237205E-18 -0.0028681937 0.003746808
v 0.004027296 -0.0016742339 0.0036542546
v 0.004027296 -0.0028681937 0.003680787
v -2.329612E-18 -0.0016742339 0.0037202756
v 0.004027296 7.6907134E-05 0.0040257084
v -2.2471325E-18 7.690713E-05 0.00409173
v 0.004027296 0.001774983 0.0046890196
v -2.099848E-18 0.001774983 0.004755041
v 0.004027296 0.0035791888 0.0056972527
v -1.8759753E-18 0.0035791888 0.0057632737
v 0.004027296 0.005648719 0.0072626667
v -1.5283836E-18 0.005648719 0.0073286877
v 0.004027296 0.006471224 0.008615821
v -1.2279229E-18 0.006471224 0.008681842
v 0.004027296 0.007001873 0.0105526885
v -7.978519E-19 0.007001873 0.01061871
v -7.308515E-18 -0.0053233043 -0.018702704
v 0.004027296 -0.0070890626 -0.018523054
v 0.004027296 -0.0053233043 -0.018768726
v -7.2539645E-18 -0.0070890626 -0.018457033
v 0.004027296 -0.009914276 -0.018016359
v -7.1414555E-18 -0.009914276 -0.017950337
v 0.004027296 -0.010973731 -0.017141158
v -6.947122E-18 -0.010973731 -0.017075134
v -6.947122E-18 -0.010973731 -0.017075134
v 0.004027296 -0.010896959 -0.0151143735
v 0.004027296 -0.010973731 -0.017141158
v -6.497085E-18 -0.010896959 -0.015048352
v 0.004027296 -0.010374908 -0.0144694885
v -6.3538915E-18 -0.010374908 -0.014403467
v 0.004027296 -0.009714669 -0.014024211
v -6.25502E-18 -0.009714669 -0.01395819
v 0.004027296 -0.008747339 -0.013962793
v -6.241383E-18 -0.008747339 -0.013896772
v -7.978519E-19 0.007001873 0.01061871
v 0.004027296 0.0067630815 0.013020205
v 0.004027296 0.007001873 0.0105526885
v -2.499531E-19 0.0067630815 0.013086227
v 0.004027296 0.0058609783 0.014771347
v 1.3887836E-19 0.0058609783 0.014837368
v 0.004027296 0.0042159674 0.016044904
v 4.2166483E-19 0.0042159674 0.016110925
v 0.004027296 0.0022260344 0.016681682
v 5.6305807E-19 0.0022260344 0.016747704
v 0.004027296 -0.00050680665 0.016920475
v 6.1608055E-19 -0.00050680665 0.016986497
v -6.241383E-18 -0.008747339 -0.013896772
v 0.004027296 -0.007042999 -0.014285237
v 0.004027296 -0.008747339 -0.013962793
v -6.312979E-18 -0.007042999 -0.014219214
v 0.004027296 -0.005507557 -0.014638388
v -6.391395E-18 -0.005507557 -0.014572366
v -6.391395E-18 -0.005507557 -0.014572366
v 0.004027296 -0.0037110902 -0.014837995
v 0.004027296 -0.005507557 -0.014638388
v -6.4357166E-18 -0.0037110902 -0.014771974
v 0.004027296 -0.0012236743 -0.014837995
v -6.4357166E-18 -0.0012236743 -0.014771974
v 0.004027296 0.0016936655 -0.014653742
v -6.3948043E-18 0.0016936655 -0.01458772
v 0.004027296 0.0041350187 -0.014085629
v -6.2686576E-18 0.0041350187 -0.014019607
v 0.004027296 0.006115739 -0.013056883
v -6.0402304E-18 0.006115739 -0.01299086
v 0.004027296 0.007820079 -0.011152933
v -5.6174687E-18 0.007820079 -0.011086912
v 0.004027296 0.008050396 -0.0074832267
v -4.8026305E-18 0.008050396 -0.0074172053
v 6.1608055E-19 -0.00050680665 0.016986497
v 0.004027296 -0.0032396477 0.016973538
v 0.004027296 -0.00050680665 0.016920475
v 6.278633E-19 -0.0032396477 0.017039562
v 0.004027296 -0.0060255537 0.01665515
v 5.571667E-19 -0.0060255537 0.016721172
v 0.004027296 -0.008201214 0.016124502
v 4.39339E-19 -0.008201214 0.016190523
v 0.004027296 -0.009527836 0.016044905
v 4.216648E-19 -0.009527836 0.016110927
v 4.216648E-19 -0.009527836 0.016110927
v 0.004027296 -0.010429939 0.016575553
v 0.004027296 -0.009527836 0.016044905
v 5.394925E-19 -0.010429939 0.016641574
v 0.004027296 -0.010934055 0.01753072
v 7.5158235E-19 -0.010934055 0.017596742
v 0.004027296 -0.010929023 0.018751213
v 1.0225861E-18 -0.010929023 0.018817235
v -4.8026305E-18 0.008050396 -0.0074172053
v 0.004027296 0.0073594465 -0.00527219
v 0.004027296 0.008050396 -0.0074832267
v -4.311682E-18 0.0073594465 -0.0052061686
v 0.004027296 0.005916131 -0.0037367481
v -3.9707453E-18 0.005916131 -0.003670727
v 0.004027296 0.0039507654 -0.0024316225
v -3.680949E-18 0.0039507654 -0.0023656012
v 0.004027296 0.0015554758 -0.0016024838
v -3.496843E-18 0.0015554758 -0.0015364626
v 0.004027296 -0.00062485185 -0.0010650791
v -3.3775155E-18 -0.00062485185 -0.0009990579
v 0.004027296 -0.0035421916 -0.0007579907
v -3.3093284E-18 -0.0035421916 -0.0006919695
v 1.0225861E-18 -0.010929023 0.018817235
v 0.004027296 -0.010403407 0.019706381
v 0.004027296 -0.010929023 0.018751213
v 1.2346759E-18 -0.010403407 0.019772403
v 0.004027296 -0.0090237195 0.020369694
v 1.3819605E-18 -0.0090237195 0.020435715
v 0.004027296 -0.0080871 0.02049253
v 1.4092356E-18 -0.0080871 0.02055855
v 0.004027296 -0.0050622798 0.02101458
v 1.525154E-18 -0.0050622798 0.0210806
v 0.004027296 0.002016108 0.020999227
v 1.5217447E-18 0.002016108 0.021065246
v -3.3093284E-18 -0.0035421916 -0.0006919695
v 0.004027296 0.0030141457 -0.009755681
v 0.004027296 -0.0035421916 -0.0007579907
v -5.3072173E-18 0.0030141457 -0.00968966
v 0.004027296 0.003244462 -0.010431277
v -5.4572294E-18 0.003244462 -0.010365254
v 0.004027296 0.003183044 -0.011521441
v -5.6992943E-18 0.003183044 -0.011455419
v 1.5217447E-18 0.002016108 0.021065246
v 0.004027296 0.003520841 0.020584656
v 0.004027296 0.002016108 0.020999227
v 1.4296918E-18 0.003520841 0.020650677
v 0.004027296 0.0049641565 0.020093314
v 1.3205921E-18 0.0049641565 0.020159334
v 0.004027296 0.00671456 0.019233465
v 1.1296675E-18 0.00671456 0.019299489
v 0.004027296 0.00869528 0.017836213
v 8.194152E-19 0.00869528 0.017902236
v 0.004027296 0.009908279 0.016055102
v 4.2392877E-19 0.009908279 0.016121123
v 0.004027296 0.010768128 0.014396823
v 5.571723E-20 0.010768128 0.014462845
v 0.004027296 0.0112441145 0.01223185
v -4.250034E-19 0.0112441145 0.012297872
v 0.004027296 0.011044507 0.009191675
v -1.1000579E-18 0.011044507 0.009257697
v -5.6992943E-18 0.003183044 -0.011455419
v 0.004027296 0.0025842215 -0.012335225
v 0.004027296 0.003183044 -0.011521441
v -5.879991E-18 0.0025842215 -0.012269204
v 0.004027296 0.0015861844 -0.012795858
v -5.9822715E-18 0.0015861844 -0.012729837
v -5.9822715E-18 0.0015861844 -0.012729837
v -5.9618153E-18 0.00023499533 -0.01263771
v 0.004027296 0.00023499533 -0.012703732
v 0.004027296 0.0015861844 -0.012795858
v -5.9618153E-18 0.00023499533 -0.01263771
v 0.004027296 -0.00053272565 -0.0119513655
v 0.004027296 0.00023499533 -0.012703732
v -5.7947567E-18 -0.00053272565 -0.011885343
v 0.004027296 -0.0069355182 -0.003153282
v -3.8411898E-18 -0.0069355182 -0.003087261
v -3.8411898E-18 -0.0069355182 -0.003087261
v -5.702704E-18 -0.0069815814 -0.011470774
v 0.004027296 -0.0069815814 -0.011536796
v 0.004027296 -0.0069355182 -0.003153282
v -5.702704E-18 -0.0069815814 -0.011470774
v 0.004027296 -0.0074268593 -0.012197036
v 0.004027296 -0.0069815814 -0.011536796
v -5.8493068E-18 -0.0074268593 -0.012131015
v 0.004027296 -0.008209935 -0.012688378
v -5.9584065E-18 -0.008209935 -0.012622356
v 0.004027296 -0.008898775 -0.012752095
v -5.9725546E-18 -0.008898775 -0.012686074
v -1.1000579E-18 0.011044507 0.009257697
v 0.004027296 0.0105992295 0.0074873352
v 0.004027296 0.011044507 0.009191675
v -1.4784976E-18 0.0105992295 0.0075533562
v 0.004027296 0.0097240275 0.0057369308
v -1.8671652E-18 0.0097240275 0.0058029518
v 0.004027296 0.00820394 0.0038636916
v -2.2831078E-18 0.00820394 0.003929713
v 0.004027296 0.006714561 0.0026199834
v -2.5592666E-18 0.006714561 0.0026860046
v 0.004027296 0.0050869924 0.0016680093
v -2.7706475E-18 0.0050869924 0.0017340305
v -2.4347027E-18 -0.0110671315 -0.010964926
v -1.5755429E-18 -0.011053313 0.012820776
v 0.004027296 -0.011053313 0.012754753
v 0.004027296 -0.0110671315 -0.011030948
v -2.5915335E-18 -0.010790752 -0.011671229
v 0.004027296 -0.010790752 -0.011737251
v -2.7108611E-18 -0.010314764 -0.012208633
v 0.004027296 -0.010314764 -0.012274655
v -2.8063233E-18 -0.00977736 -0.012638557
v 0.004027296 -0.00977736 -0.012704578
v -5.9725546E-18 -0.008898775 -0.012686074
v 0.004027296 -0.008898775 -0.012752095
v -1.5755429E-18 -0.011053313 0.012820776
v 0.004027296 -0.010845981 0.0135026295
v 0.004027296 -0.011053313 0.012754753
v -1.409481E-18 -0.010845981 0.013568651
v 0.004027296 -0.010335055 0.014183863
v -1.2582169E-18 -0.010335055 0.0142498845
v 0.004027296 -0.00983894 0.014480052
v -1.1924498E-18 -0.00983894 0.014546073
v 0.004027296 -0.008624567 0.014539289
v -1.1792964E-18 -0.008624567 0.014605311
v 0.004027296 0.0030141457 -0.009755681
v 0.004027296 0.003244462 -0.010431277
v 0.004027296 0.003183044 -0.011521441
v 0.004027296 0.0025842215 -0.012335225
v 0.004027296 0.0015861844 -0.012795858
v 0.004027296 0.00023499533 -0.012703732
v 0.004027296 -0.00053272565 -0.0119513655
v 0.004027296 -0.0035421916 -0.0007579907
v 0.004027296 -0.0069355182 -0.003153282
v 0.004027296 -0.0028681937 0.003680787
v 0.004027296 -0.00062485185 -0.0010650791
v 0.004027296 -0.0016742339 0.0036542546
v 0.004027296 7.6907134E-05 0.0040257084
v 0.004027296 0.0015554758 -0.0016024838
v 0.004027296 0.001774983 0.0046890196
v 0.004027296 0.0039507654 -0.0024316225
v 0.004027296 0.0035791888 0.0056972527
v 0.004027296 0.005648719 0.0072626667
v 0.004027296 0.00016092538 0.014337979
v 0.004027296 0.0025488446 0.010579219
v 0.004027296 -0.0069807204 0.0051842914
v 0.004027296 -0.0069815814 -0.011536796
v 0.004027296 -0.007002935 0.013324916
v 0.004027296 0.0008242362 0.014536973
v 0.004027296 -0.0074268593 -0.012197036
v 0.004027296 -0.0074398126 0.013895079
v 0.004027296 -0.007943333 0.014346766
v 0.004027296 -0.008209935 -0.012688378
v 0.004027296 0.0016202092 0.014536973
v 0.004027296 0.0023940718 0.0142274285
v 0.004027296 0.003013162 0.013475676
v 0.004027296 0.0031679347 0.011552075
v 0.004027296 0.003256376 0.012701814
v 0.004027296 -0.008624567 0.014539289
v 0.004027296 -0.008898775 -0.012752095
v 0.004027296 -0.00977736 -0.012704578
v 0.004027296 -0.00983894 0.014480052
v 0.004027296 -0.010314764 -0.012274655
v 0.004027296 -0.010335055 0.014183863
v 0.004027296 -0.010790752 -0.011737251
v 0.004027296 -0.010845981 0.0135026295
v 0.004027296 -0.011053313 0.012754753
v 0.004027296 -0.0110671315 -0.011030948
v 0.004027296 -0.009914276 -0.018016359
v 0.004027296 -0.010973731 -0.017141158
v 0.004027296 -0.010896959 -0.0151143735
v 0.004027296 -0.010374908 -0.0144694885
v 0.004027296 -0.009714669 -0.014024211
v 0.004027296 -0.0070890626 -0.018523054
v 0.004027296 -0.008747339 -0.013962793
v 0.004027296 -0.007042999 -0.014285237
v 0.004027296 -0.0053233043 -0.018768726
v 0.004027296 -0.005507557 -0.014638388
v 0.004027296 -0.0037110902 -0.014837995
v 0.004027296 -0.0012543831 -0.018860852
v 0.004027296 -0.0012236743 -0.014837995
v 0.004027296 0.0016168932 -0.01875337
v 0.004027296 0.0016936655 -0.014653742
v 0.004027296 0.0037204488 -0.018461637
v 0.004027296 0.0041350187 -0.014085629
v 0.004027296 0.0063767633 -0.017540373
v 0.004027296 0.006115739 -0.013056883
v 0.004027296 0.007820079 -0.011152933
v 0.004027296 0.007896851 -0.016864777
v 0.004027296 0.008050396 -0.0074832267
v 0.004027296 0.009754736 -0.0154061075
v 0.004027296 0.008480319 -0.00057373627
v 0.004027296 0.0073594465 -0.00527219
v 0.004027296 0.010107887 -0.0022013048
v 0.004027296 0.006868105 0.000746744
v 0.004027296 0.011182697 -0.013640349
v 0.004027296 0.005916131 -0.0037367481
v 0.004027296 0.011566556 -0.004458404
v 0.004027296 0.012150025 -0.011275768
v 0.004027296 0.01216538 -0.006500542
v 0.004027296 0.012242151 -0.009218275
v 0.004027296 0.0050869924 0.0016680093
v 0.004027296 0.006714561 0.0026199834
v 0.004027296 0.006471224 0.008615821
v 0.004027296 0.007001873 0.0105526885
v 0.004027296 0.00820394 0.0038636916
v 0.004027296 0.00869528 0.017836213
v 0.004027296 0.0067630815 0.013020205
v 0.004027296 0.0097240275 0.0057369308
v 0.004027296 0.00671456 0.019233465
v 0.004027296 0.009908279 0.016055102
v 0.004027296 0.0058609783 0.014771347
v 0.004027296 0.0105992295 0.0074873352
v 0.004027296 0.0049641565 0.020093314
v 0.004027296 0.010768128 0.014396823
v 0.004027296 0.011044507 0.009191675
v 0.004027296 0.0112441145 0.01223185
v 0.004027296 0.0042159674 0.016044904
v 0.004027296 0.003520841 0.020584656
v 0.004027296 0.0022260344 0.016681682
v 0.004027296 0.002016108 0.020999227
v 0.004027296 -0.00050680665 0.016920475
v 0.004027296 -0.0032396477 0.016973538
v 0.004027296 -0.0050622798 0.02101458
v 0.004027296 -0.0060255537 0.01665515
v 0.004027296 -0.0080871 0.02049253
v 0.004027296 -0.008201214 0.016124502
v 0.004027296 -0.0090237195 0.020369694
v 0.004027296 -0.009527836 0.016044905
v 0.004027296 -0.010403407 0.019706381
v 0.004027296 -0.010429939 0.016575553
v 0.004027296 -0.010929023 0.018751213
v 0.004027296 -0.010934055 0.01753072
v -1.5755429E-18 -0.011053313 0.012820776
v -2.4347027E-18 -0.0110671315 -0.010964926
v -2.5915335E-18 -0.010790752 -0.011671229
v -1.409481E-18 -0.010845981 0.013568651
v -1.2582169E-18 -0.010335055 0.0142498845
v -2.7108611E-18 -0.010314764 -0.012208633
v -1.1924498E-18 -0.00983894 0.014546073
v -2.8063233E-18 -0.00977736 -0.012638557
v -1.1792964E-18 -0.008624567 0.014605311
v -5.9725546E-18 -0.008898775 -0.012686074
v -5.9584065E-18 -0.008209935 -0.012622356
v -1.222045E-18 -0.007943333 0.014412788
v -5.8493068E-18 -0.0074268593 -0.012131015
v -1.3223397E-18 -0.0074398126 0.0139611
v -1.4489414E-18 -0.007002935 0.013390938
v -5.702704E-18 -0.0069815814 -0.011470774
v -1.9898754E-18 -0.0069807204 0.0052503124
v -3.8411898E-18 -0.0069355182 -0.003087261
v 4.265168E-20 0.00016092538 0.014404001
v -2.3237205E-18 -0.0028681937 0.003746808
v -3.3093284E-18 -0.0035421916 -0.0006919695
v -5.7947567E-18 -0.00053272565 -0.011885343
v -5.3072173E-18 0.0030141457 -0.00968966
v -5.9618153E-18 0.00023499533 -0.01263771
v -5.9822715E-18 0.0015861844 -0.012729837
v -5.879991E-18 0.0025842215 -0.012269204
v -5.6992943E-18 0.003183044 -0.011455419
v -5.4572294E-18 0.003244462 -0.010365254
v -3.3775155E-18 -0.00062485185 -0.0009990579
v -2.329612E-18 -0.0016742339 0.0037202756
v -2.2471325E-18 7.690713E-05 0.00409173
v -3.496843E-18 0.0015554758 -0.0015364626
v -2.099848E-18 0.001774983 0.004755041
v -7.919609E-19 0.0025488446 0.010645241
v -3.680949E-18 0.0039507654 -0.0023656012
v 8.683705E-20 0.0008242362 0.014602995
v -1.8759753E-18 0.0035791888 0.0057632737
v 8.683705E-20 0.0016202092 0.014602995
v 1.8104253E-20 0.0023940718 0.01429345
v -1.4881826E-19 0.003013162 0.013541698
v -5.7594353E-19 0.0031679347 0.011618096
v -3.2065028E-19 0.003256376 0.0127678355
v -1.5283836E-18 0.005648719 0.0073286877
v -2.7706475E-18 0.0050869924 0.0017340305
v -3.9707453E-18 0.005916131 -0.003670727
v -2.9752092E-18 0.006868105 0.0008127652
v -4.311682E-18 0.0073594465 -0.0052061686
v -2.5592666E-18 0.006714561 0.0026860046
v -1.2279229E-18 0.006471224 0.008681842
v -3.2684148E-18 0.008480319 -0.00050771504
v -7.978519E-19 0.007001873 0.01061871
v -2.2831078E-18 0.00820394 0.003929713
v -4.8026305E-18 0.008050396 -0.0074172053
v 8.194152E-19 0.00869528 0.017902236
v -2.499531E-19 0.0067630815 0.013086227
v -1.8671652E-18 0.0097240275 0.0058029518
v 1.1296675E-18 0.00671456 0.019299489
v 4.2392877E-19 0.009908279 0.016121123
v 1.3887836E-19 0.0058609783 0.014837368
v -1.4784976E-18 0.0105992295 0.0075533562
v 1.3205921E-18 0.0049641565 0.020159334
v 5.571723E-20 0.010768128 0.014462845
v -1.1000579E-18 0.011044507 0.009257697
v -4.250034E-19 0.0112441145 0.012297872
v 4.2166483E-19 0.0042159674 0.016110925
v 1.4296918E-18 0.003520841 0.020650677
v 5.6305807E-19 0.0022260344 0.016747704
v 1.5217447E-18 0.002016108 0.021065246
v 6.1608055E-19 -0.00050680665 0.016986497
v 6.278633E-19 -0.0032396477 0.017039562
v 1.525154E-18 -0.0050622798 0.0210806
v 5.571667E-19 -0.0060255537 0.016721172
v 1.4092356E-18 -0.0080871 0.02055855
v 4.39339E-19 -0.008201214 0.016190523
v 1.3819605E-18 -0.0090237195 0.020435715
v 4.216648E-19 -0.009527836 0.016110927
v 1.2346759E-18 -0.010403407 0.019772403
v 5.394925E-19 -0.010429939 0.016641574
v 1.0225861E-18 -0.010929023 0.018817235
v 7.5158235E-19 -0.010934055 0.017596742
v -6.497085E-18 -0.010896959 -0.015048352
v -6.947122E-18 -0.010973731 -0.017075134
v -7.1414555E-18 -0.009914276 -0.017950337
v -6.3538915E-18 -0.010374908 -0.014403467
v -6.25502E-18 -0.009714669 -0.01395819
v -7.2539645E-18 -0.0070890626 -0.018457033
v -6.241383E-18 -0.008747339 -0.013896772
v -6.312979E-18 -0.007042999 -0.014219214
v -7.308515E-18 -0.0053233043 -0.018702704
v -6.391395E-18 -0.005507557 -0.014572366
v -6.4357166E-18 -0.0037110902 -0.014771974
v -7.328971E-18 -0.0012543831 -0.01879483
v -6.4357166E-18 -0.0012236743 -0.014771974
v -7.305105E-18 0.0016168932 -0.018687349
v -6.3948043E-18 0.0016936655 -0.01458772
v -7.240328E-18 0.0037204488 -0.018395616
v -6.2686576E-18 0.0041350187 -0.014019607
v -7.035765E-18 0.0063767633 -0.017474351
v -6.0402304E-18 0.006115739 -0.01299086
v -5.6174687E-18 0.007820079 -0.011086912
v -6.885753E-18 0.007896851 -0.016798755
v -6.561863E-18 0.009754736 -0.015340086
v -3.6298075E-18 0.010107887 -0.0021352835
v -6.169786E-18 0.011182697 -0.013574327
v -4.1309842E-18 0.011566556 -0.004392383
v -5.6447434E-18 0.012150025 -0.011209746
v -4.58443E-18 0.01216538 -0.0064345207
v -5.187888E-18 0.012242151 -0.009152254
v -0.00857331 0.0001751712 -0.027432725
v -0.0085733095 -0.005239876 -0.027316658
v 0.0057604425 -0.005239873 -0.027316652
v 0.005760442 0.00017517358 -0.02743272
v -0.008573311 0.0055088103 -0.026490143
v 0.0057604406 0.0055088126 -0.026490137
v -0.008573312 0.010556077 -0.024525125
v 0.0057604397 0.0105560785 -0.024525119
v -0.008573314 0.015123006 -0.021613194
v 0.0057604383 0.015123008 -0.02161319
v -0.008573315 0.019034095 -0.017866254
v 0.0057604373 0.019034095 -0.017866252
v -0.008573316 0.022139039 -0.013428293
v 0.005760436 0.022139039 -0.01342829
v -0.008573317 0.024318518 -0.00846986
v 0.0057604345 0.024318518 -0.008469858
v -0.008573319 0.02548878 -0.003181508
v 0.0057604336 0.02548878 -0.0031815057
v -0.00857332 0.025604852 0.0022335344
v 0.005760432 0.025604852 0.0022335371
v -0.0085733095 -0.005239876 -0.027316658
v 0.005760443 -0.0105282245 -0.02614639
v 0.0057604425 -0.005239873 -0.027316652
v -0.008573309 -0.010528227 -0.026146395
v 0.005760444 -0.015486655 -0.02396691
v -0.008573309 -0.015486658 -0.023966916
v 0.005760444 -0.019924616 -0.020861968
v -0.008573309 -0.019924618 -0.020861974
v 0.005760444 -0.02367156 -0.016950881
v -0.008573309 -0.02367156 -0.016950883
v 0.005760443 -0.026583493 -0.012383951
v -0.008573309 -0.026583493 -0.012383953
v 0.0057604425 -0.028548507 -0.007336687
v -0.0085733095 -0.028548507 -0.007336689
v 0.005760442 -0.029491093 -0.0020030448
v -0.00857331 -0.029491093 -0.0020030474
v 0.0057604406 -0.029375022 0.0034120018
v -0.008573311 -0.029375022 0.0034119992
v -0.008573311 -0.029375022 0.0034119992
v 0.0057604397 -0.028204761 0.008700349
v 0.0057604406 -0.029375022 0.0034120018
v -0.008573312 -0.028204761 0.0087003475
v 0.0057604383 -0.02602528 0.013658783
v -0.008573314 -0.02602528 0.013658781
v 0.0057604373 -0.022920337 0.018096747
v -0.008573315 -0.022920337 0.018096745
v 0.005760436 -0.01900925 0.021843689
v -0.008573316 -0.019009253 0.021843683
v 0.0057604345 -0.014442323 0.024755618
v -0.008573317 -0.014442326 0.024755614
v 0.0057604336 -0.0093950555 0.026720636
v -0.008573319 -0.009395058 0.02672063
v 0.005760432 -0.0040614135 0.027663218
v -0.00857332 -0.004061416 0.027663214
v 0.0057604318 0.0013536331 0.02754715
v -0.008573321 0.0013536307 0.027547147
v -0.008573321 0.0013536307 0.027547147
v 0.0057604313 0.0066419872 0.026376888
v 0.0057604318 0.0013536331 0.02754715
v -0.008573321 0.006641985 0.026376883
v 0.0057604304 0.011600422 0.024197407
v -0.008573322 0.011600419 0.024197401
v 0.0057604304 0.016038373 0.021092469
v -0.008573322 0.016038371 0.021092465
v 0.0057604304 0.019785319 0.017181378
v -0.008573322 0.019785319 0.017181376
v 0.0057604313 0.022697248 0.012614448
v -0.008573321 0.022697248 0.012614446
v 0.0057604318 0.024662266 0.007567179
v -0.008573321 0.024662266 0.0075671766
v 0.005760432 0.025604852 0.0022335371
v -0.00857332 0.025604852 0.0022335344
v 0.0057604318 0.0057748496 0.023724334
v 0.0026967297 0.001020644 0.024776392
v 0.005760432 0.0010206446 0.024776394
v 0.0026967293 0.005774849 0.02372433
v 0.0057604313 0.010232457 0.021764988
v 0.0026967286 0.010232457 0.021764986
v 0.0057604313 0.014222154 0.018973662
v 0.0026967286 0.014222154 0.018973662
v 0.0057604313 0.01759064 0.015457613
v 0.0026967286 0.01759064 0.015457613
v 0.0057604318 0.020208448 0.011351965
v 0.0026967293 0.020208448 0.011351965
v 0.005760432 0.02197499 0.006814497
v 0.0026967293 0.02197499 0.0068144966
v 0.005760433 0.022822367 0.002019579
v 0.0026967304 0.022822367 0.0020195784
v 0.0057604336 0.022718024 -0.0028485167
v 0.0026967311 0.022718024 -0.0028485171
v -0.008573311 -0.029375022 0.0034119992
v -0.00857331 -0.029491093 -0.0020030474
v -0.0085733095 -0.028548507 -0.007336689
v -0.008573312 -0.028204761 0.0087003475
v -0.008573309 -0.026583493 -0.012383953
v -0.008573314 -0.02602528 0.013658781
v -0.008573309 -0.02367156 -0.016950883
v -0.008573315 -0.022920337 0.018096745
v -0.008573309 -0.019924618 -0.020861974
v -0.008573316 -0.019009253 0.021843683
v -0.008573309 -0.015486658 -0.023966916
v -0.008573317 -0.014442326 0.024755614
v -0.008573309 -0.010528227 -0.026146395
v -0.008573319 -0.009395058 0.02672063
v -0.0085733095 -0.005239876 -0.027316658
v -0.00857332 -0.004061416 0.027663214
v -0.00857331 0.0001751712 -0.027432725
v -0.008573321 0.0013536307 0.027547147
v -0.008573311 0.0055088103 -0.026490143
v -0.008573321 0.006641985 0.026376883
v -0.008573312 0.010556077 -0.024525125
v -0.008573322 0.011600419 0.024197401
v -0.008573314 0.015123006 -0.021613194
v -0.008573322 0.016038371 0.021092465
v -0.008573315 0.019034095 -0.017866254
v -0.008573322 0.019785319 0.017181376
v -0.008573316 0.022139039 -0.013428293
v -0.008573321 0.022697248 0.012614446
v -0.008573317 0.024318518 -0.00846986
v -0.008573321 0.024662266 0.0075671766
v -0.008573319 0.02548878 -0.003181508
v -0.00857332 0.025604852 0.0022335344
v 0.0026967393 -0.02586123 -0.006584006
v 0.0026967388 -0.02670861 -0.001789087
v 0.0026967376 -0.026604265 0.0030790125
v 0.002696737 -0.025552208 0.007833211
v 0.00269674 -0.024094693 -0.01112147
v 0.0026967358 -0.023592863 0.012290819
v 0.00269674 -0.021476878 -0.015227116
v 0.0026967346 -0.02080153 0.016280524
v 0.0026967407 -0.018108396 -0.018743165
v 0.0026967335 -0.017285483 0.019649006
v 0.00269674 -0.014118691 -0.021534497
v 0.0026967323 -0.013179842 0.022266816
v 0.00269674 -0.009661087 -0.023493838
v 0.0026967311 -0.008642374 0.024033355
v 0.0026967393 -0.0049068853 -0.024545899
v 0.0026967304 -0.0038474565 0.024880733
v 0.0026967388 -3.8785336E-05 -0.02465024
v 0.0026967297 0.001020644 0.024776392
v 0.0026967376 0.0047561303 -0.023802862
v 0.0026967293 0.005774849 0.02372433
v 0.0026967365 0.009293598 -0.022036323
v 0.0026967286 0.010232457 0.021764986
v 0.0026967358 0.013399243 -0.019418512
v 0.0026967286 0.014222154 0.018973662
v 0.0026967346 0.016915292 -0.016050031
v 0.0026967286 0.01759064 0.015457613
v 0.0026967335 0.01970662 -0.0120603265
v 0.0026967293 0.020208448 0.011351965
v 0.0026967323 0.021665964 -0.0076027205
v 0.0026967293 0.02197499 0.0068144966
v 0.0026967311 0.022718024 -0.0028485171
v 0.0026967304 0.022822367 0.0020195784
v 0.0057604345 0.021665964 -0.00760272
v 0.0026967311 0.022718024 -0.0028485171
v 0.0057604336 0.022718024 -0.0028485167
v 0.0026967323 0.021665964 -0.0076027205
v 0.005760436 0.01970662 -0.0120603265
v 0.0026967335 0.01970662 -0.0120603265
v 0.0057604373 0.016915292 -0.016050031
v 0.0026967346 0.016915292 -0.016050031
v 0.0057604383 0.013399243 -0.019418512
v 0.0026967358 0.013399243 -0.019418512
v 0.0057604397 0.009293598 -0.022036321
v 0.0026967365 0.009293598 -0.022036323
v 0.00576044 0.004756131 -0.02380286
v 0.0026967376 0.0047561303 -0.023802862
v 0.005760441 -3.8784743E-05 -0.024650237
v 0.0026967388 -3.8785336E-05 -0.02465024
v 0.005760442 -0.004906885 -0.024545895
v 0.0026967393 -0.0049068853 -0.024545899
v 0.005760441 -0.02670861 -0.0017890864
v 0.0026967388 -0.02670861 -0.001789087
v 0.0026967393 -0.02586123 -0.006584006
v 0.005760442 -0.02586123 -0.0065840054
v 0.00269674 -0.024094693 -0.01112147
v 0.0057604425 -0.024094693 -0.01112147
v 0.00269674 -0.021476878 -0.015227116
v 0.005760443 -0.021476878 -0.015227116
v 0.0026967407 -0.018108396 -0.018743165
v 0.005760443 -0.018108396 -0.018743165
v 0.00269674 -0.014118691 -0.021534497
v 0.005760443 -0.014118691 -0.021534495
v 0.00269674 -0.009661087 -0.023493838
v 0.0057604425 -0.009661087 -0.023493836
v 0.0026967393 -0.0049068853 -0.024545899
v 0.005760442 -0.004906885 -0.024545895
v 0.0057604406 -0.026604265 0.0030790132
v 0.0026967388 -0.02670861 -0.001789087
v 0.005760441 -0.02670861 -0.0017890864
v 0.0026967376 -0.026604265 0.0030790125
v 0.0057604397 -0.025552208 0.007833212
v 0.002696737 -0.025552208 0.007833211
v 0.0057604383 -0.023592863 0.012290819
v 0.0026967358 -0.023592863 0.012290819
v 0.0057604373 -0.02080153 0.016280524
v 0.0026967346 -0.02080153 0.016280524
v 0.005760436 -0.017285483 0.019649006
v 0.0026967335 -0.017285483 0.019649006
v 0.0057604345 -0.013179842 0.022266818
v 0.0026967323 -0.013179842 0.022266816
v 0.005760434 -0.008642373 0.024033358
v 0.0026967311 -0.008642374 0.024033355
v 0.005760433 -0.0038474558 0.024880735
v 0.0026967304 -0.0038474565 0.024880733
v 0.005760432 0.0010206446 0.024776394
v 0.0026967297 0.001020644 0.024776392
v -0.00043003238 0.007924656 -0.037643936
v -0.00043003238 0.009449495 -0.024955932
v -0.00073387835 0.009621102 -0.024889123
v -0.0007338783 0.0080859065 -0.037663314
v -0.0010635704 0.00972678 -0.02484798
v -0.0010635705 0.008185204 -0.03767525
v -0.0014064388 0.009762461 -0.024834089
v -0.0014064388 0.008218733 -0.037679277
v -0.0017493069 0.00972678 -0.02484798
v -0.0017493069 0.008185204 -0.03767525
v -0.0020789993 0.009621104 -0.024889123
v -0.0020789993 0.008085907 -0.037663314
v -0.0023828452 0.009449497 -0.024955932
v -0.0023828452 0.007924659 -0.037643936
v -0.00016370915 0.007707654 -0.037617855
v -0.00043003238 0.009449495 -0.024955932
v -0.00043003238 0.007924656 -0.037643936
v -0.00016370915 0.009218552 -0.025045842
v 5.4856686E-05 0.008937146 -0.0251554
v 5.4856537E-05 0.0074432325 -0.037586078
v 0.00021726548 0.008616092 -0.025280394
v 0.00021726562 0.007141558 -0.037549824
v 0.00031727657 0.008267727 -0.02541602
v 0.00031727657 0.006814221 -0.037510484
v 0.00035104615 0.007905441 -0.02555707
v 0.00035104615 0.006473802 -0.037469573
v 0.00031727657 0.007543155 -0.025698112
v 0.00031727657 0.0061333836 -0.037428662
v 0.00021726562 0.0071947905 -0.025833739
v 0.00021726562 0.0058060465 -0.037389323
v 5.4856686E-05 0.0068737376 -0.025958734
v 5.4856686E-05 0.005504372 -0.037353065
v -0.0001637093 0.0065923315 -0.02606829
v -0.00016370922 0.0052399514 -0.037321292
v -0.0004300326 0.0063613877 -0.0261582
v -0.00043003252 0.0050229477 -0.03729521
v -0.0007338783 0.0061897803 -0.026225014
v -0.0004300326 0.0063613877 -0.0261582
v -0.00043003252 0.0050229477 -0.03729521
v -0.00073387823 0.004861698 -0.037275832
v -0.0010635705 0.0060841045 -0.026266154
v -0.0010635705 0.0047624013 -0.037263896
v -0.0014064389 0.0060484237 -0.026280046
v -0.0014064389 0.0047288737 -0.03725987
v -0.0017493069 0.0060841045 -0.026266154
v -0.0017493069 0.0047624013 -0.037263896
v -0.0020789993 0.0061897803 -0.02622501
v -0.002078999 0.004861698 -0.037275832
v -0.0023828452 0.0063613877 -0.0261582
v -0.0023828452 0.0050229477 -0.03729521
v -0.0026491683 0.0065923315 -0.02606829
v -0.0023828452 0.0063613877 -0.0261582
v -0.0023828452 0.0050229477 -0.03729521
v -0.0026491683 0.0052399514 -0.037321292
v -0.0028677338 0.005504372 -0.037353065
v -0.0028677338 0.0068737376 -0.025958734
v -0.0030301432 0.0058060465 -0.037389323
v -0.0030301432 0.0071947905 -0.025833739
v -0.003130154 0.0061333836 -0.037428662
v -0.003130154 0.007543155 -0.025698112
v -0.0031639235 0.006473802 -0.037469573
v -0.0031639235 0.007905441 -0.02555707
v -0.003130154 0.006814221 -0.037510484
v -0.003130154 0.008267727 -0.02541602
v -0.003030143 0.007141558 -0.037549824
v -0.003030143 0.008616092 -0.025280394
v -0.0028677343 0.0074432325 -0.037586078
v -0.0028677343 0.008937146 -0.0251554
v -0.0026491687 0.007707654 -0.037617855
v -0.0026491687 0.009218552 -0.025045842
v -0.0023828452 0.007924659 -0.037643936
v -0.0023828452 0.009449497 -0.024955932
v 0.00031727657 0.0061333836 -0.037428662
v 0.00035104615 0.006473802 -0.037469573
v 0.00031727657 0.006814221 -0.037510484
v 0.00021726562 0.0058060465 -0.037389323
v 0.00021726562 0.007141558 -0.037549824
v 5.4856686E-05 0.005504372 -0.037353065
v 5.4856537E-05 0.0074432325 -0.037586078
v -0.00016370922 0.0052399514 -0.037321292
v -0.00016370915 0.007707654 -0.037617855
v -0.00043003238 0.007924656 -0.037643936
v -0.00043003252 0.0050229477 -0.03729521
v -0.0007338783 0.0080859065 -0.037663314
v -0.00073387823 0.004861698 -0.037275832
v -0.0010635705 0.0047624013 -0.037263896
v -0.0010635705 0.008185204 -0.03767525
v -0.0014064389 0.0047288737 -0.03725987
v -0.0014064388 0.008218733 -0.037679277
v -0.0017493069 0.008185204 -0.03767525
v -0.0017493069 0.0047624013 -0.037263896
v -0.002078999 0.004861698 -0.037275832
v -0.0020789993 0.008085907 -0.037663314
v -0.0023828452 0.0050229477 -0.03729521
v -0.0023828452 0.007924659 -0.037643936
v -0.0026491683 0.0052399514 -0.037321292
v -0.0026491687 0.007707654 -0.037617855
v -0.0028677338 0.005504372 -0.037353065
v -0.0028677343 0.0074432325 -0.037586078
v -0.0030301432 0.0058060465 -0.037389323
v -0.003030143 0.007141558 -0.037549824
v -0.003130154 0.006814221 -0.037510484
v -0.003130154 0.0061333836 -0.037428662
v -0.0031639235 0.006473802 -0.037469573
v 0.00031727657 0.008267727 -0.02541602
v 0.00035104615 0.007905441 -0.02555707
v 0.00031727657 0.007543155 -0.025698112
v 0.00021726548 0.008616092 -0.025280394
v 0.00021726562 0.0071947905 -0.025833739
v 5.4856686E-05 0.0068737376 -0.025958734
v 5.4856686E-05 0.008937146 -0.0251554
v -0.00016370915 0.009218552 -0.025045842
v -0.0001637093 0.0065923315 -0.02606829
v -0.00043003238 0.009449495 -0.024955932
v -0.0004300326 0.0063613877 -0.0261582
v -0.00073387835 0.009621102 -0.024889123
v -0.0007338783 0.0061897803 -0.026225014
v -0.0010635705 0.0060841045 -0.026266154
v -0.0010635704 0.00972678 -0.02484798
v -0.0014064388 0.009762461 -0.024834089
v -0.0014064389 0.0060484237 -0.026280046
v -0.0017493069 0.00972678 -0.02484798
v -0.0017493069 0.0060841045 -0.026266154
v -0.0020789993 0.009621104 -0.024889123
v -0.0020789993 0.0061897803 -0.02622501
v -0.0023828452 0.009449497 -0.024955932
v -0.0023828452 0.0063613877 -0.0261582
v -0.0026491687 0.009218552 -0.025045842
v -0.0026491683 0.0065923315 -0.02606829
v -0.0028677338 0.0068737376 -0.025958734
v -0.0028677343 0.008937146 -0.0251554
v -0.0030301432 0.0071947905 -0.025833739
v -0.003030143 0.008616092 -0.025280394
v -0.003130154 0.008267727 -0.02541602
v -0.003130154 0.007543155 -0.025698112
v -0.0031639235 0.007905441 -0.02555707
v -0.00043003247 -0.016467951 -0.034712445
v -0.00043003247 -0.015192118 -0.024096372
v -0.00073387835 -0.015036747 -0.024164664
v -0.0007338783 -0.016306702 -0.034731824
v -0.0010635705 -0.014941069 -0.024206717
v -0.0010635704 -0.016207406 -0.034743756
v -0.0014064388 -0.014908764 -0.02422092
v -0.0014064388 -0.016173879 -0.034747787
v -0.0017493069 -0.014941069 -0.024206717
v -0.0017493069 -0.016207406 -0.034743756
v -0.0020789993 -0.015036747 -0.024164664
v -0.002078999 -0.016306702 -0.034731824
v -0.0023828452 -0.015192118 -0.02409637
v -0.0023828452 -0.016467951 -0.034712445
v -0.00016370915 -0.016684957 -0.034686364
v -0.00043003247 -0.015192118 -0.024096372
v -0.00043003247 -0.016467951 -0.034712445
v -0.00016370922 -0.015401211 -0.024004463
v -9.040937E-05 -0.015486655 -0.023966905
v 5.4856537E-05 -0.015651109 -0.02385185
v 5.4856537E-05 -0.016949376 -0.034654588
v 0.00021726562 -0.015933406 -0.023654345
v 0.00021726548 -0.017251052 -0.034618333
v 0.0003172764 -0.016239714 -0.02344004
v 0.00031727657 -0.017578388 -0.034578994
v 0.00035104615 -0.016558265 -0.023217171
v 0.00035104615 -0.017918807 -0.034538083
v 0.00031727657 -0.016876817 -0.022994304
v 0.00031727657 -0.018259225 -0.034497168
v 0.00021726562 -0.017183127 -0.022779997
v 0.00021726578 -0.018586563 -0.03445783
v 5.4856686E-05 -0.017465422 -0.022582497
v 5.4856686E-05 -0.018888237 -0.034421578
v -0.00016370922 -0.01771286 -0.022409381
v -0.0001637093 -0.019152658 -0.034389798
v -0.00043003252 -0.017915923 -0.022267312
v -0.00043003252 -0.019369662 -0.03436372
v -0.00073387823 -0.018066812 -0.02216174
v -0.00043003252 -0.017915923 -0.022267312
v -0.00043003252 -0.019369662 -0.03436372
v -0.00073387823 -0.019530911 -0.034344338
v -0.0010635705 -0.01815973 -0.022096733
v -0.0010635705 -0.019630207 -0.034332406
v -0.0014064389 -0.018191107 -0.022074783
v -0.0014064389 -0.019663736 -0.034328375
v -0.0017493069 -0.01815973 -0.022096733
v -0.0017493069 -0.019630207 -0.034332406
v -0.0020789993 -0.018066812 -0.02216174
v -0.002078999 -0.019530911 -0.034344338
v -0.0023828452 -0.017915923 -0.022267312
v -0.0023828452 -0.019369662 -0.03436372
v -0.0026491683 -0.017712858 -0.022409381
v -0.0023828452 -0.017915923 -0.022267312
v -0.0023828452 -0.019369662 -0.03436372
v -0.0026491683 -0.019152658 -0.034389798
v -0.0028677338 -0.018888237 -0.034421578
v -0.0028677338 -0.017465422 -0.022582496
v -0.003030143 -0.018586563 -0.03445783
v -0.0030301432 -0.017183127 -0.022779997
v -0.003130154 -0.018259225 -0.034497168
v -0.003130154 -0.016876817 -0.022994304
v -0.0031639235 -0.017918807 -0.034538083
v -0.0031639235 -0.016558265 -0.023217171
v -0.003130154 -0.017578388 -0.034578994
v -0.0031301542 -0.016239714 -0.02344004
v -0.003030143 -0.017251052 -0.034618333
v -0.003030143 -0.015933406 -0.023654345
v -0.0028677343 -0.016949376 -0.034654588
v -0.0028677343 -0.015651109 -0.02385185
v -0.0026491683 -0.016684955 -0.034686364
v -0.0027224682 -0.015486655 -0.023966905
v -0.0026491687 -0.01540121 -0.024004463
v -0.0023828452 -0.016467951 -0.034712445
v -0.0023828452 -0.015192118 -0.02409637
v 0.00031727657 -0.018259225 -0.034497168
v 0.00035104615 -0.017918807 -0.034538083
v 0.00031727657 -0.017578388 -0.034578994
v 0.00021726578 -0.018586563 -0.03445783
v 0.00021726548 -0.017251052 -0.034618333
v 5.4856686E-05 -0.018888237 -0.034421578
v 5.4856537E-05 -0.016949376 -0.034654588
v -0.0001637093 -0.019152658 -0.034389798
v -0.00016370915 -0.016684957 -0.034686364
v -0.00043003247 -0.016467951 -0.034712445
v -0.00043003252 -0.019369662 -0.03436372
v -0.0007338783 -0.016306702 -0.034731824
v -0.00073387823 -0.019530911 -0.034344338
v -0.0010635705 -0.019630207 -0.034332406
v -0.0010635704 -0.016207406 -0.034743756
v -0.0014064388 -0.016173879 -0.034747787
v -0.0014064389 -0.019663736 -0.034328375
v -0.0017493069 -0.016207406 -0.034743756
v -0.0017493069 -0.019630207 -0.034332406
v -0.002078999 -0.019530911 -0.034344338
v -0.002078999 -0.016306702 -0.034731824
v -0.0023828452 -0.019369662 -0.03436372
v -0.0023828452 -0.016467951 -0.034712445
v -0.0026491683 -0.019152658 -0.034389798
v -0.0026491683 -0.016684955 -0.034686364
v -0.0028677338 -0.018888237 -0.034421578
v -0.0028677343 -0.016949376 -0.034654588
v -0.003030143 -0.018586563 -0.03445783
v -0.003030143 -0.017251052 -0.034618333
v -0.003130154 -0.018259225 -0.034497168
v -0.003130154 -0.017578388 -0.034578994
v -0.0031639235 -0.017918807 -0.034538083
v -0.0027224682 -0.015486655 -0.023966905
v -0.0026491687 -0.01540121 -0.024004463
v -0.0023828452 -0.015192118 -0.02409637
v -0.0020789993 -0.015036747 -0.024164664
v -0.0017493069 -0.014941069 -0.024206717
v -0.0014064388 -0.014908764 -0.02422092
v -0.0010635705 -0.014941069 -0.024206717
v -0.00073387835 -0.015036747 -0.024164664
v -0.00043003247 -0.015192118 -0.024096372
v -0.00016370922 -0.015401211 -0.024004463
v -9.040937E-05 -0.015486655 -0.023966905
v -0.00016370922 -0.01771286 -0.022409381
v 5.4856537E-05 -0.015651109 -0.02385185
v -0.00043003252 -0.017915923 -0.022267312
v -0.00073387823 -0.018066812 -0.02216174
v -0.0010635705 -0.01815973 -0.022096733
v 5.4856686E-05 -0.017465422 -0.022582497
v -0.0014064389 -0.018191107 -0.022074783
v 0.00021726562 -0.017183127 -0.022779997
v 0.00021726562 -0.015933406 -0.023654345
v 0.0003172764 -0.016239714 -0.02344004
v 0.00031727657 -0.016876817 -0.022994304
v 0.00035104615 -0.016558265 -0.023217171
v -0.0017493069 -0.01815973 -0.022096733
v -0.0020789993 -0.018066812 -0.02216174
v -0.0023828452 -0.017915923 -0.022267312
v -0.0026491683 -0.017712858 -0.022409381
v -0.0028677338 -0.017465422 -0.022582496
v -0.0028677343 -0.015651109 -0.02385185
v -0.0030301432 -0.017183127 -0.022779997
v -0.003030143 -0.015933406 -0.023654345
v -0.0031301542 -0.016239714 -0.02344004
v -0.003130154 -0.016876817 -0.022994304
v -0.0031639235 -0.016558265 -0.023217171
v 0.005760432 0.02197499 0.006814497
v 0.0057604318 0.024662266 0.007567179
v 0.005760432 0.025604852 0.0022335371
v 0.0057604318 0.020208448 0.011351965
v 0.005760433 0.022822367 0.002019579
v 0.0057604313 0.022697248 0.012614448
v 0.0057604336 0.02548878 -0.0031815057
v 0.0057604313 0.01759064 0.015457613
v 0.0057604336 0.022718024 -0.0028485167
v 0.0057604304 0.019785319 0.017181378
v 0.0057604345 0.024318518 -0.008469858
v 0.0057604313 0.014222154 0.018973662
v 0.0057604345 0.021665964 -0.00760272
v 0.0057604304 0.016038373 0.021092469
v 0.005760436 0.022139039 -0.01342829
v 0.0057604313 0.010232457 0.021764988
v 0.005760436 0.01970662 -0.0120603265
v 0.0057604304 0.011600422 0.024197407
v 0.0057604373 0.019034095 -0.017866252
v 0.0057604318 0.0057748496 0.023724334
v 0.0057604373 0.016915292 -0.016050031
v 0.0057604313 0.0066419872 0.026376888
v 0.0057604383 0.015123008 -0.02161319
v 0.005760432 0.0010206446 0.024776394
v 0.0057604383 0.013399243 -0.019418512
v 0.0057604318 0.0013536331 0.02754715
v 0.0057604397 0.0105560785 -0.024525119
v 0.005760433 -0.0038474558 0.024880735
v 0.0057604397 0.009293598 -0.022036321
v 0.005760432 -0.0040614135 0.027663218
v 0.0057604406 0.0055088126 -0.026490137
v 0.005760434 -0.008642373 0.024033358
v 0.00576044 0.004756131 -0.02380286
v 0.0057604336 -0.0093950555 0.026720636
v 0.005760442 0.00017517358 -0.02743272
v 0.0057604345 -0.013179842 0.022266818
v 0.005760441 -3.8784743E-05 -0.024650237
v 0.0057604345 -0.014442323 0.024755618
v 0.0057604425 -0.005239873 -0.027316652
v 0.005760436 -0.017285483 0.019649006
v 0.005760442 -0.004906885 -0.024545895
v 0.005760436 -0.01900925 0.021843689
v 0.005760443 -0.0105282245 -0.02614639
v 0.0057604373 -0.02080153 0.016280524
v 0.0057604425 -0.009661087 -0.023493836
v 0.0057604373 -0.022920337 0.018096747
v 0.005760444 -0.015486655 -0.02396691
v 0.0057604383 -0.023592863 0.012290819
v 0.005760443 -0.014118691 -0.021534495
v 0.0057604383 -0.02602528 0.013658783
v 0.005760444 -0.019924616 -0.020861968
v 0.0057604397 -0.025552208 0.007833212
v 0.005760443 -0.018108396 -0.018743165
v 0.0057604397 -0.028204761 0.008700349
v 0.005760444 -0.02367156 -0.016950881
v 0.0057604406 -0.026604265 0.0030790132
v 0.005760443 -0.021476878 -0.015227116
v 0.0057604406 -0.029375022 0.0034120018
v 0.005760443 -0.026583493 -0.012383951
v 0.005760441 -0.02670861 -0.0017890864
v 0.0057604425 -0.024094693 -0.01112147
v 0.005760442 -0.029491093 -0.0020030448
v 0.0057604425 -0.028548507 -0.007336687
v 0.005760442 -0.02586123 -0.0065840054
vt 0.63671875 0.49536133
vt 0.63671875 0.49243164
vt 0.6381836 0.49243164
vt 0.6381836 0.49536133
vt 0.63671875 0.49560547
vt 0.6381836 0.49560547
vt 0.63671875 0.4958496
vt 0.6381836 0.4958496
vt 0.63671875 0.49609375
vt 0.6381836 0.49609375
vt 0.6821289 0.48583984
vt 0.68359375 0.48120117
vt 0.68359375 0.48583984
vt 0.6821289 0.48120117
vt 0.68359375 0.48095703
vt 0.6821289 0.48095703
vt 0.68359375 0.4807129
vt 0.6821289 0.4807129
vt 0.6333008 0.48608398
vt 0.6333008 0.48535156
vt 0.6347656 0.48535156
vt 0.6347656 0.48583984
vt 0.6333008 0.48706055
vt 0.6347656 0.4868164
vt 0.6333008 0.48779297
vt 0.6347656 0.48779297
vt 0.6333008 0.48901367
vt 0.6347656 0.48876953
vt 0.6333008 0.4897461
vt 0.6347656 0.4897461
vt 0.6333008 0.49072266
vt 0.6347656 0.49072266
vt 0.6333008 0.49145508
vt 0.6347656 0.49121094
vt 0.67626953 0.48242188
vt 0.6748047 0.48339844
vt 0.6748047 0.48242188
vt 0.67626953 0.48339844
vt 0.6748047 0.484375
vt 0.67626953 0.484375
vt 0.6748047 0.48535156
vt 0.67626953 0.48535156
vt 0.6748047 0.48583984
vt 0.67626953 0.48583984
vt 0.6748047 0.48706055
vt 0.67626953 0.48706055
vt 0.6748047 0.48779297
vt 0.67626953 0.48779297
vt 0.6748047 0.48876953
vt 0.67626953 0.48876953
vt 0.6748047 0.48999023
vt 0.67626953 0.48999023
vt 0.6826172 0.45947266
vt 0.68310547 0.46118164
vt 0.6826172 0.46118164
vt 0.68310547 0.45947266
vt 0.68359375 0.46118164
vt 0.68359375 0.45947266
vt 0.68359375 0.46118164
vt 0.68359375 0.45947266
vt 0.68408203 0.46118164
vt 0.68408203 0.45947266
vt 0.6748047 0.4958496
vt 0.67626953 0.49536133
vt 0.67626953 0.4958496
vt 0.6748047 0.49536133
vt 0.67626953 0.49194336
vt 0.6748047 0.49194336
vt 0.68359375 0.48779297
vt 0.6821289 0.4880371
vt 0.6821289 0.48779297
vt 0.68359375 0.4880371
vt 0.6821289 0.48876953
vt 0.68359375 0.48876953
vt 0.6821289 0.48950195
vt 0.68359375 0.48950195
vt 0.6821289 0.49023438
vt 0.68359375 0.49023438
vt 0.6821289 0.49145508
vt 0.68359375 0.49145508
vt 0.6821289 0.49194336
vt 0.68359375 0.49194336
vt 0.6821289 0.49267578
vt 0.68359375 0.49267578
vt 0.6821289 0.49658203
vt 0.68359375 0.49609375
vt 0.68359375 0.49658203
vt 0.6821289 0.49609375
vt 0.68359375 0.4951172
vt 0.6821289 0.4951172
vt 0.68359375 0.4946289
vt 0.6821289 0.4946289
vt 0.68359375 0.47851562
vt 0.68310547 0.47705078
vt 0.68359375 0.47705078
vt 0.68310547 0.47851562
vt 0.6826172 0.47705078
vt 0.6826172 0.47851562
vt 0.6821289 0.47705078
vt 0.6821289 0.47851562
vt 0.6821289 0.47705078
vt 0.6821289 0.47851562
vt 0.67871094 0.46069336
vt 0.6801758 0.45996094
vt 0.6801758 0.46069336
vt 0.67871094 0.4597168
vt 0.6801758 0.45898438
vt 0.67871094 0.45898438
vt 0.6801758 0.45825195
vt 0.67871094 0.45825195
vt 0.6801758 0.45751953
vt 0.67871094 0.45751953
vt 0.6801758 0.45654297
vt 0.67871094 0.45654297
vt 0.6850586 0.46313477
vt 0.6855469 0.46484375
vt 0.6850586 0.46484375
vt 0.6855469 0.46313477
vt 0.68603516 0.46484375
vt 0.68603516 0.46313477
vt 0.6279297 0.48535156
vt 0.62597656 0.48583984
vt 0.62597656 0.48535156
vt 0.6279297 0.48583984
vt 0.62597656 0.48657227
vt 0.6279297 0.48657227
vt 0.62597656 0.48754883
vt 0.6279297 0.48754883
vt 0.62597656 0.48828125
vt 0.6279297 0.4885254
vt 0.62597656 0.4892578
vt 0.6279297 0.4892578
vt 0.62597656 0.49023438
vt 0.6279297 0.49023438
vt 0.62597656 0.49145508
vt 0.6279297 0.49145508
vt 0.6401367 0.49560547
vt 0.64160156 0.4946289
vt 0.64160156 0.49560547
vt 0.6401367 0.4946289
vt 0.64160156 0.49365234
vt 0.6401367 0.49365234
vt 0.64160156 0.49291992
vt 0.6401367 0.49291992
vt 0.64160156 0.49243164
vt 0.6401367 0.49243164
vt 0.68603516 0.47509766
vt 0.68603516 0.47338867
vt 0.68603516 0.47338867
vt 0.68603516 0.47509766
vt 0.6855469 0.47338867
vt 0.6855469 0.47509766
vt 0.6850586 0.47338867
vt 0.6850586 0.47509766
vt 0.63671875 0.49072266
vt 0.6381836 0.4897461
vt 0.6381836 0.49072266
vt 0.63671875 0.4897461
vt 0.6381836 0.48901367
vt 0.63671875 0.48901367
vt 0.6381836 0.4880371
vt 0.63671875 0.4880371
vt 0.6381836 0.48706055
vt 0.63671875 0.48706055
vt 0.6381836 0.48632812
vt 0.63671875 0.48632812
vt 0.6381836 0.48535156
vt 0.63671875 0.48535156
vt 0.67529297 0.46118164
vt 0.6767578 0.46069336
vt 0.6767578 0.46118164
vt 0.6748047 0.46069336
vt 0.6767578 0.46020508
vt 0.6748047 0.46020508
vt 0.6767578 0.4597168
vt 0.6748047 0.4597168
vt 0.6767578 0.45874023
vt 0.6748047 0.45874023
vt 0.6767578 0.45654297
vt 0.67529297 0.45654297
vt 0.6435547 0.49047852
vt 0.6455078 0.48583984
vt 0.6455078 0.49047852
vt 0.6435547 0.48583984
vt 0.6455078 0.4855957
vt 0.6435547 0.4855957
vt 0.6455078 0.48535156
vt 0.6435547 0.48535156
vt 0.6298828 0.49145508
vt 0.63134766 0.4909668
vt 0.63134766 0.49145508
vt 0.6298828 0.4909668
vt 0.63134766 0.49047852
vt 0.6298828 0.49047852
vt 0.63134766 0.4897461
vt 0.6298828 0.4897461
vt 0.63134766 0.48876953
vt 0.6298828 0.48876953
vt 0.63134766 0.48779297
vt 0.6298828 0.4880371
vt 0.63134766 0.48706055
vt 0.6298828 0.48706055
vt 0.63134766 0.48632812
vt 0.6298828 0.48632812
vt 0.63134766 0.48535156
vt 0.6298828 0.48535156
vt 0.68652344 0.49609375
vt 0.68603516 0.4946289
vt 0.68652344 0.4946289
vt 0.68603516 0.49609375
vt 0.6855469 0.4946289
vt 0.6855469 0.49609375
vt 0.64160156 0.48535156
vt 0.64160156 0.4855957
vt 0.6401367 0.4855957
vt 0.6401367 0.48535156
vt 0.64160156 0.4855957
vt 0.6401367 0.48608398
vt 0.6401367 0.4855957
vt 0.64160156 0.48608398
vt 0.6401367 0.49047852
vt 0.64160156 0.49047852
vt 0.6347656 0.49316406
vt 0.6347656 0.49609375
vt 0.6333008 0.49609375
vt 0.6333008 0.49316406
vt 0.68652344 0.47851562
vt 0.68603516 0.47705078
vt 0.68652344 0.47705078
vt 0.68603516 0.47851562
vt 0.6855469 0.47705078
vt 0.6855469 0.47851562
vt 0.6855469 0.47705078
vt 0.6855469 0.47851562
vt 0.67285156 0.4921875
vt 0.6713867 0.49267578
vt 0.6713867 0.4921875
vt 0.67285156 0.49267578
vt 0.6713867 0.4934082
vt 0.67285156 0.4934082
vt 0.6713867 0.49438477
vt 0.67285156 0.49438477
vt 0.6713867 0.49536133
vt 0.67285156 0.49536133
vt 0.6713867 0.49609375
vt 0.67285156 0.49609375
vt 0.67285156 0.48364258
vt 0.67285156 0.49023438
vt 0.6713867 0.49023438
vt 0.6713867 0.48364258
vt 0.67285156 0.48339844
vt 0.6713867 0.48339844
vt 0.67285156 0.4831543
vt 0.6713867 0.4831543
vt 0.67285156 0.48291016
vt 0.6713867 0.48266602
vt 0.67285156 0.48242188
vt 0.6713867 0.48242188
vt 0.6850586 0.4699707
vt 0.6855469 0.47143555
vt 0.6850586 0.47143555
vt 0.6855469 0.4699707
vt 0.6855469 0.47143555
vt 0.6855469 0.4699707
vt 0.68603516 0.47143555
vt 0.68603516 0.4699707
vt 0.68652344 0.47143555
vt 0.68652344 0.46972656
vt 0.65234375 0.46679688
vt 0.65185547 0.46655273
vt 0.65185547 0.46606445
vt 0.65234375 0.4658203
vt 0.65283203 0.46557617
vt 0.6533203 0.46557617
vt 0.6538086 0.46606445
vt 0.65478516 0.47045898
vt 0.65625 0.46948242
vt 0.6542969 0.4724121
vt 0.6538086 0.47045898
vt 0.6538086 0.4724121
vt 0.6533203 0.4724121
vt 0.65283203 0.47021484
vt 0.65283203 0.4729004
vt 0.65185547 0.4699707
vt 0.65185547 0.47314453
vt 0.6508789 0.47387695
vt 0.6533203 0.47680664
vt 0.65234375 0.47509766
vt 0.65625 0.4729004
vt 0.65625 0.46606445
vt 0.65625 0.47631836
vt 0.65283203 0.47680664
vt 0.65625 0.4658203
vt 0.65625 0.4765625
vt 0.6567383 0.47680664
vt 0.6567383 0.46557617
vt 0.65283203 0.47680664
vt 0.65234375 0.47680664
vt 0.65234375 0.47631836
vt 0.65185547 0.47558594
vt 0.65185547 0.47607422
vt 0.6567383 0.47680664
vt 0.65722656 0.46557617
vt 0.65722656 0.46557617
vt 0.65722656 0.47680664
vt 0.65771484 0.4658203
vt 0.65771484 0.47680664
vt 0.65771484 0.46606445
vt 0.65771484 0.47631836
vt 0.65771484 0.47607422
vt 0.65771484 0.4663086
vt 0.65722656 0.4633789
vt 0.65771484 0.4638672
vt 0.65771484 0.4645996
vt 0.65771484 0.46484375
vt 0.65722656 0.4650879
vt 0.65625 0.46313477
vt 0.6567383 0.4650879
vt 0.65625 0.4650879
vt 0.6557617 0.46313477
vt 0.6557617 0.46484375
vt 0.65478516 0.46484375
vt 0.6538086 0.46313477
vt 0.6538086 0.46484375
vt 0.65283203 0.46313477
vt 0.65283203 0.46484375
vt 0.65185547 0.4633789
vt 0.65185547 0.4650879
vt 0.6508789 0.46362305
vt 0.6508789 0.46557617
vt 0.64990234 0.4663086
vt 0.64990234 0.4638672
vt 0.64990234 0.46777344
vt 0.64941406 0.4645996
vt 0.64990234 0.47070312
vt 0.6503906 0.46875
vt 0.64941406 0.4699707
vt 0.6503906 0.4711914
vt 0.6489258 0.46533203
vt 0.6508789 0.46923828
vt 0.6484375 0.46899414
vt 0.6484375 0.4663086
vt 0.6484375 0.46826172
vt 0.6484375 0.46704102
vt 0.6513672 0.47143555
vt 0.6503906 0.47192383
vt 0.6508789 0.47436523
vt 0.6503906 0.47509766
vt 0.64990234 0.4724121
vt 0.64990234 0.47827148
vt 0.6503906 0.47631836
vt 0.64941406 0.47314453
vt 0.6503906 0.47875977
vt 0.64941406 0.47753906
vt 0.6508789 0.47705078
vt 0.6489258 0.47387695
vt 0.6513672 0.4790039
vt 0.6489258 0.47680664
vt 0.6489258 0.47460938
vt 0.6489258 0.47583008
vt 0.65185547 0.47753906
vt 0.65185547 0.47924805
vt 0.65234375 0.4777832
vt 0.65234375 0.4794922
vt 0.6538086 0.4777832
vt 0.65478516 0.4777832
vt 0.65527344 0.4794922
vt 0.6557617 0.4777832
vt 0.6567383 0.47924805
vt 0.6567383 0.47753906
vt 0.65722656 0.47924805
vt 0.65722656 0.47753906
vt 0.65771484 0.4790039
vt 0.65771484 0.4777832
vt 0.65771484 0.47851562
vt 0.65771484 0.47802734
vt 0.6694336 0.46655273
vt 0.6694336 0.47631836
vt 0.6694336 0.4765625
vt 0.6694336 0.4663086
vt 0.6689453 0.4658203
vt 0.6689453 0.47680664
vt 0.6689453 0.4658203
vt 0.6689453 0.47705078
vt 0.66845703 0.4658203
vt 0.66845703 0.47705078
vt 0.66796875 0.47705078
vt 0.66796875 0.4658203
vt 0.66796875 0.47680664
vt 0.66796875 0.46606445
vt 0.66748047 0.4663086
vt 0.66748047 0.4765625
vt 0.66748047 0.46972656
vt 0.66748047 0.47314453
vt 0.6645508 0.4658203
vt 0.6660156 0.47021484
vt 0.6660156 0.47216797
vt 0.66503906 0.4765625
vt 0.6635742 0.47583008
vt 0.6645508 0.47705078
vt 0.6640625 0.47705078
vt 0.6635742 0.47680664
vt 0.6635742 0.4765625
vt 0.6635742 0.47607422
vt 0.66503906 0.47216797
vt 0.66552734 0.47021484
vt 0.6645508 0.4699707
vt 0.6640625 0.4724121
vt 0.6640625 0.46972656
vt 0.6635742 0.46728516
vt 0.66308594 0.47265625
vt 0.6645508 0.4658203
vt 0.66308594 0.46948242
vt 0.6640625 0.4658203
vt 0.6635742 0.4658203
vt 0.6635742 0.4663086
vt 0.6635742 0.46704102
vt 0.6635742 0.46655273
vt 0.66259766 0.46875
vt 0.66259766 0.47094727
vt 0.6621094 0.47338867
vt 0.6621094 0.47143555
vt 0.6616211 0.47387695
vt 0.6621094 0.47070312
vt 0.6621094 0.46826172
vt 0.6611328 0.47192383
vt 0.6621094 0.46728516
vt 0.6616211 0.47021484
vt 0.6616211 0.47485352
vt 0.6611328 0.46435547
vt 0.6621094 0.4663086
vt 0.66064453 0.46948242
vt 0.6621094 0.4638672
vt 0.66064453 0.4650879
vt 0.66259766 0.46557617
vt 0.66064453 0.46875
vt 0.66259766 0.4633789
vt 0.66015625 0.4658203
vt 0.66015625 0.46801758
vt 0.66015625 0.46679688
vt 0.66308594 0.4650879
vt 0.66308594 0.4633789
vt 0.6640625 0.46484375
vt 0.6640625 0.46313477
vt 0.66503906 0.46484375
vt 0.6660156 0.46484375
vt 0.6669922 0.46313477
vt 0.66748047 0.46484375
vt 0.66796875 0.4633789
vt 0.66796875 0.4650879
vt 0.66845703 0.4633789
vt 0.66845703 0.4650879
vt 0.6689453 0.46362305
vt 0.6689453 0.46484375
vt 0.6694336 0.46411133
vt 0.6694336 0.4645996
vt 0.6694336 0.47802734
vt 0.6694336 0.47875977
vt 0.6689453 0.47924805
vt 0.6689453 0.4777832
vt 0.6689453 0.47753906
vt 0.66748047 0.47924805
vt 0.66845703 0.47753906
vt 0.66748047 0.47753906
vt 0.6669922 0.4794922
vt 0.6669922 0.4777832
vt 0.6665039 0.4777832
vt 0.66503906 0.4794922
vt 0.66503906 0.4777832
vt 0.6640625 0.4794922
vt 0.6640625 0.4777832
vt 0.66308594 0.47924805
vt 0.66308594 0.47753906
vt 0.6621094 0.4790039
vt 0.6621094 0.47705078
vt 0.6616211 0.47631836
vt 0.6616211 0.47875977
vt 0.66064453 0.47802734
vt 0.66064453 0.47265625
vt 0.66015625 0.47729492
vt 0.66015625 0.4736328
vt 0.65966797 0.47631836
vt 0.65966797 0.47436523
vt 0.65966797 0.47558594
vt 0.6772461 0.46484375
vt 0.6772461 0.46313477
vt 0.6713867 0.46313477
vt 0.6713867 0.46484375
vt 0.6772461 0.46655273
vt 0.6713867 0.46655273
vt 0.6772461 0.46875
vt 0.6713867 0.46875
vt 0.6772461 0.47094727
vt 0.6713867 0.47094727
vt 0.6772461 0.47314453
vt 0.6713867 0.47314453
vt 0.6772461 0.4753418
vt 0.6713867 0.4753418
vt 0.6772461 0.47729492
vt 0.6713867 0.47729492
vt 0.6772461 0.47924805
vt 0.6713867 0.47924805
vt 0.6772461 0.4807129
vt 0.6713867 0.4807129
vt 0.6542969 0.49731445
vt 0.6484375 0.4958496
vt 0.6484375 0.49731445
vt 0.6542969 0.4958496
vt 0.6484375 0.49389648
vt 0.6542969 0.49389648
vt 0.6484375 0.49194336
vt 0.6542969 0.49194336
vt 0.6484375 0.4897461
vt 0.6542969 0.4897461
vt 0.6484375 0.48754883
vt 0.6542969 0.48754883
vt 0.6484375 0.48535156
vt 0.6542969 0.48535156
vt 0.6484375 0.4831543
vt 0.6542969 0.4831543
vt 0.6484375 0.4814453
vt 0.6542969 0.4814453
vt 0.67529297 0.4387207
vt 0.68115234 0.4404297
vt 0.68115234 0.4387207
vt 0.67529297 0.4404297
vt 0.68115234 0.4423828
vt 0.67529297 0.4423828
vt 0.68115234 0.44458008
vt 0.6748047 0.44458008
vt 0.68115234 0.44677734
vt 0.6748047 0.44677734
vt 0.68115234 0.4489746
vt 0.6748047 0.4489746
vt 0.68115234 0.45117188
vt 0.67529297 0.45117188
vt 0.68115234 0.453125
vt 0.67529297 0.453125
vt 0.68115234 0.45483398
vt 0.67529297 0.45483398
vt 0.65625 0.4814453
vt 0.6621094 0.4831543
vt 0.6621094 0.4814453
vt 0.65625 0.4831543
vt 0.6621094 0.48535156
vt 0.65625 0.48535156
vt 0.6621094 0.48754883
vt 0.65625 0.48754883
vt 0.6621094 0.4897461
vt 0.65625 0.4897461
vt 0.6621094 0.49194336
vt 0.65625 0.49194336
vt 0.6621094 0.49389648
vt 0.65625 0.49389648
vt 0.6621094 0.49560547
vt 0.65625 0.49560547
vt 0.66503906 0.49438477
vt 0.6635742 0.49560547
vt 0.66503906 0.49560547
vt 0.6635742 0.49438477
vt 0.66503906 0.49267578
vt 0.6635742 0.49267578
vt 0.66503906 0.49072266
vt 0.6635742 0.49072266
vt 0.66503906 0.48876953
vt 0.6635742 0.48876953
vt 0.66503906 0.4868164
vt 0.6635742 0.4868164
vt 0.66503906 0.48486328
vt 0.6635742 0.48486328
vt 0.66503906 0.48291016
vt 0.6635742 0.48291016
vt 0.66503906 0.4814453
vt 0.6635742 0.4814453
vt 0.6508789 0.45336914
vt 0.65185547 0.45532227
vt 0.6533203 0.4572754
vt 0.6503906 0.45117188
vt 0.65478516 0.45874023
vt 0.6503906 0.44873047
vt 0.6567383 0.45996094
vt 0.6508789 0.44677734
vt 0.6586914 0.4609375
vt 0.65185547 0.44458008
vt 0.66064453 0.46118164
vt 0.6533203 0.4428711
vt 0.66308594 0.46118164
vt 0.65478516 0.4411621
vt 0.66503906 0.4609375
vt 0.6567383 0.4399414
vt 0.66748047 0.45996094
vt 0.6586914 0.43920898
vt 0.6689453 0.45874023
vt 0.66064453 0.4387207
vt 0.67089844 0.4572754
vt 0.66308594 0.4387207
vt 0.671875 0.45532227
vt 0.66503906 0.43920898
vt 0.67285156 0.45336914
vt 0.66748047 0.4399414
vt 0.67333984 0.45117188
vt 0.6689453 0.4411621
vt 0.67333984 0.44873047
vt 0.67089844 0.4428711
vt 0.67285156 0.44677734
vt 0.671875 0.44458008
vt 0.63134766 0.46435547
vt 0.6298828 0.46533203
vt 0.62841797 0.46679688
vt 0.6274414 0.46850586
vt 0.6333008 0.4633789
vt 0.62646484 0.47021484
vt 0.6352539 0.46313477
vt 0.62597656 0.47216797
vt 0.63720703 0.46313477
vt 0.62597656 0.47436523
vt 0.63916016 0.4633789
vt 0.62646484 0.47631836
vt 0.6411133 0.46435547
vt 0.6274414 0.47802734
vt 0.6425781 0.46533203
vt 0.62841797 0.47973633
vt 0.64404297 0.46679688
vt 0.6298828 0.48120117
vt 0.6455078 0.46850586
vt 0.63134766 0.48217773
vt 0.6459961 0.47021484
vt 0.6333008 0.4831543
vt 0.6464844 0.47216797
vt 0.6352539 0.48339844
vt 0.6464844 0.47436523
vt 0.63720703 0.48339844
vt 0.6459961 0.47631836
vt 0.63916016 0.4831543
vt 0.6455078 0.47802734
vt 0.6411133 0.48217773
vt 0.64404297 0.47973633
vt 0.6425781 0.48120117
vt 0.67871094 0.48217773
vt 0.6801758 0.4807129
vt 0.67871094 0.4807129
vt 0.6801758 0.48217773
vt 0.67871094 0.48413086
vt 0.6801758 0.48413086
vt 0.67871094 0.48608398
vt 0.6801758 0.48608398
vt 0.67871094 0.4880371
vt 0.6801758 0.4880371
vt 0.67871094 0.48999023
vt 0.6801758 0.48999023
vt 0.67871094 0.49194336
vt 0.6801758 0.49194336
vt 0.67871094 0.49365234
vt 0.6801758 0.49365234
vt 0.67871094 0.4951172
vt 0.6801758 0.4951172
vt 0.66796875 0.4814453
vt 0.6669922 0.4814453
vt 0.6669922 0.48291016
vt 0.66796875 0.48291016
vt 0.6669922 0.48461914
vt 0.66796875 0.48486328
vt 0.6669922 0.48657227
vt 0.66796875 0.48657227
vt 0.6669922 0.48876953
vt 0.66796875 0.48876953
vt 0.6669922 0.49072266
vt 0.66796875 0.49072266
vt 0.6669922 0.49243164
vt 0.66796875 0.49243164
vt 0.6669922 0.49438477
vt 0.66796875 0.49438477
vt 0.6801758 0.47753906
vt 0.67871094 0.47875977
vt 0.6801758 0.47875977
vt 0.67871094 0.47753906
vt 0.6801758 0.47583008
vt 0.67871094 0.47583008
vt 0.6801758 0.4741211
vt 0.67871094 0.4741211
vt 0.6801758 0.47216797
vt 0.67871094 0.47216797
vt 0.6801758 0.47021484
vt 0.67871094 0.47021484
vt 0.6801758 0.46826172
vt 0.67871094 0.46826172
vt 0.6801758 0.4663086
vt 0.67871094 0.4663086
vt 0.6801758 0.4645996
vt 0.67871094 0.4645996
vt 0.6801758 0.46313477
vt 0.67871094 0.46313477
vt 0.68310547 0.46728516
vt 0.68359375 0.4633789
vt 0.68310547 0.46313477
vt 0.68310547 0.46704102
vt 0.68310547 0.46313477
vt 0.68310547 0.46704102
vt 0.68310547 0.46313477
vt 0.6826172 0.46704102
vt 0.68310547 0.46313477
vt 0.6826172 0.46704102
vt 0.6826172 0.46313477
vt 0.6826172 0.46704102
vt 0.6826172 0.46313477
vt 0.6826172 0.46704102
vt 0.68310547 0.44384766
vt 0.6826172 0.4387207
vt 0.6826172 0.44384766
vt 0.68310547 0.4387207
vt 0.68310547 0.4387207
vt 0.68310547 0.44384766
vt 0.68310547 0.4387207
vt 0.68310547 0.44384766
vt 0.68310547 0.43896484
vt 0.68310547 0.44384766
vt 0.68359375 0.43896484
vt 0.68359375 0.44384766
vt 0.68359375 0.43896484
vt 0.68359375 0.44384766
vt 0.68359375 0.43920898
vt 0.68359375 0.44384766
vt 0.68359375 0.43920898
vt 0.68359375 0.44384766
vt 0.68408203 0.43920898
vt 0.68408203 0.44384766
vt 0.68408203 0.43920898
vt 0.68408203 0.44384766
vt 0.6269531 0.49682617
vt 0.6269531 0.49682617
vt 0.6269531 0.49316406
vt 0.6269531 0.49316406
vt 0.62646484 0.49682617
vt 0.62646484 0.4934082
vt 0.62646484 0.49682617
vt 0.62646484 0.4934082
vt 0.62646484 0.49682617
vt 0.62646484 0.4934082
vt 0.62646484 0.49682617
vt 0.62646484 0.49316406
vt 0.62597656 0.49682617
vt 0.62597656 0.49316406
vt 0.6821289 0.47045898
vt 0.6821289 0.47045898
vt 0.6821289 0.47509766
vt 0.6821289 0.47509766
vt 0.6821289 0.47509766
vt 0.6821289 0.47045898
vt 0.6821289 0.47509766
vt 0.6821289 0.47021484
vt 0.6826172 0.47509766
vt 0.6826172 0.47021484
vt 0.6826172 0.47509766
vt 0.6826172 0.47021484
vt 0.6826172 0.47509766
vt 0.6826172 0.47021484
vt 0.68310547 0.47509766
vt 0.68310547 0.4699707
vt 0.68310547 0.47509766
vt 0.68310547 0.4699707
vt 0.68310547 0.47509766
vt 0.68310547 0.4699707
vt 0.68310547 0.47509766
vt 0.68310547 0.46972656
vt 0.68359375 0.46777344
vt 0.68359375 0.4675293
vt 0.68359375 0.4675293
vt 0.68359375 0.46777344
vt 0.68359375 0.46728516
vt 0.68310547 0.46777344
vt 0.68359375 0.46728516
vt 0.68310547 0.46801758
vt 0.68310547 0.46728516
vt 0.68310547 0.46728516
vt 0.68310547 0.46801758
vt 0.68310547 0.46704102
vt 0.68310547 0.46801758
vt 0.6826172 0.46801758
vt 0.68310547 0.46704102
vt 0.6826172 0.46801758
vt 0.6826172 0.46704102
vt 0.6826172 0.46704102
vt 0.6826172 0.46801758
vt 0.6826172 0.46801758
vt 0.6826172 0.46704102
vt 0.6821289 0.46801758
vt 0.6826172 0.46704102
vt 0.6821289 0.46777344
vt 0.6821289 0.46704102
vt 0.6821289 0.46777344
vt 0.6821289 0.46728516
vt 0.6821289 0.46777344
vt 0.6821289 0.46728516
vt 0.6821289 0.46728516
vt 0.6821289 0.4675293
vt 0.6821289 0.4675293
vt 0.67871094 0.4975586
vt 0.67871094 0.49780273
vt 0.67871094 0.49780273
vt 0.67871094 0.49731445
vt 0.67871094 0.49804688
vt 0.67871094 0.49804688
vt 0.67871094 0.49731445
vt 0.6791992 0.4970703
vt 0.67871094 0.49829102
vt 0.6791992 0.4970703
vt 0.6791992 0.49829102
vt 0.6791992 0.4970703
vt 0.6791992 0.49853516
vt 0.6791992 0.49853516
vt 0.6791992 0.4970703
vt 0.6796875 0.4970703
vt 0.6791992 0.49853516
vt 0.6796875 0.4970703
vt 0.6796875 0.49853516
vt 0.6796875 0.4970703
vt 0.6796875 0.49853516
vt 0.6796875 0.4970703
vt 0.6796875 0.49853516
vt 0.6801758 0.49731445
vt 0.6796875 0.49829102
vt 0.6801758 0.49829102
vt 0.6801758 0.49731445
vt 0.6801758 0.49804688
vt 0.6801758 0.4975586
vt 0.6801758 0.4975586
vt 0.6801758 0.49804688
vt 0.6801758 0.49780273
vt 0.64501953 0.49560547
vt 0.64501953 0.49243164
vt 0.64501953 0.49243164
vt 0.64453125 0.49560547
vt 0.64501953 0.49243164
vt 0.64453125 0.49560547
vt 0.64453125 0.49243164
vt 0.64453125 0.49560547
vt 0.64453125 0.49243164
vt 0.64404297 0.49560547
vt 0.64453125 0.49243164
vt 0.64404297 0.49560547
vt 0.64404297 0.49243164
vt 0.64404297 0.49560547
vt 0.68408203 0.44580078
vt 0.68408203 0.4501953
vt 0.68408203 0.44580078
vt 0.68408203 0.4501953
vt 0.68408203 0.4501953
vt 0.68359375 0.4501953
vt 0.68359375 0.44580078
vt 0.68359375 0.4501953
vt 0.68359375 0.44580078
vt 0.68359375 0.45043945
vt 0.68359375 0.44580078
vt 0.68359375 0.45043945
vt 0.68359375 0.44580078
vt 0.68310547 0.45043945
vt 0.68310547 0.44580078
vt 0.68310547 0.4506836
vt 0.68310547 0.44580078
vt 0.68310547 0.4506836
vt 0.68310547 0.44580078
vt 0.68310547 0.4506836
vt 0.68310547 0.44580078
vt 0.6826172 0.4506836
vt 0.6826172 0.44580078
vt 0.6298828 0.49316406
vt 0.6298828 0.4934082
vt 0.6298828 0.49731445
vt 0.6298828 0.4970703
vt 0.6298828 0.49316406
vt 0.6298828 0.4970703
vt 0.6298828 0.49316406
vt 0.6298828 0.4970703
vt 0.6303711 0.49316406
vt 0.6303711 0.4970703
vt 0.6303711 0.49316406
vt 0.6303711 0.4970703
vt 0.6303711 0.4934082
vt 0.6303711 0.49731445
vt 0.68408203 0.45751953
vt 0.68408203 0.45751953
vt 0.68408203 0.45263672
vt 0.68408203 0.45263672
vt 0.68359375 0.45263672
vt 0.68359375 0.45751953
vt 0.68359375 0.45263672
vt 0.68359375 0.45751953
vt 0.68359375 0.45263672
vt 0.68359375 0.4572754
vt 0.68359375 0.45263672
vt 0.68359375 0.4572754
vt 0.68310547 0.45263672
vt 0.68310547 0.4572754
vt 0.68310547 0.45263672
vt 0.68310547 0.45703125
vt 0.68310547 0.45263672
vt 0.68310547 0.45703125
vt 0.68310547 0.45263672
vt 0.68310547 0.45703125
vt 0.68310547 0.45703125
vt 0.6826172 0.45263672
vt 0.6826172 0.45703125
vt 0.64501953 0.4963379
vt 0.64501953 0.49609375
vt 0.64501953 0.49609375
vt 0.64501953 0.4963379
vt 0.64501953 0.4958496
vt 0.64501953 0.4963379
vt 0.64501953 0.4958496
vt 0.64501953 0.4963379
vt 0.64501953 0.4958496
vt 0.64501953 0.49560547
vt 0.64453125 0.49658203
vt 0.64453125 0.49560547
vt 0.64453125 0.49658203
vt 0.64453125 0.49658203
vt 0.64453125 0.49560547
vt 0.64453125 0.49560547
vt 0.64453125 0.49658203
vt 0.64404297 0.49560547
vt 0.64404297 0.49658203
vt 0.64404297 0.49658203
vt 0.64404297 0.49560547
vt 0.64404297 0.4963379
vt 0.64404297 0.49560547
vt 0.64404297 0.4963379
vt 0.64404297 0.49560547
vt 0.6435547 0.4963379
vt 0.6435547 0.4958496
vt 0.6435547 0.49609375
vt 0.6435547 0.4958496
vt 0.6435547 0.49609375
vt 0.6435547 0.4958496
vt 0.6435547 0.49609375
vt 0.6669922 0.4975586
vt 0.6669922 0.4975586
vt 0.66748047 0.4975586
vt 0.66748047 0.4975586
vt 0.66748047 0.49780273
vt 0.66748047 0.49780273
vt 0.66796875 0.4975586
vt 0.66796875 0.4975586
vt 0.66796875 0.4975586
vt 0.66796875 0.49731445
vt 0.66796875 0.49731445
vt 0.66796875 0.4963379
vt 0.66845703 0.49731445
vt 0.66796875 0.49609375
vt 0.66796875 0.49609375
vt 0.66748047 0.49609375
vt 0.66796875 0.4963379
vt 0.66748047 0.49609375
vt 0.66845703 0.49658203
vt 0.66845703 0.4970703
vt 0.66845703 0.4970703
vt 0.66845703 0.49658203
vt 0.66845703 0.49682617
vt 0.66748047 0.49609375
vt 0.66748047 0.49609375
vt 0.6669922 0.4963379
vt 0.6669922 0.4963379
vt 0.6669922 0.49658203
vt 0.6669922 0.49731445
vt 0.6669922 0.49658203
vt 0.6669922 0.49731445
vt 0.6669922 0.4970703
vt 0.6669922 0.49682617
vt 0.6669922 0.4970703
vt 0.64404297 0.44213867
vt 0.64453125 0.4411621
vt 0.6425781 0.4399414
vt 0.6455078 0.44360352
vt 0.64208984 0.44091797
vt 0.6464844 0.4428711
vt 0.640625 0.43920898
vt 0.6464844 0.44506836
vt 0.640625 0.44018555
vt 0.64746094 0.44458008
vt 0.6386719 0.4387207
vt 0.64746094 0.44702148
vt 0.6386719 0.43969727
vt 0.6484375 0.44677734
vt 0.63623047 0.4387207
vt 0.64746094 0.4489746
vt 0.63623047 0.43969727
vt 0.6489258 0.44873047
vt 0.63427734 0.43920898
vt 0.64746094 0.45092773
vt 0.63427734 0.44018555
vt 0.6489258 0.45117188
vt 0.6323242 0.4399414
vt 0.64746094 0.45288086
vt 0.6328125 0.44091797
vt 0.6484375 0.45336914
vt 0.6303711 0.4411621
vt 0.6464844 0.45483398
vt 0.6308594 0.44213867
vt 0.64746094 0.45532227
vt 0.62890625 0.4428711
vt 0.6455078 0.45654297
vt 0.62939453 0.44360352
vt 0.6464844 0.4572754
vt 0.6274414 0.44458008
vt 0.64404297 0.45776367
vt 0.62841797 0.44506836
vt 0.64453125 0.45874023
vt 0.62646484 0.44677734
vt 0.64208984 0.45898438
vt 0.6279297 0.44702148
vt 0.6425781 0.45996094
vt 0.62597656 0.44873047
vt 0.640625 0.4597168
vt 0.6274414 0.4489746
vt 0.640625 0.4609375
vt 0.62597656 0.45117188
vt 0.6386719 0.46020508
vt 0.6274414 0.45092773
vt 0.6386719 0.46118164
vt 0.62646484 0.45336914
vt 0.63623047 0.46020508
vt 0.6279297 0.45288086
vt 0.63623047 0.46118164
vt 0.6274414 0.45532227
vt 0.63427734 0.4597168
vt 0.62841797 0.45483398
vt 0.63427734 0.4609375
vt 0.62890625 0.4572754
vt 0.6328125 0.45898438
vt 0.62939453 0.45654297
vt 0.6323242 0.45996094
vt 0.6303711 0.45874023
vt 0.6308594 0.45776367
vn 0.005332947 0.9458008 0.32543945
vn 4.476309E-05 1 0.002729416
vn 4.476309E-05 1 0.002729416
vn 0.0052375793 0.9477539 0.31933594
vn 0.011146545 0.73339844 0.6796875
vn 0.011123657 0.734375 0.67871094
vn 0.01436615 0.48120117 0.87646484
vn 0.014350891 0.4831543 0.8754883
vn 0.016281128 0.11291504 0.99365234
vn 0.016281128 0.11328125 0.99365234
vn 0.01008606 -0.7885742 0.6152344
vn 0.013511658 -0.56591797 0.82421875
vn 0.01008606 -0.7885742 0.6152344
vn 0.013549805 -0.5629883 0.8261719
vn 0.016220093 -0.14538574 0.9892578
vn 0.016220093 -0.14501953 0.9892578
vn 0.016098022 0.18945312 0.9819336
vn 0.016098022 0.1887207 0.9819336
vn -0.00012898445 1 -0.007873535
vn -0.0034942627 0.9770508 -0.21313477
vn -0.0035495758 0.9760742 -0.21655273
vn -0.00014150143 1 -0.008636475
vn 0.0025806427 0.9873047 0.15734863
vn 0.0025367737 0.98779297 0.15478516
vn 0.0068473816 0.9086914 0.4177246
vn 0.00680542 0.90966797 0.41503906
vn 0.010314941 0.77734375 0.62890625
vn 0.010292053 0.7783203 0.6279297
vn 0.0121536255 0.67089844 0.7416992
vn 0.012145996 0.6713867 0.74121094
vn 0.013702393 0.5488281 0.8359375
vn 0.013687134 0.5498047 0.83496094
vn 0.014556885 0.45947266 0.8881836
vn 0.014556885 0.45947266 0.8881836
vn -0.0034942627 0.9770508 -0.21313477
vn -0.008361816 0.8598633 -0.5102539
vn -0.0035495758 0.9760742 -0.21655273
vn -0.008331299 0.8613281 -0.5078125
vn -0.011680603 0.7011719 -0.7128906
vn -0.011665344 0.7026367 -0.7114258
vn -0.014045715 0.5151367 -0.8569336
vn -0.014038086 0.5161133 -0.8564453
vn -0.01524353 0.36694336 -0.9301758
vn -0.01524353 0.36743164 -0.9301758
vn -0.015945435 0.23339844 -0.97216797
vn -0.015930176 0.23388672 -0.97216797
vn -0.016326904 0.08746338 -0.99609375
vn -0.016326904 0.087524414 -0.99609375
vn -0.01638794 0.007385254 -1
vn -0.01638794 0.0073890686 -1
vn -0.016342163 -0.080322266 -0.99658203
vn -0.016342163 -0.0803833 -0.99658203
vn 0.016098022 0.1887207 0.9819336
vn 0.013221741 0.5913086 0.80615234
vn 0.016098022 0.18945312 0.9819336
vn 0.013252258 0.5888672 0.80810547
vn 0.007785797 0.8798828 0.47509766
vn 0.007835388 0.87841797 0.47802734
vn 0.0018310547 0.99365234 0.111694336
vn 0.0018949509 0.99316406 0.115600586
vn -0.0052223206 0.9477539 -0.31860352
vn -0.0051460266 0.94921875 -0.31396484
vn -0.0051460266 0.94921875 -0.31396484
vn -0.009483337 0.81591797 -0.578125
vn -0.0052223206 0.9477539 -0.31860352
vn -0.009468079 0.81640625 -0.5776367
vn -0.010124207 0.7866211 -0.6176758
vn -0.010124207 0.7866211 -0.6176758
vn 0.01638794 0.022216797 0.9995117
vn 0.016326904 -0.09313965 0.99560547
vn 0.01638794 0.022216797 0.9995117
vn 0.016326904 -0.09338379 0.99560547
vn 0.015701294 -0.28637695 0.9580078
vn 0.015701294 -0.28686523 0.9580078
vn 0.014823914 -0.42651367 0.9042969
vn 0.014823914 -0.42700195 0.9042969
vn 0.013725281 -0.5463867 0.83740234
vn 0.013717651 -0.5473633 0.83691406
vn 0.011009216 -0.74121094 0.6713867
vn 0.010971069 -0.74316406 0.6694336
vn 0.0065078735 -0.91796875 0.39697266
vn 0.006465912 -0.9189453 0.39453125
vn 0.0014305115 -0.99609375 0.08721924
vn 0.0013685226 -0.99658203 0.083496094
vn -0.016342163 -0.0803833 -0.99658203
vn -0.016189575 -0.15710449 -0.9873047
vn -0.016342163 -0.080322266 -0.99658203
vn -0.016189575 -0.15722656 -0.9873047
vn -0.014877319 -0.4194336 -0.90771484
vn -0.014862061 -0.42138672 -0.9067383
vn -0.012641907 -0.63671875 -0.7709961
vn -0.012641907 -0.63671875 -0.7709961
vn 0.00062036514 -0.9995117 0.037841797
vn 0.0057144165 -0.9370117 0.3486328
vn 0.00062036514 -0.9995117 0.037841797
vn 0.005809784 -0.9350586 0.3544922
vn 0.012077332 -0.67626953 0.7363281
vn 0.01210022 -0.6748047 0.73779297
vn 0.015510559 -0.3232422 0.94628906
vn 0.0155181885 -0.3215332 0.94677734
vn 0.016357422 0.061828613 0.9980469
vn 0.016357422 0.061645508 0.9980469
vn 0.0013685226 -0.99658203 0.083496094
vn -0.00459671 -0.95996094 -0.28027344
vn 0.0014305115 -0.99609375 0.08721924
vn -0.0046577454 -0.9589844 -0.28393555
vn -0.0104599 -0.77001953 -0.6381836
vn -0.010505676 -0.7675781 -0.640625
vn -0.014503479 -0.4663086 -0.8847656
vn -0.014511108 -0.46484375 -0.8852539
vn -0.016067505 -0.1973877 -0.97998047
vn -0.016067505 -0.19689941 -0.98046875
vn -0.01637268 -0.05328369 -0.99853516
vn -0.01637268 -0.053222656 -0.99853516
vn 0.016357422 0.061645508 0.9980469
vn 0.016036987 0.20507812 0.9785156
vn 0.016357422 0.061828613 0.9980469
vn 0.016036987 0.20495605 0.9785156
vn 0.016159058 0.16748047 0.98583984
vn 0.016159058 0.16760254 0.98583984
vn 0.016159058 0.16760254 0.98583984
vn 0.01637268 0.055267334 0.99853516
vn 0.016159058 0.16748047 0.98583984
vn 0.01637268 0.05532837 0.99853516
vn 0.01638794 -0.03152466 0.9995117
vn 0.01638794 -0.03152466 0.9995117
vn 0.016220093 -0.1451416 0.9892578
vn 0.016220093 -0.14538574 0.9892578
vn 0.015380859 -0.34594727 0.9379883
vn 0.01537323 -0.34692383 0.9379883
vn 0.012962341 -0.6118164 0.79052734
vn 0.012939453 -0.61376953 0.7895508
vn 0.006378174 -0.9213867 0.38891602
vn 0.0062828064 -0.9238281 0.38330078
vn -0.0019330978 -0.99316406 -0.11791992
vn -0.0019950867 -0.9926758 -0.1217041
vn -0.01637268 -0.053222656 -0.99853516
vn -0.01637268 0.047210693 -0.99853516
vn -0.01637268 -0.05328369 -0.99853516
vn -0.01637268 0.04711914 -0.99853516
vn -0.01612854 0.17565918 -0.984375
vn -0.016143799 0.17541504 -0.984375
vn -0.016204834 0.14892578 -0.98876953
vn -0.016204834 0.14916992 -0.98876953
vn -0.015945435 -0.23303223 -0.97216797
vn -0.015930176 -0.234375 -0.97216797
vn -0.015930176 -0.234375 -0.97216797
vn -0.01134491 -0.7216797 -0.69189453
vn -0.015945435 -0.23303223 -0.97216797
vn -0.011299133 -0.7246094 -0.68896484
vn -0.0039482117 -0.9707031 -0.24084473
vn -0.0038700104 -0.9716797 -0.23608398
vn 0.0040740967 -0.96875 0.24841309
vn 0.0041542053 -0.96728516 0.25317383
vn -0.0019950867 -0.9926758 -0.1217041
vn -0.008239746 -0.8642578 -0.5024414
vn -0.0019330978 -0.99316406 -0.11791992
vn -0.008300781 -0.8623047 -0.50634766
vn -0.012512207 -0.6455078 -0.7636719
vn -0.012535095 -0.64453125 -0.76464844
vn -0.0146865845 -0.4440918 -0.8959961
vn -0.014694214 -0.44311523 -0.8964844
vn -0.015716553 -0.2836914 -0.9589844
vn -0.015716553 -0.28344727 -0.9589844
vn -0.016143799 -0.17248535 -0.9848633
vn -0.016143799 -0.17224121 -0.9848633
vn -0.016296387 -0.10467529 -0.9941406
vn -0.016296387 -0.10467529 -0.9941406
vn 0.0041542053 -0.96728516 0.25317383
vn 0.011878967 -0.68896484 0.7246094
vn 0.0040740967 -0.96875 0.24841309
vn 0.011932373 -0.68603516 0.72753906
vn 0.015701294 -0.28564453 0.9580078
vn 0.015716553 -0.28466797 0.9584961
vn 0.016204834 -0.15002441 0.98876953
vn 0.016204834 -0.15014648 0.98876953
vn 0.016326904 -0.084350586 0.99609375
vn 0.016326904 -0.08416748 0.99609375
vn 0.016235352 0.1352539 0.99072266
vn 0.016235352 0.1348877 0.99072266
vn 0.009651184 0.80810547 0.5888672
vn 0.007537842 0.8881836 0.4597168
vn 0.009651184 0.80810547 0.5888672
vn 0.007575989 0.88671875 0.4621582
vn 0.002193451 0.99121094 0.13378906
vn 0.0022563934 0.9902344 0.13769531
vn -0.005592346 0.9399414 -0.34106445
vn -0.005504608 0.94189453 -0.3359375
vn 0.016235352 0.1348877 0.99072266
vn 0.015670776 0.29418945 0.9555664
vn 0.016235352 0.1352539 0.99072266
vn 0.015670776 0.2939453 0.9555664
vn 0.015144348 0.38256836 0.9238281
vn 0.015144348 0.38208008 0.9238281
vn 0.014091492 0.5107422 0.8598633
vn 0.014099121 0.5097656 0.86035156
vn 0.011482239 0.7138672 0.7001953
vn 0.011512756 0.71191406 0.70214844
vn 0.008392334 0.8588867 0.51220703
vn 0.008407593 0.85839844 0.5131836
vn 0.0055618286 0.94091797 0.33911133
vn 0.0055999756 0.9399414 0.34155273
vn 0.0012111664 0.9970703 0.073913574
vn 0.0012588501 0.9970703 0.07678223
vn -0.0026359558 0.9868164 -0.16088867
vn -0.0026054382 0.9873047 -0.15893555
vn -0.005504608 0.94189453 -0.3359375
vn -0.012718201 0.6308594 -0.7758789
vn -0.005592346 0.9399414 -0.34106445
vn -0.012680054 0.6333008 -0.7739258
vn -0.01612854 0.18066406 -0.98339844
vn -0.016113281 0.18164062 -0.98339844
vn -0.016113281 0.18164062 -0.98339844
vn -0.016357422 -0.067993164 -0.9975586
vn -0.016357422 -0.067993164 -0.9975586
vn -0.01612854 0.18066406 -0.98339844
vn -0.011711121 -0.69970703 -0.71435547
vn -0.010719299 -0.75634766 -0.6538086
vn -0.011711121 -0.69970703 -0.71435547
vn -0.0107040405 -0.7573242 -0.65283203
vn -0.009643555 -0.80859375 -0.5883789
vn -0.009643555 -0.80859375 -0.5883789
vn -9.006262E-05 1 -0.005493164
vn -0.0047912598 0.95654297 -0.29223633
vn -0.004878998 0.95458984 -0.29760742
vn -9.006262E-05 1 -0.005493164
vn -0.0047912598 0.95654297 -0.29223633
vn -0.011795044 0.69433594 -0.71972656
vn -0.004878998 0.95458984 -0.29760742
vn -0.011764526 0.69628906 -0.71777344
vn -0.015533447 0.31982422 -0.9472656
vn -0.015525818 0.32128906 -0.94677734
vn -0.01638794 0.019088745 -0.9995117
vn -0.01638794 0.019119263 -0.9995117
vn -0.0026054382 0.9873047 -0.15893555
vn -0.005783081 0.9355469 -0.3527832
vn -0.0026359558 0.9868164 -0.16088867
vn -0.0057525635 0.93652344 -0.35083008
vn -0.008895874 0.83984375 -0.54248047
vn -0.008872986 0.8408203 -0.5410156
vn -0.011520386 0.7114258 -0.7026367
vn -0.011497498 0.71240234 -0.70166016
vn -0.013420105 0.57421875 -0.8183594
vn -0.013404846 0.5751953 -0.8178711
vn -0.014152527 0.5048828 -0.86328125
vn -0.014152527 0.5048828 -0.86328125
vn -0.003004074 -0.98291016 -0.18322754
vn 0.00223732 -0.99072266 0.13647461
vn 0.0021915436 -0.99121094 0.13366699
vn -0.0030651093 -0.9824219 -0.18701172
vn -0.008529663 -0.8540039 -0.5205078
vn -0.008575439 -0.8520508 -0.5229492
vn -0.011871338 -0.6894531 -0.7241211
vn -0.011886597 -0.68847656 -0.72509766
vn -0.015312195 -0.35742188 -0.93359375
vn -0.015319824 -0.3552246 -0.9345703
vn -0.01638794 0.019119263 -0.9995117
vn -0.01638794 0.019088745 -0.9995117
vn 0.00223732 -0.99072266 0.13647461
vn 0.007205963 -0.8979492 0.43969727
vn 0.0021915436 -0.99121094 0.13366699
vn 0.007259369 -0.8964844 0.4428711
vn 0.012168884 -0.6699219 0.7421875
vn 0.012199402 -0.66796875 0.7441406
vn 0.015686035 -0.29003906 0.95703125
vn 0.015701294 -0.28857422 0.95751953
vn 0.016281128 0.11328125 0.99365234
vn 0.016281128 0.11291504 0.99365234
vn 1 0 0
vn 1 0 0
vn 1 0 0
vn 1 0 0
vn 1 0 0
vn 1 0 0
vn 1 0 0
vn 1 0 0
vn 1 0 0
vn 1 0 0
vn 1 0 0
vn 1 0 0
vn 1 0 0
vn 1 0 0
vn 1 0 0
vn 1 0 0
vn 1 0 0
vn 1 0 0
vn 1 0 0
vn 1 0 0
vn 1 0 0
vn 1 0 0
vn 1 0 0
vn 1 0 0
vn 1 0 0
vn 1 0 0
vn 1 0 0
vn 1 0 0
vn 1 0 0
vn 1 0 0
vn 1 0 0
vn 1 0 0
vn 1 0 0
vn 1 0 0
vn 1 0 0
vn 1 0 0
vn 1 0 0
vn 1 0 0
vn 1 0 0
vn 1 0 0
vn 1 0 0
vn 1 0 0
vn 1 0 0
vn 1 0 0
vn 1 0 0
vn 1 0 0
vn 1 0 0
vn 1 0 0
vn 1 0 0
vn 1 0 0
vn 1 0 0
vn 1 0 0
vn 1 0 0
vn 1 0 0
vn 1 0 0
vn 1 0 0
vn 1 0 0
vn 1 0 0
vn 1 0 0
vn 1 0 0
vn 1 0 0
vn 1 0 0
vn 1 0 0
vn 1 0 0
vn 1 0 0
vn 1 0 0
vn 1 0 0
vn 1 0 0
vn 1 0 0
vn 1 0 0
vn 1 0 0
vn 1 0 0
vn 1 0 0
vn 1 0 0
vn 1 0 0
vn 1 0 0
vn 1 0 0
vn 1 0 0
vn 1 0 0
vn 1 0 0
vn 1 0 0
vn 1 0 0
vn 1 0 0
vn 1 0 0
vn 1 0 0
vn 1 0 0
vn 1 0 0
vn 1 0 0
vn 1 0 0
vn 1 0 0
vn 1 0 0
vn 1 0 0
vn 1 0 0
vn 1 0 0
vn 1 0 0
vn 1 0 0
vn 1 0 0
vn 1 0 0
vn 1 0 0
vn 1 0 0
vn 1 0 0
vn 1 0 0
vn 1 0 0
vn 1 0 0
vn 1 0 0
vn 1 0 0
vn 1 0 0
vn 1 0 0
vn -1 0 0
vn -1 0 0
vn -1 0 0
vn -1 0 0
vn -1 0 0
vn -1 0 0
vn -1 0 0
vn -1 0 0
vn -1 0 0
vn -1 0 0
vn -1 0 0
vn -1 0 0
vn -1 0 0
vn -1 0 0
vn -1 0 0
vn -1 0 0
vn -1 0 0
vn -1 0 0
vn -1 0 0
vn -1 0 0
vn -1 0 0
vn -1 0 0
vn -1 0 0
vn -1 0 0
vn -1 0 0
vn -1 0 0
vn -1 0 0
vn -1 0 0
vn -1 0 0
vn -1 0 0
vn -1 0 0
vn -1 0 0
vn -1 0 0
vn -1 0 0
vn -1 0 0
vn -1 0 0
vn -1 0 0
vn -1 0 0
vn -1 0 0
vn -1 0 0
vn -1 0 0
vn -1 0 0
vn -1 0 0
vn -1 0 0
vn -1 0 0
vn -1 0 0
vn -1 0 0
vn -1 0 0
vn -1 0 0
vn -1 0 0
vn -1 0 0
vn -1 0 0
vn -1 0 0
vn -1 0 0
vn -1 0 0
vn -1 0 0
vn -1 0 0
vn -1 0 0
vn -1 0 0
vn -1 0 0
vn -1 0 0
vn -1 0 0
vn -1 0 0
vn -1 0 0
vn -1 0 0
vn -1 0 0
vn -1 0 0
vn -1 0 0
vn -1 0 0
vn -1 0 0
vn -1 0 0
vn -1 0 0
vn -1 0 0
vn -1 0 0
vn -1 0 0
vn -1 0 0
vn -1 0 0
vn -1 0 0
vn -1 0 0
vn -1 0 0
vn -1 0 0
vn -1 0 0
vn -1 0 0
vn -1 0 0
vn -1 0 0
vn -1 0 0
vn -1 0 0
vn -1 0 0
vn -1 0 0
vn -1 0 0
vn -1 0 0
vn -1 0 0
vn -1 0 0
vn -1 0 0
vn -1 0 0
vn -1 0 0
vn -1 0 0
vn -1 0 0
vn -1 0 0
vn -1 0 0
vn -1 0 0
vn -1 0 0
vn -1 0 0
vn -1 0 0
vn -1 0 0
vn -1 0 0
vn -1 0 0
vn -1 0 0
vn 2.9802322E-07 0.076660156 -0.9970703
vn 3.5762787E-07 -0.11932373 -0.9926758
vn 3.5762787E-07 -0.11932373 -0.9926758
vn 2.9802322E-07 0.076660156 -0.9970703
vn 2.9802322E-07 0.2697754 -0.9628906
vn 2.9802322E-07 0.2697754 -0.9628906
vn 2.3841858E-07 0.45239258 -0.89160156
vn 2.3841858E-07 0.45239258 -0.89160156
vn 1.1920929E-07 0.6176758 -0.7866211
vn 1.1920929E-07 0.6176758 -0.7866211
vn -0 0.75927734 -0.6508789
vn -0 0.75927734 -0.6508789
vn -0 0.87158203 -0.49023438
vn -0 0.87158203 -0.49023438
vn -0 0.9506836 -0.31079102
vn -0 0.9506836 -0.31079102
vn -0 0.9926758 -0.11932373
vn -0 0.9926758 -0.11932373
vn -0 0.9970703 0.076660156
vn -0 0.9970703 0.076660156
vn 3.5762787E-07 -0.11932373 -0.9926758
vn 3.5762787E-07 -0.31079102 -0.9506836
vn 3.5762787E-07 -0.11932373 -0.9926758
vn 3.5762787E-07 -0.31079102 -0.9506836
vn 3.5762787E-07 -0.49023438 -0.87158203
vn 3.5762787E-07 -0.49023438 -0.87158203
vn 2.9802322E-07 -0.6508789 -0.75927734
vn 2.9802322E-07 -0.6508789 -0.75927734
vn 1.7881393E-07 -0.7866211 -0.6176758
vn 1.7881393E-07 -0.7866211 -0.6176758
vn -0 -0.89160156 -0.45239258
vn -0 -0.89160156 -0.45239258
vn -0 -0.9628906 -0.2697754
vn -0 -0.9628906 -0.2697754
vn -0 -0.9970703 -0.076660156
vn -0 -0.9970703 -0.076660156
vn -0 -0.9926758 0.11932373
vn -0 -0.9926758 0.11932373
vn -0 -0.9926758 0.11932373
vn -0 -0.9506836 0.31079102
vn -0 -0.9926758 0.11932373
vn -0 -0.9506836 0.31079102
vn -0 -0.87158203 0.49023438
vn -0 -0.87158203 0.49023438
vn -1.1920929E-07 -0.75927734 0.6508789
vn -1.1920929E-07 -0.75927734 0.6508789
vn -1.1920929E-07 -0.6176758 0.7866211
vn -1.1920929E-07 -0.6176758 0.7866211
vn -2.3841858E-07 -0.45239258 0.89160156
vn -2.3841858E-07 -0.45239258 0.89160156
vn -2.3841858E-07 -0.2697754 0.9628906
vn -2.3841858E-07 -0.2697754 0.9628906
vn -2.9802322E-07 -0.076660156 0.9970703
vn -2.9802322E-07 -0.076660156 0.9970703
vn -4.7683716E-07 0.11932373 0.9926758
vn -4.7683716E-07 0.11932373 0.9926758
vn -4.7683716E-07 0.11932373 0.9926758
vn -4.7683716E-07 0.31079102 0.9506836
vn -4.7683716E-07 0.11932373 0.9926758
vn -4.7683716E-07 0.31079102 0.9506836
vn -2.9802322E-07 0.49023438 0.87158203
vn -2.9802322E-07 0.49023438 0.87158203
vn -2.3841858E-07 0.6508789 0.75927734
vn -2.3841858E-07 0.6508789 0.75927734
vn -1.7881393E-07 0.7866211 0.6176758
vn -1.7881393E-07 0.7866211 0.6176758
vn -0 0.89160156 0.45239258
vn -0 0.89160156 0.45239258
vn -0 0.9628906 0.2697754
vn -0 0.9628906 0.2697754
vn -0 0.9970703 0.076660156
vn -0 0.9970703 0.076660156
vn 4.172325E-07 -0.31079102 -0.9506836
vn 7.748604E-07 -0.11932373 -0.9926758
vn 7.748604E-07 -0.11932373 -0.9926758
vn 4.172325E-07 -0.31079102 -0.9506836
vn -0 -0.49023438 -0.87158203
vn -0 -0.49023438 -0.87158203
vn -0 -0.6508789 -0.75927734
vn -0 -0.6508789 -0.75927734
vn -0 -0.7866211 -0.6176758
vn -0 -0.7866211 -0.6176758
vn -0 -0.89160156 -0.45239258
vn -0 -0.89160156 -0.45239258
vn -0 -0.9628906 -0.2697754
vn -0 -0.9628906 -0.2697754
vn -0 -0.9970703 -0.076660156
vn -0 -0.9970703 -0.076660156
vn -0 -0.9926758 0.11932373
vn -0 -0.9926758 0.11932373
vn -1 -1.1920929E-07 -1.7881393E-07
vn -1 -1.1920929E-07 -1.7881393E-07
vn -1 -1.1920929E-07 -1.7881393E-07
vn -1 -1.1920929E-07 -1.7881393E-07
vn -1 -1.1920929E-07 -1.7881393E-07
vn -1 -1.1920929E-07 -1.7881393E-07
vn -1 -1.1920929E-07 -1.7881393E-07
vn -1 -1.1920929E-07 -1.7881393E-07
vn -1 -1.1920929E-07 -1.7881393E-07
vn -1 -1.1920929E-07 -1.7881393E-07
vn -1 -1.1920929E-07 -1.7881393E-07
vn -1 -1.1920929E-07 -1.7881393E-07
vn -1 -1.1920929E-07 -1.7881393E-07
vn -1 -1.1920929E-07 -1.7881393E-07
vn -1 -1.1920929E-07 -1.7881393E-07
vn -1 -1.1920929E-07 -1.7881393E-07
vn -1 -1.1920929E-07 -1.7881393E-07
vn -1 -1.1920929E-07 -1.7881393E-07
vn -1 -1.1920929E-07 -1.7881393E-07
vn -1 -1.1920929E-07 -1.7881393E-07
vn -1 -1.1920929E-07 -1.7881393E-07
vn -1 -1.1920929E-07 -1.7881393E-07
vn -1 -1.1920929E-07 -1.7881393E-07
vn -1 -1.1920929E-07 -1.7881393E-07
vn -1 -1.1920929E-07 -1.7881393E-07
vn -1 -1.1920929E-07 -1.7881393E-07
vn -1 -1.1920929E-07 -1.7881393E-07
vn -1 -1.1920929E-07 -1.7881393E-07
vn -1 -1.1920929E-07 -1.7881393E-07
vn -1 -1.1920929E-07 -1.7881393E-07
vn -1 -1.1920929E-07 -1.7881393E-07
vn -1 -1.1920929E-07 -1.7881393E-07
vn 1 1.7881393E-07 1.7881393E-07
vn 1 1.7881393E-07 1.7881393E-07
vn 1 1.7881393E-07 1.7881393E-07
vn 1 1.7881393E-07 1.7881393E-07
vn 1 1.7881393E-07 1.7881393E-07
vn 1 1.7881393E-07 1.7881393E-07
vn 1 1.7881393E-07 1.7881393E-07
vn 1 1.7881393E-07 1.7881393E-07
vn 1 1.7881393E-07 1.7881393E-07
vn 1 1.7881393E-07 1.7881393E-07
vn 1 1.7881393E-07 1.7881393E-07
vn 1 1.7881393E-07 1.7881393E-07
vn 1 1.7881393E-07 1.7881393E-07
vn 1 1.7881393E-07 1.7881393E-07
vn 1 1.7881393E-07 1.7881393E-07
vn 1 1.7881393E-07 1.7881393E-07
vn 1 1.7881393E-07 1.7881393E-07
vn 1 1.7881393E-07 1.7881393E-07
vn 1 1.7881393E-07 1.7881393E-07
vn 1 1.7881393E-07 1.7881393E-07
vn 1 1.7881393E-07 1.7881393E-07
vn 1 1.7881393E-07 1.7881393E-07
vn 1 1.7881393E-07 1.7881393E-07
vn 1 1.7881393E-07 1.7881393E-07
vn 1 1.7881393E-07 1.7881393E-07
vn 1 1.7881393E-07 1.7881393E-07
vn 1 1.7881393E-07 1.7881393E-07
vn 1 1.7881393E-07 1.7881393E-07
vn 1 1.7881393E-07 1.7881393E-07
vn 1 1.7881393E-07 1.7881393E-07
vn 1 1.7881393E-07 1.7881393E-07
vn 1 1.7881393E-07 1.7881393E-07
vn -0 -0.9506836 0.31079102
vn -0 -0.9926758 0.11932373
vn -0 -0.9926758 0.11932373
vn -0 -0.9506836 0.31079102
vn -0 -0.87158203 0.49023438
vn -0 -0.87158203 0.49023438
vn -0 -0.75927734 0.6508789
vn -0 -0.75927734 0.6508789
vn -0 -0.6176758 0.7866211
vn -0 -0.6176758 0.7866211
vn -4.172325E-07 -0.45239258 0.89160156
vn -4.172325E-07 -0.45239258 0.89160156
vn -7.748604E-07 -0.2697754 0.9628906
vn -7.748604E-07 -0.2697754 0.9628906
vn -7.748604E-07 -0.076660156 0.9970703
vn -7.748604E-07 -0.076660156 0.9970703
vn -7.748604E-07 0.11932373 0.9926758
vn -7.748604E-07 0.11932373 0.9926758
vn -0 0.9970703 0.076660156
vn -0 0.9970703 0.076660156
vn -0 0.9628906 0.2697754
vn -0 0.9628906 0.2697754
vn -0 0.89160156 0.45239258
vn -0 0.89160156 0.45239258
vn -0 0.7866211 0.6176758
vn -0 0.7866211 0.6176758
vn -0 0.6508789 0.75927734
vn -0 0.6508789 0.75927734
vn -0 0.49023438 0.87158203
vn -0 0.49023438 0.87158203
vn -4.172325E-07 0.31079102 0.9506836
vn -4.172325E-07 0.31079102 0.9506836
vn -7.748604E-07 0.11932373 0.9926758
vn -7.748604E-07 0.11932373 0.9926758
vn -0 0.9926758 -0.11932373
vn -0 0.9970703 0.076660156
vn -0 0.9970703 0.076660156
vn -0 0.9926758 -0.11932373
vn -0 0.9506836 -0.31079102
vn -0 0.9506836 -0.31079102
vn -0 0.87158203 -0.49023438
vn -0 0.87158203 -0.49023438
vn -0 0.75927734 -0.6508789
vn -0 0.75927734 -0.6508789
vn 4.172325E-07 0.6176758 -0.7866211
vn 4.172325E-07 0.6176758 -0.7866211
vn 7.748604E-07 0.45239258 -0.89160156
vn 7.748604E-07 0.45239258 -0.89160156
vn 7.748604E-07 0.2697754 -0.9628906
vn 7.748604E-07 0.2697754 -0.9628906
vn 7.748604E-07 0.076660156 -0.9970703
vn 7.748604E-07 0.076660156 -0.9970703
vn 7.748604E-07 -0.11932373 -0.9926758
vn 7.748604E-07 -0.11932373 -0.9926758
vn 0.55566406 0.8256836 -0.09918213
vn 0.54003906 0.8354492 -0.10040283
vn 0.37060547 0.9223633 -0.110839844
vn 0.38256836 0.91748047 -0.11022949
vn 0.18847656 0.97509766 -0.1171875
vn 0.19506836 0.9736328 -0.117004395
vn -0 0.9926758 -0.11932373
vn -0 0.9926758 -0.11932373
vn -0.18847656 0.97509766 -0.1171875
vn -0.19506836 0.9736328 -0.117004395
vn -0.37060547 0.9223633 -0.110839844
vn -0.38256836 0.91748047 -0.11022949
vn -0.54003906 0.8354492 -0.10040283
vn -0.55566406 0.8256836 -0.09918213
vn 0.70703125 0.70214844 -0.084350586
vn 0.54003906 0.8354492 -0.10040283
vn 0.55566406 0.8256836 -0.09918213
vn 0.6904297 0.7182617 -0.08630371
vn 0.81640625 0.5732422 -0.06890869
vn 0.83154297 0.5517578 -0.06628418
vn 0.91259766 0.40625 -0.048828125
vn 0.9238281 0.3798828 -0.045654297
vn 0.9746094 0.22314453 -0.026809692
vn 0.98095703 0.19372559 -0.023284912
vn 0.9995117 0.030426025 -0.0036563873
vn 1 1.1920929E-07 0
vn 0.9863281 -0.16442871 0.019760132
vn 0.98095703 -0.19372559 0.023284912
vn 0.9345703 -0.35375977 0.042510986
vn 0.9238281 -0.3798828 0.045654297
vn 0.8457031 -0.53027344 0.0637207
vn 0.83154297 -0.5517578 0.06628418
vn 0.72265625 -0.68652344 0.08251953
vn 0.70703125 -0.70214844 0.084350586
vn 0.5698242 -0.81591797 0.09802246
vn 0.55566406 -0.8256836 0.09918213
vn 0.39404297 -0.91259766 0.109680176
vn 0.5698242 -0.81591797 0.09802246
vn 0.55566406 -0.8256836 0.09918213
vn 0.38256836 -0.91748047 0.11022949
vn 0.20117188 -0.97265625 0.116882324
vn 0.19506836 -0.9736328 0.117004395
vn -0 -0.9926758 0.11932373
vn -0 -0.9926758 0.11932373
vn -0.20117188 -0.97265625 0.116882324
vn -0.19506836 -0.9736328 0.117004395
vn -0.39404297 -0.91259766 0.109680176
vn -0.38256836 -0.91748047 0.11022949
vn -0.5698242 -0.81591797 0.09802246
vn -0.55566406 -0.8256836 0.09918213
vn -0.72265625 -0.68652344 0.08251953
vn -0.5698242 -0.81591797 0.09802246
vn -0.55566406 -0.8256836 0.09918213
vn -0.70703125 -0.70214844 0.084350586
vn -0.83154297 -0.5517578 0.06628418
vn -0.8457031 -0.53027344 0.0637207
vn -0.9238281 -0.3798828 0.045654297
vn -0.9345703 -0.35375977 0.042510986
vn -0.98095703 -0.19372559 0.023284912
vn -0.9863281 -0.16442871 0.019760132
vn -1 2.9802322E-07 0
vn -0.9995117 0.030426025 -0.0036563873
vn -0.98095703 0.19372559 -0.023284912
vn -0.9746094 0.22314453 -0.026809692
vn -0.9238281 0.3798828 -0.045654297
vn -0.91259766 0.40625 -0.048828125
vn -0.83154297 0.5517578 -0.06628418
vn -0.81640625 0.5732422 -0.06890869
vn -0.70703125 0.70214844 -0.084350586
vn -0.6904297 0.71777344 -0.08630371
vn -0.55566406 0.8256836 -0.09918213
vn -0.54003906 0.8354492 -0.10040283
vn 1.1920929E-06 -0.11932373 -0.9926758
vn 1.1920929E-06 -0.11932373 -0.9926758
vn 1.1920929E-06 -0.11932373 -0.9926758
vn 1.1920929E-06 -0.11932373 -0.9926758
vn 1.1920929E-06 -0.11932373 -0.9926758
vn 1.1920929E-06 -0.11932373 -0.9926758
vn 1.1920929E-06 -0.11932373 -0.9926758
vn 1.1920929E-06 -0.11932373 -0.9926758
vn 1.1920929E-06 -0.11932373 -0.9926758
vn 1.1920929E-06 -0.11932373 -0.9926758
vn 1.1920929E-06 -0.11932373 -0.9926758
vn 1.1920929E-06 -0.11932373 -0.9926758
vn 1.1920929E-06 -0.11932373 -0.9926758
vn 1.1920929E-06 -0.11932373 -0.9926758
vn 1.1920929E-06 -0.11932373 -0.9926758
vn 1.1920929E-06 -0.11932373 -0.9926758
vn 1.1920929E-06 -0.11932373 -0.9926758
vn 1.1920929E-06 -0.11932373 -0.9926758
vn 1.1920929E-06 -0.11932373 -0.9926758
vn 1.1920929E-06 -0.11932373 -0.9926758
vn 1.1920929E-06 -0.11932373 -0.9926758
vn 1.1920929E-06 -0.11932373 -0.9926758
vn 1.1920929E-06 -0.11932373 -0.9926758
vn 1.1920929E-06 -0.11932373 -0.9926758
vn 1.1920929E-06 -0.11932373 -0.9926758
vn 1.1920929E-06 -0.11932373 -0.9926758
vn 1.1920929E-06 -0.11932373 -0.9926758
vn 1.1920929E-06 -0.11932373 -0.9926758
vn 1.1920929E-06 -0.11932373 -0.9926758
vn 1.1920929E-06 -0.11932373 -0.9926758
vn 1.1920929E-06 -0.11932373 -0.9926758
vn 1.1920929E-06 -0.11932373 -0.9926758
vn -0 -0.36279297 0.9316406
vn -0 -0.36279297 0.9316406
vn -0 -0.36279297 0.9316406
vn -0 -0.36279297 0.9316406
vn -0 -0.36279297 0.9316406
vn -0 -0.36279297 0.9316406
vn -0 -0.36279297 0.9316406
vn -0 -0.36279297 0.9316406
vn -0 -0.36279297 0.9316406
vn -0 -0.36279297 0.9316406
vn -0 -0.36279297 0.9316406
vn -0 -0.36279297 0.9316406
vn -0 -0.36279297 0.9316406
vn -0 -0.36279297 0.9316406
vn -0 -0.36279297 0.9316406
vn -0 -0.36279297 0.9316406
vn -0 -0.36279297 0.9316406
vn -0 -0.36279297 0.9316406
vn -0 -0.36279297 0.9316406
vn -0 -0.36279297 0.9316406
vn -0 -0.36279297 0.9316406
vn -0 -0.36279297 0.9316406
vn -0 -0.36279297 0.9316406
vn -0 -0.36279297 0.9316406
vn -0 -0.36279297 0.9316406
vn -0 -0.36279297 0.9316406
vn -0 -0.36279297 0.9316406
vn -0 -0.36279297 0.9316406
vn -0 -0.36279297 0.9316406
vn -0 -0.36279297 0.9316406
vn -0 -0.36279297 0.9316406
vn -0 -0.36279297 0.9316406
vn 0.55566406 0.8256836 -0.09918213
vn 0.56396484 0.8198242 -0.09851074
vn 0.38916016 0.9145508 -0.10992432
vn 0.38256836 0.91748047 -0.11022949
vn 0.1986084 0.97314453 -0.11694336
vn 0.19506836 0.9736328 -0.117004395
vn -0 0.9926758 -0.11932373
vn -0 0.9926758 -0.11932373
vn -0.1986084 0.97314453 -0.11694336
vn -0.19506836 0.9736328 -0.117004395
vn -0.38916016 0.9145508 -0.10992432
vn -0.38256836 0.91748047 -0.11022949
vn -0.56396484 0.8198242 -0.09851074
vn -0.55566406 0.8256836 -0.09918213
vn 0.70703125 0.70214844 -0.084350586
vn 0.56396484 0.8198242 -0.09851074
vn 0.55566406 0.8256836 -0.09918213
vn 0.7163086 0.6928711 -0.08325195
vn 0.7729492 0.6298828 -0.075683594
vn 0.8457031 0.53027344 -0.0637207
vn 0.83154297 0.5517578 -0.06628418
vn 0.9345703 0.35375977 -0.042510986
vn 0.9238281 0.3798828 -0.045654297
vn 0.9863281 0.16442871 -0.019760132
vn 0.98095703 0.19372559 -0.023284912
vn 0.9995117 -0.030426025 0.0036563873
vn 1 1.7881393E-07 0
vn 0.9746094 -0.22314453 0.026809692
vn 0.98095703 -0.19372559 0.023284912
vn 0.91259766 -0.40625 0.048828125
vn 0.9238281 -0.3798828 0.045654297
vn 0.81640625 -0.5732422 0.06890869
vn 0.83154297 -0.5517578 0.06628418
vn 0.6904297 -0.7182617 0.08630371
vn 0.70703125 -0.70214844 0.084350586
vn 0.54003906 -0.8354492 0.10040283
vn 0.55566406 -0.8256836 0.09918213
vn 0.37060547 -0.9223633 0.110839844
vn 0.54003906 -0.8354492 0.10040283
vn 0.55566406 -0.8256836 0.09918213
vn 0.38256836 -0.91748047 0.11022949
vn 0.18847656 -0.97509766 0.1171875
vn 0.19506836 -0.9736328 0.117004395
vn -0 -0.9926758 0.11932373
vn -0 -0.9926758 0.11932373
vn -0.18847656 -0.97509766 0.1171875
vn -0.19506836 -0.9736328 0.117004395
vn -0.37060547 -0.9223633 0.110839844
vn -0.38256836 -0.91748047 0.11022949
vn -0.54003906 -0.8354492 0.10040283
vn -0.55566406 -0.8256836 0.09918213
vn -0.6904297 -0.71777344 0.08630371
vn -0.54003906 -0.8354492 0.10040283
vn -0.55566406 -0.8256836 0.09918213
vn -0.70703125 -0.70214844 0.084350586
vn -0.83154297 -0.5517578 0.06628418
vn -0.81640625 -0.5732422 0.06890869
vn -0.9238281 -0.3798828 0.045654297
vn -0.91259766 -0.40625 0.048828125
vn -0.98095703 -0.19372559 0.023284912
vn -0.9746094 -0.22314453 0.026809692
vn -1 2.3841858E-07 0
vn -0.9995117 -0.030426025 0.0036563873
vn -0.98095703 0.19372559 -0.023284912
vn -0.9863281 0.16442871 -0.019760132
vn -0.9238281 0.3798828 -0.045654297
vn -0.9345703 0.35375977 -0.042510986
vn -0.83154297 0.5517578 -0.06628418
vn -0.8457031 0.53027344 -0.0637207
vn -0.70703125 0.70214844 -0.084350586
vn -0.7729492 0.6298828 -0.075683594
vn -0.7163086 0.6928711 -0.08325195
vn -0.55566406 0.8256836 -0.09918213
vn -0.56396484 0.8198242 -0.09851074
vn -3.5762787E-07 -0.11932373 -0.9926758
vn -3.5762787E-07 -0.11932373 -0.9926758
vn -3.5762787E-07 -0.11932373 -0.9926758
vn -3.5762787E-07 -0.11932373 -0.9926758
vn -3.5762787E-07 -0.11932373 -0.9926758
vn -3.5762787E-07 -0.11932373 -0.9926758
vn -3.5762787E-07 -0.11932373 -0.9926758
vn -3.5762787E-07 -0.11932373 -0.9926758
vn -3.5762787E-07 -0.11932373 -0.9926758
vn -3.5762787E-07 -0.11932373 -0.9926758
vn -3.5762787E-07 -0.11932373 -0.9926758
vn -3.5762787E-07 -0.11932373 -0.9926758
vn -3.5762787E-07 -0.11932373 -0.9926758
vn -3.5762787E-07 -0.11932373 -0.9926758
vn -3.5762787E-07 -0.11932373 -0.9926758
vn -3.5762787E-07 -0.11932373 -0.9926758
vn -3.5762787E-07 -0.11932373 -0.9926758
vn -3.5762787E-07 -0.11932373 -0.9926758
vn -3.5762787E-07 -0.11932373 -0.9926758
vn -3.5762787E-07 -0.11932373 -0.9926758
vn -3.5762787E-07 -0.11932373 -0.9926758
vn -3.5762787E-07 -0.11932373 -0.9926758
vn -3.5762787E-07 -0.11932373 -0.9926758
vn -3.5762787E-07 -0.11932373 -0.9926758
vn -3.5762787E-07 -0.11932373 -0.9926758
vn -3.5762787E-07 -0.11932373 -0.9926758
vn -3.5762787E-07 -0.11932373 -0.9926758
vn -3.5762787E-07 -0.11932373 -0.9926758
vn -3.5762787E-07 -0.11932373 -0.9926758
vn -3.5762787E-07 -0.11932373 -0.9926758
vn -3.5762787E-07 -0.11932373 -0.9926758
vn -3.5762787E-07 -0.11932373 -0.9926758
vn 1.1920929E-07 0.5253906 0.85058594
vn 1.7881393E-07 0.40234375 0.91552734
vn 1.7881393E-07 0.40234375 0.91552734
vn 1.7881393E-07 0.40234375 0.91552734
vn 1.7881393E-07 0.40234375 0.91552734
vn 1.7881393E-07 0.40234375 0.91552734
vn 1.7881393E-07 0.40234375 0.91552734
vn 1.7881393E-07 0.40234375 0.91552734
vn 1.7881393E-07 0.40234375 0.91552734
vn 1.7881393E-07 0.40234375 0.91552734
vn 1.1920929E-07 0.5253906 0.85058594
vn 1.1920929E-07 0.5732422 0.81933594
vn 1.1920929E-07 0.5732422 0.81933594
vn 1.1920929E-07 0.5732422 0.81933594
vn 1.1920929E-07 0.5732422 0.81933594
vn 1.1920929E-07 0.5732422 0.81933594
vn 1.1920929E-07 0.5732422 0.81933594
vn 1.1920929E-07 0.5732422 0.81933594
vn 1.1920929E-07 0.5732422 0.81933594
vn 1.1920929E-07 0.5732422 0.81933594
vn 1.1920929E-07 0.5732422 0.81933594
vn 1.1920929E-07 0.5732422 0.81933594
vn 1.1920929E-07 0.5732422 0.81933594
vn 1.1920929E-07 0.5732422 0.81933594
vn 1.1920929E-07 0.5732422 0.81933594
vn 1.1920929E-07 0.5732422 0.81933594
vn 1.1920929E-07 0.5732422 0.81933594
vn 1.1920929E-07 0.5732422 0.81933594
vn 1.1920929E-07 0.5732422 0.81933594
vn 1.1920929E-07 0.5732422 0.81933594
vn 1.1920929E-07 0.5732422 0.81933594
vn 1.1920929E-07 0.5732422 0.81933594
vn 1.1920929E-07 0.5732422 0.81933594
vn 1.1920929E-07 0.5732422 0.81933594
vn 1 2.3841858E-07 1.7881393E-07
vn 1 2.3841858E-07 1.7881393E-07
vn 1 2.3841858E-07 1.7881393E-07
vn 1 1.1920929E-07 1.7881393E-07
vn 1 2.3841858E-07 1.7881393E-07
vn 1 1.1920929E-07 1.7881393E-07
vn 1 1.1920929E-07 1.7881393E-07
vn 1 1.1920929E-07 1.7881393E-07
vn 1 1.1920929E-07 1.7881393E-07
vn 1 1.1920929E-07 1.7881393E-07
vn 1 1.1920929E-07 2.3841858E-07
vn 1 2.3841858E-07 1.7881393E-07
vn 1 1.1920929E-07 2.3841858E-07
vn 1 2.3841858E-07 1.7881393E-07
vn 1 2.3841858E-07 1.7881393E-07
vn 1 1.1920929E-07 1.7881393E-07
vn 1 2.3841858E-07 1.7881393E-07
vn 1 1.1920929E-07 1.7881393E-07
vn 1 1.7881393E-07 1.7881393E-07
vn 1 1.7881393E-07 1.7881393E-07
vn 1 1.7881393E-07 1.7881393E-07
vn 1 1.7881393E-07 1.7881393E-07
vn 1 1.7881393E-07 1.1920929E-07
vn 1 1.7881393E-07 1.7881393E-07
vn 1 1.7881393E-07 1.1920929E-07
vn 1 1.7881393E-07 1.7881393E-07
vn 1 1.7881393E-07 1.1920929E-07
vn 1 0 2.3841858E-07
vn 1 1.7881393E-07 1.1920929E-07
vn 1 0 2.3841858E-07
vn 1 1.7881393E-07 1.7881393E-07
vn 1 1.7881393E-07 1.7881393E-07
vn 1 1.7881393E-07 1.7881393E-07
vn 1 1.7881393E-07 1.7881393E-07
vn 1 0 2.3841858E-07
vn 1 2.3841858E-07 1.1920929E-07
vn 1 0 2.3841858E-07
vn 1 2.3841858E-07 1.1920929E-07
vn 1 1.1920929E-07 1.7881393E-07
vn 1 1.7881393E-07 1.1920929E-07
vn 1 1.1920929E-07 1.7881393E-07
vn 1 1.7881393E-07 1.1920929E-07
vn 1 1.1920929E-07 1.7881393E-07
vn 1 1.7881393E-07 1.7881393E-07
vn 1 1.1920929E-07 1.7881393E-07
vn 1 1.7881393E-07 1.7881393E-07
vn 1 0 1.7881393E-07
vn 1 1.1920929E-07 1.7881393E-07
vn 1 0 1.7881393E-07
vn 1 1.1920929E-07 1.7881393E-07
vn 1 1.7881393E-07 1.7881393E-07
vn 1 0 2.3841858E-07
vn 1 1.7881393E-07 1.7881393E-07
vn 1 0 2.3841858E-07
vn 1 2.3841858E-07 1.7881393E-07
vn 1 0 1.7881393E-07
vn 1 2.3841858E-07 1.7881393E-07
vn 1 0 1.7881393E-07
vn 1 2.9802322E-07 1.7881393E-07
vn 1 0 1.7881393E-07
vn 1 2.9802322E-07 1.7881393E-07
vn 1 0 1.7881393E-07
vn 1 2.3841858E-07 1.7881393E-07
vn 1 2.3841858E-07 1.7881393E-07
g Sign_0
f 3/3/3 2/2/2 1/1/1
f 4/4/4 3/3/3 1/1/1
f 4/4/4 1/1/1 5/5/5
f 6/6/6 4/4/4 5/5/5
f 6/6/6 5/5/5 7/7/7
f 8/8/8 6/6/6 7/7/7
f 8/8/8 7/7/7 9/9/9
f 10/10/10 8/8/8 9/9/9
f 13/13/13 12/12/12 11/11/11
f 12/12/12 14/14/14 11/11/11
f 12/12/12 15/15/15 14/14/14
f 15/15/15 16/16/16 14/14/14
f 15/15/15 17/17/17 16/16/16
f 17/17/17 18/18/18 16/16/16
f 21/21/21 20/20/20 19/19/19
f 22/22/22 21/21/21 19/19/19
f 22/22/22 19/19/19 23/23/23
f 24/24/24 22/22/22 23/23/23
f 24/24/24 23/23/23 25/25/25
f 26/26/26 24/24/24 25/25/25
f 26/26/26 25/25/25 27/27/27
f 28/28/28 26/26/26 27/27/27
f 28/28/28 27/27/27 29/29/29
f 30/30/30 28/28/28 29/29/29
f 30/30/30 29/29/29 31/31/31
f 32/32/32 30/30/30 31/31/31
f 32/32/32 31/31/31 33/33/33
f 34/34/34 32/32/32 33/33/33
f 37/37/37 36/36/36 35/35/35
f 36/36/36 38/38/38 35/35/35
f 36/36/36 39/39/39 38/38/38
f 39/39/39 40/40/40 38/38/38
f 39/39/39 41/41/41 40/40/40
f 41/41/41 42/42/42 40/40/40
f 41/41/41 43/43/43 42/42/42
f 43/43/43 44/44/44 42/42/42
f 43/43/43 45/45/45 44/44/44
f 45/45/45 46/46/46 44/44/44
f 45/45/45 47/47/47 46/46/46
f 47/47/47 48/48/48 46/46/46
f 47/47/47 49/49/49 48/48/48
f 49/49/49 50/50/50 48/48/48
f 49/49/49 51/51/51 50/50/50
f 51/51/51 52/52/52 50/50/50
f 55/55/55 54/54/54 53/53/53
f 54/54/54 56/56/56 53/53/53
f 54/54/54 57/57/57 56/56/56
f 57/57/57 58/58/58 56/56/56
f 57/57/57 59/59/59 58/58/58
f 59/59/59 60/60/60 58/58/58
f 59/59/59 61/61/61 60/60/60
f 61/61/61 62/62/62 60/60/60
f 65/65/65 64/64/64 63/63/63
f 64/64/64 66/66/66 63/63/63
f 64/64/64 67/67/67 66/66/66
f 67/67/67 68/68/68 66/66/66
f 71/71/71 70/70/70 69/69/69
f 70/70/70 72/72/72 69/69/69
f 70/70/70 73/73/73 72/72/72
f 73/73/73 74/74/74 72/72/72
f 73/73/73 75/75/75 74/74/74
f 75/75/75 76/76/76 74/74/74
f 75/75/75 77/77/77 76/76/76
f 77/77/77 78/78/78 76/76/76
f 77/77/77 79/79/79 78/78/78
f 79/79/79 80/80/80 78/78/78
f 79/79/79 81/81/81 80/80/80
f 81/81/81 82/82/82 80/80/80
f 81/81/81 83/83/83 82/82/82
f 83/83/83 84/84/84 82/82/82
f 87/87/87 86/86/86 85/85/85
f 86/86/86 88/88/88 85/85/85
f 86/86/86 89/89/89 88/88/88
f 89/89/89 90/90/90 88/88/88
f 89/89/89 91/91/91 90/90/90
f 91/91/91 92/92/92 90/90/90
f 95/95/95 94/94/94 93/93/93
f 94/94/94 96/96/96 93/93/93
f 94/94/94 97/97/97 96/96/96
f 97/97/97 98/98/98 96/96/96
f 97/97/97 99/99/99 98/98/98
f 99/99/99 100/100/100 98/98/98
f 99/99/99 101/101/101 100/100/100
f 101/101/101 102/102/102 100/100/100
f 105/105/105 104/104/104 103/103/103
f 104/104/104 106/106/106 103/103/103
f 104/104/104 107/107/107 106/106/106
f 107/107/107 108/108/108 106/106/106
f 107/107/107 109/109/109 108/108/108
f 109/109/109 110/110/110 108/108/108
f 109/109/109 111/111/111 110/110/110
f 111/111/111 112/112/112 110/110/110
f 111/111/111 113/113/113 112/112/112
f 113/113/113 114/114/114 112/112/112
f 117/117/117 116/116/116 115/115/115
f 116/116/116 118/118/118 115/115/115
f 116/116/116 119/119/119 118/118/118
f 119/119/119 120/120/120 118/118/118
f 123/123/123 122/122/122 121/121/121
f 122/122/122 124/124/124 121/121/121
f 122/122/122 125/125/125 124/124/124
f 125/125/125 126/126/126 124/124/124
f 125/125/125 127/127/127 126/126/126
f 127/127/127 128/128/128 126/126/126
f 127/127/127 129/129/129 128/128/128
f 129/129/129 130/130/130 128/128/128
f 129/129/129 131/131/131 130/130/130
f 131/131/131 132/132/132 130/130/130
f 131/131/131 133/133/133 132/132/132
f 133/133/133 134/134/134 132/132/132
f 133/133/133 135/135/135 134/134/134
f 135/135/135 136/136/136 134/134/134
f 139/139/139 138/138/138 137/137/137
f 138/138/138 140/140/140 137/137/137
f 138/138/138 141/141/141 140/140/140
f 141/141/141 142/142/142 140/140/140
f 141/141/141 143/143/143 142/142/142
f 143/143/143 144/144/144 142/142/142
f 143/143/143 145/145/145 144/144/144
f 145/145/145 146/146/146 144/144/144
f 149/149/149 148/148/148 147/147/147
f 148/148/148 150/150/150 147/147/147
f 148/148/148 151/151/151 150/150/150
f 151/151/151 152/152/152 150/150/150
f 151/151/151 153/153/153 152/152/152
f 153/153/153 154/154/154 152/152/152
f 157/157/157 156/156/156 155/155/155
f 156/156/156 158/158/158 155/155/155
f 156/156/156 159/159/159 158/158/158
f 159/159/159 160/160/160 158/158/158
f 159/159/159 161/161/161 160/160/160
f 161/161/161 162/162/162 160/160/160
f 161/161/161 163/163/163 162/162/162
f 163/163/163 164/164/164 162/162/162
f 163/163/163 165/165/165 164/164/164
f 165/165/165 166/166/166 164/164/164
f 165/165/165 167/167/167 166/166/166
f 167/167/167 168/168/168 166/166/166
f 171/171/171 170/170/170 169/169/169
f 170/170/170 172/172/172 169/169/169
f 170/170/170 173/173/173 172/172/172
f 173/173/173 174/174/174 172/172/172
f 173/173/173 175/175/175 174/174/174
f 175/175/175 176/176/176 174/174/174
f 175/175/175 177/177/177 176/176/176
f 177/177/177 178/178/178 176/176/176
f 177/177/177 179/179/179 178/178/178
f 179/179/179 180/180/180 178/178/178
f 183/183/183 182/182/182 181/181/181
f 182/182/182 184/184/184 181/181/181
f 182/182/182 185/185/185 184/184/184
f 185/185/185 186/186/186 184/184/184
f 185/185/185 187/187/187 186/186/186
f 187/187/187 188/188/188 186/186/186
f 191/191/191 190/190/190 189/189/189
f 190/190/190 192/192/192 189/189/189
f 190/190/190 193/193/193 192/192/192
f 193/193/193 194/194/194 192/192/192
f 193/193/193 195/195/195 194/194/194
f 195/195/195 196/196/196 194/194/194
f 195/195/195 197/197/197 196/196/196
f 197/197/197 198/198/198 196/196/196
f 197/197/197 199/199/199 198/198/198
f 199/199/199 200/200/200 198/198/198
f 199/199/199 201/201/201 200/200/200
f 201/201/201 202/202/202 200/200/200
f 201/201/201 203/203/203 202/202/202
f 203/203/203 204/204/204 202/202/202
f 203/203/203 205/205/205 204/204/204
f 205/205/205 206/206/206 204/204/204
f 209/209/209 208/208/208 207/207/207
f 208/208/208 210/210/210 207/207/207
f 208/208/208 211/211/211 210/210/210
f 211/211/211 212/212/212 210/210/210
f 215/215/215 214/214/214 213/213/213
f 216/216/216 215/215/215 213/213/213
f 219/219/219 218/218/218 217/217/217
f 218/218/218 220/220/220 217/217/217
f 218/218/218 221/221/221 220/220/220
f 221/221/221 222/222/222 220/220/220
f 225/225/225 224/224/224 223/223/223
f 226/226/226 225/225/225 223/223/223
f 229/229/229 228/228/228 227/227/227
f 228/228/228 230/230/230 227/227/227
f 228/228/228 231/231/231 230/230/230
f 231/231/231 232/232/232 230/230/230
f 231/231/231 233/233/233 232/232/232
f 233/233/233 234/234/234 232/232/232
f 237/237/237 236/236/236 235/235/235
f 236/236/236 238/238/238 235/235/235
f 236/236/236 239/239/239 238/238/238
f 239/239/239 240/240/240 238/238/238
f 239/239/239 241/241/241 240/240/240
f 241/241/241 242/242/242 240/240/240
f 241/241/241 243/243/243 242/242/242
f 243/243/243 244/244/244 242/242/242
f 243/243/243 245/245/245 244/244/244
f 245/245/245 246/246/246 244/244/244
f 249/249/249 248/248/248 247/247/247
f 250/250/250 249/249/249 247/247/247
f 250/250/250 247/247/247 251/251/251
f 252/252/252 250/250/250 251/251/251
f 252/252/252 251/251/251 253/253/253
f 254/254/254 252/252/252 253/253/253
f 254/254/254 253/253/253 255/255/255
f 256/256/256 254/254/254 255/255/255
f 256/256/256 255/255/255 257/257/257
f 258/258/258 256/256/256 257/257/257
f 261/261/261 260/260/260 259/259/259
f 260/260/260 262/262/262 259/259/259
f 260/260/260 263/263/263 262/262/262
f 263/263/263 264/264/264 262/262/262
f 263/263/263 265/265/265 264/264/264
f 265/265/265 266/266/266 264/264/264
f 265/265/265 267/267/267 266/266/266
f 267/267/267 268/268/268 266/266/266
f 271/271/271 270/270/270 269/269/269
f 272/272/272 271/271/271 269/269/269
f 273/273/273 272/272/272 269/269/269
f 274/274/274 273/273/273 269/269/269
f 275/275/275 274/274/274 269/269/269
f 275/275/275 269/269/269 276/276/276
f 276/276/276 277/277/277 275/275/275
f 277/277/277 276/276/276 278/278/278
f 278/278/278 276/276/276 279/279/279
f 279/279/279 280/280/280 278/278/278
f 279/279/279 281/281/281 280/280/280
f 279/279/279 282/282/282 281/281/281
f 282/282/282 283/283/283 281/281/281
f 282/282/282 284/284/284 283/283/283
f 284/284/284 285/285/285 283/283/283
f 284/284/284 286/286/286 285/285/285
f 277/277/277 278/278/278 287/287/287
f 278/278/278 288/288/288 287/287/287
f 277/277/277 287/287/287 289/289/289
f 290/290/290 277/277/277 289/289/289
f 290/290/290 289/289/289 291/291/291
f 288/288/288 292/292/292 287/287/287
f 293/293/293 290/290/290 291/291/291
f 293/293/293 291/291/291 294/294/294
f 293/293/293 294/294/294 295/295/295
f 296/296/296 293/293/293 295/295/295
f 288/288/288 297/297/297 292/292/292
f 288/288/288 298/298/298 297/297/297
f 288/288/288 299/299/299 298/298/298
f 288/288/288 300/300/300 299/299/299
f 300/300/300 301/301/301 299/299/299
f 296/296/296 295/295/295 302/302/302
f 303/303/303 296/296/296 302/302/302
f 304/304/304 303/303/303 302/302/302
f 304/304/304 302/302/302 305/305/305
f 306/306/306 304/304/304 305/305/305
f 306/306/306 305/305/305 307/307/307
f 308/308/308 306/306/306 307/307/307
f 308/308/308 307/307/307 309/309/309
f 308/308/308 309/309/309 310/310/310
f 310/310/310 311/311/311 308/308/308
f 314/314/314 313/313/313 312/312/312
f 312/312/312 315/315/315 314/314/314
f 312/312/312 316/316/316 315/315/315
f 312/312/312 317/317/317 316/316/316
f 317/317/317 318/318/318 316/316/316
f 317/317/317 319/319/319 318/318/318
f 317/317/317 320/320/320 319/319/319
f 320/320/320 321/321/321 319/319/319
f 320/320/320 322/322/322 321/321/321
f 320/320/320 323/323/323 322/322/322
f 323/323/323 324/324/324 322/322/322
f 323/323/323 325/325/325 324/324/324
f 325/325/325 326/326/326 324/324/324
f 325/325/325 327/327/327 326/326/326
f 327/327/327 328/328/328 326/326/326
f 327/327/327 329/329/329 328/328/328
f 329/329/329 330/330/330 328/328/328
f 329/329/329 331/331/331 330/330/330
f 329/329/329 332/332/332 331/331/331
f 332/332/332 333/333/333 331/331/331
f 332/332/332 334/334/334 333/333/333
f 334/334/334 335/335/335 333/333/333
f 336/336/336 333/333/333 335/335/335
f 334/334/334 337/337/337 335/335/335
f 336/336/336 335/335/335 338/338/338
f 334/334/334 339/339/339 337/337/337
f 340/340/340 336/336/336 338/338/338
f 339/339/339 341/341/341 337/337/337
f 339/339/339 342/342/342 341/341/341
f 342/342/342 343/343/343 341/341/341
f 342/342/342 344/344/344 343/343/343
f 340/340/340 338/338/338 345/345/345
f 345/345/345 284/284/284 340/340/340
f 284/284/284 345/345/345 286/286/286
f 345/345/345 346/346/346 286/286/286
f 346/346/346 347/347/347 286/286/286
f 346/346/346 348/348/348 347/347/347
f 346/346/346 349/349/349 348/348/348
f 348/348/348 349/349/349 350/350/350
f 351/351/351 348/348/348 350/350/350
f 349/349/349 352/352/352 350/350/350
f 351/351/351 350/350/350 353/353/353
f 352/352/352 354/354/354 350/350/350
f 355/355/355 351/351/351 353/353/353
f 352/352/352 356/356/356 354/354/354
f 355/355/355 353/353/353 357/357/357
f 356/356/356 358/358/358 354/354/354
f 356/356/356 359/359/359 358/358/358
f 359/359/359 360/360/360 358/358/358
f 361/361/361 355/355/355 357/357/357
f 361/361/361 357/357/357 362/362/362
f 363/363/363 361/361/361 362/362/362
f 363/363/363 362/362/362 364/364/364
f 365/365/365 363/363/363 364/364/364
f 366/366/366 365/365/365 364/364/364
f 366/366/366 364/364/364 367/367/367
f 368/368/368 366/366/366 367/367/367
f 368/368/368 367/367/367 369/369/369
f 370/370/370 368/368/368 369/369/369
f 370/370/370 369/369/369 371/371/371
f 372/372/372 370/370/370 371/371/371
f 372/372/372 371/371/371 373/373/373
f 374/374/374 372/372/372 373/373/373
f 374/374/374 373/373/373 375/375/375
f 375/375/375 376/376/376 374/374/374
f 379/379/379 378/378/378 377/377/377
f 377/377/377 380/380/380 379/379/379
f 380/380/380 381/381/381 379/379/379
f 381/381/381 382/382/382 379/379/379
f 381/381/381 383/383/383 382/382/382
f 383/383/383 384/384/384 382/382/382
f 383/383/383 385/385/385 384/384/384
f 385/385/385 386/386/386 384/384/384
f 385/385/385 387/387/387 386/386/386
f 385/385/385 388/388/388 387/387/387
f 388/388/388 389/389/389 387/387/387
f 388/388/388 390/390/390 389/389/389
f 390/390/390 391/391/391 389/389/389
f 391/391/391 392/392/392 389/389/389
f 391/391/391 393/393/393 392/392/392
f 393/393/393 394/394/394 392/392/392
f 393/393/393 395/395/395 394/394/394
f 395/395/395 396/396/396 394/394/394
f 396/396/396 397/397/397 394/394/394
f 398/398/398 394/394/394 397/397/397
f 397/397/397 399/399/399 398/398/398
f 399/399/399 400/400/400 398/398/398
f 399/399/399 401/401/401 400/400/400
f 399/399/399 402/402/402 401/401/401
f 399/399/399 403/403/403 402/402/402
f 399/399/399 404/404/404 403/403/403
f 405/405/405 397/397/397 396/396/396
f 396/396/396 406/406/406 405/405/405
f 406/406/406 407/407/407 405/405/405
f 407/407/407 408/408/408 405/405/405
f 407/407/407 409/409/409 408/408/408
f 395/395/395 410/410/410 396/396/396
f 409/409/409 411/411/411 408/408/408
f 395/395/395 412/412/412 410/410/410
f 409/409/409 413/413/413 411/411/411
f 412/412/412 414/414/414 410/410/410
f 414/414/414 415/415/415 410/410/410
f 415/415/415 416/416/416 410/410/410
f 416/416/416 417/417/417 410/410/410
f 416/416/416 418/418/418 417/417/417
f 413/413/413 419/419/419 411/411/411
f 419/419/419 420/420/420 411/411/411
f 421/421/421 411/411/411 420/420/420
f 420/420/420 422/422/422 421/421/421
f 422/422/422 423/423/423 421/421/421
f 419/419/419 424/424/424 420/420/420
f 419/419/419 425/425/425 424/424/424
f 422/422/422 426/426/426 423/423/423
f 425/425/425 427/427/427 424/424/424
f 427/427/427 428/428/428 424/424/424
f 426/426/426 429/429/429 423/423/423
f 430/430/430 428/428/428 427/427/427
f 430/430/430 427/427/427 431/431/431
f 430/430/430 432/432/432 428/428/428
f 433/433/433 430/430/430 431/431/431
f 430/430/430 434/434/434 432/432/432
f 433/433/433 431/431/431 435/435/435
f 434/434/434 436/436/436 432/432/432
f 437/437/437 433/433/433 435/435/435
f 434/434/434 438/438/438 436/436/436
f 438/438/438 439/439/439 436/436/436
f 438/438/438 440/440/440 439/439/439
f 437/437/437 435/435/435 441/441/441
f 442/442/442 437/437/437 441/441/441
f 442/442/442 441/441/441 443/443/443
f 444/444/444 442/442/442 443/443/443
f 444/444/444 443/443/443 445/445/445
f 444/444/444 445/445/445 446/446/446
f 447/447/447 444/444/444 446/446/446
f 447/447/447 446/446/446 448/448/448
f 449/449/449 447/447/447 448/448/448
f 449/449/449 448/448/448 450/450/450
f 451/451/451 449/449/449 450/450/450
f 451/451/451 450/450/450 452/452/452
f 453/453/453 451/451/451 452/452/452
f 453/453/453 452/452/452 454/454/454
f 455/455/455 453/453/453 454/454/454
f 454/454/454 456/456/456 455/455/455
f 459/459/459 458/458/458 457/457/457
f 457/457/457 460/460/460 459/459/459
f 460/460/460 461/461/461 459/459/459
f 461/461/461 462/462/462 459/459/459
f 461/461/461 463/463/463 462/462/462
f 463/463/463 464/464/464 462/462/462
f 464/464/464 465/465/465 462/462/462
f 464/464/464 466/466/466 465/465/465
f 466/466/466 467/467/467 465/465/465
f 467/467/467 468/468/468 465/465/465
f 467/467/467 469/469/469 468/468/468
f 469/469/469 470/470/470 468/468/468
f 469/469/469 471/471/471 470/470/470
f 471/471/471 472/472/472 470/470/470
f 471/471/471 473/473/473 472/472/472
f 473/473/473 474/474/474 472/472/472
f 473/473/473 475/475/475 474/474/474
f 475/475/475 476/476/476 474/474/474
f 476/476/476 477/477/477 474/474/474
f 476/476/476 429/429/429 477/477/477
f 429/429/429 478/478/478 477/477/477
f 429/429/429 426/426/426 478/478/478
f 426/426/426 479/479/479 478/478/478
f 479/479/479 480/480/480 478/478/478
f 479/479/479 481/481/481 480/480/480
f 481/481/481 482/482/482 480/480/480
f 481/481/481 483/483/483 482/482/482
f 483/483/483 484/484/484 482/482/482
f 487/487/487 486/486/486 485/485/485
f 488/488/488 487/487/487 485/485/485
f 488/488/488 485/485/485 489/489/489
f 490/490/490 488/488/488 489/489/489
f 490/490/490 489/489/489 491/491/491
f 492/492/492 490/490/490 491/491/491
f 492/492/492 491/491/491 493/493/493
f 494/494/494 492/492/492 493/493/493
f 494/494/494 493/493/493 495/495/495
f 496/496/496 494/494/494 495/495/495
f 496/496/496 495/495/495 497/497/497
f 498/498/498 496/496/496 497/497/497
f 498/498/498 497/497/497 499/499/499
f 500/500/500 498/498/498 499/499/499
f 500/500/500 499/499/499 501/501/501
f 502/502/502 500/500/500 501/501/501
f 502/502/502 501/501/501 503/503/503
f 504/504/504 502/502/502 503/503/503
f 507/507/507 506/506/506 505/505/505
f 506/506/506 508/508/508 505/505/505
f 506/506/506 509/509/509 508/508/508
f 509/509/509 510/510/510 508/508/508
f 509/509/509 511/511/511 510/510/510
f 511/511/511 512/512/512 510/510/510
f 511/511/511 513/513/513 512/512/512
f 513/513/513 514/514/514 512/512/512
f 513/513/513 515/515/515 514/514/514
f 515/515/515 516/516/516 514/514/514
f 515/515/515 517/517/517 516/516/516
f 517/517/517 518/518/518 516/516/516
f 517/517/517 519/519/519 518/518/518
f 519/519/519 520/520/520 518/518/518
f 519/519/519 521/521/521 520/520/520
f 521/521/521 522/522/522 520/520/520
f 525/525/525 524/524/524 523/523/523
f 524/524/524 526/526/526 523/523/523
f 524/524/524 527/527/527 526/526/526
f 527/527/527 528/528/528 526/526/526
f 527/527/527 529/529/529 528/528/528
f 529/529/529 530/530/530 528/528/528
f 529/529/529 531/531/531 530/530/530
f 531/531/531 532/532/532 530/530/530
f 531/531/531 533/533/533 532/532/532
f 533/533/533 534/534/534 532/532/532
f 533/533/533 535/535/535 534/534/534
f 535/535/535 536/536/536 534/534/534
f 535/535/535 537/537/537 536/536/536
f 537/537/537 538/538/538 536/536/536
f 537/537/537 539/539/539 538/538/538
f 539/539/539 540/540/540 538/538/538
f 543/543/543 542/542/542 541/541/541
f 542/542/542 544/544/544 541/541/541
f 542/542/542 545/545/545 544/544/544
f 545/545/545 546/546/546 544/544/544
f 545/545/545 547/547/547 546/546/546
f 547/547/547 548/548/548 546/546/546
f 547/547/547 549/549/549 548/548/548
f 549/549/549 550/550/550 548/548/548
f 549/549/549 551/551/551 550/550/550
f 551/551/551 552/552/552 550/550/550
f 551/551/551 553/553/553 552/552/552
f 553/553/553 554/554/554 552/552/552
f 553/553/553 555/555/555 554/554/554
f 555/555/555 556/556/556 554/554/554
f 559/559/559 558/558/558 557/557/557
f 558/558/558 560/560/560 557/557/557
f 557/557/557 560/560/560 561/561/561
f 560/560/560 562/562/562 561/561/561
f 561/561/561 562/562/562 563/563/563
f 562/562/562 564/564/564 563/563/563
f 563/563/563 564/564/564 565/565/565
f 564/564/564 566/566/566 565/565/565
f 565/565/565 566/566/566 567/567/567
f 566/566/566 568/568/568 567/567/567
f 567/567/567 568/568/568 569/569/569
f 568/568/568 570/570/570 569/569/569
f 569/569/569 570/570/570 571/571/571
f 570/570/570 572/572/572 571/571/571
f 571/571/571 572/572/572 573/573/573
f 572/572/572 574/574/574 573/573/573
f 577/577/577 576/576/576 575/575/575
f 575/575/575 578/578/578 577/577/577
f 578/578/578 579/579/579 577/577/577
f 578/578/578 580/580/580 579/579/579
f 580/580/580 581/581/581 579/579/579
f 580/580/580 582/582/582 581/581/581
f 582/582/582 583/583/583 581/581/581
f 582/582/582 584/584/584 583/583/583
f 584/584/584 585/585/585 583/583/583
f 584/584/584 586/586/586 585/585/585
f 586/586/586 587/587/587 585/585/585
f 586/586/586 588/588/588 587/587/587
f 588/588/588 589/589/589 587/587/587
f 588/588/588 590/590/590 589/589/589
f 590/590/590 591/591/591 589/589/589
f 590/590/590 592/592/592 591/591/591
f 592/592/592 593/593/593 591/591/591
f 592/592/592 594/594/594 593/593/593
f 594/594/594 595/595/595 593/593/593
f 594/594/594 596/596/596 595/595/595
f 596/596/596 597/597/597 595/595/595
f 596/596/596 598/598/598 597/597/597
f 598/598/598 599/599/599 597/597/597
f 598/598/598 600/600/600 599/599/599
f 600/600/600 601/601/601 599/599/599
f 600/600/600 602/602/602 601/601/601
f 602/602/602 603/603/603 601/601/601
f 602/602/602 604/604/604 603/603/603
f 604/604/604 605/605/605 603/603/603
f 604/604/604 606/606/606 605/605/605
f 609/609/609 608/608/608 607/607/607
f 607/607/607 610/610/610 609/609/609
f 607/607/607 611/611/611 610/610/610
f 611/611/611 612/612/612 610/610/610
f 611/611/611 613/613/613 612/612/612
f 613/613/613 614/614/614 612/612/612
f 613/613/613 615/615/615 614/614/614
f 615/615/615 616/616/616 614/614/614
f 615/615/615 617/617/617 616/616/616
f 617/617/617 618/618/618 616/616/616
f 617/617/617 619/619/619 618/618/618
f 619/619/619 620/620/620 618/618/618
f 619/619/619 621/621/621 620/620/620
f 621/621/621 622/622/622 620/620/620
f 621/621/621 623/623/623 622/622/622
f 623/623/623 624/624/624 622/622/622
f 623/623/623 625/625/625 624/624/624
f 625/625/625 626/626/626 624/624/624
f 625/625/625 627/627/627 626/626/626
f 627/627/627 628/628/628 626/626/626
f 627/627/627 629/629/629 628/628/628
f 629/629/629 630/630/630 628/628/628
f 629/629/629 631/631/631 630/630/630
f 631/631/631 632/632/632 630/630/630
f 631/631/631 633/633/633 632/632/632
f 633/633/633 634/634/634 632/632/632
f 633/633/633 635/635/635 634/634/634
f 635/635/635 636/636/636 634/634/634
f 635/635/635 637/637/637 636/636/636
f 637/637/637 638/638/638 636/636/636
f 641/641/641 640/640/640 639/639/639
f 640/640/640 642/642/642 639/639/639
f 639/639/639 642/642/642 643/643/643
f 642/642/642 644/644/644 643/643/643
f 643/643/643 644/644/644 645/645/645
f 644/644/644 646/646/646 645/645/645
f 645/645/645 646/646/646 647/647/647
f 646/646/646 648/648/648 647/647/647
f 647/647/647 648/648/648 649/649/649
f 648/648/648 650/650/650 649/649/649
f 649/649/649 650/650/650 651/651/651
f 650/650/650 652/652/652 651/651/651
f 651/651/651 652/652/652 653/653/653
f 652/652/652 654/654/654 653/653/653
f 653/653/653 654/654/654 655/655/655
f 654/654/654 656/656/656 655/655/655
f 659/659/659 658/658/658 657/657/657
f 660/660/660 659/659/659 657/657/657
f 661/661/661 659/659/659 660/660/660
f 662/662/662 661/661/661 660/660/660
f 663/663/663 661/661/661 662/662/662
f 664/664/664 663/663/663 662/662/662
f 665/665/665 663/663/663 664/664/664
f 666/666/666 665/665/665 664/664/664
f 667/667/667 665/665/665 666/666/666
f 668/668/668 667/667/667 666/666/666
f 669/669/669 667/667/667 668/668/668
f 670/670/670 669/669/669 668/668/668
f 671/671/671 669/669/669 670/670/670
f 672/672/672 671/671/671 670/670/670
f 675/675/675 674/674/674 673/673/673
f 674/674/674 676/676/676 673/673/673
f 673/673/673 676/676/676 677/677/677
f 676/676/676 678/678/678 677/677/677
f 677/677/677 678/678/678 679/679/679
f 678/678/678 680/680/680 679/679/679
f 679/679/679 680/680/680 681/681/681
f 680/680/680 682/682/682 681/681/681
f 681/681/681 682/682/682 683/683/683
f 682/682/682 684/684/684 683/683/683
f 683/683/683 684/684/684 685/685/685
f 684/684/684 686/686/686 685/685/685
f 685/685/685 686/686/686 687/687/687
f 686/686/686 688/688/688 687/687/687
f 687/687/687 688/688/688 689/689/689
f 688/688/688 690/690/690 689/689/689
f 689/689/689 690/690/690 691/691/691
f 690/690/690 692/692/692 691/691/691
f 695/695/695 694/694/694 693/693/693
f 696/696/696 695/695/695 693/693/693
f 697/697/697 695/695/695 696/696/696
f 698/698/698 697/697/697 696/696/696
f 699/699/699 697/697/697 698/698/698
f 700/700/700 699/699/699 698/698/698
f 701/701/701 699/699/699 700/700/700
f 702/702/702 701/701/701 700/700/700
f 703/703/703 701/701/701 702/702/702
f 704/704/704 703/703/703 702/702/702
f 705/705/705 703/703/703 704/704/704
f 706/706/706 705/705/705 704/704/704
f 709/709/709 708/708/708 707/707/707
f 708/708/708 710/710/710 707/707/707
f 707/707/707 710/710/710 711/711/711
f 712/712/712 707/707/707 711/711/711
f 712/712/712 711/711/711 713/713/713
f 714/714/714 712/712/712 713/713/713
f 714/714/714 713/713/713 715/715/715
f 716/716/716 714/714/714 715/715/715
f 716/716/716 715/715/715 717/717/717
f 718/718/718 716/716/716 717/717/717
f 718/718/718 717/717/717 719/719/719
f 720/720/720 718/718/718 719/719/719
f 720/720/720 719/719/719 721/721/721
f 722/722/722 720/720/720 721/721/721
f 722/722/722 721/721/721 723/723/723
f 724/724/724 722/722/722 723/723/723
f 724/724/724 723/723/723 725/725/725
f 726/726/726 724/724/724 725/725/725
f 726/726/726 725/725/725 727/727/727
f 728/728/728 726/726/726 727/727/727
f 731/731/731 730/730/730 729/729/729
f 732/732/732 731/731/731 729/729/729
f 732/732/732 729/729/729 733/733/733
f 734/734/734 732/732/732 733/733/733
f 734/734/734 733/733/733 735/735/735
f 736/736/736 734/734/734 735/735/735
f 736/736/736 735/735/735 737/737/737
f 738/738/738 736/736/736 737/737/737
f 738/738/738 737/737/737 739/739/739
f 740/740/740 738/738/738 739/739/739
f 740/740/740 739/739/739 741/741/741
f 742/742/742 740/740/740 741/741/741
f 745/745/745 744/744/744 743/743/743
f 746/746/746 745/745/745 743/743/743
f 746/746/746 743/743/743 747/747/747
f 743/743/743 748/748/748 747/747/747
f 747/747/747 748/748/748 749/749/749
f 748/748/748 750/750/750 749/749/749
f 749/749/749 750/750/750 751/751/751
f 750/750/750 752/752/752 751/751/751
f 751/751/751 752/752/752 753/753/753
f 752/752/752 754/754/754 753/753/753
f 753/753/753 754/754/754 755/755/755
f 754/754/754 756/756/756 755/755/755
f 755/755/755 756/756/756 757/757/757
f 756/756/756 758/758/758 757/757/757
f 757/757/757 758/758/758 759/759/759
f 758/758/758 760/760/760 759/759/759
f 759/759/759 760/760/760 761/761/761
f 760/760/760 762/762/762 761/761/761
f 761/761/761 762/762/762 763/763/763
f 762/762/762 764/764/764 763/763/763
f 767/767/767 766/766/766 765/765/765
f 765/765/765 768/768/768 767/767/767
f 768/768/768 769/769/769 767/767/767
f 768/768/768 770/770/770 769/769/769
f 770/770/770 771/771/771 769/769/769
f 770/770/770 772/772/772 771/771/771
f 772/772/772 773/773/773 771/771/771
f 772/772/772 774/774/774 773/773/773
f 772/772/772 775/775/775 774/774/774
f 775/775/775 776/776/776 774/774/774
f 775/775/775 777/777/777 776/776/776
f 777/777/777 778/778/778 776/776/776
f 778/778/778 779/779/779 776/776/776
f 778/778/778 780/780/780 779/779/779
f 780/780/780 781/781/781 779/779/779
f 780/780/780 782/782/782 781/781/781
f 780/780/780 783/783/783 782/782/782
f 783/783/783 784/784/784 782/782/782
f 784/784/784 785/785/785 782/782/782
f 784/784/784 786/786/786 785/785/785
f 786/786/786 787/787/787 785/785/785
f 786/786/786 788/788/788 787/787/787
f 788/788/788 789/789/789 787/787/787
f 788/788/788 790/790/790 789/789/789
f 790/790/790 791/791/791 789/789/789
f 790/790/790 792/792/792 791/791/791
f 792/792/792 793/793/793 791/791/791
f 792/792/792 794/794/794 793/793/793
f 792/792/792 795/795/795 794/794/794
f 795/795/795 796/796/796 794/794/794
f 799/799/799 798/798/798 797/797/797
f 797/797/797 800/800/800 799/799/799
f 800/800/800 801/801/801 799/799/799
f 800/800/800 802/802/802 801/801/801
f 800/800/800 803/803/803 802/802/802
f 803/803/803 804/804/804 802/802/802
f 804/804/804 805/805/805 802/802/802
f 804/804/804 806/806/806 805/805/805
f 806/806/806 807/807/807 805/805/805
f 806/806/806 808/808/808 807/807/807
f 808/808/808 809/809/809 807/807/807
f 808/808/808 810/810/810 809/809/809
f 808/808/808 811/811/811 810/810/810
f 811/811/811 812/812/812 810/810/810
f 812/812/812 813/813/813 810/810/810
f 812/812/812 814/814/814 813/813/813
f 814/814/814 815/815/815 813/813/813
f 814/814/814 816/816/816 815/815/815
f 816/816/816 817/817/817 815/815/815
f 816/816/816 818/818/818 817/817/817
f 818/818/818 819/819/819 817/817/817
f 818/818/818 820/820/820 819/819/819
f 820/820/820 821/821/821 819/819/819
f 820/820/820 822/822/822 821/821/821
f 820/820/820 823/823/823 822/822/822
f 823/823/823 824/824/824 822/822/822
f 823/823/823 825/825/825 824/824/824
f 825/825/825 826/826/826 824/824/824
f 826/826/826 827/827/827 824/824/824
f 826/826/826 828/828/828 827/827/827
f 831/831/831 830/830/830 829/829/829
f 832/832/832 831/831/831 829/829/829
f 833/833/833 831/831/831 832/832/832
f 834/834/834 833/833/833 832/832/832
f 835/835/835 833/833/833 834/834/834
f 836/836/836 835/835/835 834/834/834
f 837/837/837 835/835/835 836/836/836
f 838/838/838 837/837/837 836/836/836
f 839/839/839 837/837/837 838/838/838
f 840/840/840 839/839/839 838/838/838
f 841/841/841 839/839/839 840/840/840
f 842/842/842 841/841/841 840/840/840
f 845/845/845 844/844/844 843/843/843
f 844/844/844 846/846/846 843/843/843
f 843/843/843 846/846/846 847/847/847
f 843/843/843 847/847/847 848/848/848
f 848/848/848 849/849/849 843/843/843
f 849/849/849 848/848/848 850/850/850
f 851/851/851 849/849/849 850/850/850
f 851/851/851 850/850/850 852/852/852
f 853/853/853 851/851/851 852/852/852
f 853/853/853 852/852/852 854/854/854
f 855/855/855 853/853/853 854/854/854
f 855/855/855 854/854/854 856/856/856
f 857/857/857 855/855/855 856/856/856
f 857/857/857 856/856/856 858/858/858
f 859/859/859 857/857/857 858/858/858
f 859/859/859 858/858/858 860/860/860
f 861/861/861 859/859/859 860/860/860
f 861/861/861 860/860/860 862/862/862
f 863/863/863 861/861/861 862/862/862
f 863/863/863 862/862/862 864/864/864
f 865/865/865 863/863/863 864/864/864
f 868/868/868 867/867/867 866/866/866
f 869/869/869 868/868/868 866/866/866
f 869/869/869 866/866/866 870/870/870
f 871/871/871 869/869/869 870/870/870
f 871/871/871 870/870/870 872/872/872
f 873/873/873 871/871/871 872/872/872
f 873/873/873 872/872/872 874/874/874
f 875/875/875 873/873/873 874/874/874
f 875/875/875 874/874/874 876/876/876
f 877/877/877 875/875/875 876/876/876
f 877/877/877 876/876/876 878/878/878
f 879/879/879 877/877/877 878/878/878
f 882/882/882 881/881/881 880/880/880
f 883/883/883 882/882/882 880/880/880
f 883/883/883 880/880/880 884/884/884
f 880/880/880 885/885/885 884/884/884
f 884/884/884 885/885/885 886/886/886
f 885/885/885 887/887/887 886/886/886
f 886/886/886 887/887/887 888/888/888
f 887/887/887 889/889/889 888/888/888
f 888/888/888 889/889/889 890/890/890
f 889/889/889 891/891/891 890/890/890
f 890/890/890 891/891/891 892/892/892
f 891/891/891 893/893/893 892/892/892
f 892/892/892 893/893/893 894/894/894
f 893/893/893 895/895/895 894/894/894
f 894/894/894 895/895/895 896/896/896
f 895/895/895 897/897/897 896/896/896
f 898/898/898 896/896/896 897/897/897
f 897/897/897 899/899/899 898/898/898
f 899/899/899 900/900/900 898/898/898
f 898/898/898 900/900/900 901/901/901
f 900/900/900 902/902/902 901/901/901
f 905/905/905 904/904/904 903/903/903
f 903/903/903 906/906/906 905/905/905
f 906/906/906 907/907/907 905/905/905
f 906/906/906 908/908/908 907/907/907
f 908/908/908 909/909/909 907/907/907
f 908/908/908 910/910/910 909/909/909
f 910/910/910 911/911/911 909/909/909
f 910/910/910 912/912/912 911/911/911
f 910/910/910 913/913/913 912/912/912
f 913/913/913 914/914/914 912/912/912
f 913/913/913 915/915/915 914/914/914
f 915/915/915 916/916/916 914/914/914
f 916/916/916 917/917/917 914/914/914
f 916/916/916 918/918/918 917/917/917
f 916/916/916 919/919/919 918/918/918
f 919/919/919 920/920/920 918/918/918
f 919/919/919 921/921/921 920/920/920
f 921/921/921 922/922/922 920/920/920
f 922/922/922 923/923/923 920/920/920
f 922/922/922 924/924/924 923/923/923
f 924/924/924 925/925/925 923/923/923
f 924/924/924 926/926/926 925/925/925
f 926/926/926 927/927/927 925/925/925
f 926/926/926 928/928/928 927/927/927
f 928/928/928 929/929/929 927/927/927
f 928/928/928 930/930/930 929/929/929
f 930/930/930 931/931/931 929/929/929
f 930/930/930 932/932/932 931/931/931
f 932/932/932 933/933/933 931/931/931
f 932/932/932 934/934/934 933/933/933
f 937/937/937 936/936/936 935/935/935
f 938/938/938 937/937/937 935/935/935
f 939/939/939 938/938/938 935/935/935
f 940/940/940 939/939/939 935/935/935
f 941/941/941 940/940/940 935/935/935
f 942/942/942 941/941/941 935/935/935
f 943/943/943 942/942/942 935/935/935
f 944/944/944 943/943/943 935/935/935
f 935/935/935 945/945/945 944/944/944
f 945/945/945 935/935/935 946/946/946
f 947/947/947 945/945/945 946/946/946
f 935/935/935 948/948/948 946/946/946
f 935/935/935 949/949/949 948/948/948
f 935/935/935 950/950/950 949/949/949
f 947/947/947 946/946/946 951/951/951
f 935/935/935 952/952/952 950/950/950
f 947/947/947 951/951/951 953/953/953
f 954/954/954 947/947/947 953/953/953
f 955/955/955 954/954/954 953/953/953
f 955/955/955 953/953/953 956/956/956
f 956/956/956 957/957/957 955/955/955
f 935/935/935 958/958/958 952/952/952
f 935/935/935 959/959/959 958/958/958
f 935/935/935 960/960/960 959/959/959
f 935/935/935 961/961/961 960/960/960
f 935/935/935 962/962/962 961/961/961
f 935/935/935 963/963/963 962/962/962
f 963/963/963 964/964/964 962/962/962
f 963/963/963 965/965/965 964/964/964
f 965/965/965 966/966/966 964/964/964
f 966/966/966 967/967/967 964/964/964
f 966/966/966 968/968/968 967/967/967
f 971/971/971 970/970/970 969/969/969
f 969/969/969 970/970/970 972/972/972
f 973/973/973 971/971/971 969/969/969
f 970/970/970 974/974/974 972/972/972
f 975/975/975 971/971/971 973/973/973
f 972/972/972 974/974/974 976/976/976
f 977/977/977 975/975/975 973/973/973
f 974/974/974 978/978/978 976/976/976
f 979/979/979 975/975/975 977/977/977
f 976/976/976 978/978/978 980/980/980
f 981/981/981 979/979/979 977/977/977
f 978/978/978 982/982/982 980/980/980
f 983/983/983 979/979/979 981/981/981
f 980/980/980 982/982/982 984/984/984
f 985/985/985 983/983/983 981/981/981
f 982/982/982 986/986/986 984/984/984
f 987/987/987 983/983/983 985/985/985
f 984/984/984 986/986/986 988/988/988
f 989/989/989 987/987/987 985/985/985
f 986/986/986 990/990/990 988/988/988
f 991/991/991 987/987/987 989/989/989
f 988/988/988 990/990/990 992/992/992
f 993/993/993 991/991/991 989/989/989
f 990/990/990 994/994/994 992/992/992
f 995/995/995 991/991/991 993/993/993
f 992/992/992 994/994/994 996/996/996
f 997/997/997 995/995/995 993/993/993
f 994/994/994 998/998/998 996/996/996
f 999/999/999 995/995/995 997/997/997
f 996/996/996 998/998/998 1000/1000/1000
f 1001/1001/1001 999/999/999 997/997/997
f 998/998/998 1002/1002/1002 1000/1000/1000
f 1003/1003/1003 999/999/999 1001/1001/1001
f 1000/1000/1000 1002/1002/1002 1004/1004/1004
f 1005/1005/1005 1003/1003/1003 1001/1001/1001
f 1002/1002/1002 1006/1006/1006 1004/1004/1004
f 1007/1007/1007 1003/1003/1003 1005/1005/1005
f 1004/1004/1004 1006/1006/1006 1008/1008/1008
f 1009/1009/1009 1007/1007/1007 1005/1005/1005
f 1006/1006/1006 1010/1010/1010 1008/1008/1008
f 1011/1011/1011 1007/1007/1007 1009/1009/1009
f 1008/1008/1008 1010/1010/1010 1012/1012/1012
f 1013/1013/1013 1011/1011/1011 1009/1009/1009
f 1010/1010/1010 1014/1014/1014 1012/1012/1012
f 1015/1015/1015 1011/1011/1011 1013/1013/1013
f 1012/1012/1012 1014/1014/1014 1016/1016/1016
f 1017/1017/1017 1015/1015/1015 1013/1013/1013
f 1014/1014/1014 1018/1018/1018 1016/1016/1016
f 1019/1019/1019 1015/1015/1015 1017/1017/1017
f 1016/1016/1016 1018/1018/1018 1020/1020/1020
f 1021/1021/1021 1019/1019/1019 1017/1017/1017
f 1018/1018/1018 1022/1022/1022 1020/1020/1020
f 1023/1023/1023 1019/1019/1019 1021/1021/1021
f 1020/1020/1020 1022/1022/1022 1024/1024/1024
f 1025/1025/1025 1023/1023/1023 1021/1021/1021
f 1022/1022/1022 1026/1026/1026 1024/1024/1024
f 1027/1027/1027 1023/1023/1023 1025/1025/1025
f 1024/1024/1024 1026/1026/1026 1028/1028/1028
f 1029/1029/1029 1027/1027/1027 1025/1025/1025
f 1026/1026/1026 1030/1030/1030 1028/1028/1028
f 1031/1031/1031 1027/1027/1027 1029/1029/1029
f 1028/1028/1028 1030/1030/1030 1032/1032/1032
f 1032/1032/1032 1031/1031/1031 1029/1029/1029
f 1030/1030/1030 1031/1031/1031 1032/1032/1032
