g Menu_Clipboard
v 0.29 0.003000006 0.169
v 0.289 0.003000006 0.17
v 0.289 0.0040000062 0.169
v 0.289 0.003000006 -0.17000003
v 0.29 0.003000006 -0.16900003
v 0.289 0.0040000062 -0.16900003
v 0.29000005 -0.0030000024 0.169
v 0.28900006 -0.0040000025 0.169
v 0.28900006 -0.0030000024 0.17
v 0.29000005 -0.0030000024 -0.16900003
v 0.28900006 -0.0030000024 -0.17000003
v 0.28900006 -0.0040000025 -0.16900003
v -0.30228424 -0.017350318 0.16999984
v -0.2977158 -0.01735033 0.17499985
v -0.2977158 -0.01735033 0.16999984
v -0.30228424 -0.017350318 0.17499985
v -0.30669698 -0.016167937 0.16999984
v -0.30669698 -0.016167937 0.17499985
v -0.31065336 -0.0138837155 0.16999984
v -0.31065336 -0.0138837155 0.17499985
v -0.31388372 -0.010653351 0.16999984
v -0.31388372 -0.010653351 0.17499985
v -0.31616792 -0.006696994 0.16999984
v -0.31616792 -0.006696994 0.17499985
v -0.3173503 -0.0022842463 0.16999984
v -0.3173503 -0.0022842463 0.17499985
v -0.31735033 0.0022841722 0.16999984
v -0.31735033 0.0022841722 0.17499985
v -0.31616792 0.006696928 0.16999984
v -0.31616792 0.006696928 0.17499985
v -0.31388372 0.010653289 0.16999984
v -0.31388372 0.010653289 0.17499985
v -0.31065336 0.013883639 0.16999984
v -0.31065336 0.013883639 0.17499985
v -0.30669698 0.01616786 0.16999984
v -0.30669698 0.01616786 0.17499985
v -0.30228424 0.017350242 0.16999984
v -0.30228424 0.017350242 0.17499985
v -0.2977158 0.01735026 0.16999984
v -0.2977158 0.01735026 0.17499985
v -0.29330307 0.016167847 0.16999984
v -0.29330307 0.016167847 0.17499985
v -0.2893467 0.013883627 0.16999984
v -0.2893467 0.013883627 0.17499985
v -0.28611636 0.0106532825 0.16999984
v -0.28611636 0.0106532825 0.17499985
v -0.28383213 0.006696923 0.16999984
v -0.28383213 0.006696923 0.17499985
v -0.28264976 0.0022841783 0.16999984
v -0.28264976 0.0022841783 0.17499985
v -0.28264973 -0.0022842395 0.16999984
v -0.28264973 -0.0022842395 0.17499985
v -0.28383213 -0.006696996 0.16999984
v -0.28383213 -0.006696996 0.17499985
v -0.28611633 -0.010653361 0.16999984
v -0.28611633 -0.010653361 0.17499985
v -0.2893467 -0.013883708 0.16999984
v -0.2893467 -0.013883708 0.17499985
v -0.29330307 -0.016167926 0.16999984
v -0.29330307 -0.016167926 0.17499985
v -0.2977158 -0.01735033 0.16999984
v -0.2977158 -0.01735033 0.17499985
v -0.30182737 -0.013880258 0.17499986
v -0.29817265 -0.013880274 0.17999986
v -0.29817265 -0.013880274 0.17499986
v -0.30182737 -0.013880258 0.17999986
v -0.3053576 -0.012934359 0.17499986
v -0.3053576 -0.012934359 0.17999986
v -0.3085227 -0.011106982 0.17499986
v -0.3085227 -0.011106982 0.17999986
v -0.31110698 -0.008522691 0.17499986
v -0.31110698 -0.008522691 0.17999986
v -0.31293434 -0.0053576045 0.17499986
v -0.31293434 -0.0053576045 0.17999986
v -0.31388026 -0.0018274036 0.17499986
v -0.31388026 -0.0018274037 0.17999986
v -0.31388026 0.0018273313 0.17499986
v -0.31388026 0.0018273313 0.17999986
v -0.31293434 0.0053575365 0.17499986
v -0.31293434 0.0053575365 0.17999986
v -0.31110698 0.008522625 0.17499986
v -0.31110698 0.008522625 0.17999986
v -0.3085227 0.011106904 0.17499986
v -0.3085227 0.011106904 0.17999986
v -0.3053576 0.0129342815 0.17499986
v -0.3053576 0.0129342815 0.17999986
v -0.30182737 0.013880187 0.17499986
v -0.30182737 0.013880187 0.17999986
v -0.29817265 0.013880203 0.17499986
v -0.29817265 0.013880203 0.17999986
v -0.29464248 0.012934273 0.17499986
v -0.29464248 0.012934273 0.17999986
v -0.29147738 0.011106897 0.17499986
v -0.29147738 0.011106897 0.17999986
v -0.2888931 0.008522618 0.17499986
v -0.2888931 0.008522618 0.17999986
v -0.2870657 0.0053575314 0.17499986
v -0.2870657 0.0053575314 0.17999986
v -0.28611982 0.0018273368 0.17499986
v -0.28611982 0.0018273368 0.17999986
v -0.2861198 -0.0018273982 0.17499986
v -0.2861198 -0.0018273982 0.17999986
v -0.2870657 -0.0053576035 0.17499986
v -0.2870657 -0.0053576035 0.17999986
v -0.28889307 -0.008522698 0.17499986
v -0.28889307 -0.008522698 0.17999986
v -0.29147738 -0.011106977 0.17499986
v -0.29147738 -0.011106977 0.17999986
v -0.29464245 -0.01293435 0.17499986
v -0.29464245 -0.01293435 0.17999986
v -0.29817265 -0.013880274 0.17499986
v -0.29817265 -0.013880274 0.17999986
v -0.28773087 0.0016152213 -0.17
v -0.28773084 0.0016152209 0.17
v -0.28856698 0.0047356607 0.17
v -0.28856698 0.004735661 -0.17
v -0.29018223 0.0075333803 0.17
v -0.29018223 0.0075333808 -0.17
v -0.29246655 0.009817694 0.17
v -0.29246655 0.009817695 -0.17
v -0.29526427 0.011432964 0.17
v -0.29526427 0.011432964 -0.17
v -0.29838473 0.012269096 0.17
v -0.29838473 0.012269097 -0.17
v -0.30161524 0.012269084 0.17
v -0.30161524 0.012269085 -0.17
v -0.3047357 0.011432974 0.17
v -0.3047357 0.011432974 -0.17
v -0.3075334 0.009817705 0.17
v -0.3075334 0.009817705 -0.17
v -0.30981773 0.007533377 0.17
v -0.30981773 0.007533378 -0.17
v -0.311433 0.0047356654 0.17
v -0.311433 0.0047356654 -0.17
v -0.31226912 0.001615219 0.17
v -0.31226912 0.0016152195 -0.17
v -0.3122691 -0.0016153032 0.17
v -0.31226912 -0.0016153029 -0.17
v -0.311433 -0.0047357474 0.17
v -0.311433 -0.004735747 -0.17
v -0.30981773 -0.007533457 0.17
v -0.30981773 -0.007533457 -0.17
v -0.3075334 -0.00981779 0.17
v -0.3075334 -0.00981779 -0.17
v -0.3047357 -0.01143306 0.17
v -0.3047357 -0.011433058 -0.17
v -0.30161524 -0.012269171 0.17
v -0.30161524 -0.01226917 -0.17
v -0.29838473 -0.012269181 0.17
v -0.29838473 -0.012269179 -0.17
v -0.29526427 -0.011433053 0.17
v -0.29526427 -0.011433052 -0.17
v -0.29246655 -0.009817782 0.17
v -0.29246655 -0.009817781 -0.17
v -0.29018223 -0.0075334636 0.17
v -0.29018223 -0.0075334636 -0.17
v -0.28856698 -0.0047357474 0.17
v -0.28856698 -0.0047357474 -0.17
v -0.28773084 -0.0016152995 0.17
v -0.28773084 -0.0016152991 -0.17
v -0.30228424 -0.017350318 -0.16999984
v -0.2977158 -0.01735033 -0.16999984
v -0.2977158 -0.01735033 -0.17499985
v -0.30228424 -0.017350318 -0.17499985
v -0.30669698 -0.016167937 -0.16999984
v -0.30669698 -0.016167937 -0.17499985
v -0.31065336 -0.0138837155 -0.16999984
v -0.31065336 -0.0138837155 -0.17499985
v -0.31388372 -0.010653351 -0.16999984
v -0.31388372 -0.010653351 -0.17499985
v -0.31616792 -0.0066969935 -0.16999984
v -0.31616792 -0.0066969935 -0.17499985
v -0.31735033 -0.0022842458 -0.16999984
v -0.31735033 -0.0022842458 -0.17499985
v -0.31735033 0.0022841727 -0.16999984
v -0.31735033 0.0022841727 -0.17499985
v -0.31616792 0.006696929 -0.16999984
v -0.31616792 0.006696929 -0.17499985
v -0.31388372 0.010653291 -0.16999984
v -0.31388372 0.010653291 -0.17499985
v -0.31065336 0.013883639 -0.16999984
v -0.31065336 0.013883639 -0.17499985
v -0.30669698 0.016167862 -0.16999984
v -0.30669698 0.016167862 -0.17499985
v -0.30228424 0.017350242 -0.16999984
v -0.30228424 0.017350242 -0.17499985
v -0.2977158 0.01735026 -0.16999984
v -0.2977158 0.01735026 -0.17499985
v -0.29330307 0.016167847 -0.16999984
v -0.29330307 0.016167847 -0.17499985
v -0.28934672 0.013883629 -0.16999984
v -0.28934672 0.013883629 -0.17499985
v -0.28611636 0.0106532825 -0.16999984
v -0.28611636 0.0106532825 -0.17499985
v -0.28383213 0.006696923 -0.16999984
v -0.28383213 0.006696923 -0.17499985
v -0.28264976 0.002284179 -0.16999984
v -0.28264976 0.002284179 -0.17499985
v -0.28264976 -0.002284239 -0.16999984
v -0.28264976 -0.002284239 -0.17499985
v -0.28383216 -0.006696996 -0.16999984
v -0.28383216 -0.006696996 -0.17499985
v -0.28611633 -0.010653361 -0.16999984
v -0.28611633 -0.010653361 -0.17499985
v -0.28934672 -0.013883708 -0.16999984
v -0.28934672 -0.013883708 -0.17499985
v -0.29330307 -0.016167926 -0.16999984
v -0.29330307 -0.016167926 -0.17499985
v -0.2977158 -0.01735033 -0.16999984
v -0.2977158 -0.01735033 -0.17499985
v -0.30182737 -0.013880258 -0.17499986
v -0.29817268 -0.013880274 -0.17499986
v -0.29817268 -0.013880274 -0.17999986
v -0.30182737 -0.013880258 -0.17999986
v -0.3053576 -0.012934359 -0.17499986
v -0.3053576 -0.012934359 -0.17999986
v -0.3085227 -0.011106982 -0.17499986
v -0.3085227 -0.011106982 -0.17999986
v -0.31110698 -0.00852269 -0.17499986
v -0.31110698 -0.00852269 -0.17999986
v -0.31293434 -0.0053576035 -0.17499986
v -0.31293434 -0.0053576035 -0.17999986
v -0.31388026 -0.0018274031 -0.17499986
v -0.31388026 -0.0018274033 -0.17999986
v -0.31388026 0.0018273317 -0.17499986
v -0.31388026 0.0018273317 -0.17999986
v -0.31293434 0.0053575365 -0.17499986
v -0.31293434 0.0053575365 -0.17999986
v -0.31110698 0.008522625 -0.17499986
v -0.31110698 0.008522625 -0.17999986
v -0.3085227 0.011106905 -0.17499986
v -0.3085227 0.011106905 -0.17999986
v -0.3053576 0.012934282 -0.17499986
v -0.3053576 0.012934282 -0.17999986
v -0.30182737 0.013880187 -0.17499986
v -0.30182737 0.013880187 -0.17999986
v -0.29817268 0.013880203 -0.17499986
v -0.29817268 0.013880203 -0.17999986
v -0.29464248 0.012934273 -0.17499986
v -0.29464248 0.012934273 -0.17999986
v -0.29147738 0.011106897 -0.17499986
v -0.29147738 0.011106897 -0.17999986
v -0.2888931 0.008522619 -0.17499986
v -0.2888931 0.008522619 -0.17999986
v -0.2870657 0.005357532 -0.17499986
v -0.2870657 0.005357532 -0.17999986
v -0.28611982 0.0018273372 -0.17499986
v -0.28611982 0.0018273372 -0.17999986
v -0.28611982 -0.0018273977 -0.17499986
v -0.28611982 -0.0018273977 -0.17999986
v -0.2870657 -0.0053576026 -0.17499986
v -0.2870657 -0.0053576026 -0.17999986
v -0.2888931 -0.008522696 -0.17499986
v -0.2888931 -0.008522696 -0.17999986
v -0.29147738 -0.011106976 -0.17499986
v -0.29147738 -0.011106976 -0.17999986
v -0.29464248 -0.01293435 -0.17499986
v -0.29464248 -0.01293435 -0.17999986
v -0.29817268 -0.013880274 -0.17499986
v -0.29817268 -0.013880274 -0.17999986
v 0.28900006 -0.0040000025 -0.16900003
v -0.29999998 -0.0040000067 -0.16900001
v -0.29999998 -0.0040000067 0.16900001
v 0.28900006 -0.0040000025 0.169
v -0.29999998 -0.0030000065 -0.17000002
v 0.28900006 -0.0030000024 -0.17000003
v 0.289 0.003000006 -0.17000003
v -0.29999998 0.0029999986 -0.17000002
v 0.28900006 -0.0030000024 0.17
v -0.29999998 -0.0030000065 0.17000002
v -0.29999998 0.0029999986 0.17000002
v 0.289 0.003000006 0.17
v 0.29000005 -0.0030000024 -0.16900003
v 0.29000005 -0.0030000024 0.169
v 0.29 0.003000006 0.169
v 0.29 0.003000006 -0.16900003
v -0.28264973 -0.0022842006 0.13712485
v -0.28614184 -0.005740249 0.13749985
v -0.28512836 -0.0019578864 0.13749985
v -0.28383213 -0.0066969576 0.13712485
v -0.28809974 -0.009131418 0.13749985
v -0.28283462 -0.007110142 0.13499984
v -0.2815793 -0.0024251293 0.13499984
v -0.28611633 -0.010653323 0.13712485
v -0.2908686 -0.011900286 0.13749985
v -0.28525975 -0.011310603 0.13499984
v -0.28383213 -0.0066969576 0.13287485
v -0.28264973 -0.0022842006 0.13287485
v -0.28512836 -0.0019578866 0.13249984
v -0.28614184 -0.0057402495 0.13249984
v -0.28611633 -0.010653323 0.13287485
v -0.28809974 -0.009131418 0.13249984
v -0.2893467 -0.01388367 0.13287485
v -0.2908686 -0.011900286 0.13249984
v -0.2893467 -0.01388367 0.13712485
v -0.2942598 -0.013858188 0.13749985
v -0.28868943 -0.014740252 0.13499984
v -0.29330307 -0.016167888 0.13287485
v -0.2942598 -0.013858188 0.13249984
v -0.29330307 -0.016167888 0.13712485
v -0.29804215 -0.01487168 0.13749985
v -0.2928899 -0.0171654 0.13499984
v -0.2977158 -0.017350294 0.13287485
v -0.29804215 -0.01487168 0.13249984
v -0.2977158 -0.017350294 0.13712485
v -0.3019579 -0.014871666 0.13749985
v -0.29757488 -0.018420756 0.13499984
v -0.30228424 -0.017350279 0.13287485
v -0.3019579 -0.014871666 0.13249984
v -0.30228424 -0.017350279 0.13712485
v -0.30574027 -0.013858201 0.13749985
v -0.30242515 -0.018420741 0.13499984
v -0.30669698 -0.0161679 0.13287485
v -0.30574027 -0.013858201 0.13249984
v -0.30669698 -0.0161679 0.13712485
v -0.30913144 -0.011900294 0.13749985
v -0.30711016 -0.017165413 0.13499984
v -0.31065336 -0.013883677 0.13287485
v -0.30913144 -0.011900295 0.13249984
v -0.31065336 -0.013883677 0.13712485
v -0.31190032 -0.009131408 0.13749985
v -0.31131062 -0.014740261 0.13499984
v -0.3138837 -0.010653313 0.13287485
v -0.31190032 -0.009131408 0.13249984
v -0.3138837 -0.010653313 0.13712485
v -0.31385824 -0.0057402463 0.13749985
v -0.3147403 -0.011310591 0.13499984
v -0.31616792 -0.0066969553 0.13287485
v -0.31385824 -0.0057402463 0.13249984
v -0.31616792 -0.0066969553 0.13712485
v -0.3148717 -0.001957892 0.13749985
v -0.31716543 -0.0071101384 0.13499984
v -0.3173503 -0.0022842078 0.13287485
v -0.3148717 -0.001957892 0.13249984
v -0.3173503 -0.0022842078 0.13712485
v -0.3148717 0.0019578957 0.13749985
v -0.31842077 -0.002425138 0.13499984
v -0.31735033 0.0022842109 0.13287485
v -0.3148717 0.0019578957 0.13249984
v -0.31735033 0.0022842109 0.13712485
v -0.3138582 0.0057402574 0.13749985
v -0.3184208 0.0024251402 0.13499984
v -0.31616792 0.0066969674 0.13287485
v -0.3138582 0.0057402574 0.13249984
v -0.31616792 0.0066969674 0.13712485
v -0.31190035 0.009131426 0.13749985
v -0.31716543 0.00711015 0.13499984
v -0.31388372 0.010653329 0.13287485
v -0.31190035 0.009131426 0.13249984
v -0.31388372 0.010653329 0.13712485
v -0.30913144 0.011900299 0.13749985
v -0.3147403 0.011310607 0.13499984
v -0.31065336 0.013883678 0.13287485
v -0.30913144 0.011900299 0.13249984
v -0.31065336 0.013883678 0.13712485
v -0.30574027 0.013858204 0.13749985
v -0.31131062 0.014740261 0.13499984
v -0.30669698 0.016167901 0.13287485
v -0.30574027 0.013858204 0.13249984
v -0.30669698 0.016167901 0.13712485
v -0.3019579 0.014871672 0.13749985
v -0.30711016 0.017165413 0.13499984
v -0.30228424 0.017350279 0.13287485
v -0.3019579 0.014871672 0.13249984
v -0.30228424 0.017350279 0.13712485
v -0.29804212 0.014871689 0.13749985
v -0.30242518 0.018420743 0.13499984
v -0.2977158 0.0173503 0.13287485
v -0.29804212 0.014871689 0.13249984
v -0.2977158 0.0173503 0.13712485
v -0.2942598 0.013858194 0.13749985
v -0.29757488 0.01842076 0.13499984
v -0.29330307 0.016167887 0.13287485
v -0.2942598 0.013858194 0.13249984
v -0.29330307 0.016167887 0.13712485
v -0.2908686 0.01190029 0.13749985
v -0.2928899 0.0171654 0.13499984
v -0.2893467 0.013883667 0.13287485
v -0.2908686 0.01190029 0.13249984
v -0.2893467 0.013883667 0.13712485
v -0.28809974 0.009131422 0.13749985
v -0.28868943 0.01474025 0.13499984
v -0.28611636 0.010653322 0.13287485
v -0.28809974 0.009131421 0.13249984
v -0.28611636 0.010653322 0.13712485
v -0.28614184 0.005740254 0.13749985
v -0.28525975 0.011310601 0.13499984
v -0.28383213 0.0066969628 0.13287485
v -0.28614184 0.0057402537 0.13249984
v -0.28383213 0.0066969628 0.13712485
v -0.28512836 0.0019579008 0.13749985
v -0.28264976 0.0022842167 0.13712485
v -0.2815793 0.0024251465 0.13499984
v -0.28283462 0.007110145 0.13499984
v -0.28264976 0.0022842167 0.13287485
v -0.28512836 0.0019579008 0.13249984
v -0.28614184 -0.0057402495 0.13249984
v -0.28512836 -0.0019578866 0.13249984
v -0.28512836 -0.0019578864 0.13749985
v -0.28614184 -0.005740249 0.13749985
v -0.28809974 -0.009131418 0.13249984
v -0.28809974 -0.009131418 0.13749985
v -0.2908686 -0.011900286 0.13249984
v -0.2908686 -0.011900286 0.13749985
v -0.2942598 -0.013858188 0.13249984
v -0.2942598 -0.013858188 0.13749985
v -0.29804215 -0.01487168 0.13249984
v -0.29804215 -0.01487168 0.13749985
v -0.3019579 -0.014871666 0.13249984
v -0.3019579 -0.014871666 0.13749985
v -0.30574027 -0.013858201 0.13249984
v -0.30574027 -0.013858201 0.13749985
v -0.30913144 -0.011900295 0.13249984
v -0.30913144 -0.011900294 0.13749985
v -0.31190032 -0.009131408 0.13249984
v -0.31190032 -0.009131408 0.13749985
v -0.31385824 -0.0057402463 0.13249984
v -0.31385824 -0.0057402463 0.13749985
v -0.3148717 -0.001957892 0.13249984
v -0.3148717 -0.001957892 0.13749985
v -0.3148717 0.0019578957 0.13249984
v -0.3148717 0.0019578957 0.13749985
v -0.3138582 0.0057402574 0.13249984
v -0.3138582 0.0057402574 0.13749985
v -0.31190035 0.009131426 0.13249984
v -0.31190035 0.009131426 0.13749985
v -0.30913144 0.011900299 0.13249984
v -0.30913144 0.011900299 0.13749985
v -0.30574027 0.013858204 0.13249984
v -0.30574027 0.013858204 0.13749985
v -0.3019579 0.014871672 0.13249984
v -0.3019579 0.014871672 0.13749985
v -0.29804212 0.014871689 0.13249984
v -0.29804212 0.014871689 0.13749985
v -0.2942598 0.013858194 0.13249984
v -0.2942598 0.013858194 0.13749985
v -0.2908686 0.01190029 0.13249984
v -0.2908686 0.01190029 0.13749985
v -0.28809974 0.009131421 0.13249984
v -0.28809974 0.009131422 0.13749985
v -0.28614184 0.0057402537 0.13249984
v -0.28614184 0.005740254 0.13749985
v -0.28512836 0.0019579008 0.13249984
v -0.28512836 0.0019579008 0.13749985
v -0.28264973 -0.0022842006 0.047124848
v -0.28614184 -0.0057402495 0.04749985
v -0.28512836 -0.0019578862 0.04749985
v -0.28383213 -0.006696957 0.047124848
v -0.28809974 -0.009131418 0.04749985
v -0.28283462 -0.007110141 0.044999838
v -0.2815793 -0.0024251288 0.044999838
v -0.28611633 -0.010653323 0.047124848
v -0.2908686 -0.011900286 0.04749985
v -0.28525975 -0.011310603 0.044999838
v -0.28383213 -0.006696957 0.04287484
v -0.28264973 -0.0022842006 0.04287484
v -0.28512836 -0.0019578862 0.042499837
v -0.28614184 -0.0057402495 0.042499837
v -0.28611633 -0.010653323 0.04287484
v -0.28809974 -0.009131418 0.042499837
v -0.2893467 -0.01388367 0.04287484
v -0.2908686 -0.011900286 0.042499837
v -0.2893467 -0.01388367 0.047124848
v -0.2942598 -0.013858188 0.04749985
v -0.28868943 -0.014740252 0.044999838
v -0.29330307 -0.016167888 0.04287484
v -0.2942598 -0.013858188 0.042499837
v -0.29330307 -0.016167888 0.047124848
v -0.29804215 -0.01487168 0.04749985
v -0.2928899 -0.017165398 0.044999838
v -0.2977158 -0.017350294 0.04287484
v -0.29804215 -0.01487168 0.042499837
v -0.2977158 -0.017350294 0.047124848
v -0.3019579 -0.014871666 0.04749985
v -0.29757488 -0.018420756 0.044999838
v -0.30228424 -0.01735028 0.04287484
v -0.3019579 -0.014871666 0.042499837
v -0.30228424 -0.01735028 0.047124848
v -0.30574027 -0.013858201 0.04749985
v -0.30242515 -0.018420741 0.044999838
v -0.30669698 -0.016167901 0.04287484
v -0.30574027 -0.013858201 0.042499837
v -0.30669698 -0.016167901 0.047124848
v -0.30913144 -0.011900294 0.04749985
v -0.30711016 -0.017165413 0.044999838
v -0.31065336 -0.013883677 0.04287484
v -0.30913144 -0.011900294 0.042499837
v -0.31065336 -0.013883677 0.047124848
v -0.31190032 -0.009131408 0.04749985
v -0.31131065 -0.014740261 0.044999838
v -0.3138837 -0.010653313 0.04287484
v -0.31190032 -0.009131408 0.042499837
v -0.3138837 -0.010653313 0.047124848
v -0.31385824 -0.0057402463 0.04749985
v -0.3147403 -0.011310591 0.044999838
v -0.31616792 -0.0066969553 0.04287484
v -0.31385824 -0.0057402463 0.042499837
v -0.31616792 -0.0066969553 0.047124848
v -0.3148717 -0.001957892 0.04749985
v -0.31716543 -0.0071101384 0.044999838
v -0.3173503 -0.0022842076 0.04287484
v -0.3148717 -0.001957892 0.042499837
v -0.3173503 -0.0022842076 0.047124848
v -0.3148717 0.0019578962 0.04749985
v -0.31842077 -0.0024251374 0.044999838
v -0.31735033 0.0022842113 0.04287484
v -0.3148717 0.0019578962 0.042499837
v -0.31735033 0.0022842113 0.047124848
v -0.3138582 0.005740258 0.04749985
v -0.3184208 0.0024251407 0.044999838
v -0.31616792 0.006696968 0.04287484
v -0.3138582 0.005740258 0.042499837
v -0.31616792 0.006696968 0.047124848
v -0.31190035 0.009131426 0.04749985
v -0.31716543 0.00711015 0.044999838
v -0.31388372 0.010653329 0.04287484
v -0.31190035 0.009131426 0.042499837
v -0.31388372 0.010653329 0.047124848
v -0.30913144 0.011900299 0.04749985
v -0.3147403 0.011310607 0.044999838
v -0.31065336 0.013883678 0.04287484
v -0.30913144 0.011900299 0.042499837
v -0.31065336 0.013883678 0.047124848
v -0.30574027 0.013858205 0.04749985
v -0.31131062 0.014740263 0.044999838
v -0.30669698 0.016167901 0.04287484
v -0.30574027 0.013858205 0.042499837
v -0.30669698 0.016167901 0.047124848
v -0.30195794 0.014871674 0.04749985
v -0.30711016 0.017165413 0.044999838
v -0.30228424 0.01735028 0.04287484
v -0.30195794 0.014871674 0.042499837
v -0.30228424 0.01735028 0.047124848
v -0.29804212 0.014871689 0.04749985
v -0.30242518 0.018420743 0.044999838
v -0.2977158 0.0173503 0.04287484
v -0.29804212 0.014871689 0.042499837
v -0.2977158 0.0173503 0.047124848
v -0.2942598 0.013858194 0.04749985
v -0.29757488 0.01842076 0.044999838
v -0.29330307 0.016167887 0.04287484
v -0.2942598 0.013858194 0.042499837
v -0.29330307 0.016167887 0.047124848
v -0.2908686 0.011900291 0.04749985
v -0.2928899 0.0171654 0.044999838
v -0.2893467 0.013883667 0.04287484
v -0.2908686 0.011900291 0.042499837
v -0.2893467 0.013883667 0.047124848
v -0.28809974 0.009131422 0.04749985
v -0.28868943 0.01474025 0.044999838
v -0.28611636 0.010653322 0.04287484
v -0.28809974 0.009131422 0.042499837
v -0.28611636 0.010653322 0.047124848
v -0.28614184 0.0057402537 0.04749985
v -0.28525975 0.011310601 0.044999838
v -0.28383213 0.0066969628 0.04287484
v -0.28614184 0.0057402537 0.042499837
v -0.28383213 0.0066969628 0.047124848
v -0.28512836 0.0019579008 0.04749985
v -0.28264976 0.0022842174 0.047124848
v -0.2815793 0.0024251468 0.044999838
v -0.28283462 0.007110145 0.044999838
v -0.28264976 0.0022842174 0.04287484
v -0.28512836 0.0019579008 0.042499837
v -0.28614184 -0.0057402495 0.042499837
v -0.28512836 -0.0019578862 0.042499837
v -0.28512836 -0.0019578862 0.04749985
v -0.28614184 -0.0057402495 0.04749985
v -0.28809974 -0.009131418 0.042499837
v -0.28809974 -0.009131418 0.04749985
v -0.2908686 -0.011900286 0.042499837
v -0.2908686 -0.011900286 0.04749985
v -0.2942598 -0.013858188 0.042499837
v -0.2942598 -0.013858188 0.04749985
v -0.29804215 -0.01487168 0.042499837
v -0.29804215 -0.01487168 0.04749985
v -0.3019579 -0.014871666 0.042499837
v -0.3019579 -0.014871666 0.04749985
v -0.30574027 -0.013858201 0.042499837
v -0.30574027 -0.013858201 0.04749985
v -0.30913144 -0.011900294 0.042499837
v -0.30913144 -0.011900294 0.04749985
v -0.31190032 -0.009131408 0.042499837
v -0.31190032 -0.009131408 0.04749985
v -0.31385824 -0.0057402463 0.042499837
v -0.31385824 -0.0057402463 0.04749985
v -0.3148717 -0.001957892 0.042499837
v -0.3148717 -0.001957892 0.04749985
v -0.3148717 0.0019578962 0.042499837
v -0.3148717 0.0019578962 0.04749985
v -0.3138582 0.005740258 0.042499837
v -0.3138582 0.005740258 0.04749985
v -0.31190035 0.009131426 0.042499837
v -0.31190035 0.009131426 0.04749985
v -0.30913144 0.011900299 0.042499837
v -0.30913144 0.011900299 0.04749985
v -0.30574027 0.013858205 0.042499837
v -0.30574027 0.013858205 0.04749985
v -0.30195794 0.014871674 0.042499837
v -0.30195794 0.014871674 0.04749985
v -0.29804212 0.014871689 0.042499837
v -0.29804212 0.014871689 0.04749985
v -0.2942598 0.013858194 0.042499837
v -0.2942598 0.013858194 0.04749985
v -0.2908686 0.011900291 0.042499837
v -0.2908686 0.011900291 0.04749985
v -0.28809974 0.009131422 0.042499837
v -0.28809974 0.009131422 0.04749985
v -0.28614184 0.0057402537 0.042499837
v -0.28614184 0.0057402537 0.04749985
v -0.28512836 0.0019579008 0.042499837
v -0.28512836 0.0019579008 0.04749985
v -0.28264973 -0.0022842006 -0.042875152
v -0.28614184 -0.0057402495 -0.042500153
v -0.28512836 -0.0019578864 -0.042500153
v -0.28383213 -0.006696957 -0.042875152
v -0.28809974 -0.009131418 -0.042500153
v -0.28283462 -0.007110141 -0.045000166
v -0.2815793 -0.0024251288 -0.045000166
v -0.28611633 -0.010653323 -0.042875152
v -0.2908686 -0.011900286 -0.042500153
v -0.28525975 -0.011310603 -0.045000166
v -0.28383213 -0.006696957 -0.047125157
v -0.28264973 -0.0022842006 -0.047125157
v -0.28512836 -0.0019578864 -0.04750016
v -0.28614184 -0.0057402495 -0.04750016
v -0.28611633 -0.010653323 -0.047125157
v -0.28809974 -0.009131418 -0.04750016
v -0.2893467 -0.01388367 -0.047125157
v -0.2908686 -0.011900286 -0.04750016
v -0.2893467 -0.01388367 -0.042875152
v -0.2942598 -0.013858188 -0.042500153
v -0.28868943 -0.014740252 -0.045000166
v -0.29330307 -0.016167888 -0.047125157
v -0.2942598 -0.013858188 -0.04750016
v -0.29330307 -0.016167888 -0.042875152
v -0.29804215 -0.01487168 -0.042500153
v -0.2928899 -0.017165398 -0.045000166
v -0.2977158 -0.017350294 -0.047125157
v -0.29804215 -0.01487168 -0.04750016
v -0.2977158 -0.017350294 -0.042875152
v -0.3019579 -0.014871665 -0.042500153
v -0.29757488 -0.018420756 -0.045000166
v -0.30228424 -0.01735028 -0.047125157
v -0.30195794 -0.014871665 -0.04750016
v -0.30228424 -0.01735028 -0.042875152
v -0.3057403 -0.013858201 -0.042500153
v -0.30242518 -0.018420741 -0.045000166
v -0.30669698 -0.0161679 -0.047125157
v -0.3057403 -0.013858201 -0.04750016
v -0.30669698 -0.0161679 -0.042875152
v -0.30913144 -0.011900294 -0.042500153
v -0.30711016 -0.017165413 -0.045000166
v -0.31065336 -0.013883677 -0.047125157
v -0.30913144 -0.011900294 -0.04750016
v -0.31065336 -0.013883677 -0.042875152
v -0.31190032 -0.009131408 -0.042500153
v -0.31131065 -0.014740261 -0.045000166
v -0.31388372 -0.010653313 -0.047125157
v -0.31190032 -0.009131408 -0.04750016
v -0.31388372 -0.010653313 -0.042875152
v -0.31385824 -0.0057402463 -0.042500153
v -0.3147403 -0.011310591 -0.045000166
v -0.31616792 -0.0066969553 -0.047125157
v -0.31385824 -0.0057402463 -0.04750016
v -0.31616792 -0.0066969553 -0.042875152
v -0.3148717 -0.0019578924 -0.042500153
v -0.31716543 -0.0071101384 -0.045000166
v -0.3173503 -0.0022842076 -0.047125157
v -0.3148717 -0.0019578924 -0.04750016
v -0.3173503 -0.0022842076 -0.042875152
v -0.3148717 0.001957896 -0.042500153
v -0.31842077 -0.0024251374 -0.045000166
v -0.31735033 0.0022842113 -0.047125157
v -0.3148717 0.001957896 -0.04750016
v -0.31735033 0.0022842113 -0.042875152
v -0.3138582 0.005740258 -0.042500153
v -0.3184208 0.0024251407 -0.045000166
v -0.31616792 0.006696968 -0.047125157
v -0.3138582 0.005740258 -0.04750016
v -0.31616792 0.006696968 -0.042875152
v -0.31190035 0.009131426 -0.042500153
v -0.31716543 0.00711015 -0.045000166
v -0.31388372 0.010653329 -0.047125157
v -0.31190035 0.009131426 -0.04750016
v -0.31388372 0.010653329 -0.042875152
v -0.30913144 0.011900299 -0.042500153
v -0.3147403 0.011310607 -0.045000166
v -0.31065336 0.013883678 -0.047125157
v -0.30913144 0.011900299 -0.04750016
v -0.31065336 0.013883678 -0.042875152
v -0.30574027 0.013858205 -0.042500153
v -0.31131062 0.014740261 -0.045000166
v -0.30669698 0.016167901 -0.047125157
v -0.30574027 0.013858205 -0.04750016
v -0.30669698 0.016167901 -0.042875152
v -0.30195794 0.014871674 -0.042500153
v -0.30711016 0.017165413 -0.045000166
v -0.30228424 0.01735028 -0.047125157
v -0.30195794 0.014871674 -0.04750016
v -0.30228424 0.01735028 -0.042875152
v -0.29804215 0.014871689 -0.042500153
v -0.30242518 0.018420743 -0.045000166
v -0.2977158 0.0173503 -0.047125157
v -0.29804215 0.014871689 -0.04750016
v -0.2977158 0.0173503 -0.042875152
v -0.2942598 0.013858193 -0.042500153
v -0.29757488 0.018420761 -0.045000166
v -0.29330307 0.016167888 -0.047125157
v -0.2942598 0.013858193 -0.04750016
v -0.29330307 0.016167888 -0.042875152
v -0.2908686 0.011900291 -0.042500153
v -0.2928899 0.0171654 -0.045000166
v -0.2893467 0.013883667 -0.047125157
v -0.2908686 0.011900291 -0.04750016
v -0.2893467 0.013883667 -0.042875152
v -0.28809974 0.009131422 -0.042500153
v -0.28868943 0.014740247 -0.045000166
v -0.28611636 0.010653322 -0.047125157
v -0.28809974 0.009131422 -0.04750016
v -0.28611636 0.010653322 -0.042875152
v -0.28614184 0.0057402537 -0.042500153
v -0.28525975 0.011310601 -0.045000166
v -0.28383213 0.0066969628 -0.047125157
v -0.28614184 0.0057402537 -0.04750016
v -0.28383213 0.0066969628 -0.042875152
v -0.28512836 0.0019579008 -0.042500153
v -0.28264976 0.0022842174 -0.042875152
v -0.2815793 0.0024251468 -0.045000166
v -0.28283462 0.007110145 -0.045000166
v -0.28264976 0.0022842174 -0.047125157
v -0.28512836 0.0019579008 -0.04750016
v -0.28614184 -0.0057402495 -0.04750016
v -0.28512836 -0.0019578864 -0.04750016
v -0.28512836 -0.0019578864 -0.042500153
v -0.28614184 -0.0057402495 -0.042500153
v -0.28809974 -0.009131418 -0.04750016
v -0.28809974 -0.009131418 -0.042500153
v -0.2908686 -0.011900286 -0.04750016
v -0.2908686 -0.011900286 -0.042500153
v -0.2942598 -0.013858188 -0.04750016
v -0.2942598 -0.013858188 -0.042500153
v -0.29804215 -0.01487168 -0.04750016
v -0.29804215 -0.01487168 -0.042500153
v -0.30195794 -0.014871665 -0.04750016
v -0.3019579 -0.014871665 -0.042500153
v -0.3057403 -0.013858201 -0.04750016
v -0.3057403 -0.013858201 -0.042500153
v -0.30913144 -0.011900294 -0.04750016
v -0.30913144 -0.011900294 -0.042500153
v -0.31190032 -0.009131408 -0.04750016
v -0.31190032 -0.009131408 -0.042500153
v -0.31385824 -0.0057402463 -0.04750016
v -0.31385824 -0.0057402463 -0.042500153
v -0.3148717 -0.0019578924 -0.04750016
v -0.3148717 -0.0019578924 -0.042500153
v -0.3148717 0.001957896 -0.04750016
v -0.3148717 0.001957896 -0.042500153
v -0.3138582 0.005740258 -0.04750016
v -0.3138582 0.005740258 -0.042500153
v -0.31190035 0.009131426 -0.04750016
v -0.31190035 0.009131426 -0.042500153
v -0.30913144 0.011900299 -0.04750016
v -0.30913144 0.011900299 -0.042500153
v -0.30574027 0.013858205 -0.04750016
v -0.30574027 0.013858205 -0.042500153
v -0.30195794 0.014871674 -0.04750016
v -0.30195794 0.014871674 -0.042500153
v -0.29804215 0.014871689 -0.04750016
v -0.29804215 0.014871689 -0.042500153
v -0.2942598 0.013858193 -0.04750016
v -0.2942598 0.013858193 -0.042500153
v -0.2908686 0.011900291 -0.04750016
v -0.2908686 0.011900291 -0.042500153
v -0.28809974 0.009131422 -0.04750016
v -0.28809974 0.009131422 -0.042500153
v -0.28614184 0.0057402537 -0.04750016
v -0.28614184 0.0057402537 -0.042500153
v -0.28512836 0.0019579008 -0.04750016
v -0.28512836 0.0019579008 -0.042500153
v -0.28264976 -0.0022842002 -0.13287516
v -0.28614184 -0.0057402495 -0.13250016
v -0.28512836 -0.001957886 -0.13250016
v -0.28383216 -0.006696956 -0.13287516
v -0.28809974 -0.009131418 -0.13250016
v -0.28283462 -0.0071101403 -0.13500017
v -0.2815793 -0.0024251284 -0.13500017
v -0.28611633 -0.010653322 -0.13287516
v -0.2908686 -0.011900286 -0.13250016
v -0.28525975 -0.011310603 -0.13500017
v -0.28383216 -0.006696956 -0.13712516
v -0.28264976 -0.0022842002 -0.13712516
v -0.28512836 -0.001957886 -0.13750017
v -0.28614184 -0.0057402495 -0.13750017
v -0.28611633 -0.010653321 -0.13712516
v -0.28809974 -0.009131418 -0.13750017
v -0.28934672 -0.01388367 -0.13712516
v -0.2908686 -0.011900288 -0.13750017
v -0.2893467 -0.013883669 -0.13287516
v -0.2942598 -0.013858188 -0.13250016
v -0.28868943 -0.014740252 -0.13500017
v -0.29330307 -0.016167887 -0.13712516
v -0.2942598 -0.013858188 -0.13750017
v -0.29330307 -0.016167888 -0.13287516
v -0.29804215 -0.01487168 -0.13250016
v -0.2928899 -0.0171654 -0.13500017
v -0.2977158 -0.017350294 -0.13712516
v -0.29804215 -0.01487168 -0.13750017
v -0.2977158 -0.017350294 -0.13287516
v -0.30195794 -0.014871665 -0.13250016
v -0.29757488 -0.018420756 -0.13500017
v -0.30228424 -0.01735028 -0.13712516
v -0.30195794 -0.014871665 -0.13750017
v -0.30228424 -0.01735028 -0.13287516
v -0.3057403 -0.013858201 -0.13250016
v -0.30242518 -0.018420741 -0.13500017
v -0.30669698 -0.0161679 -0.13712516
v -0.3057403 -0.013858201 -0.13750017
v -0.30669698 -0.0161679 -0.13287516
v -0.30913147 -0.011900294 -0.13250016
v -0.30711016 -0.017165413 -0.13500017
v -0.31065336 -0.013883677 -0.13712516
v -0.30913144 -0.011900294 -0.13750017
v -0.31065336 -0.013883677 -0.13287516
v -0.31190032 -0.009131408 -0.13250016
v -0.31131065 -0.014740261 -0.13500017
v -0.31388372 -0.010653312 -0.13712516
v -0.31190032 -0.009131408 -0.13750017
v -0.31388372 -0.010653312 -0.13287516
v -0.31385824 -0.0057402453 -0.13250016
v -0.3147403 -0.011310591 -0.13500017
v -0.31616792 -0.0066969534 -0.13712516
v -0.31385824 -0.0057402453 -0.13750017
v -0.31616792 -0.0066969544 -0.13287516
v -0.3148717 -0.001957892 -0.13250016
v -0.31716543 -0.0071101366 -0.13500017
v -0.3173503 -0.002284207 -0.13712516
v -0.3148717 -0.001957892 -0.13750017
v -0.3173503 -0.002284207 -0.13287516
v -0.3148717 0.0019578964 -0.13250016
v -0.31842077 -0.002425137 -0.13500017
v -0.31735033 0.002284212 -0.13712516
v -0.3148717 0.0019578962 -0.13750017
v -0.31735033 0.002284212 -0.13287516
v -0.3138582 0.005740258 -0.13250016
v -0.3184208 0.0024251412 -0.13500017
v -0.31616792 0.006696968 -0.13712516
v -0.3138582 0.005740258 -0.13750017
v -0.31616792 0.006696968 -0.13287516
v -0.31190035 0.009131426 -0.13250016
v -0.31716543 0.0071101515 -0.13500017
v -0.31388372 0.01065333 -0.13712516
v -0.31190035 0.009131426 -0.13750017
v -0.31388372 0.01065333 -0.13287516
v -0.30913144 0.011900299 -0.13250016
v -0.3147403 0.011310609 -0.13500017
v -0.31065336 0.01388368 -0.13712516
v -0.30913144 0.011900299 -0.13750017
v -0.31065336 0.01388368 -0.13287516
v -0.30574027 0.013858205 -0.13250016
v -0.31131062 0.014740261 -0.13500017
v -0.30669698 0.016167901 -0.13712516
v -0.30574027 0.013858205 -0.13750017
v -0.30669698 0.016167901 -0.13287516
v -0.30195794 0.014871674 -0.13250016
v -0.30711016 0.017165413 -0.13500017
v -0.30228424 0.01735028 -0.13712516
v -0.30195794 0.014871674 -0.13750017
v -0.30228424 0.01735028 -0.13287516
v -0.29804215 0.014871689 -0.13250016
v -0.30242518 0.018420743 -0.13500017
v -0.2977158 0.0173503 -0.13712516
v -0.29804215 0.014871689 -0.13750017
v -0.2977158 0.0173503 -0.13287516
v -0.2942598 0.013858193 -0.13250016
v -0.29757488 0.018420761 -0.13500017
v -0.29330307 0.016167888 -0.13712516
v -0.2942598 0.013858193 -0.13750017
v -0.29330307 0.016167888 -0.13287516
v -0.2908686 0.011900291 -0.13250016
v -0.2928899 0.0171654 -0.13500017
v -0.2893467 0.013883669 -0.13712516
v -0.2908686 0.011900291 -0.13750017
v -0.2893467 0.013883669 -0.13287516
v -0.28809974 0.009131422 -0.13250016
v -0.28868943 0.01474025 -0.13500017
v -0.28611636 0.010653323 -0.13712516
v -0.28809974 0.009131422 -0.13750017
v -0.28611636 0.010653323 -0.13287516
v -0.28614184 0.005740255 -0.13250016
v -0.28525978 0.011310601 -0.13500017
v -0.28383213 0.006696963 -0.13712516
v -0.28614184 0.005740255 -0.13750017
v -0.28383213 0.006696963 -0.13287516
v -0.28512836 0.0019579008 -0.13250016
v -0.28264976 0.002284218 -0.13287516
v -0.2815793 0.002425147 -0.13500017
v -0.28283462 0.0071101454 -0.13500017
v -0.28264976 0.002284218 -0.13712516
v -0.28512836 0.0019579008 -0.13750017
v -0.28614184 -0.0057402495 -0.13750017
v -0.28512836 -0.001957886 -0.13750017
v -0.28512836 -0.001957886 -0.13250016
v -0.28614184 -0.0057402495 -0.13250016
v -0.28809974 -0.009131418 -0.13750017
v -0.28809974 -0.009131418 -0.13250016
v -0.2908686 -0.011900288 -0.13750017
v -0.2908686 -0.011900286 -0.13250016
v -0.2942598 -0.013858188 -0.13750017
v -0.2942598 -0.013858188 -0.13250016
v -0.29804215 -0.01487168 -0.13750017
v -0.29804215 -0.01487168 -0.13250016
v -0.30195794 -0.014871665 -0.13750017
v -0.30195794 -0.014871665 -0.13250016
v -0.3057403 -0.013858201 -0.13750017
v -0.3057403 -0.013858201 -0.13250016
v -0.30913144 -0.011900294 -0.13750017
v -0.30913147 -0.011900294 -0.13250016
v -0.31190032 -0.009131408 -0.13750017
v -0.31190032 -0.009131408 -0.13250016
v -0.31385824 -0.0057402453 -0.13750017
v -0.31385824 -0.0057402453 -0.13250016
v -0.3148717 -0.001957892 -0.13750017
v -0.3148717 -0.001957892 -0.13250016
v -0.3148717 0.0019578962 -0.13750017
v -0.3148717 0.0019578964 -0.13250016
v -0.3138582 0.005740258 -0.13750017
v -0.3138582 0.005740258 -0.13250016
v -0.31190035 0.009131426 -0.13750017
v -0.31190035 0.009131426 -0.13250016
v -0.30913144 0.011900299 -0.13750017
v -0.30913144 0.011900299 -0.13250016
v -0.30574027 0.013858205 -0.13750017
v -0.30574027 0.013858205 -0.13250016
v -0.30195794 0.014871674 -0.13750017
v -0.30195794 0.014871674 -0.13250016
v -0.29804215 0.014871689 -0.13750017
v -0.29804215 0.014871689 -0.13250016
v -0.2942598 0.013858193 -0.13750017
v -0.2942598 0.013858193 -0.13250016
v -0.2908686 0.011900291 -0.13750017
v -0.2908686 0.011900291 -0.13250016
v -0.28809974 0.009131422 -0.13750017
v -0.28809974 0.009131422 -0.13250016
v -0.28614184 0.005740255 -0.13750017
v -0.28614184 0.005740255 -0.13250016
v -0.28512836 0.0019579008 -0.13750017
v -0.28512836 0.0019579008 -0.13250016
v 0.28000006 0.0050000083 -0.16000001
v 0.28000006 0.0050000083 0.16
v -0.2869999 0.0050000055 0.16000001
v -0.2869999 0.0050000064 -0.16000001
v -0.29999998 0.003999999 -0.16900001
v -0.29999998 0.0029999986 -0.17000002
v 0.289 0.003000006 -0.17000003
v 0.289 0.0040000062 -0.16900003
v 0.289 0.0040000062 -0.16900003
v 0.29 0.003000006 -0.16900003
v 0.29 0.003000006 0.169
v 0.289 0.0040000062 0.169
v 0.289 0.0040000062 0.169
v 0.289 0.003000006 0.17
v -0.29999998 0.0029999986 0.17000002
v -0.29999998 0.003999999 0.16900001
v 0.29000005 -0.0030000024 -0.16900003
v 0.28900006 -0.0040000025 -0.16900003
v 0.28900006 -0.0040000025 0.169
v 0.29000005 -0.0030000024 0.169
v 0.28900006 -0.0030000024 0.17
v 0.28900006 -0.0040000025 0.169
v -0.29999998 -0.0040000067 0.16900001
v -0.29999998 -0.0030000065 0.17000002
v 0.28900006 -0.0040000025 -0.16900003
v 0.28900006 -0.0030000024 -0.17000003
v -0.29999998 -0.0030000065 -0.17000002
v -0.29999998 -0.0040000067 -0.16900001
v 0.29 0.003000006 -0.16900003
v 0.289 0.003000006 -0.17000003
v 0.28900006 -0.0030000024 -0.17000003
v 0.29000005 -0.0030000024 -0.16900003
v 0.289 0.003000006 0.17
v 0.29 0.003000006 0.169
v 0.29000005 -0.0030000024 0.169
v 0.28900006 -0.0030000024 0.17
v 0.289 0.0040000062 -0.16900003
v 0.289 0.0040000062 0.169
v -0.29999998 0.003999999 0.16900001
v -0.29999998 0.003999999 -0.16900001
v -0.29514968 -0.0020091245 -0.19049984
v -0.29479495 -0.0006852968 -0.19049984
v -0.30000004 -3.4591558E-08 -0.19049984
v -0.29583493 -0.0031960343 -0.19049984
v -0.29479495 0.00068522757 -0.19049984
v -0.29680404 -0.0041651404 -0.19049984
v -0.29514965 0.0020090514 -0.19049984
v -0.29799095 -0.0048504053 -0.19049984
v -0.29583493 0.0031959587 -0.19049984
v -0.29931477 -0.0052051274 -0.19049984
v -0.29680404 0.0041650617 -0.19049984
v -0.3006853 -0.0052051223 -0.19049984
v -0.29799095 0.004850328 -0.19049984
v -0.30200914 -0.004850409 -0.19049984
v -0.29931477 0.005205051 -0.19049984
v -0.30319604 -0.004165143 -0.19049984
v -0.3006853 0.0052050455 -0.19049984
v -0.3041651 -0.0031960332 -0.19049984
v -0.3020091 0.004850331 -0.19049984
v -0.3048504 -0.0020091247 -0.19049984
v -0.30319604 0.004165066 -0.19049984
v -0.3052051 -0.00068529975 -0.19049984
v -0.30416515 0.003195961 -0.19049984
v -0.30520514 0.0006852264 -0.19049984
v -0.3048504 0.0020090523 -0.19049984
v -0.29514965 -0.002009125 0.19049984
v -0.3 -3.50295E-08 0.19049984
v -0.29479495 -0.00068529724 0.19049984
v -0.29583493 -0.003196035 0.19049984
v -0.29479495 0.00068522705 0.19049984
v -0.29680404 -0.004165141 0.19049984
v -0.29514965 0.0020090507 0.19049984
v -0.29799095 -0.0048504057 0.19049984
v -0.29583493 0.003195958 0.19049984
v -0.29931477 -0.0052051274 0.19049984
v -0.29680404 0.0041650613 0.19049984
v -0.3006853 -0.0052051228 0.19049984
v -0.29799095 0.004850327 0.19049984
v -0.3020091 -0.00485041 0.19049984
v -0.29931477 0.0052050506 0.19049984
v -0.303196 -0.0041651432 0.19049984
v -0.3006853 0.0052050445 0.19049984
v -0.3041651 -0.0031960334 0.19049984
v -0.3020091 0.004850331 0.19049984
v -0.3048504 -0.0020091252 0.19049984
v -0.303196 0.0041650655 0.19049984
v -0.3052051 -0.0006853002 0.19049984
v -0.3041651 0.0031959608 0.19049984
v -0.3052051 0.00068522594 0.19049984
v -0.3048504 0.0020090519 0.19049984
v -0.31616792 0.006696929 -0.17499985
v -0.31388026 0.0018273317 -0.17499986
v -0.31293434 0.0053575365 -0.17499986
v -0.31735033 0.0022841727 -0.17499985
v -0.31388372 0.010653291 -0.17499985
v -0.31388026 -0.0018274031 -0.17499986
v -0.31110698 0.008522625 -0.17499986
v -0.31735033 -0.0022842458 -0.17499985
v -0.31065336 0.013883639 -0.17499985
v -0.31293434 -0.0053576035 -0.17499986
v -0.3085227 0.011106905 -0.17499986
v -0.31616792 -0.0066969935 -0.17499985
v -0.30669698 0.016167862 -0.17499985
v -0.31110698 -0.00852269 -0.17499986
v -0.3053576 0.012934282 -0.17499986
v -0.31388372 -0.010653351 -0.17499985
v -0.30228424 0.017350242 -0.17499985
v -0.3085227 -0.011106982 -0.17499986
v -0.30182737 0.013880187 -0.17499986
v -0.31065336 -0.0138837155 -0.17499985
v -0.2977158 0.01735026 -0.17499985
v -0.3053576 -0.012934359 -0.17499986
v -0.29817268 0.013880203 -0.17499986
v -0.30669698 -0.016167937 -0.17499985
v -0.29330307 0.016167847 -0.17499985
v -0.30182737 -0.013880258 -0.17499986
v -0.29464248 0.012934273 -0.17499986
v -0.30228424 -0.017350318 -0.17499985
v -0.28934672 0.013883629 -0.17499985
v -0.29817268 -0.013880274 -0.17499986
v -0.29147738 0.011106897 -0.17499986
v -0.2977158 -0.01735033 -0.17499985
v -0.28611636 0.0106532825 -0.17499985
v -0.29464248 -0.01293435 -0.17499986
v -0.2888931 0.008522619 -0.17499986
v -0.29330307 -0.016167926 -0.17499985
v -0.28383213 0.006696923 -0.17499985
v -0.29147738 -0.011106976 -0.17499986
v -0.2870657 0.005357532 -0.17499986
v -0.28934672 -0.013883708 -0.17499985
v -0.28264976 0.002284179 -0.17499985
v -0.2888931 -0.008522696 -0.17499986
v -0.28611982 0.0018273372 -0.17499986
v -0.28611633 -0.010653361 -0.17499985
v -0.28264976 -0.002284239 -0.17499985
v -0.2870657 -0.0053576026 -0.17499986
v -0.28611982 -0.0018273977 -0.17499986
v -0.28383216 -0.006696996 -0.17499985
v -0.29147738 -0.011106976 -0.17999986
v -0.2888931 -0.008522696 -0.17999986
v -0.2905601 -0.007243566 -0.18116184
v -0.2927565 -0.009439982 -0.18116184
v -0.29464248 -0.01293435 -0.17999986
v -0.28900698 -0.0045535075 -0.18116184
v -0.2870657 -0.0053576026 -0.17999986
v -0.29544657 -0.010993093 -0.18116184
v -0.29817268 -0.013880274 -0.17999986
v -0.28820303 -0.001553136 -0.18116184
v -0.28611982 -0.0018273977 -0.17999986
v -0.29844692 -0.011797046 -0.18116184
v -0.30182737 -0.013880258 -0.17999986
v -0.28820303 0.0015530746 -0.18116184
v -0.28611982 0.0018273372 -0.17999986
v -0.30155313 -0.011797034 -0.18116184
v -0.3053576 -0.012934359 -0.17999986
v -0.28900698 0.004553438 -0.18116184
v -0.2870657 0.005357532 -0.17999986
v -0.3045535 -0.0109931 -0.18116184
v -0.3085227 -0.011106982 -0.17999986
v -0.2905601 0.0072434875 -0.18116184
v -0.2888931 0.008522619 -0.17999986
v -0.30724356 -0.009439988 -0.18116184
v -0.31110698 -0.00852269 -0.17999986
v -0.2927565 0.009439904 -0.18116184
v -0.29147738 0.011106897 -0.17999986
v -0.30944 -0.0072435634 -0.18116184
v -0.31293434 -0.0053576035 -0.17999986
v -0.29544657 0.010993017 -0.18116184
v -0.29464248 0.012934273 -0.17999986
v -0.3109931 -0.004553508 -0.18116182
v -0.31388026 -0.0018274033 -0.17999986
v -0.29844692 0.011796977 -0.18116184
v -0.29817268 0.013880203 -0.17999986
v -0.31179702 -0.0015531408 -0.18116184
v -0.31388026 0.0018273317 -0.17999986
v -0.30155313 0.011796963 -0.18116184
v -0.30182737 0.013880187 -0.17999986
v -0.31179705 0.0015530696 -0.18116184
v -0.31293434 0.0053575365 -0.17999986
v -0.3045535 0.010993023 -0.18116182
v -0.3053576 0.012934282 -0.17999986
v -0.3109931 0.004553439 -0.18116184
v -0.31110698 0.008522625 -0.17999986
v -0.30724356 0.009439912 -0.18116184
v -0.3085227 0.011106905 -0.17999986
v -0.30944 0.0072434954 -0.18116184
v -0.30129313 0.009822039 -0.18250509
v -0.30379122 0.009152686 -0.18250509
v -0.30603093 0.007859577 -0.18250509
v -0.30785963 0.0060308627 -0.18250509
v -0.30915275 0.003791146 -0.18250509
v -0.3098221 0.0012930655 -0.18250507
v -0.29870692 0.00982205 -0.18250509
v -0.3098221 -0.0012931374 -0.18250509
v -0.29620886 0.009152681 -0.18250509
v -0.30915275 -0.0037912165 -0.18250509
v -0.29396915 0.007859571 -0.18250509
v -0.30785963 -0.0060309307 -0.18250509
v -0.29214042 0.0060308557 -0.18250509
v -0.30603093 -0.007859654 -0.18250509
v -0.2908473 0.0037911441 -0.18250509
v -0.30379122 -0.009152763 -0.18250509
v -0.29017797 0.0012930682 -0.18250509
v -0.30129313 -0.009822111 -0.18250509
v -0.29017797 -0.0012931336 -0.18250509
v -0.29870695 -0.009822121 -0.18250509
v -0.29084733 -0.0037912147 -0.18250509
v -0.29620886 -0.009152755 -0.18250509
v -0.29214042 -0.006030933 -0.18250509
v -0.29396915 -0.007859649 -0.18250509
v -0.29194507 0.0010604232 -0.18411238
v -0.29194507 -0.0010604901 -0.18411238
v -0.292494 -0.0031091392 -0.18411238
v -0.29355446 -0.004945907 -0.18411238
v -0.29505417 -0.0064456165 -0.18411238
v -0.29689094 -0.0075060776 -0.18411238
v -0.292494 0.003109068 -0.18411238
v -0.2989396 -0.008055018 -0.18411237
v -0.29355446 0.0049458286 -0.18411238
v -0.3010605 -0.008055008 -0.18411238
v -0.29505417 0.0064455364 -0.18411238
v -0.3031091 -0.007506084 -0.18411237
v -0.29689094 0.007506003 -0.18411238
v -0.3049459 -0.0064456207 -0.18411237
v -0.2989396 0.008054947 -0.18411238
v -0.30644563 -0.0049459045 -0.18411238
v -0.3010605 0.008054936 -0.18411238
v -0.30750608 -0.0031091406 -0.18411237
v -0.3031091 0.007506008 -0.18411237
v -0.308055 -0.0010604941 -0.18411238
v -0.3049459 0.006445543 -0.18411238
v -0.308055 0.0010604217 -0.18411237
v -0.30644563 0.004945836 -0.18411237
v -0.30750608 0.003109069 -0.18411238
v -0.30252624 0.006098782 -0.18597598
v -0.30401865 0.005237133 -0.18597598
v -0.3052372 0.004018589 -0.18597598
v -0.30609885 0.0025261766 -0.18597598
v -0.30654487 0.0008616079 -0.18597598
v -0.30654487 -0.0008616804 -0.18597598
v -0.3008617 0.0065447986 -0.18597598
v -0.30609885 -0.0025262486 -0.18597598
v -0.2991384 0.0065448056 -0.18597598
v -0.3052372 -0.0040186583 -0.18597598
v -0.29747382 0.006098779 -0.18597598
v -0.30401865 -0.0052372087 -0.18597598
v -0.2959814 0.0052371267 -0.18597598
v -0.30252624 -0.0060988585 -0.18597598
v -0.29476288 0.004018583 -0.18597598
v -0.3008617 -0.00654487 -0.18597598
v -0.2939012 0.0025261766 -0.18597598
v -0.2991384 -0.006544878 -0.18597598
v -0.2934552 0.00086160895 -0.18597598
v -0.29747382 -0.0060988525 -0.18597598
v -0.29345518 -0.00086167734 -0.18597598
v -0.2959814 -0.005237206 -0.18597598
v -0.29390123 -0.0025262476 -0.18597598
v -0.29476282 -0.0040186606 -0.18597598
v -0.2948958 0.0021142089 -0.18812247
v -0.2945225 0.0007210944 -0.18812247
v -0.2945225 -0.0007211639 -0.18812247
v -0.2948958 -0.002114281 -0.18812247
v -0.29561692 -0.0033633157 -0.18812247
v -0.29663676 -0.004383144 -0.18812247
v -0.29561692 0.003363239 -0.18812247
v -0.29788578 -0.0051042764 -0.18812247
v -0.29663676 0.0043830667 -0.18812247
v -0.29927891 -0.005477565 -0.18812247
v -0.29788578 0.0051042014 -0.18812247
v -0.30072117 -0.0054775607 -0.18812247
v -0.29927891 0.005477491 -0.18812247
v -0.30211428 -0.0051042805 -0.18812247
v -0.30072117 0.0054774857 -0.18812247
v -0.30336332 -0.0043831468 -0.18812247
v -0.30211428 0.005104204 -0.18812247
v -0.30438313 -0.003363313 -0.18812247
v -0.30336332 0.0043830704 -0.18812247
v -0.3051043 -0.002114282 -0.18812247
v -0.30438316 0.003363243 -0.18812247
v -0.30547756 -0.0007211663 -0.18812247
v -0.3051043 0.0021142093 -0.18812247
v -0.30547756 0.0007210934 -0.18812247
v -0.30319604 0.004165066 -0.19049984
v -0.3020091 0.004850331 -0.19049984
v -0.30416515 0.003195961 -0.19049984
v -0.3048504 0.0020090523 -0.19049984
v -0.3006853 0.0052050455 -0.19049984
v -0.30520514 0.0006852264 -0.19049984
v -0.3052051 -0.00068529975 -0.19049984
v -0.29931477 0.005205051 -0.19049984
v -0.3048504 -0.0020091247 -0.19049984
v -0.29799095 0.004850328 -0.19049984
v -0.3041651 -0.0031960332 -0.19049984
v -0.29680404 0.0041650617 -0.19049984
v -0.30319604 -0.004165143 -0.19049984
v -0.29583493 0.0031959587 -0.19049984
v -0.30200914 -0.004850409 -0.19049984
v -0.29514965 0.0020090514 -0.19049984
v -0.3006853 -0.0052051223 -0.19049984
v -0.29479495 0.00068522757 -0.19049984
v -0.29931477 -0.0052051274 -0.19049984
v -0.29479495 -0.0006852968 -0.19049984
v -0.29799095 -0.0048504053 -0.19049984
v -0.29514968 -0.0020091245 -0.19049984
v -0.29680404 -0.0041651404 -0.19049984
v -0.29583493 -0.0031960343 -0.19049984
v -0.28856698 -0.0047357474 -0.17
v -0.28773084 -0.0016152991 -0.17
v -0.28264976 -0.002284239 -0.16999984
v -0.28383216 -0.006696996 -0.16999984
v -0.28264976 0.002284179 -0.16999984
v -0.29018223 -0.0075334636 -0.17
v -0.28773087 0.0016152213 -0.17
v -0.28611633 -0.010653361 -0.16999984
v -0.28383213 0.006696923 -0.16999984
v -0.29246655 -0.009817781 -0.17
v -0.28856698 0.004735661 -0.17
v -0.28934672 -0.013883708 -0.16999984
v -0.28611636 0.0106532825 -0.16999984
v -0.29526427 -0.011433052 -0.17
v -0.29018223 0.0075333808 -0.17
v -0.29330307 -0.016167926 -0.16999984
v -0.28934672 0.013883629 -0.16999984
v -0.29838473 -0.012269179 -0.17
v -0.29246655 0.009817695 -0.17
v -0.2977158 -0.01735033 -0.16999984
v -0.29330307 0.016167847 -0.16999984
v -0.30161524 -0.01226917 -0.17
v -0.29526427 0.011432964 -0.17
v -0.30228424 -0.017350318 -0.16999984
v -0.2977158 0.01735026 -0.16999984
v -0.3047357 -0.011433058 -0.17
v -0.29838473 0.012269097 -0.17
v -0.30669698 -0.016167937 -0.16999984
v -0.30228424 0.017350242 -0.16999984
v -0.3075334 -0.00981779 -0.17
v -0.30161524 0.012269085 -0.17
v -0.31065336 -0.0138837155 -0.16999984
v -0.30669698 0.016167862 -0.16999984
v -0.30981773 -0.007533457 -0.17
v -0.3047357 0.011432974 -0.17
v -0.31388372 -0.010653351 -0.16999984
v -0.31065336 0.013883639 -0.16999984
v -0.311433 -0.004735747 -0.17
v -0.3075334 0.009817705 -0.17
v -0.31616792 -0.0066969935 -0.16999984
v -0.31388372 0.010653291 -0.16999984
v -0.31226912 -0.0016153029 -0.17
v -0.30981773 0.007533378 -0.17
v -0.31735033 -0.0022842458 -0.16999984
v -0.31616792 0.006696929 -0.16999984
v -0.31226912 0.0016152195 -0.17
v -0.311433 0.0047356654 -0.17
v -0.31735033 0.0022841727 -0.16999984
v -0.31616792 0.006696928 0.17499985
v -0.31293434 0.0053575365 0.17499986
v -0.31388026 0.0018273313 0.17499986
v -0.31735033 0.0022841722 0.17499985
v -0.31388372 0.010653289 0.17499985
v -0.31388026 -0.0018274036 0.17499986
v -0.31110698 0.008522625 0.17499986
v -0.3173503 -0.0022842463 0.17499985
v -0.31065336 0.013883639 0.17499985
v -0.31293434 -0.0053576045 0.17499986
v -0.3085227 0.011106904 0.17499986
v -0.31616792 -0.006696994 0.17499985
v -0.30669698 0.01616786 0.17499985
v -0.31110698 -0.008522691 0.17499986
v -0.3053576 0.0129342815 0.17499986
v -0.31388372 -0.010653351 0.17499985
v -0.30228424 0.017350242 0.17499985
v -0.3085227 -0.011106982 0.17499986
v -0.30182737 0.013880187 0.17499986
v -0.31065336 -0.0138837155 0.17499985
v -0.2977158 0.01735026 0.17499985
v -0.3053576 -0.012934359 0.17499986
v -0.29817265 0.013880203 0.17499986
v -0.30669698 -0.016167937 0.17499985
v -0.29330307 0.016167847 0.17499985
v -0.30182737 -0.013880258 0.17499986
v -0.29464248 0.012934273 0.17499986
v -0.30228424 -0.017350318 0.17499985
v -0.2893467 0.013883627 0.17499985
v -0.29817265 -0.013880274 0.17499986
v -0.29147738 0.011106897 0.17499986
v -0.2977158 -0.01735033 0.17499985
v -0.28611636 0.0106532825 0.17499985
v -0.29464245 -0.01293435 0.17499986
v -0.2888931 0.008522618 0.17499986
v -0.29330307 -0.016167926 0.17499985
v -0.28383213 0.006696923 0.17499985
v -0.29147738 -0.011106977 0.17499986
v -0.2870657 0.0053575314 0.17499986
v -0.2893467 -0.013883708 0.17499985
v -0.28264976 0.0022841783 0.17499985
v -0.28889307 -0.008522698 0.17499986
v -0.28611982 0.0018273368 0.17499986
v -0.28611633 -0.010653361 0.17499985
v -0.28264973 -0.0022842395 0.17499985
v -0.2870657 -0.0053576035 0.17499986
v -0.2861198 -0.0018273982 0.17499986
v -0.28383213 -0.006696996 0.17499985
v -0.29147738 -0.011106977 0.17999986
v -0.29056007 -0.007243567 0.18116184
v -0.28889307 -0.008522698 0.17999986
v -0.2927565 -0.009439982 0.18116184
v -0.29464245 -0.01293435 0.17999986
v -0.28900698 -0.004553508 0.18116184
v -0.2870657 -0.0053576035 0.17999986
v -0.29544654 -0.010993093 0.18116184
v -0.29817265 -0.013880274 0.17999986
v -0.28820303 -0.0015531365 0.18116184
v -0.2861198 -0.0018273982 0.17999986
v -0.29844692 -0.011797047 0.18116184
v -0.30182737 -0.013880258 0.17999986
v -0.28820303 0.0015530741 0.18116184
v -0.28611982 0.0018273368 0.17999986
v -0.30155313 -0.011797034 0.18116184
v -0.3053576 -0.012934359 0.17999986
v -0.28900698 0.0045534372 0.18116184
v -0.2870657 0.0053575314 0.17999986
v -0.3045535 -0.010993102 0.18116184
v -0.3085227 -0.011106982 0.17999986
v -0.2905601 0.007243487 0.18116184
v -0.2888931 0.008522618 0.17999986
v -0.30724356 -0.009439988 0.18116184
v -0.31110698 -0.008522691 0.17999986
v -0.2927565 0.009439903 0.18116184
v -0.29147738 0.011106897 0.17999986
v -0.30944 -0.007243564 0.18116184
v -0.31293434 -0.0053576045 0.17999986
v -0.29544654 0.010993017 0.18116184
v -0.29464248 0.012934273 0.17999986
v -0.3109931 -0.004553509 0.18116182
v -0.31388026 -0.0018274037 0.17999986
v -0.29844692 0.011796977 0.18116184
v -0.29817265 0.013880203 0.17999986
v -0.31179702 -0.0015531413 0.18116184
v -0.31388026 0.0018273313 0.17999986
v -0.30155313 0.011796962 0.18116184
v -0.30182737 0.013880187 0.17999986
v -0.31179705 0.0015530692 0.18116184
v -0.31293434 0.0053575365 0.17999986
v -0.3045535 0.0109930225 0.18116182
v -0.3053576 0.0129342815 0.17999986
v -0.31099308 0.004553438 0.18116184
v -0.31110698 0.008522625 0.17999986
v -0.30724356 0.009439912 0.18116184
v -0.3085227 0.011106904 0.17999986
v -0.30944 0.007243494 0.18116184
v -0.30129313 0.009822039 0.18250509
v -0.3037912 0.009152686 0.18250509
v -0.30603093 0.007859577 0.18250509
v -0.30785963 0.006030862 0.18250509
v -0.30915275 0.0037911453 0.18250509
v -0.3098221 0.0012930649 0.18250507
v -0.29870692 0.00982205 0.18250509
v -0.3098221 -0.0012931379 0.18250509
v -0.29620886 0.009152681 0.18250509
v -0.30915275 -0.0037912172 0.18250509
v -0.2939691 0.007859571 0.18250509
v -0.30785963 -0.0060309307 0.18250509
v -0.29214042 0.0060308552 0.18250509
v -0.30603093 -0.007859654 0.18250509
v -0.2908473 0.0037911434 0.18250509
v -0.30379122 -0.009152763 0.18250509
v -0.29017797 0.0012930677 0.18250509
v -0.30129313 -0.009822111 0.18250509
v -0.29017794 -0.0012931341 0.18250509
v -0.29870692 -0.009822121 0.18250509
v -0.29084733 -0.0037912154 0.18250509
v -0.29620886 -0.009152755 0.18250509
v -0.29214042 -0.006030933 0.18250509
v -0.2939691 -0.00785965 0.18250509
v -0.29194507 0.0010604227 0.18411238
v -0.29194504 -0.0010604906 0.18411238
v -0.292494 -0.0031091394 0.18411238
v -0.29355446 -0.004945907 0.18411238
v -0.29505417 -0.0064456165 0.18411238
v -0.2968909 -0.0075060776 0.18411238
v -0.292494 0.0031090672 0.18411238
v -0.29893956 -0.008055018 0.18411237
v -0.29355446 0.0049458286 0.18411238
v -0.3010605 -0.008055008 0.18411238
v -0.29505417 0.0064455364 0.18411238
v -0.3031091 -0.007506085 0.18411237
v -0.2968909 0.0075060027 0.18411238
v -0.3049459 -0.006445621 0.18411237
v -0.29893956 0.008054947 0.18411238
v -0.3064456 -0.004945905 0.18411238
v -0.3010605 0.008054935 0.18411238
v -0.30750608 -0.0031091413 0.18411237
v -0.3031091 0.0075060073 0.18411237
v -0.308055 -0.0010604947 0.18411238
v -0.3049459 0.006445543 0.18411238
v -0.308055 0.0010604212 0.18411237
v -0.30644563 0.0049458356 0.18411237
v -0.30750602 0.0031090686 0.18411238
v -0.30252624 0.006098782 0.18597598
v -0.30401865 0.0052371323 0.18597598
v -0.3052372 0.0040185885 0.18597598
v -0.30609885 0.0025261762 0.18597598
v -0.30654487 0.0008616075 0.18597598
v -0.30654487 -0.00086168083 0.18597598
v -0.30086166 0.0065447977 0.18597598
v -0.30609885 -0.0025262493 0.18597598
v -0.2991384 0.0065448056 0.18597598
v -0.3052372 -0.004018659 0.18597598
v -0.29747382 0.006098778 0.18597598
v -0.30401865 -0.005237209 0.18597598
v -0.2959814 0.0052371263 0.18597598
v -0.30252624 -0.006098859 0.18597598
v -0.29476282 0.0040185824 0.18597598
v -0.30086166 -0.006544871 0.18597598
v -0.2939012 0.0025261762 0.18597598
v -0.2991384 -0.0065448782 0.18597598
v -0.29345518 0.0008616084 0.18597598
v -0.29747382 -0.0060988525 0.18597598
v -0.29345518 -0.0008616778 0.18597598
v -0.2959814 -0.005237207 0.18597598
v -0.2939012 -0.0025262483 0.18597598
v -0.29476282 -0.004018661 0.18597598
v -0.2948958 0.0021142082 0.18812247
v -0.2945225 0.0007210939 0.18812247
v -0.2945225 -0.0007211644 0.18812247
v -0.2948958 -0.0021142815 0.18812247
v -0.29561692 -0.003363316 0.18812247
v -0.29663676 -0.0043831444 0.18812247
v -0.29561692 0.0033632384 0.18812247
v -0.29788578 -0.005104277 0.18812247
v -0.29663676 0.004383066 0.18812247
v -0.2992789 -0.0054775653 0.18812247
v -0.29788578 0.005104201 0.18812247
v -0.30072117 -0.0054775607 0.18812247
v -0.2992789 0.0054774904 0.18812247
v -0.30211428 -0.0051042805 0.18812247
v -0.30072117 0.005477485 0.18812247
v -0.30336326 -0.004383147 0.18812247
v -0.30211428 0.005104204 0.18812247
v -0.30438313 -0.0033633136 0.18812247
v -0.30336326 0.00438307 0.18812247
v -0.30510426 -0.0021142825 0.18812247
v -0.30438313 0.0033632426 0.18812247
v -0.30547756 -0.00072116684 0.18812247
v -0.30510426 0.0021142089 0.18812247
v -0.30547756 0.000721093 0.18812247
v -0.303196 0.0041650655 0.19049984
v -0.3020091 0.004850331 0.19049984
v -0.3041651 0.0031959608 0.19049984
v -0.3048504 0.0020090519 0.19049984
v -0.3006853 0.0052050445 0.19049984
v -0.3052051 0.00068522594 0.19049984
v -0.3052051 -0.0006853002 0.19049984
v -0.29931477 0.0052050506 0.19049984
v -0.3048504 -0.0020091252 0.19049984
v -0.29799095 0.004850327 0.19049984
v -0.3041651 -0.0031960334 0.19049984
v -0.29680404 0.0041650613 0.19049984
v -0.303196 -0.0041651432 0.19049984
v -0.29583493 0.003195958 0.19049984
v -0.3020091 -0.00485041 0.19049984
v -0.29514965 0.0020090507 0.19049984
v -0.3006853 -0.0052051228 0.19049984
v -0.29479495 0.00068522705 0.19049984
v -0.29931477 -0.0052051274 0.19049984
v -0.29479495 -0.00068529724 0.19049984
v -0.29799095 -0.0048504057 0.19049984
v -0.29514965 -0.002009125 0.19049984
v -0.29680404 -0.004165141 0.19049984
v -0.29583493 -0.003196035 0.19049984
v -0.29246655 0.009817694 0.17
v -0.2893467 0.013883627 0.16999984
v -0.29330307 0.016167847 0.16999984
v -0.29018223 0.0075333803 0.17
v -0.29526427 0.011432964 0.17
v -0.28611636 0.0106532825 0.16999984
v -0.2977158 0.01735026 0.16999984
v -0.28856698 0.0047356607 0.17
v -0.29838473 0.012269096 0.17
v -0.28383213 0.006696923 0.16999984
v -0.30228424 0.017350242 0.16999984
v -0.28773084 0.0016152209 0.17
v -0.30161524 0.012269084 0.17
v -0.28264976 0.0022841783 0.16999984
v -0.30669698 0.01616786 0.16999984
v -0.28773084 -0.0016152995 0.17
v -0.3047357 0.011432974 0.17
v -0.28264973 -0.0022842395 0.16999984
v -0.31065336 0.013883639 0.16999984
v -0.28856698 -0.0047357474 0.17
v -0.3075334 0.009817705 0.17
v -0.28383213 -0.006696996 0.16999984
v -0.31388372 0.010653289 0.16999984
v -0.29018223 -0.0075334636 0.17
v -0.30981773 0.007533377 0.17
v -0.28611633 -0.010653361 0.16999984
v -0.31616792 0.006696928 0.16999984
v -0.29246655 -0.009817782 0.17
v -0.311433 0.0047356654 0.17
v -0.2893467 -0.013883708 0.16999984
v -0.31735033 0.0022841722 0.16999984
v -0.29526427 -0.011433053 0.17
v -0.31226912 0.001615219 0.17
v -0.29330307 -0.016167926 0.16999984
v -0.3173503 -0.0022842463 0.16999984
v -0.29838473 -0.012269181 0.17
v -0.3122691 -0.0016153032 0.17
v -0.2977158 -0.01735033 0.16999984
v -0.31616792 -0.006696994 0.16999984
v -0.30161524 -0.012269171 0.17
v -0.311433 -0.0047357474 0.17
v -0.30228424 -0.017350318 0.16999984
v -0.31388372 -0.010653351 0.16999984
v -0.3047357 -0.01143306 0.17
v -0.30981773 -0.007533457 0.17
v -0.30669698 -0.016167937 0.16999984
v -0.31065336 -0.0138837155 0.16999984
v -0.3075334 -0.00981779 0.17
vt 0.0026302338 0.41381836
vt 0.0015039444 0.41381836
vt 0.0026302338 0.41503906
vt 0.5654297 0.3959961
vt 0.56640625 0.3959961
vt 0.5654297 0.3947754
vt 0.0026302338 0.40722656
vt 0.0026302338 0.40600586
vt 0.0015039444 0.40722656
vt 0.38305664 0.40722656
vt 0.3840332 0.40722656
vt 0.38305664 0.40600586
vt 0.5078125 0.97509766
vt 0.52978516 0.99902344
vt 0.52978516 0.97509766
vt 0.5078125 0.99902344
vt 0.48583984 0.97509766
vt 0.48583984 0.99902344
vt 0.4638672 0.97509766
vt 0.4638672 0.99902344
vt 0.44189453 0.97509766
vt 0.44189453 0.99902344
vt 0.41967773 0.97509766
vt 0.41967773 0.99902344
vt 0.39770508 0.97509766
vt 0.39770508 0.99902344
vt 0.37573242 0.97509766
vt 0.37573242 0.99902344
vt 0.35375977 0.97509766
vt 0.35375977 0.99902344
vt 0.33154297 0.97509766
vt 0.33154297 0.99902344
vt 0.3095703 0.97509766
vt 0.3095703 0.99902344
vt 0.28759766 0.97509766
vt 0.28759766 0.99902344
vt 0.265625 0.97509766
vt 0.265625 0.99902344
vt 0.24353027 0.97509766
vt 0.24353027 0.99902344
vt 0.22143555 0.97509766
vt 0.22143555 0.99902344
vt 0.19946289 0.97509766
vt 0.19946289 0.99902344
vt 0.17736816 0.97509766
vt 0.17736816 0.99902344
vt 0.15539551 0.97509766
vt 0.15539551 0.99902344
vt 0.13330078 0.97509766
vt 0.13330078 0.99902344
vt 0.111328125 0.97509766
vt 0.111328125 0.99902344
vt 0.08929443 0.97509766
vt 0.08929443 0.99902344
vt 0.06726074 0.97509766
vt 0.06726074 0.99902344
vt 0.04522705 0.97509766
vt 0.04522705 0.99902344
vt 0.02319336 0.97509766
vt 0.02319336 0.99902344
vt 0.0011539459 0.97509766
vt 0.0011539459 0.99902344
vt 0.93603516 0.9506836
vt 0.9536133 0.9746094
vt 0.9536133 0.9506836
vt 0.93603516 0.9746094
vt 0.91845703 0.9506836
vt 0.91845703 0.9746094
vt 0.9008789 0.9506836
vt 0.9008789 0.9746094
vt 0.8833008 0.9506836
vt 0.8833008 0.9746094
vt 0.86572266 0.9506836
vt 0.86572266 0.9746094
vt 0.84814453 0.9506836
vt 0.84814453 0.9746094
vt 0.8300781 0.9506836
vt 0.8300781 0.9746094
vt 0.8125 0.9506836
vt 0.8125 0.9746094
vt 0.7949219 0.9506836
vt 0.7949219 0.9746094
vt 0.77734375 0.9506836
vt 0.77734375 0.9746094
vt 0.7597656 0.9506836
vt 0.7597656 0.9746094
vt 0.7421875 0.9506836
vt 0.7421875 0.9746094
vt 0.7246094 0.9506836
vt 0.7246094 0.9746094
vt 0.70703125 0.9506836
vt 0.70703125 0.9746094
vt 0.6894531 0.9506836
vt 0.6894531 0.9746094
vt 0.671875 0.9506836
vt 0.671875 0.9746094
vt 0.6538086 0.9506836
vt 0.6538086 0.9746094
vt 0.63623047 0.9506836
vt 0.63623047 0.9746094
vt 0.61865234 0.9506836
vt 0.61865234 0.9746094
vt 0.6010742 0.9506836
vt 0.6010742 0.9746094
vt 0.5834961 0.9506836
vt 0.5834961 0.9746094
vt 0.56591797 0.9506836
vt 0.56591797 0.9746094
vt 0.54833984 0.9506836
vt 0.54833984 0.9746094
vt 0.5307617 0.9506836
vt 0.5307617 0.9746094
vt 0.0038909912 0.5317383
vt 0.2841797 0.5317383
vt 0.28442383 0.52685547
vt 0.003929138 0.52685547
vt 0.28442383 0.52197266
vt 0.003967285 0.52197266
vt 0.28442383 0.51708984
vt 0.004009247 0.51708984
vt 0.28442383 0.51220703
vt 0.004047394 0.51220703
vt 0.28442383 0.5073242
vt 0.004085541 0.5073242
vt 0.28442383 0.5024414
vt 0.0041236877 0.5024414
vt 0.28442383 0.4975586
vt 0.0041618347 0.4975586
vt 0.28466797 0.49267578
vt 0.0042037964 0.49267578
vt 0.28466797 0.48754883
vt 0.0042419434 0.48754883
vt 0.28466797 0.48266602
vt 0.0042800903 0.48266602
vt 0.28466797 0.4777832
vt 0.0043182373 0.4777832
vt 0.28466797 0.4729004
vt 0.0043563843 0.4729004
vt 0.28466797 0.46801758
vt 0.004398346 0.46801758
vt 0.2849121 0.46313477
vt 0.004436493 0.46313477
vt 0.2849121 0.45825195
vt 0.00447464 0.45825195
vt 0.2849121 0.45336914
vt 0.004512787 0.45336914
vt 0.2849121 0.44848633
vt 0.004550934 0.44848633
vt 0.2849121 0.44360352
vt 0.0045928955 0.44360352
vt 0.2849121 0.4387207
vt 0.0046310425 0.4387207
vt 0.28515625 0.4338379
vt 0.0046691895 0.4338379
vt 0.28515625 0.42895508
vt 0.0047073364 0.42895508
vt 0.28515625 0.42407227
vt 0.0047454834 0.42407227
vt 0.28515625 0.41918945
vt 0.004787445 0.41918945
vt 0.02305603 0.9501953
vt 0.0010309219 0.9501953
vt 0.0010309219 0.9746094
vt 0.02305603 0.9746094
vt 0.04510498 0.9501953
vt 0.04510498 0.9746094
vt 0.06713867 0.9501953
vt 0.06713867 0.9746094
vt 0.08917236 0.9501953
vt 0.08917236 0.9746094
vt 0.111206055 0.9501953
vt 0.111206055 0.9746094
vt 0.13317871 0.9501953
vt 0.13317871 0.9746094
vt 0.15527344 0.9501953
vt 0.15527344 0.9746094
vt 0.1772461 0.9501953
vt 0.1772461 0.9746094
vt 0.19934082 0.9501953
vt 0.19934082 0.9746094
vt 0.22131348 0.9501953
vt 0.22131348 0.9746094
vt 0.2434082 0.9501953
vt 0.2434082 0.9746094
vt 0.26538086 0.9501953
vt 0.26538086 0.9746094
vt 0.28735352 0.9501953
vt 0.28735352 0.9746094
vt 0.3095703 0.9501953
vt 0.3095703 0.9746094
vt 0.33154297 0.9501953
vt 0.33154297 0.9746094
vt 0.35351562 0.9501953
vt 0.35351562 0.9746094
vt 0.37548828 0.9501953
vt 0.37548828 0.9746094
vt 0.39770508 0.9501953
vt 0.39770508 0.9746094
vt 0.41967773 0.9501953
vt 0.41967773 0.9746094
vt 0.4416504 0.9501953
vt 0.4416504 0.9746094
vt 0.46362305 0.9501953
vt 0.46362305 0.9746094
vt 0.48583984 0.9501953
vt 0.48583984 0.9746094
vt 0.5078125 0.9501953
vt 0.5078125 0.9746094
vt 0.52978516 0.9501953
vt 0.52978516 0.9746094
vt 0.93603516 0.99902344
vt 0.9536133 0.99902344
vt 0.9536133 0.97509766
vt 0.93603516 0.97509766
vt 0.91845703 0.99902344
vt 0.91845703 0.97509766
vt 0.9008789 0.99902344
vt 0.9008789 0.97509766
vt 0.8833008 0.99902344
vt 0.8833008 0.97509766
vt 0.86572266 0.99902344
vt 0.86572266 0.97509766
vt 0.84814453 0.99902344
vt 0.84814453 0.97509766
vt 0.8300781 0.99902344
vt 0.8300781 0.97509766
vt 0.8125 0.99902344
vt 0.8125 0.97509766
vt 0.7949219 0.99902344
vt 0.7949219 0.97509766
vt 0.77734375 0.99902344
vt 0.77734375 0.97509766
vt 0.7597656 0.99902344
vt 0.7597656 0.97509766
vt 0.7421875 0.99902344
vt 0.7421875 0.97509766
vt 0.7246094 0.99902344
vt 0.7246094 0.97509766
vt 0.70703125 0.99902344
vt 0.70703125 0.97509766
vt 0.6894531 0.99902344
vt 0.6894531 0.97509766
vt 0.671875 0.99902344
vt 0.671875 0.97509766
vt 0.6542969 0.99902344
vt 0.6542969 0.97509766
vt 0.63623047 0.99902344
vt 0.63623047 0.97509766
vt 0.61865234 0.99902344
vt 0.61865234 0.97509766
vt 0.6010742 0.99902344
vt 0.6010742 0.97509766
vt 0.5834961 0.99902344
vt 0.5834961 0.97509766
vt 0.56591797 0.99902344
vt 0.56591797 0.97509766
vt 0.54833984 0.99902344
vt 0.54833984 0.97509766
vt 0.5307617 0.99902344
vt 0.5307617 0.97509766
vt 0.0012960434 0.0013723373
vt 0.6191406 0.0013723373
vt 0.6191406 0.38183594
vt 0.0012960434 0.38183594
vt 0.0011701584 0.4033203
vt 0.5654297 0.4033203
vt 0.5654297 0.3959961
vt 0.0011911392 0.3959961
vt 0.5654297 0.38549805
vt 0.0011911392 0.38549805
vt 0.0011701584 0.3930664
vt 0.5654297 0.3930664
vt 0.38305664 0.40722656
vt 0.0026302338 0.40722656
vt 0.0026302338 0.41381836
vt 0.38305664 0.41381836
vt 0.51660156 0.6816406
vt 0.4909668 0.6928711
vt 0.5131836 0.6953125
vt 0.49169922 0.6796875
vt 0.46875 0.6928711
vt 0.4921875 0.66503906
vt 0.5180664 0.66503906
vt 0.46875 0.6791992
vt 0.4465332 0.69189453
vt 0.46875 0.66503906
vt 0.49145508 0.6503906
vt 0.5161133 0.6484375
vt 0.5126953 0.63427734
vt 0.49047852 0.63720703
vt 0.46875 0.6513672
vt 0.46826172 0.6376953
vt 0.44628906 0.6513672
vt 0.44604492 0.6386719
vt 0.4465332 0.6791992
vt 0.42456055 0.6923828
vt 0.4465332 0.66552734
vt 0.42407227 0.6513672
vt 0.42407227 0.6381836
vt 0.4243164 0.6791992
vt 0.40185547 0.6933594
vt 0.4243164 0.66552734
vt 0.40161133 0.6513672
vt 0.40161133 0.6376953
vt 0.40185547 0.6791992
vt 0.3791504 0.6923828
vt 0.40161133 0.66503906
vt 0.3791504 0.65185547
vt 0.3791504 0.6386719
vt 0.3791504 0.6791992
vt 0.35668945 0.6928711
vt 0.3791504 0.66552734
vt 0.35668945 0.65185547
vt 0.35668945 0.6381836
vt 0.35668945 0.6791992
vt 0.33422852 0.6923828
vt 0.35668945 0.66552734
vt 0.33447266 0.65185547
vt 0.33422852 0.63916016
vt 0.33447266 0.6791992
vt 0.31274414 0.69140625
vt 0.3347168 0.66552734
vt 0.31274414 0.65234375
vt 0.31274414 0.63964844
vt 0.31274414 0.67871094
vt 0.29125977 0.69189453
vt 0.31298828 0.66552734
vt 0.29125977 0.65234375
vt 0.29125977 0.63916016
vt 0.29125977 0.67871094
vt 0.2697754 0.69140625
vt 0.29125977 0.66552734
vt 0.2697754 0.65234375
vt 0.2697754 0.6401367
vt 0.2697754 0.67871094
vt 0.24841309 0.6923828
vt 0.2697754 0.66552734
vt 0.24829102 0.65234375
vt 0.24829102 0.63916016
vt 0.24841309 0.6791992
vt 0.22692871 0.69140625
vt 0.24841309 0.66552734
vt 0.22680664 0.65234375
vt 0.22680664 0.6401367
vt 0.22692871 0.6791992
vt 0.20544434 0.6923828
vt 0.22692871 0.66552734
vt 0.20532227 0.65234375
vt 0.20532227 0.63916016
vt 0.20544434 0.6791992
vt 0.18395996 0.69140625
vt 0.20544434 0.6660156
vt 0.18383789 0.65283203
vt 0.18383789 0.6401367
vt 0.18395996 0.6791992
vt 0.16247559 0.6923828
vt 0.18395996 0.6660156
vt 0.16235352 0.65234375
vt 0.16235352 0.63916016
vt 0.16247559 0.6791992
vt 0.14086914 0.69189453
vt 0.16223145 0.6660156
vt 0.140625 0.65234375
vt 0.140625 0.63964844
vt 0.14074707 0.6791992
vt 0.11895752 0.6928711
vt 0.140625 0.66552734
vt 0.118896484 0.65234375
vt 0.118896484 0.63916016
vt 0.11895752 0.6791992
vt 0.09698486 0.69189453
vt 0.11895752 0.6660156
vt 0.09716797 0.65234375
vt 0.09716797 0.6401367
vt 0.09710693 0.6791992
vt 0.075683594 0.69189453
vt 0.097229004 0.6660156
vt 0.07562256 0.65234375
vt 0.0758667 0.63916016
vt 0.07550049 0.6791992
vt 0.054016113 0.6928711
vt 0.07537842 0.66552734
vt 0.053466797 0.65185547
vt 0.053955078 0.6381836
vt 0.053497314 0.6796875
vt 0.031280518 0.69433594
vt 0.053100586 0.66552734
vt 0.03012085 0.6508789
vt 0.031173706 0.63671875
vt 0.030166626 0.6801758
vt 0.008430481 0.6972656
vt 0.004886627 0.6826172
vt 0.002691269 0.66552734
vt 0.029754639 0.66552734
vt 0.004802704 0.6484375
vt 0.008270264 0.63427734
vt 0.01914978 0.89941406
vt -0.00033164024 0.89941406
vt -0.00033164024 0.9243164
vt 0.01914978 0.9243164
vt 0.038635254 0.89941406
vt 0.038635254 0.9243164
vt 0.05810547 0.89941406
vt 0.05810547 0.9243164
vt 0.07757568 0.89941406
vt 0.07757568 0.9243164
vt 0.0970459 0.89941406
vt 0.0970459 0.9243164
vt 0.11651611 0.89941406
vt 0.11651611 0.9243164
vt 0.13598633 0.89941406
vt 0.13598633 0.9243164
vt 0.15551758 0.89941406
vt 0.15551758 0.9243164
vt 0.17492676 0.89941406
vt 0.17492676 0.9243164
vt 0.19445801 0.89941406
vt 0.19445801 0.9243164
vt 0.21398926 0.89941406
vt 0.21398926 0.9243164
vt 0.23339844 0.89941406
vt 0.23339844 0.9243164
vt 0.2529297 0.89941406
vt 0.2529297 0.9243164
vt 0.27246094 0.89941406
vt 0.27246094 0.9243164
vt 0.29174805 0.89941406
vt 0.29174805 0.9243164
vt 0.3112793 0.89941406
vt 0.3112793 0.9243164
vt 0.33081055 0.89941406
vt 0.33081055 0.9243164
vt 0.3503418 0.89941406
vt 0.3503418 0.9243164
vt 0.36987305 0.89941406
vt 0.36987305 0.9243164
vt 0.38916016 0.89941406
vt 0.38916016 0.9243164
vt 0.4086914 0.89941406
vt 0.4086914 0.9243164
vt 0.42822266 0.89941406
vt 0.42822266 0.9243164
vt 0.4477539 0.89941406
vt 0.4477539 0.9243164
vt 0.5161133 0.81152344
vt 0.49121094 0.8227539
vt 0.5131836 0.8251953
vt 0.49194336 0.8095703
vt 0.46948242 0.8227539
vt 0.49243164 0.79541016
vt 0.5175781 0.79541016
vt 0.46972656 0.80908203
vt 0.4477539 0.82177734
vt 0.46972656 0.79541016
vt 0.49194336 0.78125
vt 0.5161133 0.7792969
vt 0.5126953 0.765625
vt 0.4909668 0.7680664
vt 0.46948242 0.7817383
vt 0.46923828 0.7685547
vt 0.44750977 0.78222656
vt 0.44750977 0.76953125
vt 0.4477539 0.80908203
vt 0.42626953 0.8222656
vt 0.4477539 0.79589844
vt 0.42578125 0.78222656
vt 0.4260254 0.76904297
vt 0.4260254 0.80908203
vt 0.4038086 0.8232422
vt 0.42578125 0.79541016
vt 0.40356445 0.78222656
vt 0.40356445 0.7680664
vt 0.4038086 0.8095703
vt 0.38134766 0.8227539
vt 0.40356445 0.79589844
vt 0.38134766 0.78222656
vt 0.38110352 0.76904297
vt 0.38134766 0.8095703
vt 0.35913086 0.8232422
vt 0.38134766 0.79589844
vt 0.35888672 0.78222656
vt 0.35888672 0.7685547
vt 0.35913086 0.8095703
vt 0.33666992 0.8227539
vt 0.35913086 0.79589844
vt 0.33666992 0.78271484
vt 0.33642578 0.76953125
vt 0.33691406 0.8095703
vt 0.3154297 0.82177734
vt 0.3371582 0.79589844
vt 0.31518555 0.78271484
vt 0.31518555 0.7705078
vt 0.3154297 0.8095703
vt 0.2939453 0.8222656
vt 0.3154297 0.79589844
vt 0.2939453 0.78271484
vt 0.29370117 0.77001953
vt 0.2939453 0.8095703
vt 0.27270508 0.82177734
vt 0.2939453 0.7963867
vt 0.27246094 0.7832031
vt 0.27246094 0.7705078
vt 0.27246094 0.8095703
vt 0.2512207 0.8227539
vt 0.27246094 0.7963867
vt 0.25097656 0.7832031
vt 0.25097656 0.77001953
vt 0.2512207 0.8095703
vt 0.22973633 0.8222656
vt 0.25097656 0.7963867
vt 0.22937012 0.7832031
vt 0.22937012 0.7705078
vt 0.22961426 0.8095703
vt 0.20800781 0.8232422
vt 0.22937012 0.7963867
vt 0.2076416 0.7832031
vt 0.2076416 0.77001953
vt 0.20788574 0.8100586
vt 0.1862793 0.8227539
vt 0.20776367 0.7963867
vt 0.18591309 0.7832031
vt 0.18591309 0.7705078
vt 0.18615723 0.8100586
vt 0.16442871 0.82373047
vt 0.18603516 0.796875
vt 0.1640625 0.7832031
vt 0.1640625 0.77001953
vt 0.16430664 0.8100586
vt 0.14257812 0.8232422
vt 0.1640625 0.796875
vt 0.14208984 0.7832031
vt 0.14208984 0.7705078
vt 0.14233398 0.8105469
vt 0.12036133 0.82421875
vt 0.14221191 0.796875
vt 0.12011719 0.7832031
vt 0.12005615 0.77001953
vt 0.12030029 0.8105469
vt 0.098083496 0.82373047
vt 0.12017822 0.796875
vt 0.098083496 0.7836914
vt 0.098083496 0.7709961
vt 0.09814453 0.8105469
vt 0.076538086 0.8232422
vt 0.09820557 0.7973633
vt 0.076293945 0.7832031
vt 0.07647705 0.77001953
vt 0.076293945 0.8105469
vt 0.054534912 0.82470703
vt 0.07611084 0.796875
vt 0.053833008 0.78271484
vt 0.05429077 0.76904297
vt 0.053955078 0.81103516
vt 0.03152466 0.8261719
vt 0.053527832 0.796875
vt 0.030181885 0.78222656
vt 0.031188965 0.7675781
vt 0.030349731 0.8120117
vt 0.008392334 0.82910156
vt 0.004753113 0.8144531
vt 0.0024585724 0.7973633
vt 0.029876709 0.796875
vt 0.0045280457 0.77978516
vt 0.007987976 0.765625
vt 0.42895508 0.94970703
vt 0.44848633 0.94970703
vt 0.44848633 0.9248047
vt 0.42895508 0.9248047
vt 0.40942383 0.94970703
vt 0.40942383 0.9248047
vt 0.38989258 0.94970703
vt 0.38989258 0.9248047
vt 0.37036133 0.94970703
vt 0.37036133 0.9248047
vt 0.35107422 0.94970703
vt 0.35107422 0.9248047
vt 0.33154297 0.94970703
vt 0.33154297 0.9248047
vt 0.31201172 0.94970703
vt 0.31201172 0.9248047
vt 0.29248047 0.94970703
vt 0.29248047 0.9248047
vt 0.27294922 0.94970703
vt 0.27294922 0.9248047
vt 0.2536621 0.94970703
vt 0.2536621 0.9248047
vt 0.23413086 0.94970703
vt 0.23413086 0.9248047
vt 0.21459961 0.94970703
vt 0.21459961 0.9248047
vt 0.19519043 0.94970703
vt 0.19519043 0.9248047
vt 0.17565918 0.94970703
vt 0.17565918 0.9248047
vt 0.15625 0.94970703
vt 0.15625 0.9248047
vt 0.13671875 0.94970703
vt 0.13671875 0.9248047
vt 0.117248535 0.94970703
vt 0.117248535 0.9248047
vt 0.09777832 0.94970703
vt 0.09777832 0.9248047
vt 0.078308105 0.94970703
vt 0.078308105 0.9248047
vt 0.058807373 0.94970703
vt 0.058807373 0.9248047
vt 0.03930664 0.94970703
vt 0.03930664 0.9248047
vt 0.019836426 0.94970703
vt 0.019836426 0.9248047
vt 0.0003604889 0.94970703
vt 0.0003604889 0.9248047
vt 0.0041503906 0.8461914
vt 0.029266357 0.8354492
vt 0.0075416565 0.83251953
vt 0.02835083 0.84814453
vt 0.050994873 0.8354492
vt 0.027832031 0.8623047
vt 0.0024585724 0.8623047
vt 0.050689697 0.8486328
vt 0.07269287 0.8364258
vt 0.050567627 0.8623047
vt 0.028274536 0.87646484
vt 0.004055023 0.87841797
vt 0.0073661804 0.89208984
vt 0.02911377 0.88964844
vt 0.050628662 0.87597656
vt 0.050872803 0.88964844
vt 0.0725708 0.87597656
vt 0.0725708 0.8886719
vt 0.0725708 0.8491211
vt 0.09423828 0.8359375
vt 0.07244873 0.8623047
vt 0.09429932 0.87597656
vt 0.094055176 0.88916016
vt 0.09429932 0.8491211
vt 0.11663818 0.8354492
vt 0.09442139 0.86279297
vt 0.11651611 0.87646484
vt 0.11645508 0.8901367
vt 0.11657715 0.8491211
vt 0.13891602 0.8359375
vt 0.11657715 0.86279297
vt 0.13879395 0.87646484
vt 0.13879395 0.88964844
vt 0.13891602 0.8491211
vt 0.16137695 0.8354492
vt 0.13891602 0.86279297
vt 0.16113281 0.87646484
vt 0.16113281 0.8901367
vt 0.16125488 0.8491211
vt 0.18371582 0.8364258
vt 0.16113281 0.86279297
vt 0.18334961 0.87646484
vt 0.18347168 0.88964844
vt 0.18347168 0.8496094
vt 0.20495605 0.83740234
vt 0.18310547 0.86279297
vt 0.20483398 0.87646484
vt 0.20483398 0.8886719
vt 0.20495605 0.85009766
vt 0.22631836 0.83691406
vt 0.20483398 0.86328125
vt 0.22619629 0.87646484
vt 0.22619629 0.88964844
vt 0.22631836 0.85009766
vt 0.24768066 0.83740234
vt 0.22631836 0.86328125
vt 0.24768066 0.87646484
vt 0.2475586 0.8886719
vt 0.24768066 0.85009766
vt 0.26904297 0.83691406
vt 0.24768066 0.86328125
vt 0.26904297 0.87646484
vt 0.26904297 0.88964844
vt 0.26904297 0.85009766
vt 0.29052734 0.83740234
vt 0.2692871 0.86328125
vt 0.29077148 0.8769531
vt 0.29052734 0.88916016
vt 0.29077148 0.85009766
vt 0.31225586 0.83691406
vt 0.29077148 0.86328125
vt 0.31225586 0.8769531
vt 0.31225586 0.8901367
vt 0.31225586 0.85009766
vt 0.33398438 0.83740234
vt 0.31225586 0.86328125
vt 0.33398438 0.8769531
vt 0.33398438 0.88964844
vt 0.33398438 0.85009766
vt 0.3557129 0.8364258
vt 0.33422852 0.86328125
vt 0.35595703 0.8769531
vt 0.35595703 0.8901367
vt 0.35595703 0.85009766
vt 0.37768555 0.83740234
vt 0.35595703 0.86328125
vt 0.3779297 0.8769531
vt 0.37768555 0.8901367
vt 0.3779297 0.85009766
vt 0.39990234 0.8364258
vt 0.3779297 0.86376953
vt 0.39990234 0.8774414
vt 0.39990234 0.890625
vt 0.39990234 0.85009766
vt 0.42211914 0.83691406
vt 0.39990234 0.86376953
vt 0.421875 0.8774414
vt 0.421875 0.8901367
vt 0.42211914 0.85009766
vt 0.44384766 0.83740234
vt 0.421875 0.86376953
vt 0.44360352 0.8774414
vt 0.44335938 0.890625
vt 0.44384766 0.85058594
vt 0.4658203 0.8364258
vt 0.4440918 0.8642578
vt 0.46606445 0.87841797
vt 0.46557617 0.89208984
vt 0.4663086 0.85009766
vt 0.48876953 0.83496094
vt 0.46655273 0.8642578
vt 0.4897461 0.87939453
vt 0.4885254 0.8935547
vt 0.4897461 0.8491211
vt 0.5126953 0.83251953
vt 0.5161133 0.84716797
vt 0.5175781 0.8647461
vt 0.49047852 0.8642578
vt 0.5151367 0.8823242
vt 0.51171875 0.8964844
vt 0.8774414 0.9243164
vt 0.8964844 0.9243164
vt 0.8964844 0.89941406
vt 0.8774414 0.89941406
vt 0.85791016 0.9243164
vt 0.85791016 0.89941406
vt 0.8383789 0.9243164
vt 0.8383789 0.89941406
vt 0.81884766 0.9243164
vt 0.81884766 0.89941406
vt 0.7993164 0.9243164
vt 0.7993164 0.89941406
vt 0.77978516 0.9243164
vt 0.77978516 0.89941406
vt 0.7602539 0.9243164
vt 0.7602539 0.89941406
vt 0.74072266 0.9243164
vt 0.74072266 0.89941406
vt 0.7211914 0.9243164
vt 0.7211914 0.89941406
vt 0.70214844 0.9243164
vt 0.70214844 0.89941406
vt 0.6826172 0.9243164
vt 0.6826172 0.89941406
vt 0.66308594 0.9243164
vt 0.66308594 0.89941406
vt 0.6435547 0.9243164
vt 0.6435547 0.89941406
vt 0.62402344 0.9243164
vt 0.62402344 0.89941406
vt 0.6044922 0.9243164
vt 0.6044922 0.89941406
vt 0.58496094 0.9243164
vt 0.58496094 0.89941406
vt 0.5654297 0.9243164
vt 0.5654297 0.89941406
vt 0.54589844 0.9243164
vt 0.54589844 0.89941406
vt 0.5263672 0.9243164
vt 0.5263672 0.89941406
vt 0.5073242 0.9243164
vt 0.5073242 0.89941406
vt 0.48754883 0.9243164
vt 0.48754883 0.89941406
vt 0.46826172 0.9243164
vt 0.46826172 0.89941406
vt 0.44873047 0.9243164
vt 0.44873047 0.89941406
vt 0.5161133 0.7446289
vt 0.49121094 0.7553711
vt 0.5131836 0.7583008
vt 0.49194336 0.7426758
vt 0.46948242 0.7553711
vt 0.49243164 0.7285156
vt 0.5175781 0.7285156
vt 0.46972656 0.7421875
vt 0.4477539 0.7548828
vt 0.46972656 0.7285156
vt 0.49194336 0.71435547
vt 0.5161133 0.71191406
vt 0.5126953 0.6982422
vt 0.4909668 0.7011719
vt 0.46948242 0.71484375
vt 0.46923828 0.70166016
vt 0.44750977 0.71533203
vt 0.44750977 0.7026367
vt 0.4477539 0.7421875
vt 0.42626953 0.7553711
vt 0.4477539 0.7285156
vt 0.42578125 0.71533203
vt 0.4260254 0.70214844
vt 0.4260254 0.7421875
vt 0.4038086 0.75634766
vt 0.42578125 0.7285156
vt 0.40356445 0.71484375
vt 0.40356445 0.7011719
vt 0.4038086 0.7426758
vt 0.38134766 0.7553711
vt 0.40356445 0.7285156
vt 0.38134766 0.71533203
vt 0.38110352 0.70214844
vt 0.38134766 0.7426758
vt 0.35913086 0.75634766
vt 0.38134766 0.7290039
vt 0.35888672 0.71533203
vt 0.35888672 0.70166016
vt 0.35913086 0.7426758
vt 0.33666992 0.7553711
vt 0.35913086 0.7290039
vt 0.33666992 0.71533203
vt 0.33642578 0.7026367
vt 0.33691406 0.7426758
vt 0.3154297 0.7548828
vt 0.3371582 0.7290039
vt 0.31518555 0.7158203
vt 0.31518555 0.7036133
vt 0.3154297 0.7421875
vt 0.2939453 0.7553711
vt 0.3154297 0.7290039
vt 0.2939453 0.7158203
vt 0.29370117 0.7026367
vt 0.2939453 0.7421875
vt 0.27270508 0.7548828
vt 0.2939453 0.7290039
vt 0.27246094 0.7163086
vt 0.27246094 0.7036133
vt 0.27246094 0.7426758
vt 0.2512207 0.7558594
vt 0.27246094 0.7294922
vt 0.25097656 0.7163086
vt 0.25097656 0.703125
vt 0.2512207 0.7426758
vt 0.22973633 0.7553711
vt 0.25097656 0.7294922
vt 0.22937012 0.7158203
vt 0.22937012 0.7036133
vt 0.22961426 0.7426758
vt 0.20800781 0.75634766
vt 0.22937012 0.7294922
vt 0.2076416 0.7163086
vt 0.2076416 0.7026367
vt 0.20788574 0.74316406
vt 0.1862793 0.7558594
vt 0.20776367 0.7294922
vt 0.18591309 0.7163086
vt 0.18591309 0.7036133
vt 0.18615723 0.74316406
vt 0.16442871 0.75683594
vt 0.18603516 0.7294922
vt 0.1640625 0.7163086
vt 0.1640625 0.703125
vt 0.16430664 0.74316406
vt 0.14257812 0.75634766
vt 0.1640625 0.72998047
vt 0.14208984 0.7163086
vt 0.14208984 0.7036133
vt 0.14233398 0.74365234
vt 0.12036133 0.7573242
vt 0.14221191 0.72998047
vt 0.12011719 0.7163086
vt 0.12005615 0.703125
vt 0.12030029 0.74365234
vt 0.098083496 0.75683594
vt 0.12017822 0.72998047
vt 0.098083496 0.7163086
vt 0.098083496 0.7036133
vt 0.09814453 0.74365234
vt 0.076538086 0.75634766
vt 0.09820557 0.72998047
vt 0.076293945 0.7163086
vt 0.07647705 0.703125
vt 0.076293945 0.74365234
vt 0.054534912 0.7573242
vt 0.07611084 0.72998047
vt 0.053833008 0.7158203
vt 0.05429077 0.70214844
vt 0.053955078 0.7441406
vt 0.03152466 0.75927734
vt 0.053527832 0.72998047
vt 0.030181885 0.71484375
vt 0.031188965 0.7006836
vt 0.030349731 0.7451172
vt 0.008392334 0.76220703
vt 0.004753113 0.7475586
vt 0.0024585724 0.73046875
vt 0.029876709 0.72998047
vt 0.0045280457 0.7128906
vt 0.007987976 0.6982422
vt 0.8774414 0.9501953
vt 0.89697266 0.9501953
vt 0.89697266 0.92529297
vt 0.8774414 0.92529297
vt 0.85791016 0.9501953
vt 0.85791016 0.92529297
vt 0.8383789 0.9501953
vt 0.8383789 0.92529297
vt 0.81884766 0.9501953
vt 0.81884766 0.92529297
vt 0.7993164 0.9501953
vt 0.7993164 0.92529297
vt 0.78027344 0.9501953
vt 0.78027344 0.92529297
vt 0.7607422 0.9501953
vt 0.7607422 0.92529297
vt 0.74121094 0.9501953
vt 0.74121094 0.92529297
vt 0.7216797 0.9501953
vt 0.7216797 0.92529297
vt 0.70214844 0.9501953
vt 0.70214844 0.92529297
vt 0.6826172 0.9501953
vt 0.6826172 0.92529297
vt 0.66308594 0.9501953
vt 0.66308594 0.92529297
vt 0.6435547 0.9501953
vt 0.6435547 0.92529297
vt 0.62402344 0.9501953
vt 0.62402344 0.92529297
vt 0.60498047 0.9501953
vt 0.60498047 0.92529297
vt 0.5854492 0.9501953
vt 0.5854492 0.92529297
vt 0.56591797 0.9501953
vt 0.56591797 0.92529297
vt 0.5463867 0.9501953
vt 0.5463867 0.92529297
vt 0.52685547 0.9501953
vt 0.52685547 0.92529297
vt 0.5073242 0.9501953
vt 0.5073242 0.92529297
vt 0.48779297 0.9501953
vt 0.48779297 0.92529297
vt 0.46850586 0.9501953
vt 0.46850586 0.92529297
vt 0.4489746 0.9501953
vt 0.4489746 0.92529297
vt 0.6196289 0.5917969
vt 0.9790039 0.5917969
vt 0.9790039 0.00024724007
vt 0.6196289 0.00024724007
vt 0.0011949539 0.3947754
vt 0.0011911392 0.3959961
vt 0.5654297 0.3959961
vt 0.5654297 0.3947754
vt 0.38305664 0.41503906
vt 0.38305664 0.41381836
vt 0.0026302338 0.41381836
vt 0.0026302338 0.41503906
vt 0.5654297 0.3942871
vt 0.5654297 0.3930664
vt 0.0011701584 0.3930664
vt 0.0011663437 0.3942871
vt 0.38305664 0.40722656
vt 0.38305664 0.40600586
vt 0.0026302338 0.40600586
vt 0.0026302338 0.40722656
vt 0.5654297 0.38549805
vt 0.5654297 0.38427734
vt 0.0011949539 0.38427734
vt 0.0011911392 0.38549805
vt 0.5654297 0.40454102
vt 0.5654297 0.4033203
vt 0.0011701584 0.4033203
vt 0.0011663437 0.40454102
vt 0.56640625 0.3959961
vt 0.5654297 0.3959961
vt 0.5654297 0.4033203
vt 0.56640625 0.4033203
vt 0.0015039444 0.41381836
vt 0.0026302338 0.41381836
vt 0.0026302338 0.40722656
vt 0.0015039444 0.40722656
vt 0.0012960434 0.0013723373
vt 0.0012960434 0.38183594
vt 0.6191406 0.38183594
vt 0.6191406 0.0013723373
vt 0.6933594 0.66308594
vt 0.69677734 0.6689453
vt 0.7167969 0.6533203
vt 0.69189453 0.6567383
vt 0.70166016 0.6738281
vt 0.69189453 0.6503906
vt 0.70703125 0.6767578
vt 0.6933594 0.6435547
vt 0.7138672 0.67871094
vt 0.69677734 0.6381836
vt 0.72021484 0.67871094
vt 0.70166016 0.6333008
vt 0.7265625 0.6767578
vt 0.70703125 0.6298828
vt 0.7324219 0.6738281
vt 0.7138672 0.62841797
vt 0.7373047 0.6689453
vt 0.72021484 0.62841797
vt 0.7402344 0.66308594
vt 0.7265625 0.6298828
vt 0.7421875 0.6567383
vt 0.7324219 0.6333008
vt 0.7421875 0.6503906
vt 0.7373047 0.6381836
vt 0.7402344 0.6435547
vt 0.72021484 0.72509766
vt 0.7001953 0.70996094
vt 0.71533203 0.72998047
vt 0.7236328 0.71972656
vt 0.70996094 0.73339844
vt 0.72509766 0.7128906
vt 0.703125 0.7348633
vt 0.72509766 0.70654297
vt 0.69677734 0.7348633
vt 0.7236328 0.7001953
vt 0.6904297 0.73339844
vt 0.72021484 0.69433594
vt 0.6845703 0.72998047
vt 0.71533203 0.6894531
vt 0.6796875 0.72509766
vt 0.70996094 0.68652344
vt 0.6767578 0.71972656
vt 0.703125 0.6845703
vt 0.6748047 0.7128906
vt 0.69677734 0.6845703
vt 0.6748047 0.70654297
vt 0.6904297 0.68652344
vt 0.6767578 0.7001953
vt 0.6845703 0.6894531
vt 0.6796875 0.69433594
vt 0.76708984 0.7441406
vt 0.7651367 0.77001953
vt 0.77734375 0.7573242
vt 0.75146484 0.7597656
vt 0.7861328 0.73291016
vt 0.75634766 0.78515625
vt 0.79296875 0.74853516
vt 0.74072266 0.7788086
vt 0.8076172 0.7270508
vt 0.75146484 0.8022461
vt 0.8100586 0.7441406
vt 0.7348633 0.7998047
vt 0.82958984 0.7270508
vt 0.75146484 0.8198242
vt 0.8276367 0.7441406
vt 0.7348633 0.82177734
vt 0.8510742 0.73291016
vt 0.75634766 0.83691406
vt 0.8442383 0.74853516
vt 0.74072266 0.8432617
vt 0.8701172 0.7441406
vt 0.7651367 0.8520508
vt 0.8598633 0.7573242
vt 0.75146484 0.8623047
vt 0.8857422 0.7597656
vt 0.77734375 0.8647461
vt 0.8720703 0.77001953
vt 0.76708984 0.8779297
vt 0.8964844 0.7788086
vt 0.79296875 0.87353516
vt 0.8808594 0.78515625
vt 0.7861328 0.88916016
vt 0.90234375 0.7998047
vt 0.8100586 0.8779297
vt 0.8857422 0.8022461
vt 0.8076172 0.89453125
vt 0.90234375 0.82177734
vt 0.8276367 0.8779297
vt 0.8857422 0.8198242
vt 0.82958984 0.89453125
vt 0.8964844 0.8432617
vt 0.8442383 0.87353516
vt 0.8808594 0.83691406
vt 0.8510742 0.88916016
vt 0.8857422 0.8623047
vt 0.8598633 0.8647461
vt 0.8720703 0.8520508
vt 0.8701172 0.8779297
vt 0.85498047 0.7236328
vt 0.8696289 0.73876953
vt 0.8779297 0.72802734
vt 0.86572266 0.71533203
vt 0.84472656 0.7055664
vt 0.8930664 0.7363281
vt 0.8881836 0.74902344
vt 0.8569336 0.7001953
vt 0.83935547 0.6850586
vt 0.91015625 0.74121094
vt 0.9082031 0.75439453
vt 0.85253906 0.68359375
vt 0.83935547 0.6645508
vt 0.9277344 0.74121094
vt 0.9291992 0.75439453
vt 0.85253906 0.6660156
vt 0.84472656 0.64404297
vt 0.94433594 0.7363281
vt 0.94970703 0.74902344
vt 0.8574219 0.64941406
vt 0.85498047 0.62646484
vt 0.95947266 0.72753906
vt 0.96777344 0.73876953
vt 0.86572266 0.63427734
vt 0.8696289 0.6113281
vt 0.9716797 0.71533203
vt 0.98291016 0.7236328
vt 0.8779297 0.6220703
vt 0.8881836 0.6010742
vt 0.98046875 0.7001953
vt 0.99316406 0.7050781
vt 0.8930664 0.61328125
vt 0.9082031 0.5957031
vt 0.9848633 0.68310547
vt 0.99853516 0.6850586
vt 0.90966797 0.6088867
vt 0.92871094 0.59521484
vt 0.9848633 0.6660156
vt 0.9980469 0.6640625
vt 0.9272461 0.6088867
vt 0.94921875 0.60058594
vt 0.97998047 0.6489258
vt 0.9926758 0.64404297
vt 0.94384766 0.61328125
vt 0.96728516 0.6113281
vt 0.9711914 0.63427734
vt 0.9819336 0.62597656
vt 0.9589844 0.6220703
vt 0.9716797 0.66748047
vt 0.96777344 0.6542969
vt 0.9609375 0.64208984
vt 0.9511719 0.6323242
vt 0.93896484 0.6254883
vt 0.92578125 0.6220703
vt 0.9716797 0.6816406
vt 0.9116211 0.6220703
vt 0.9682617 0.6953125
vt 0.8984375 0.6254883
vt 0.9614258 0.70751953
vt 0.88623047 0.6328125
vt 0.9511719 0.71728516
vt 0.87646484 0.6425781
vt 0.9394531 0.7241211
vt 0.8696289 0.6542969
vt 0.92578125 0.72802734
vt 0.86572266 0.66796875
vt 0.9116211 0.72802734
vt 0.86572266 0.6816406
vt 0.8984375 0.7241211
vt 0.8691406 0.6953125
vt 0.88623047 0.71728516
vt 0.87646484 0.70751953
vt 0.9243164 0.71533203
vt 0.9135742 0.71533203
vt 0.9033203 0.7128906
vt 0.8935547 0.70751953
vt 0.88623047 0.69970703
vt 0.8808594 0.6904297
vt 0.9345703 0.7128906
vt 0.8779297 0.6801758
vt 0.94384766 0.70751953
vt 0.87841797 0.6694336
vt 0.9511719 0.69970703
vt 0.8808594 0.6591797
vt 0.95654297 0.6904297
vt 0.88623047 0.64990234
vt 0.95947266 0.6801758
vt 0.89404297 0.6425781
vt 0.95947266 0.6694336
vt 0.90283203 0.63720703
vt 0.95654297 0.6591797
vt 0.91308594 0.63427734
vt 0.9511719 0.64990234
vt 0.9238281 0.63427734
vt 0.9433594 0.6425781
vt 0.93408203 0.63720703
vt 0.9458008 0.6635742
vt 0.94189453 0.6567383
vt 0.93652344 0.6513672
vt 0.9301758 0.64746094
vt 0.9223633 0.6455078
vt 0.91503906 0.6455078
vt 0.9477539 0.67089844
vt 0.90722656 0.64746094
vt 0.9477539 0.67871094
vt 0.9008789 0.6513672
vt 0.9458008 0.68603516
vt 0.8955078 0.6567383
vt 0.9423828 0.6928711
vt 0.89160156 0.6635742
vt 0.93652344 0.6982422
vt 0.88964844 0.67089844
vt 0.9301758 0.70214844
vt 0.88964844 0.67871094
vt 0.92285156 0.70410156
vt 0.89160156 0.68603516
vt 0.91503906 0.70410156
vt 0.8955078 0.6928711
vt 0.90722656 0.70214844
vt 0.9008789 0.6982422
vt 0.92626953 0.6933594
vt 0.9213867 0.69433594
vt 0.9160156 0.6948242
vt 0.9111328 0.6933594
vt 0.9067383 0.6904297
vt 0.90283203 0.6870117
vt 0.93066406 0.6904297
vt 0.9003906 0.6826172
vt 0.9345703 0.6870117
vt 0.8989258 0.6772461
vt 0.9370117 0.6826172
vt 0.8989258 0.6723633
vt 0.93847656 0.6772461
vt 0.9003906 0.66748047
vt 0.93847656 0.6723633
vt 0.90283203 0.66259766
vt 0.9370117 0.6669922
vt 0.9067383 0.6591797
vt 0.9345703 0.66259766
vt 0.9111328 0.65625
vt 0.93066406 0.6591797
vt 0.9160156 0.65527344
vt 0.92626953 0.6567383
vt 0.9213867 0.65527344
vt 0.92871094 0.6669922
vt 0.9301758 0.6699219
vt 0.92626953 0.6645508
vt 0.92333984 0.66308594
vt 0.93115234 0.67333984
vt 0.92041016 0.6621094
vt 0.9169922 0.6621094
vt 0.93115234 0.67626953
vt 0.9135742 0.66308594
vt 0.93066406 0.6796875
vt 0.9111328 0.66503906
vt 0.92871094 0.6826172
vt 0.9086914 0.6669922
vt 0.9267578 0.6850586
vt 0.90722656 0.6699219
vt 0.9238281 0.68652344
vt 0.90625 0.67333984
vt 0.92041016 0.6875
vt 0.90625 0.6767578
vt 0.9169922 0.6875
vt 0.90722656 0.6796875
vt 0.9140625 0.68652344
vt 0.9086914 0.6826172
vt 0.9111328 0.6850586
vt 0.40649414 0.50097656
vt 0.41748047 0.51220703
vt 0.43701172 0.4970703
vt 0.42163086 0.4814453
vt 0.44799805 0.5161133
vt 0.3930664 0.49316406
vt 0.42529297 0.5253906
vt 0.40234375 0.47045898
vt 0.45385742 0.53759766
vt 0.3779297 0.4892578
vt 0.42919922 0.54052734
vt 0.38110352 0.4645996
vt 0.45385742 0.5595703
vt 0.3623047 0.4892578
vt 0.42919922 0.55615234
vt 0.35913086 0.4645996
vt 0.44799805 0.5805664
vt 0.3474121 0.49316406
vt 0.42529297 0.57128906
vt 0.33789062 0.47045898
vt 0.43701172 0.5996094
vt 0.33374023 0.50097656
vt 0.41748047 0.58447266
vt 0.31884766 0.4814453
vt 0.42163086 0.6152344
vt 0.3227539 0.51220703
vt 0.40649414 0.5957031
vt 0.30322266 0.4970703
vt 0.40234375 0.62646484
vt 0.3149414 0.5253906
vt 0.3930664 0.6035156
vt 0.29223633 0.5161133
vt 0.38110352 0.63183594
vt 0.31103516 0.54052734
vt 0.3779297 0.6074219
vt 0.28637695 0.53759766
vt 0.35913086 0.63183594
vt 0.31103516 0.55615234
vt 0.3623047 0.6074219
vt 0.28637695 0.5595703
vt 0.33789062 0.62646484
vt 0.3149414 0.57128906
vt 0.3474121 0.6035156
vt 0.29223633 0.5805664
vt 0.31884766 0.6152344
vt 0.3227539 0.58447266
vt 0.33374023 0.5957031
vt 0.30322266 0.5996094
vt 0.76220703 0.61083984
vt 0.7519531 0.6245117
vt 0.76416016 0.63671875
vt 0.77783203 0.62646484
vt 0.74316406 0.60009766
vt 0.7729492 0.65234375
vt 0.7363281 0.61572266
vt 0.7885742 0.6455078
vt 0.7216797 0.5942383
vt 0.77783203 0.6689453
vt 0.71972656 0.61083984
vt 0.7944336 0.6669922
vt 0.69970703 0.5942383
vt 0.77783203 0.6870117
vt 0.70166016 0.61083984
vt 0.7944336 0.68896484
vt 0.67822266 0.60009766
vt 0.7729492 0.7036133
vt 0.6850586 0.61572266
vt 0.7885742 0.7104492
vt 0.6591797 0.61083984
vt 0.76416016 0.7192383
vt 0.6694336 0.6245117
vt 0.77783203 0.7294922
vt 0.6435547 0.62646484
vt 0.7519531 0.7314453
vt 0.65722656 0.63671875
vt 0.76220703 0.7451172
vt 0.6328125 0.6455078
vt 0.7363281 0.7402344
vt 0.6484375 0.65234375
vt 0.74316406 0.7558594
vt 0.6269531 0.6669922
vt 0.71972656 0.7451172
vt 0.6435547 0.6689453
vt 0.7216797 0.76171875
vt 0.6269531 0.68896484
vt 0.70166016 0.7451172
vt 0.6435547 0.6870117
vt 0.69970703 0.76171875
vt 0.6328125 0.7104492
vt 0.6850586 0.7402344
vt 0.6484375 0.7036133
vt 0.67822266 0.7558594
vt 0.6435547 0.7294922
vt 0.6694336 0.7314453
vt 0.65722656 0.7192383
vt 0.6591797 0.7451172
vt 0.67333984 0.86083984
vt 0.64990234 0.8647461
vt 0.6582031 0.8754883
vt 0.6621094 0.85253906
vt 0.68359375 0.84228516
vt 0.6347656 0.87353516
vt 0.6401367 0.88623047
vt 0.67089844 0.83740234
vt 0.68896484 0.8222656
vt 0.61816406 0.8779297
vt 0.6196289 0.89160156
vt 0.67529297 0.8203125
vt 0.68896484 0.80126953
vt 0.60058594 0.8779297
vt 0.5986328 0.89160156
vt 0.67529297 0.80322266
vt 0.68310547 0.78125
vt 0.5834961 0.87353516
vt 0.5786133 0.88623047
vt 0.67089844 0.7861328
vt 0.67285156 0.7631836
vt 0.5683594 0.8647461
vt 0.5600586 0.8754883
vt 0.6621094 0.7714844
vt 0.6582031 0.74853516
vt 0.55615234 0.8520508
vt 0.54541016 0.86035156
vt 0.64990234 0.75927734
vt 0.6401367 0.73779297
vt 0.5473633 0.83691406
vt 0.53515625 0.84228516
vt 0.6347656 0.7504883
vt 0.6201172 0.7324219
vt 0.54345703 0.8203125
vt 0.52978516 0.82177734
vt 0.61816406 0.74609375
vt 0.5991211 0.7324219
vt 0.54345703 0.8027344
vt 0.52978516 0.80078125
vt 0.6010742 0.74560547
vt 0.57910156 0.73779297
vt 0.54785156 0.7861328
vt 0.53564453 0.7807617
vt 0.5839844 0.75
vt 0.56103516 0.7480469
vt 0.5566406 0.7709961
vt 0.54589844 0.7626953
vt 0.56884766 0.75878906
vt 0.5566406 0.8046875
vt 0.5600586 0.7910156
vt 0.56689453 0.7792969
vt 0.57714844 0.76953125
vt 0.5888672 0.76220703
vt 0.60253906 0.75878906
vt 0.55615234 0.8183594
vt 0.61621094 0.75878906
vt 0.5600586 0.83203125
vt 0.6298828 0.7626953
vt 0.56689453 0.8442383
vt 0.64208984 0.76953125
vt 0.57666016 0.8540039
vt 0.65185547 0.7792969
vt 0.5888672 0.8613281
vt 0.6586914 0.7915039
vt 0.6020508 0.8647461
vt 0.6621094 0.8046875
vt 0.61621094 0.8647461
vt 0.6621094 0.81884766
vt 0.6298828 0.8613281
vt 0.6586914 0.83203125
vt 0.64208984 0.8544922
vt 0.65185547 0.8442383
vt 0.6040039 0.85253906
vt 0.6147461 0.85253906
vt 0.625 0.8496094
vt 0.63427734 0.8442383
vt 0.64160156 0.83691406
vt 0.64697266 0.8276367
vt 0.59375 0.8496094
vt 0.64990234 0.8173828
vt 0.58447266 0.8442383
vt 0.64990234 0.8066406
vt 0.57666016 0.8364258
vt 0.64697266 0.7963867
vt 0.57128906 0.82714844
vt 0.64160156 0.7871094
vt 0.56884766 0.81689453
vt 0.63427734 0.7792969
vt 0.56884766 0.80615234
vt 0.625 0.7739258
vt 0.57177734 0.79589844
vt 0.6147461 0.7714844
vt 0.57714844 0.7866211
vt 0.6040039 0.7714844
vt 0.58447266 0.7792969
vt 0.59375 0.7739258
vt 0.58203125 0.80029297
vt 0.5859375 0.7939453
vt 0.5913086 0.7885742
vt 0.59814453 0.78466797
vt 0.60546875 0.78271484
vt 0.61328125 0.78271484
vt 0.5800781 0.80810547
vt 0.62060547 0.78466797
vt 0.5800781 0.8154297
vt 0.6274414 0.7885742
vt 0.58203125 0.8232422
vt 0.6328125 0.7939453
vt 0.5859375 0.82958984
vt 0.63671875 0.80029297
vt 0.5913086 0.83496094
vt 0.6386719 0.80810547
vt 0.59814453 0.8388672
vt 0.6386719 0.8154297
vt 0.60546875 0.8413086
vt 0.63671875 0.8232422
vt 0.61328125 0.8413086
vt 0.6328125 0.82958984
vt 0.62060547 0.83935547
vt 0.6274414 0.8354492
vt 0.6015625 0.8300781
vt 0.6069336 0.83154297
vt 0.6118164 0.83154297
vt 0.6166992 0.8300781
vt 0.62158203 0.8276367
vt 0.625 0.82373047
vt 0.59716797 0.8276367
vt 0.6279297 0.81933594
vt 0.59375 0.82373047
vt 0.62890625 0.8144531
vt 0.5908203 0.81933594
vt 0.62890625 0.80908203
vt 0.58935547 0.8144531
vt 0.6279297 0.8041992
vt 0.58984375 0.80908203
vt 0.625 0.7998047
vt 0.5908203 0.8041992
vt 0.62158203 0.79589844
vt 0.59375 0.7998047
vt 0.6171875 0.79345703
vt 0.59716797 0.79589844
vt 0.6118164 0.7919922
vt 0.6015625 0.79345703
vt 0.6069336 0.7919922
vt 0.5991211 0.8041992
vt 0.59765625 0.8066406
vt 0.6015625 0.8017578
vt 0.6044922 0.80029297
vt 0.5966797 0.8100586
vt 0.60791016 0.7993164
vt 0.6113281 0.7993164
vt 0.5966797 0.81347656
vt 0.6142578 0.80029297
vt 0.59765625 0.81640625
vt 0.6171875 0.8017578
vt 0.5991211 0.81933594
vt 0.6196289 0.8041992
vt 0.6015625 0.82177734
vt 0.62109375 0.8071289
vt 0.6044922 0.8232422
vt 0.6220703 0.8100586
vt 0.6074219 0.82421875
vt 0.6220703 0.81347656
vt 0.61083984 0.82421875
vt 0.62109375 0.81689453
vt 0.6142578 0.82373047
vt 0.6191406 0.8198242
vt 0.6171875 0.82177734
vt 0.55566406 0.54833984
vt 0.5654297 0.57128906
vt 0.58447266 0.5605469
vt 0.54052734 0.5527344
vt 0.56933594 0.5410156
vt 0.5439453 0.57714844
vt 0.60009766 0.5449219
vt 0.5253906 0.5527344
vt 0.5800781 0.52978516
vt 0.52197266 0.57714844
vt 0.61083984 0.5258789
vt 0.5102539 0.54833984
vt 0.5878906 0.5161133
vt 0.5004883 0.57128906
vt 0.6166992 0.50439453
vt 0.49658203 0.5410156
vt 0.59228516 0.50097656
vt 0.4814453 0.5605469
vt 0.6166992 0.48242188
vt 0.4855957 0.52978516
vt 0.59228516 0.4855957
vt 0.46606445 0.5449219
vt 0.61083984 0.46118164
vt 0.4777832 0.5161133
vt 0.5878906 0.47070312
vt 0.45507812 0.5258789
vt 0.60009766 0.44213867
vt 0.47387695 0.50097656
vt 0.5800781 0.45703125
vt 0.44921875 0.50439453
vt 0.58447266 0.42651367
vt 0.47387695 0.4855957
vt 0.56933594 0.44604492
vt 0.44921875 0.48242188
vt 0.5654297 0.41552734
vt 0.4777832 0.47070312
vt 0.55566406 0.43823242
vt 0.45507812 0.46118164
vt 0.5439453 0.40966797
vt 0.4855957 0.45703125
vt 0.54052734 0.43432617
vt 0.46606445 0.44213867
vt 0.52197266 0.40966797
vt 0.49658203 0.44604492
vt 0.5253906 0.43432617
vt 0.4814453 0.42651367
vt 0.5004883 0.41552734
vt 0.5102539 0.43823242
vn 0.57714844 0.57714844 0.57714844
vn 0.57714844 0.57714844 0.57714844
vn 0.57714844 0.57714844 0.57714844
vn 0.57714844 0.57714844 -0.57714844
vn 0.57714844 0.57714844 -0.57714844
vn 0.57714844 0.57714844 -0.57714844
vn 0.57714844 -0.57714844 0.57714844
vn 0.57714844 -0.57714844 0.57714844
vn 0.57714844 -0.57714844 0.57714844
vn 0.57714844 -0.57714844 -0.57714844
vn 0.57714844 -0.57714844 -0.57714844
vn 0.57714844 -0.57714844 -0.57714844
vn -0.13049316 -0.99121094 0
vn 0.13049316 -0.99121094 0
vn 0.13049316 -0.99121094 0
vn -0.13049316 -0.99121094 0
vn -0.38256836 -0.9238281 0
vn -0.38256836 -0.9238281 0
vn -0.6088867 -0.79345703 0
vn -0.6088867 -0.79345703 0
vn -0.79345703 -0.6088867 0
vn -0.79345703 -0.6088867 0
vn -0.9238281 -0.38256836 0
vn -0.9238281 -0.38256836 0
vn -0.99121094 -0.13049316 0
vn -0.99121094 -0.13049316 0
vn -0.99121094 0.13049316 0
vn -0.99121094 0.13049316 0
vn -0.9238281 0.38256836 0
vn -0.9238281 0.38256836 0
vn -0.79345703 0.6088867 0
vn -0.79345703 0.6088867 0
vn -0.6088867 0.79345703 0
vn -0.6088867 0.79345703 0
vn -0.38256836 0.9238281 0
vn -0.38256836 0.9238281 0
vn -0.13049316 0.99121094 0
vn -0.13049316 0.99121094 0
vn 0.13049316 0.99121094 0
vn 0.13049316 0.99121094 0
vn 0.38256836 0.9238281 0
vn 0.38256836 0.9238281 0
vn 0.6088867 0.79345703 0
vn 0.6088867 0.79345703 0
vn 0.79345703 0.6088867 0
vn 0.79345703 0.6088867 0
vn 0.9238281 0.38256836 0
vn 0.9238281 0.38256836 0
vn 0.99121094 0.13049316 0
vn 0.99121094 0.13049316 0
vn 0.99121094 -0.13049316 0
vn 0.99121094 -0.13049316 0
vn 0.9238281 -0.38256836 0
vn 0.9238281 -0.38256836 0
vn 0.79345703 -0.6088867 0
vn 0.79345703 -0.6088867 0
vn 0.6088867 -0.79345703 0
vn 0.6088867 -0.79345703 0
vn 0.38256836 -0.9238281 0
vn 0.38256836 -0.9238281 0
vn 0.13049316 -0.99121094 0
vn 0.13049316 -0.99121094 0
vn -0.13049316 -0.99121094 0
vn 0.13049316 -0.99121094 0
vn 0.13049316 -0.99121094 0
vn -0.13049316 -0.99121094 0
vn -0.38256836 -0.9238281 0
vn -0.38256836 -0.9238281 0
vn -0.6088867 -0.79345703 0
vn -0.6088867 -0.79345703 0
vn -0.79345703 -0.6088867 0
vn -0.79345703 -0.6088867 0
vn -0.9238281 -0.38256836 0
vn -0.9238281 -0.38256836 0
vn -0.99121094 -0.13049316 0
vn -0.99121094 -0.13049316 0
vn -0.99121094 0.13049316 0
vn -0.99121094 0.13049316 0
vn -0.9238281 0.38256836 0
vn -0.9238281 0.38256836 0
vn -0.79345703 0.6088867 0
vn -0.79345703 0.6088867 0
vn -0.6088867 0.79345703 0
vn -0.6088867 0.79345703 0
vn -0.38256836 0.9238281 0
vn -0.38256836 0.9238281 0
vn -0.13049316 0.99121094 0
vn -0.13049316 0.99121094 0
vn 0.13049316 0.99121094 0
vn 0.13049316 0.99121094 0
vn 0.38256836 0.9238281 0
vn 0.38256836 0.9238281 0
vn 0.6088867 0.79345703 0
vn 0.6088867 0.79345703 0
vn 0.79345703 0.6088867 0
vn 0.79345703 0.6088867 0
vn 0.9238281 0.38256836 0
vn 0.9238281 0.38256836 0
vn 0.99121094 0.13049316 0
vn 0.99121094 0.13049316 0
vn 0.99121094 -0.13049316 0
vn 0.99121094 -0.13049316 0
vn 0.9238281 -0.38256836 0
vn 0.9238281 -0.38256836 0
vn 0.79345703 -0.6088867 0
vn 0.79345703 -0.6088867 0
vn 0.6088867 -0.79345703 0
vn 0.6088867 -0.79345703 0
vn 0.38256836 -0.9238281 0
vn 0.38256836 -0.9238281 0
vn 0.13049316 -0.99121094 0
vn 0.13049316 -0.99121094 0
vn 0.9658203 0.25878906 -1.1920929E-07
vn 0.9658203 0.25878906 -1.1920929E-07
vn 0.9238281 0.38256836 0
vn 0.9238281 0.38256836 0
vn 0.79345703 0.6088867 0
vn 0.79345703 0.6088867 0
vn 0.6088867 0.79345703 0
vn 0.6088867 0.79345703 0
vn 0.38256836 0.9238281 0
vn 0.38256836 0.9238281 0
vn 0.13049316 0.99121094 0
vn 0.13049316 0.99121094 0
vn -0.13049316 0.99121094 0
vn -0.13049316 0.99121094 0
vn -0.38256836 0.9238281 0
vn -0.38256836 0.9238281 0
vn -0.6088867 0.79345703 0
vn -0.6088867 0.79345703 0
vn -0.79345703 0.6088867 0
vn -0.79345703 0.6088867 0
vn -0.9238281 0.38256836 0
vn -0.9238281 0.38256836 0
vn -0.99121094 0.13049316 0
vn -0.99121094 0.13049316 0
vn -0.99121094 -0.13049316 1.1920929E-07
vn -0.99121094 -0.13049316 1.1920929E-07
vn -0.9238281 -0.38256836 0
vn -0.9238281 -0.38256836 0
vn -0.79345703 -0.6088867 0
vn -0.79345703 -0.6088867 0
vn -0.6088867 -0.79345703 0
vn -0.6088867 -0.79345703 0
vn -0.38256836 -0.9238281 0
vn -0.38256836 -0.9238281 0
vn -0.13049316 -0.99121094 0
vn -0.13049316 -0.99121094 0
vn 0.13049316 -0.99121094 0
vn 0.13049316 -0.99121094 0
vn 0.38256836 -0.9238281 0
vn 0.38256836 -0.9238281 0
vn 0.6088867 -0.79345703 0
vn 0.6088867 -0.79345703 0
vn 0.79345703 -0.6088867 0
vn 0.79345703 -0.6088867 0
vn 0.9238281 -0.38256836 0
vn 0.9238281 -0.38256836 0
vn 0.9658203 -0.25878906 0
vn 0.9658203 -0.25878906 0
vn -0.13049316 -0.99121094 0
vn 0.13049316 -0.99121094 0
vn 0.13049316 -0.99121094 0
vn -0.13049316 -0.99121094 0
vn -0.38256836 -0.9238281 0
vn -0.38256836 -0.9238281 0
vn -0.6088867 -0.79345703 0
vn -0.6088867 -0.79345703 0
vn -0.79345703 -0.6088867 0
vn -0.79345703 -0.6088867 0
vn -0.9238281 -0.38256836 0
vn -0.9238281 -0.38256836 0
vn -0.99121094 -0.13049316 0
vn -0.99121094 -0.13049316 0
vn -0.99121094 0.13049316 0
vn -0.99121094 0.13049316 0
vn -0.9238281 0.38256836 0
vn -0.9238281 0.38256836 0
vn -0.79345703 0.6088867 0
vn -0.79345703 0.6088867 0
vn -0.6088867 0.79345703 0
vn -0.6088867 0.79345703 0
vn -0.38256836 0.9238281 0
vn -0.38256836 0.9238281 0
vn -0.13049316 0.99121094 0
vn -0.13049316 0.99121094 0
vn 0.13049316 0.99121094 0
vn 0.13049316 0.99121094 0
vn 0.38256836 0.9238281 0
vn 0.38256836 0.9238281 0
vn 0.6088867 0.79345703 0
vn 0.6088867 0.79345703 0
vn 0.79345703 0.6088867 0
vn 0.79345703 0.6088867 0
vn 0.9238281 0.38256836 0
vn 0.9238281 0.38256836 0
vn 0.99121094 0.13049316 0
vn 0.99121094 0.13049316 0
vn 0.99121094 -0.13049316 0
vn 0.99121094 -0.13049316 0
vn 0.9238281 -0.38256836 0
vn 0.9238281 -0.38256836 0
vn 0.79345703 -0.6088867 0
vn 0.79345703 -0.6088867 0
vn 0.6088867 -0.79345703 0
vn 0.6088867 -0.79345703 0
vn 0.38256836 -0.9238281 0
vn 0.38256836 -0.9238281 0
vn 0.13049316 -0.99121094 0
vn 0.13049316 -0.99121094 0
vn -0.13049316 -0.99121094 0
vn 0.13049316 -0.99121094 0
vn 0.13049316 -0.99121094 0
vn -0.13049316 -0.99121094 0
vn -0.38256836 -0.9238281 0
vn -0.38256836 -0.9238281 0
vn -0.6088867 -0.79345703 0
vn -0.6088867 -0.79345703 0
vn -0.79345703 -0.6088867 0
vn -0.79345703 -0.6088867 0
vn -0.9238281 -0.38256836 0
vn -0.9238281 -0.38256836 0
vn -0.99121094 -0.13049316 1.1920929E-06
vn -0.99121094 -0.13049316 1.1920929E-06
vn -0.99121094 0.13049316 1.1920929E-06
vn -0.99121094 0.13049316 1.1920929E-06
vn -0.9238281 0.38256836 0
vn -0.9238281 0.38256836 0
vn -0.79345703 0.6088867 0
vn -0.79345703 0.6088867 0
vn -0.6088867 0.79345703 0
vn -0.6088867 0.79345703 0
vn -0.38256836 0.9238281 0
vn -0.38256836 0.9238281 0
vn -0.13049316 0.99121094 0
vn -0.13049316 0.99121094 0
vn 0.13049316 0.99121094 0
vn 0.13049316 0.99121094 0
vn 0.38256836 0.9238281 0
vn 0.38256836 0.9238281 0
vn 0.6088867 0.79345703 0
vn 0.6088867 0.79345703 0
vn 0.79345703 0.6088867 0
vn 0.79345703 0.6088867 0
vn 0.9238281 0.38256836 0
vn 0.9238281 0.38256836 0
vn 0.99121094 0.13049316 0
vn 0.99121094 0.13049316 0
vn 0.99121094 -0.13049316 0
vn 0.99121094 -0.13049316 0
vn 0.9238281 -0.38256836 0
vn 0.9238281 -0.38256836 0
vn 0.79345703 -0.6088867 0
vn 0.79345703 -0.6088867 0
vn 0.6088867 -0.79345703 0
vn 0.6088867 -0.79345703 0
vn 0.38256836 -0.9238281 0
vn 0.38256836 -0.9238281 0
vn 0.13049316 -0.99121094 0
vn 0.13049316 -0.99121094 0
vn -0 -1 0
vn -0 -1 0
vn -0 -1 0
vn -0 -1 0
vn -0 -7.748604E-07 -1
vn -0 -7.748604E-07 -1
vn -0 -7.748604E-07 -1
vn -0 -7.748604E-07 -1
vn -0 0 1
vn -0 0 1
vn -0 0 1
vn -0 0 1
vn 1 9.953976E-06 0
vn 1 9.953976E-06 0
vn 1 9.953976E-06 0
vn 1 9.953976E-06 0
vn 0.5913086 -0.15844727 0.79052734
vn 0.13708496 -0.056762695 0.98876953
vn 0.14453125 -0.038726807 0.98876953
vn 0.5625 -0.23303223 0.79345703
vn 0.11767578 -0.09033203 0.98876953
vn 0.9238281 -0.38256836 -1.1920929E-06
vn 0.9658203 -0.25878906 -1.4305115E-06
vn 0.4831543 -0.37060547 0.79296875
vn 0.09033203 -0.11767578 0.98876953
vn 0.79345703 -0.6088867 -3.1590462E-06
vn 0.5625 -0.23303223 -0.79345703
vn 0.5913086 -0.15844727 -0.79052734
vn 0.14453125 -0.038726807 -0.98876953
vn 0.13708496 -0.056762695 -0.98876953
vn 0.4831543 -0.37060547 -0.79345703
vn 0.11767578 -0.09033203 -0.98876953
vn 0.37060547 -0.4831543 -0.79345703
vn 0.09033203 -0.11767578 -0.98876953
vn 0.37060547 -0.4831543 0.79345703
vn 0.056762695 -0.13708496 0.98876953
vn 0.6088867 -0.79345703 -4.529953E-06
vn 0.23303223 -0.5625 -0.79345703
vn 0.056762695 -0.13708496 -0.98876953
vn 0.23303223 -0.5625 0.79345703
vn 0.019363403 -0.14709473 0.98876953
vn 0.38256836 -0.9238281 -3.5762787E-06
vn 0.07946777 -0.6035156 -0.79345703
vn 0.019363403 -0.14709473 -0.98876953
vn 0.07946777 -0.6035156 0.79345703
vn -0.019363403 -0.14709473 0.98876953
vn 0.13049316 -0.99121094 -1.7881393E-06
vn -0.07946777 -0.6035156 -0.79345703
vn -0.019363403 -0.14709473 -0.98876953
vn -0.07946777 -0.6035156 0.79345703
vn -0.056762695 -0.13708496 0.98876953
vn -0.13049316 -0.99121094 -1.847744E-06
vn -0.23303223 -0.5625 -0.79296875
vn -0.056762695 -0.13708496 -0.98876953
vn -0.23303223 -0.5625 0.79345703
vn -0.09033203 -0.11767578 0.98876953
vn -0.38256836 -0.9238281 -7.1525574E-07
vn -0.37060547 -0.4831543 -0.79345703
vn -0.09033203 -0.11767578 -0.98876953
vn -0.37060547 -0.4831543 0.79345703
vn -0.11767578 -0.09033203 0.98876953
vn -0.6088867 -0.79345703 2.3841858E-06
vn -0.4831543 -0.37060547 -0.79345703
vn -0.11767578 -0.09033203 -0.98876953
vn -0.4831543 -0.37060547 0.79345703
vn -0.13708496 -0.056762695 0.98876953
vn -0.79345703 -0.6088867 8.34465E-07
vn -0.5625 -0.23303223 -0.79345703
vn -0.13708496 -0.056762695 -0.98876953
vn -0.5625 -0.23303223 0.79345703
vn -0.14709473 -0.019363403 0.98876953
vn -0.9238281 -0.38256836 -1.2516975E-06
vn -0.6035156 -0.07946777 -0.79345703
vn -0.14709473 -0.019363403 -0.98876953
vn -0.6035156 -0.07946777 0.79345703
vn -0.14709473 0.019363403 0.98876953
vn -0.99121094 -0.13049316 -1.3709068E-06
vn -0.6035156 0.07946777 -0.79345703
vn -0.14709473 0.019363403 -0.98876953
vn -0.6035156 0.07946777 0.79345703
vn -0.13708496 0.056762695 0.98876953
vn -0.99121094 0.13049316 -1.4305115E-06
vn -0.5625 0.23303223 -0.79345703
vn -0.13708496 0.056762695 -0.98876953
vn -0.5625 0.23303223 0.79345703
vn -0.11767578 0.09033203 0.98876953
vn -0.9238281 0.38256836 -1.2516975E-06
vn -0.4831543 0.37060547 -0.79345703
vn -0.11767578 0.09033203 -0.98876953
vn -0.4831543 0.37060547 0.79345703
vn -0.09033203 0.11767578 0.98876953
vn -0.79345703 0.6088867 -8.34465E-07
vn -0.37060547 0.4831543 -0.79345703
vn -0.09033203 0.11767578 -0.98876953
vn -0.37060547 0.4831543 0.79296875
vn -0.056762695 0.13708496 0.98876953
vn -0.6088867 0.79345703 -2.1457672E-06
vn -0.23303223 0.5625 -0.79345703
vn -0.056762695 0.13708496 -0.98876953
vn -0.23303223 0.5625 0.79296875
vn -0.019363403 0.14709473 0.98876953
vn -0.38256836 0.9238281 -4.172325E-06
vn -0.07946777 0.6035156 -0.79345703
vn -0.019363403 0.14709473 -0.98876953
vn -0.07946777 0.6035156 0.79345703
vn 0.019363403 0.14709473 0.98876953
vn -0.13049316 0.99121094 -3.4570694E-06
vn 0.07946777 0.6035156 -0.79345703
vn 0.019363403 0.14709473 -0.98876953
vn 0.07946777 0.6035156 0.79345703
vn 0.056762695 0.13708496 0.98876953
vn 0.13049316 0.99121094 -2.861023E-06
vn 0.23303223 0.5625 -0.79345703
vn 0.056762695 0.13708496 -0.98876953
vn 0.23303223 0.5625 0.79345703
vn 0.09033203 0.11767578 0.98876953
vn 0.38256836 0.9238281 -1.9073486E-06
vn 0.37060547 0.4831543 -0.79345703
vn 0.09033203 0.11767578 -0.98876953
vn 0.37060547 0.4831543 0.79345703
vn 0.11767578 0.09033203 0.98876953
vn 0.6088867 0.79345703 -1.0728836E-06
vn 0.4831543 0.37060547 -0.79345703
vn 0.11767578 0.09033203 -0.98876953
vn 0.4831543 0.37060547 0.79345703
vn 0.13708496 0.056762695 0.98876953
vn 0.79345703 0.6088867 -1.4901161E-06
vn 0.5625 0.23303223 -0.79345703
vn 0.13708496 0.056762695 -0.98876953
vn 0.5625 0.23303223 0.79345703
vn 0.14453125 0.038726807 0.98876953
vn 0.5913086 0.15844727 0.79052734
vn 0.9658203 0.25878906 -1.4305115E-06
vn 0.9238281 0.38256836 -1.2516975E-06
vn 0.5913086 0.15844727 -0.79052734
vn 0.14453125 0.038726807 -0.98876953
vn -0.9238281 0.38256836 -8.34465E-07
vn -0.9658203 0.25878906 -2.5629997E-06
vn -0.9658203 0.25878906 -2.5629997E-06
vn -0.9238281 0.38256836 -8.34465E-07
vn -0.79345703 0.6088867 4.172325E-07
vn -0.79345703 0.6088867 4.172325E-07
vn -0.6088867 0.79345703 0
vn -0.6088867 0.79345703 0
vn -0.38256836 0.9238281 0
vn -0.38256836 0.9238281 0
vn -0.13049316 0.99121094 0
vn -0.13049316 0.99121094 0
vn 0.13049316 0.99121094 0
vn 0.13049316 0.99121094 0
vn 0.38256836 0.9238281 0
vn 0.38256836 0.9238281 0
vn 0.6088867 0.79345703 0
vn 0.6088867 0.79345703 0
vn 0.79345703 0.6088867 0
vn 0.79345703 0.6088867 0
vn 0.9238281 0.38256836 0
vn 0.9238281 0.38256836 0
vn 0.99121094 0.13049316 0
vn 0.99121094 0.13049316 0
vn 0.99121094 -0.13049316 0
vn 0.99121094 -0.13049316 0
vn 0.9238281 -0.38256836 0
vn 0.9238281 -0.38256836 0
vn 0.79345703 -0.6088867 0
vn 0.79345703 -0.6088867 0
vn 0.6088867 -0.79345703 0
vn 0.6088867 -0.79345703 0
vn 0.38256836 -0.9238281 0
vn 0.38256836 -0.9238281 0
vn 0.13049316 -0.99121094 0
vn 0.13049316 -0.99121094 0
vn -0.13049316 -0.99121094 0
vn -0.13049316 -0.99121094 0
vn -0.38256836 -0.9238281 0
vn -0.38256836 -0.9238281 0
vn -0.6088867 -0.79345703 0
vn -0.6088867 -0.79345703 0
vn -0.79345703 -0.6088867 8.940697E-07
vn -0.79345703 -0.6088867 8.940697E-07
vn -0.9238281 -0.38256836 1.3709068E-06
vn -0.9238281 -0.38256836 1.3709068E-06
vn -0.9658203 -0.25878906 8.34465E-07
vn -0.9658203 -0.25878906 8.34465E-07
vn 0.5913086 -0.15844727 0.79052734
vn 0.13708496 -0.056762695 0.98876953
vn 0.14453125 -0.038726807 0.98876953
vn 0.5625 -0.23303223 0.79296875
vn 0.11767578 -0.09033203 0.98876953
vn 0.9238281 -0.38256836 -1.3709068E-06
vn 0.9658203 -0.25878906 -1.3709068E-06
vn 0.4831543 -0.37060547 0.79296875
vn 0.09033203 -0.11767578 0.98876953
vn 0.79345703 -0.6088867 -1.3113022E-06
vn 0.5625 -0.23303223 -0.79296875
vn 0.5913086 -0.15844727 -0.79052734
vn 0.14453125 -0.038726807 -0.98876953
vn 0.13708496 -0.056762695 -0.98876953
vn 0.4831543 -0.37060547 -0.79296875
vn 0.11767578 -0.09033203 -0.98876953
vn 0.37060547 -0.4831543 -0.79345703
vn 0.09033203 -0.11767578 -0.98876953
vn 0.37060547 -0.4831543 0.79296875
vn 0.056762695 -0.13708496 0.98876953
vn 0.6088867 -0.79345703 -1.4305115E-06
vn 0.23303223 -0.5625 -0.79345703
vn 0.056762695 -0.13708496 -0.98876953
vn 0.23303223 -0.5625 0.79345703
vn 0.019363403 -0.14709473 0.98876953
vn 0.38256836 -0.9238281 -1.5497208E-06
vn 0.07946777 -0.6035156 -0.79345703
vn 0.019363403 -0.14709473 -0.98876953
vn 0.07946777 -0.6035156 0.79345703
vn -0.019363403 -0.14709473 0.98876953
vn 0.13049316 -0.99121094 -1.3113022E-06
vn -0.07946777 -0.6035156 -0.79345703
vn -0.019363403 -0.14709473 -0.98876953
vn -0.07946777 -0.6035156 0.79345703
vn -0.056762695 -0.13708496 0.98876953
vn -0.13049316 -0.99121094 -1.2516975E-06
vn -0.23303223 -0.5625 -0.79345703
vn -0.056762695 -0.13708496 -0.98876953
vn -0.23303223 -0.5625 0.79296875
vn -0.09033203 -0.11767578 0.98876953
vn -0.38256836 -0.9238281 -3.8146973E-06
vn -0.37060547 -0.4831543 -0.79345703
vn -0.09033203 -0.11767578 -0.98876953
vn -0.37060547 -0.4831543 0.79345703
vn -0.11767578 -0.09033203 0.98876953
vn -0.6088867 -0.79345703 -1.4305115E-06
vn -0.4831543 -0.37060547 -0.79345703
vn -0.11767578 -0.09033203 -0.98876953
vn -0.4831543 -0.37060547 0.79345703
vn -0.13708496 -0.056762695 0.98876953
vn -0.79345703 -0.6088867 1.013279E-06
vn -0.5625 -0.23303223 -0.79345703
vn -0.13708496 -0.056762695 -0.98876953
vn -0.5625 -0.23303223 0.79296875
vn -0.14709473 -0.019363403 0.98876953
vn -0.9238281 -0.38256836 -1.3113022E-06
vn -0.6035156 -0.07946777 -0.79345703
vn -0.14709473 -0.019363403 -0.98876953
vn -0.6035156 -0.07946777 0.79345703
vn -0.14709473 0.019363403 0.98876953
vn -0.99121094 -0.13049316 -1.3709068E-06
vn -0.6035156 0.07946777 -0.79345703
vn -0.14709473 0.019363403 -0.98876953
vn -0.6035156 0.07946777 0.79345703
vn -0.13708496 0.056762695 0.98876953
vn -0.99121094 0.13049316 -1.3709068E-06
vn -0.5625 0.23303223 -0.79345703
vn -0.13708496 0.056762695 -0.98876953
vn -0.5625 0.23303223 0.79345703
vn -0.11767578 0.09033203 0.98876953
vn -0.9238281 0.38256836 -1.3709068E-06
vn -0.4831543 0.37060547 -0.79345703
vn -0.11767578 0.09033203 -0.98876953
vn -0.4831543 0.37060547 0.79345703
vn -0.09033203 0.11767578 0.98876953
vn -0.79345703 0.6088867 -1.3113022E-06
vn -0.37060547 0.4831543 -0.79345703
vn -0.09033203 0.11767578 -0.98876953
vn -0.37060547 0.4831543 0.79296875
vn -0.056762695 0.13708496 0.98876953
vn -0.6088867 0.79345703 -2.6226044E-06
vn -0.23303223 0.5625 -0.79345703
vn -0.056762695 0.13708496 -0.98876953
vn -0.23303223 0.5625 0.79296875
vn -0.019363403 0.14709473 0.98876953
vn -0.38256836 0.9238281 -3.2782555E-06
vn -0.07946777 0.6035156 -0.79345703
vn -0.019363403 0.14709473 -0.98876953
vn -0.07946777 0.6035156 0.79345703
vn 0.019363403 0.14709473 0.98876953
vn -0.13049316 0.99121094 -1.7285347E-06
vn 0.07946777 0.6035156 -0.79345703
vn 0.019363403 0.14709473 -0.98876953
vn 0.07946777 0.6035156 0.79345703
vn 0.056762695 0.13708496 0.98876953
vn 0.13049316 0.99121094 -1.1920929E-06
vn 0.23303223 0.5625 -0.79345703
vn 0.056762695 0.13708496 -0.98876953
vn 0.23303223 0.5625 0.79345703
vn 0.09033203 0.11767578 0.98876953
vn 0.38256836 0.9238281 -1.5497208E-06
vn 0.37060547 0.4831543 -0.79345703
vn 0.09033203 0.11767578 -0.98876953
vn 0.37060547 0.4831543 0.79345703
vn 0.11767578 0.09033203 0.98876953
vn 0.6088867 0.79345703 -1.4305115E-06
vn 0.4831543 0.37060547 -0.79345703
vn 0.11767578 0.09033203 -0.98876953
vn 0.4831543 0.37060547 0.79345703
vn 0.13708496 0.056762695 0.98876953
vn 0.79345703 0.6088867 -1.2516975E-06
vn 0.5625 0.23303223 -0.79345703
vn 0.13708496 0.056762695 -0.98876953
vn 0.5625 0.23303223 0.79296875
vn 0.14453125 0.038726807 0.98876953
vn 0.5913086 0.15844727 0.79052734
vn 0.9658203 0.25878906 -1.3709068E-06
vn 0.9238281 0.38256836 -1.3113022E-06
vn 0.5913086 0.15844727 -0.79052734
vn 0.14453125 0.038726807 -0.98876953
vn -0.9238281 0.38256836 0
vn -0.9658203 0.25878906 0
vn -0.9658203 0.25878906 0
vn -0.9238281 0.38256836 0
vn -0.79345703 0.6088867 0
vn -0.79345703 0.6088867 0
vn -0.6088867 0.79345703 0
vn -0.6088867 0.79345703 0
vn -0.38256836 0.9238281 0
vn -0.38256836 0.9238281 0
vn -0.13049316 0.99121094 0
vn -0.13049316 0.99121094 0
vn 0.13049316 0.99121094 0
vn 0.13049316 0.99121094 0
vn 0.38256836 0.9238281 0
vn 0.38256836 0.9238281 0
vn 0.6088867 0.79345703 0
vn 0.6088867 0.79345703 0
vn 0.79345703 0.6088867 0
vn 0.79345703 0.6088867 0
vn 0.9238281 0.38256836 0
vn 0.9238281 0.38256836 0
vn 0.99121094 0.13049316 0
vn 0.99121094 0.13049316 0
vn 0.99121094 -0.13049316 0
vn 0.99121094 -0.13049316 0
vn 0.9238281 -0.38256836 0
vn 0.9238281 -0.38256836 0
vn 0.79345703 -0.6088867 0
vn 0.79345703 -0.6088867 0
vn 0.6088867 -0.79345703 0
vn 0.6088867 -0.79345703 0
vn 0.38256836 -0.9238281 0
vn 0.38256836 -0.9238281 0
vn 0.13049316 -0.99121094 0
vn 0.13049316 -0.99121094 0
vn -0.13049316 -0.99121094 0
vn -0.13049316 -0.99121094 0
vn -0.38256836 -0.9238281 0
vn -0.38256836 -0.9238281 0
vn -0.6088867 -0.79345703 0
vn -0.6088867 -0.79345703 0
vn -0.79345703 -0.6088867 0
vn -0.79345703 -0.6088867 0
vn -0.9238281 -0.38256836 0
vn -0.9238281 -0.38256836 0
vn -0.9658203 -0.25878906 0
vn -0.9658203 -0.25878906 0
vn 0.5913086 -0.15844727 0.79052734
vn 0.13708496 -0.056762695 0.98876953
vn 0.14453125 -0.038726807 0.98876953
vn 0.5625 -0.23303223 0.79296875
vn 0.11767578 -0.09033203 0.98876953
vn 0.9238281 -0.38256836 -1.66893E-06
vn 0.9658203 -0.25878906 -1.66893E-06
vn 0.4831543 -0.37060547 0.79296875
vn 0.09033203 -0.11767578 0.98876953
vn 0.79345703 -0.6088867 -4.053116E-06
vn 0.5625 -0.23303223 -0.79296875
vn 0.5913086 -0.15844727 -0.79052734
vn 0.14453125 -0.038726807 -0.98876953
vn 0.13708496 -0.056762695 -0.98876953
vn 0.4831543 -0.37060547 -0.79345703
vn 0.11767578 -0.09033203 -0.98876953
vn 0.37060547 -0.4831543 -0.79345703
vn 0.09033203 -0.11767578 -0.98876953
vn 0.37060547 -0.4831543 0.79345703
vn 0.056762695 -0.13708496 0.98876953
vn 0.6088867 -0.79345703 -5.2452087E-06
vn 0.23303223 -0.5625 -0.79345703
vn 0.056762695 -0.13708496 -0.98876953
vn 0.23303223 -0.5625 0.79345703
vn 0.019363403 -0.14709473 0.98876953
vn 0.38256836 -0.9238281 -3.1590462E-06
vn 0.07946777 -0.6035156 -0.79345703
vn 0.019363403 -0.14709473 -0.98876953
vn 0.07946777 -0.6035156 0.79345703
vn -0.019363403 -0.14709473 0.98876953
vn 0.13049316 -0.99121094 -1.7285347E-06
vn -0.07946777 -0.6035156 -0.79345703
vn -0.019363403 -0.14709473 -0.98876953
vn -0.07946777 -0.6035156 0.79345703
vn -0.056762695 -0.13708496 0.98876953
vn -0.13049316 -0.99121094 -2.2649765E-06
vn -0.23303223 -0.5625 -0.79345703
vn -0.056762695 -0.13708496 -0.98876953
vn -0.23303223 -0.5625 0.79345703
vn -0.09033203 -0.11767578 0.98876953
vn -0.38256836 -0.9238281 -3.5762787E-06
vn -0.37060547 -0.4831543 -0.79345703
vn -0.09033203 -0.11767578 -0.98876953
vn -0.37060547 -0.4831543 0.79345703
vn -0.11767578 -0.09033203 0.98876953
vn -0.6088867 -0.79345703 -2.9206276E-06
vn -0.4831543 -0.37060547 -0.79345703
vn -0.11767578 -0.09033203 -0.98876953
vn -0.4831543 -0.37060547 0.79345703
vn -0.13708496 -0.056762695 0.98876953
vn -0.79345703 -0.6088867 -1.7881393E-06
vn -0.5625 -0.23303223 -0.79345703
vn -0.13708496 -0.056762695 -0.98876953
vn -0.5625 -0.23303223 0.79296875
vn -0.14709473 -0.019363403 0.98876953
vn -0.9238281 -0.38256836 -1.7285347E-06
vn -0.6035156 -0.07946777 -0.79345703
vn -0.14709473 -0.019363403 -0.98876953
vn -0.6035156 -0.07946777 0.79345703
vn -0.14709473 0.019363403 0.98876953
vn -0.99121094 -0.13049316 -1.7285347E-06
vn -0.6035156 0.07946777 -0.79345703
vn -0.14709473 0.019363403 -0.98876953
vn -0.6035156 0.07946777 0.79345703
vn -0.13708496 0.056762695 0.98876953
vn -0.99121094 0.13049316 -1.7285347E-06
vn -0.5625 0.23303223 -0.79345703
vn -0.13708496 0.056762695 -0.98876953
vn -0.5625 0.23303223 0.79345703
vn -0.11767578 0.09033203 0.98876953
vn -0.9238281 0.38256836 -1.66893E-06
vn -0.4831543 0.37060547 -0.79345703
vn -0.11767578 0.09033203 -0.98876953
vn -0.4831543 0.37060547 0.79345703
vn -0.09033203 0.11767578 0.98876953
vn -0.79345703 0.6088867 -1.66893E-06
vn -0.37060547 0.4831543 -0.79345703
vn -0.09033203 0.11767578 -0.98876953
vn -0.37060547 0.4831543 0.79296875
vn -0.056762695 0.13708496 0.98876953
vn -0.6088867 0.79345703 -2.9802322E-06
vn -0.23303223 0.5625 -0.79345703
vn -0.056762695 0.13708496 -0.98876953
vn -0.23303223 0.5625 0.79296875
vn -0.019363403 0.14709473 0.98876953
vn -0.38256836 0.9238281 -3.7550926E-06
vn -0.07946777 0.6035156 -0.79345703
vn -0.019363403 0.14709473 -0.98876953
vn -0.07946777 0.6035156 0.79345703
vn 0.019363403 0.14709473 0.98876953
vn -0.13049316 0.99121094 -2.3245811E-06
vn 0.07946777 0.6035156 -0.79345703
vn 0.019363403 0.14709473 -0.98876953
vn 0.07946777 0.6035156 0.79345703
vn 0.056762695 0.13708496 0.98876953
vn 0.13049316 0.99121094 -1.7285347E-06
vn 0.23303223 0.5625 -0.79345703
vn 0.056762695 0.13708496 -0.98876953
vn 0.23303223 0.5625 0.79345703
vn 0.09033203 0.11767578 0.98876953
vn 0.38256836 0.9238281 -6.556511E-07
vn 0.37060547 0.4831543 -0.79345703
vn 0.09033203 0.11767578 -0.98876953
vn 0.37060547 0.4831543 0.79296875
vn 0.11767578 0.09033203 0.98876953
vn 0.6088867 0.79345703 -1.7881393E-06
vn 0.4831543 0.37060547 -0.79345703
vn 0.11767578 0.09033203 -0.98876953
vn 0.4831543 0.37060547 0.79345703
vn 0.13708496 0.056762695 0.98876953
vn 0.79345703 0.6088867 -2.9206276E-06
vn 0.5625 0.23303223 -0.79345703
vn 0.13708496 0.056762695 -0.98876953
vn 0.5625 0.23303223 0.79345703
vn 0.14453125 0.038726807 0.98876953
vn 0.5913086 0.15844727 0.79052734
vn 0.9658203 0.25878906 -1.7285347E-06
vn 0.9238281 0.38256836 -1.66893E-06
vn 0.5913086 0.15844727 -0.79052734
vn 0.14453125 0.038726807 -0.98876953
vn -0.9238281 0.38256836 0
vn -0.9658203 0.25878906 0
vn -0.9658203 0.25878906 0
vn -0.9238281 0.38256836 0
vn -0.79345703 0.6088867 0
vn -0.79345703 0.6088867 0
vn -0.6088867 0.79345703 0
vn -0.6088867 0.79345703 0
vn -0.38256836 0.9238281 0
vn -0.38256836 0.9238281 0
vn -0.13049316 0.99121094 0
vn -0.13049316 0.99121094 0
vn 0.13049316 0.99121094 0
vn 0.13049316 0.99121094 0
vn 0.38256836 0.9238281 0
vn 0.38256836 0.9238281 0
vn 0.6088867 0.79345703 0
vn 0.6088867 0.79345703 0
vn 0.79345703 0.6088867 0
vn 0.79345703 0.6088867 0
vn 0.9238281 0.38256836 0
vn 0.9238281 0.38256836 0
vn 0.99121094 0.13049316 0
vn 0.99121094 0.13049316 0
vn 0.99121094 -0.13049316 0
vn 0.99121094 -0.13049316 0
vn 0.9238281 -0.38256836 0
vn 0.9238281 -0.38256836 0
vn 0.79345703 -0.6088867 0
vn 0.79345703 -0.6088867 0
vn 0.6088867 -0.79345703 0
vn 0.6088867 -0.79345703 0
vn 0.38256836 -0.9238281 0
vn 0.38256836 -0.9238281 0
vn 0.13049316 -0.99121094 0
vn 0.13049316 -0.99121094 0
vn -0.13049316 -0.99121094 0
vn -0.13049316 -0.99121094 0
vn -0.38256836 -0.9238281 0
vn -0.38256836 -0.9238281 0
vn -0.6088867 -0.79345703 0
vn -0.6088867 -0.79345703 0
vn -0.79345703 -0.6088867 0
vn -0.79345703 -0.6088867 0
vn -0.9238281 -0.38256836 0
vn -0.9238281 -0.38256836 0
vn -0.9658203 -0.25878906 0
vn -0.9658203 -0.25878906 0
vn 0.5913086 -0.15844727 0.79052734
vn 0.13708496 -0.056762695 0.98876953
vn 0.14453125 -0.038726807 0.98876953
vn 0.5625 -0.23303223 0.79345703
vn 0.11767578 -0.09033203 0.98876953
vn 0.9238281 -0.38256836 -1.3709068E-06
vn 0.9658203 -0.25878906 -1.4305115E-06
vn 0.4831543 -0.37060547 0.79345703
vn 0.09033203 -0.11767578 0.98876953
vn 0.79345703 -0.6088867 -1.9073486E-06
vn 0.5625 -0.23303223 -0.79345703
vn 0.5913086 -0.15844727 -0.79052734
vn 0.14453125 -0.038726807 -0.98876953
vn 0.13708496 -0.056762695 -0.98876953
vn 0.4831543 -0.37060547 -0.79345703
vn 0.11767578 -0.09033203 -0.98876953
vn 0.37060547 -0.4831543 -0.79345703
vn 0.09033203 -0.11767578 -0.98876953
vn 0.37060547 -0.4831543 0.79345703
vn 0.056762695 -0.13708496 0.98876953
vn 0.6088867 -0.79345703 -1.847744E-06
vn 0.23303223 -0.5625 -0.79345703
vn 0.056762695 -0.13708496 -0.98876953
vn 0.23303223 -0.5625 0.79345703
vn 0.019363403 -0.14709473 0.98876953
vn 0.38256836 -0.9238281 -1.847744E-06
vn 0.07946777 -0.6035156 -0.79345703
vn 0.019363403 -0.14709473 -0.98876953
vn 0.07946777 -0.6035156 0.79345703
vn -0.019363403 -0.14709473 0.98876953
vn 0.13049316 -0.99121094 -2.9206276E-06
vn -0.07946777 -0.6035156 -0.79345703
vn -0.019363403 -0.14709473 -0.98876953
vn -0.07946777 -0.6035156 0.79345703
vn -0.056762695 -0.13708496 0.98876953
vn -0.13049316 -0.99121094 -2.9206276E-06
vn -0.23303223 -0.5625 -0.79345703
vn -0.056762695 -0.13708496 -0.98876953
vn -0.23303223 -0.5625 0.79345703
vn -0.09033203 -0.11767578 0.98876953
vn -0.38256836 -0.9238281 -2.3245811E-06
vn -0.37060547 -0.4831543 -0.79345703
vn -0.09033203 -0.11767578 -0.98876953
vn -0.37060547 -0.4831543 0.79345703
vn -0.11767578 -0.09033203 0.98876953
vn -0.6088867 -0.79345703 -1.9073486E-06
vn -0.4831543 -0.37060547 -0.79345703
vn -0.11767578 -0.09033203 -0.98876953
vn -0.4831543 -0.37060547 0.79345703
vn -0.13708496 -0.056762695 0.98876953
vn -0.79345703 -0.6088867 -1.5497208E-06
vn -0.5625 -0.23303223 -0.79345703
vn -0.13708496 -0.056762695 -0.98876953
vn -0.5625 -0.23303223 0.79345703
vn -0.14709473 -0.019363403 0.98876953
vn -0.9238281 -0.38256836 -1.4305115E-06
vn -0.6035156 -0.07946777 -0.79345703
vn -0.14709473 -0.019363403 -0.98876953
vn -0.6035156 -0.07946777 0.79345703
vn -0.14709473 0.019363403 0.98876953
vn -0.99121094 -0.13049316 -1.3113022E-06
vn -0.6035156 0.07946777 -0.79345703
vn -0.14709473 0.019363403 -0.98876953
vn -0.6035156 0.07946777 0.79345703
vn -0.13708496 0.056762695 0.98876953
vn -0.99121094 0.13049316 -1.3709068E-06
vn -0.5625 0.23303223 -0.79345703
vn -0.13708496 0.056762695 -0.98876953
vn -0.5625 0.23303223 0.79345703
vn -0.11767578 0.09033203 0.98876953
vn -0.9238281 0.38256836 -1.4901161E-06
vn -0.4831543 0.37060547 -0.79345703
vn -0.11767578 0.09033203 -0.98876953
vn -0.4831543 0.37060547 0.79296875
vn -0.09033203 0.11767578 0.98876953
vn -0.79345703 0.6088867 -1.1324883E-06
vn -0.37060547 0.4831543 -0.79345703
vn -0.09033203 0.11767578 -0.98876953
vn -0.37060547 0.4831543 0.79345703
vn -0.056762695 0.13708496 0.98876953
vn -0.6088867 0.79345703 7.1525574E-07
vn -0.23303223 0.5625 -0.79345703
vn -0.056762695 0.13708496 -0.98876953
vn -0.23303223 0.5625 0.79345703
vn -0.019363403 0.14709473 0.98876953
vn -0.38256836 0.9238281 -1.1920929E-07
vn -0.07946777 0.6035156 -0.79345703
vn -0.019363403 0.14709473 -0.98876953
vn -0.07946777 0.6035156 0.79345703
vn 0.019363403 0.14709473 0.98876953
vn -0.13049316 0.99121094 -2.861023E-06
vn 0.07946777 0.6035156 -0.79345703
vn 0.019363403 0.14709473 -0.98876953
vn 0.07946777 0.6035156 0.79345703
vn 0.056762695 0.13708496 0.98876953
vn 0.13049316 0.99121094 -2.3245811E-06
vn 0.23303223 0.5625 -0.79345703
vn 0.056762695 0.13708496 -0.98876953
vn 0.23303223 0.5625 0.79345703
vn 0.09033203 0.11767578 0.98876953
vn 0.38256836 0.9238281 -1.9073486E-06
vn 0.37060547 0.4831543 -0.79345703
vn 0.09033203 0.11767578 -0.98876953
vn 0.37060547 0.4831543 0.79296875
vn 0.11767578 0.09033203 0.98876953
vn 0.6088867 0.79345703 -2.0861626E-06
vn 0.4831543 0.37060547 -0.79345703
vn 0.11767578 0.09033203 -0.98876953
vn 0.4831543 0.37060547 0.79345703
vn 0.13708496 0.056762695 0.98876953
vn 0.79345703 0.6088867 -1.3709068E-06
vn 0.5625 0.23303223 -0.79345703
vn 0.13708496 0.056762695 -0.98876953
vn 0.5625 0.23303223 0.79345703
vn 0.14453125 0.038726807 0.98876953
vn 0.5913086 0.15844727 0.79052734
vn 0.9658203 0.25878906 -1.2516975E-06
vn 0.9238281 0.38256836 -1.2516975E-06
vn 0.5913086 0.15844727 -0.79052734
vn 0.14453125 0.038726807 -0.98876953
vn -0.9238281 0.38256836 0
vn -0.9658203 0.25878906 0
vn -0.9658203 0.25878906 0
vn -0.9238281 0.38256836 0
vn -0.79345703 0.6088867 0
vn -0.79345703 0.6088867 0
vn -0.6088867 0.79345703 9.536743E-07
vn -0.6088867 0.79345703 9.536743E-07
vn -0.38256836 0.9238281 9.536743E-07
vn -0.38256836 0.9238281 9.536743E-07
vn -0.13049316 0.99121094 0
vn -0.13049316 0.99121094 0
vn 0.13049316 0.99121094 0
vn 0.13049316 0.99121094 0
vn 0.38256836 0.9238281 0
vn 0.38256836 0.9238281 0
vn 0.6088867 0.79345703 0
vn 0.6088867 0.79345703 0
vn 0.79345703 0.6088867 -1.4901161E-06
vn 0.79345703 0.6088867 -1.4901161E-06
vn 0.9238281 0.38256836 -1.4901161E-06
vn 0.9238281 0.38256836 -1.4901161E-06
vn 0.99121094 0.13049316 0
vn 0.99121094 0.13049316 0
vn 0.99121094 -0.13049316 1.9073486E-06
vn 0.99121094 -0.13049316 1.9073486E-06
vn 0.9238281 -0.38256836 1.9073486E-06
vn 0.9238281 -0.38256836 1.9073486E-06
vn 0.79345703 -0.6088867 0
vn 0.79345703 -0.6088867 0
vn 0.6088867 -0.79345703 0
vn 0.6088867 -0.79345703 0
vn 0.38256836 -0.9238281 0
vn 0.38256836 -0.9238281 0
vn 0.13049316 -0.99121094 0
vn 0.13049316 -0.99121094 0
vn -0.13049316 -0.99121094 0
vn -0.13049316 -0.99121094 0
vn -0.38256836 -0.9238281 0
vn -0.38256836 -0.9238281 0
vn -0.6088867 -0.79345703 0
vn -0.6088867 -0.79345703 0
vn -0.79345703 -0.6088867 0
vn -0.79345703 -0.6088867 0
vn -0.9238281 -0.38256836 0
vn -0.9238281 -0.38256836 0
vn -0.9658203 -0.25878906 0
vn -0.9658203 -0.25878906 0
vn -0 1 0
vn -0 1 0
vn -0 1 0
vn -0 1 0
vn -0 0.70703125 -0.70703125
vn -0 0.70703125 -0.70703125
vn -0 0.70703125 -0.70703125
vn -0 0.70703125 -0.70703125
vn 0.70703125 0.70703125 0
vn 0.70703125 0.70703125 0
vn 0.70703125 0.70703125 0
vn 0.70703125 0.70703125 0
vn -0 0.70703125 0.70703125
vn -0 0.70703125 0.70703125
vn -0 0.70703125 0.70703125
vn -0 0.70703125 0.70703125
vn 0.70703125 -0.70703125 0
vn 0.70703125 -0.70703125 0
vn 0.70703125 -0.70703125 0
vn 0.70703125 -0.70703125 0
vn -0 -0.70703125 0.70703125
vn -0 -0.70703125 0.70703125
vn -0 -0.70703125 0.70703125
vn -0 -0.70703125 0.70703125
vn -0 -0.70703125 -0.70703125
vn -0 -0.70703125 -0.70703125
vn -0 -0.70703125 -0.70703125
vn -0 -0.70703125 -0.70703125
vn 0.70703125 7.390976E-06 -0.70703125
vn 0.70703125 7.390976E-06 -0.70703125
vn 0.70703125 7.390976E-06 -0.70703125
vn 0.70703125 7.390976E-06 -0.70703125
vn 0.70703125 6.4969063E-06 0.70703125
vn 0.70703125 6.4969063E-06 0.70703125
vn 0.70703125 6.4969063E-06 0.70703125
vn 0.70703125 6.4969063E-06 0.70703125
vn -0 1 0
vn -0 1 0
vn -0 1 0
vn -0 1 0
vn -0 0 -1
vn -0 0 -1
vn -0 0 -1
vn -0 0 -1
vn -0 0 -1
vn -0 0 -1
vn -0 0 -1
vn -0 0 -1
vn -0 0 -1
vn -0 0 -1
vn -0 0 -1
vn -0 0 -1
vn -0 0 -1
vn -0 0 -1
vn -0 0 -1
vn -0 0 -1
vn -0 0 -1
vn -0 0 -1
vn -0 0 -1
vn -0 0 -1
vn -0 0 -1
vn -0 0 -1
vn -0 0 -1
vn -0 0 -1
vn -0 0 -1
vn -0 0 1
vn -0 -3.5762787E-07 1
vn -0 0 1
vn -0 0 1
vn -0 0 1
vn -0 0 1
vn -0 0 1
vn -0 0 1
vn -0 0 1
vn -0 0 1
vn -0 -4.053116E-06 1
vn -0 0 1
vn -0 -4.053116E-06 1
vn -0 0 1
vn -0 0 1
vn -0 0 1
vn -0 0 1
vn -0 0 1
vn -0 0 1
vn -0 0 1
vn -0 0 1
vn -0 0 1
vn -0 0 1
vn -0 0 1
vn -0 0 1
vn -3.9339066E-06 4.053116E-06 -1
vn -4.23193E-06 0 -1
vn -3.9339066E-06 4.053116E-06 -1
vn -4.23193E-06 0 -1
vn -3.3974648E-06 6.1392784E-06 -1
vn -4.23193E-06 0 -1
vn -3.3974648E-06 6.1392784E-06 -1
vn -4.23193E-06 0 -1
vn -2.5629997E-06 4.053116E-06 -1
vn -3.9339066E-06 -1.013279E-06 -1
vn -2.5629997E-06 4.053116E-06 -1
vn -3.9339066E-06 -1.013279E-06 -1
vn -1.6093254E-06 4.053116E-06 -1
vn -3.3974648E-06 -3.0398369E-06 -1
vn -1.6093254E-06 4.053116E-06 -1
vn -3.3974648E-06 -3.0398369E-06 -1
vn -5.364418E-07 4.827976E-06 -1
vn -2.5629997E-06 -4.053116E-06 -1
vn -5.364418E-07 4.827976E-06 -1
vn -2.5629997E-06 -4.053116E-06 -1
vn 5.364418E-07 5.1259995E-06 -1
vn -1.6093254E-06 -3.33786E-06 -1
vn 5.364418E-07 5.1259995E-06 -1
vn -1.6093254E-06 -3.33786E-06 -1
vn 1.6093254E-06 4.827976E-06 -1
vn -5.364418E-07 -3.0398369E-06 -1
vn 1.6093254E-06 4.827976E-06 -1
vn -5.364418E-07 -3.0398369E-06 -1
vn 2.5629997E-06 4.5895576E-06 -1
vn 5.364418E-07 -3.33786E-06 -1
vn 2.5629997E-06 4.5895576E-06 -1
vn 5.364418E-07 -3.33786E-06 -1
vn 3.3974648E-06 4.053116E-06 -1
vn 1.6093254E-06 -3.5762787E-06 -1
vn 3.3974648E-06 4.053116E-06 -1
vn 1.6093254E-06 -3.5762787E-06 -1
vn 3.9339066E-06 2.026558E-06 -1
vn 2.5629997E-06 -4.053116E-06 -1
vn 3.9339066E-06 2.026558E-06 -1
vn 2.5629997E-06 -4.053116E-06 -1
vn 4.23193E-06 0 -1
vn 3.3974648E-06 -2.026558E-06 -1
vn 4.23193E-06 0 -1
vn 3.3974648E-06 -2.026558E-06 -1
vn 4.23193E-06 0 -1
vn 3.9339066E-06 0 -1
vn 4.23193E-06 0 -1
vn 3.9339066E-06 0 -1
vn 0.29467773 -0.3840332 -0.875
vn 0.3840332 -0.29467773 -0.875
vn 0.41210938 -0.3161621 -0.8544922
vn 0.3161621 -0.41210938 -0.8544922
vn 0.18518066 -0.44702148 -0.875
vn 0.47973633 -0.19873047 -0.8544922
vn 0.44702148 -0.18518066 -0.875
vn 0.19873047 -0.47973633 -0.8544922
vn 0.06317139 -0.47973633 -0.875
vn 0.5151367 -0.06781006 -0.8544922
vn 0.47973633 -0.06317139 -0.875
vn 0.06781006 -0.5151367 -0.8544922
vn -0.06317139 -0.47973633 -0.875
vn 0.5151367 0.06781006 -0.8544922
vn 0.47973633 0.06317139 -0.875
vn -0.06781006 -0.5151367 -0.8544922
vn -0.18518066 -0.44702148 -0.875
vn 0.47973633 0.19873047 -0.8544922
vn 0.44702148 0.18518066 -0.875
vn -0.19873047 -0.47973633 -0.8544922
vn -0.29467773 -0.3840332 -0.875
vn 0.41210938 0.3161621 -0.8544922
vn 0.3840332 0.29467773 -0.875
vn -0.3161621 -0.41210938 -0.8544922
vn -0.3840332 -0.29467773 -0.875
vn 0.3161621 0.41210938 -0.8544922
vn 0.29467773 0.3840332 -0.875
vn -0.41210938 -0.3161621 -0.8544922
vn -0.44702148 -0.18518066 -0.875
vn 0.19873047 0.47973633 -0.8544922
vn 0.18518066 0.44702148 -0.875
vn -0.47973633 -0.19873047 -0.8544922
vn -0.47973633 -0.06317139 -0.875
vn 0.06781006 0.5151367 -0.8544922
vn 0.06317139 0.47973633 -0.875
vn -0.5151367 -0.06781006 -0.8544922
vn -0.47973633 0.06317139 -0.875
vn -0.06781006 0.5151367 -0.8544922
vn -0.06317139 0.47973633 -0.875
vn -0.5151367 0.06781006 -0.8544922
vn -0.44702148 0.18518066 -0.875
vn -0.19873047 0.47973633 -0.8544922
vn -0.18518066 0.44702148 -0.875
vn -0.47973633 0.19873047 -0.8544922
vn -0.3840332 0.29467773 -0.875
vn -0.3161621 0.41210938 -0.8544922
vn -0.29467773 0.3840332 -0.875
vn -0.41210938 0.3161621 -0.8544922
vn -0.07989502 0.6069336 -0.79052734
vn -0.23425293 0.5654297 -0.79052734
vn -0.37280273 0.48583984 -0.79052734
vn -0.48583984 0.37280273 -0.79052734
vn -0.5654297 0.23425293 -0.79052734
vn -0.6069336 0.07989502 -0.79052734
vn 0.07989502 0.6069336 -0.79052734
vn -0.6069336 -0.07989502 -0.79052734
vn 0.23425293 0.5654297 -0.79052734
vn -0.5654297 -0.23425293 -0.79052734
vn 0.37280273 0.48583984 -0.79052734
vn -0.48583984 -0.37280273 -0.79052734
vn 0.48583984 0.37280273 -0.79052734
vn -0.37280273 -0.48583984 -0.79052734
vn 0.5654297 0.23425293 -0.79052734
vn -0.23425293 -0.5654297 -0.79052734
vn 0.6069336 0.07989502 -0.79052734
vn -0.07989502 -0.6069336 -0.79052734
vn 0.6069336 -0.07989502 -0.79052734
vn 0.07989502 -0.6069336 -0.79052734
vn 0.5654297 -0.23425293 -0.79052734
vn 0.23425293 -0.5654297 -0.79052734
vn 0.48583984 -0.37280273 -0.79052734
vn 0.37280273 -0.48583984 -0.79052734
vn 0.71484375 0.09411621 -0.6928711
vn 0.71484375 -0.09411621 -0.6928711
vn 0.6660156 -0.2758789 -0.6928711
vn 0.5722656 -0.43896484 -0.6928711
vn 0.43896484 -0.5722656 -0.6928711
vn 0.2758789 -0.6660156 -0.6928711
vn 0.6660156 0.2758789 -0.6928711
vn 0.09411621 -0.71484375 -0.6928711
vn 0.5722656 0.43896484 -0.6928711
vn -0.09411621 -0.71484375 -0.6928711
vn 0.43896484 0.5722656 -0.6928711
vn -0.2758789 -0.6660156 -0.6928711
vn 0.2758789 0.6660156 -0.6928711
vn -0.43896484 -0.5722656 -0.6928711
vn 0.09411621 0.71484375 -0.6928711
vn -0.5722656 -0.43896484 -0.6928711
vn -0.09411621 0.71484375 -0.6928711
vn -0.6660156 -0.2758789 -0.6928711
vn -0.2758789 0.6660156 -0.6928711
vn -0.71484375 -0.09411621 -0.6928711
vn -0.43896484 0.5722656 -0.6928711
vn -0.71484375 0.09411621 -0.6928711
vn -0.5722656 0.43896484 -0.6928711
vn -0.6660156 0.2758789 -0.6928711
vn -0.32006836 0.7729492 -0.54785156
vn -0.50927734 0.6635742 -0.54785156
vn -0.6635742 0.50927734 -0.54785156
vn -0.7729492 0.32006836 -0.54785156
vn -0.82910156 0.109191895 -0.54785156
vn -0.82910156 -0.109191895 -0.54785156
vn -0.109191895 0.82910156 -0.54785156
vn -0.7729492 -0.32006836 -0.54785156
vn 0.109191895 0.82910156 -0.54785156
vn -0.6635742 -0.50927734 -0.54785156
vn 0.32006836 0.7729492 -0.54785156
vn -0.50927734 -0.6635742 -0.54785156
vn 0.50927734 0.6635742 -0.54785156
vn -0.32006836 -0.7729492 -0.54785156
vn 0.6635742 0.50927734 -0.54785156
vn -0.109191895 -0.82910156 -0.54785156
vn 0.7729492 0.32006836 -0.54785156
vn 0.109191895 -0.82910156 -0.54785156
vn 0.82910156 0.109191895 -0.54785156
vn 0.32006836 -0.7729492 -0.54785156
vn 0.82910156 -0.109191895 -0.54785156
vn 0.50927734 -0.6635742 -0.54785156
vn 0.7729492 -0.32006836 -0.54785156
vn 0.6635742 -0.50927734 -0.54785156
vn 0.88427734 0.36621094 -0.29003906
vn 0.94873047 0.124938965 -0.29003906
vn 0.94873047 -0.124938965 -0.29003906
vn 0.88427734 -0.36621094 -0.29003906
vn 0.75927734 -0.58251953 -0.29003906
vn 0.58251953 -0.75927734 -0.29003906
vn 0.75927734 0.58251953 -0.29003906
vn 0.36621094 -0.88427734 -0.29003906
vn 0.58251953 0.75927734 -0.29003906
vn 0.124938965 -0.94873047 -0.29003906
vn 0.36621094 0.88427734 -0.29003906
vn -0.124938965 -0.94873047 -0.29003906
vn 0.124938965 0.94873047 -0.29003906
vn -0.36621094 -0.88427734 -0.29003906
vn -0.124938965 0.94873047 -0.29003906
vn -0.58251953 -0.75927734 -0.29003906
vn -0.36621094 0.88427734 -0.29003906
vn -0.75927734 -0.58251953 -0.29003906
vn -0.58251953 0.75927734 -0.29003906
vn -0.88427734 -0.36621094 -0.29003906
vn -0.75927734 0.58251953 -0.29003906
vn -0.94873047 -0.124938965 -0.29003906
vn -0.88427734 0.36621094 -0.29003906
vn -0.94873047 0.124938965 -0.29003906
vn -0.6044922 0.78808594 -0.11480713
vn -0.38012695 0.91796875 -0.11480713
vn -0.78808594 0.6044922 -0.11480713
vn -0.91796875 0.38012695 -0.11480713
vn -0.12963867 0.9848633 -0.11480713
vn -0.9848633 0.12963867 -0.11480713
vn -0.9848633 -0.12963867 -0.11480713
vn 0.12963867 0.9848633 -0.11480713
vn -0.91796875 -0.38012695 -0.11480713
vn 0.38012695 0.91796875 -0.11480713
vn -0.78808594 -0.6044922 -0.11480713
vn 0.6044922 0.78808594 -0.11480713
vn -0.60498047 -0.78808594 -0.11480713
vn 0.78808594 0.60498047 -0.11480713
vn -0.38012695 -0.91796875 -0.11480713
vn 0.91796875 0.38012695 -0.11480713
vn -0.12963867 -0.9848633 -0.11480713
vn 0.9848633 0.12963867 -0.11480713
vn 0.12963867 -0.9848633 -0.11480713
vn 0.9848633 -0.12963867 -0.11480713
vn 0.38012695 -0.91796875 -0.11480713
vn 0.91796875 -0.38012695 -0.11480713
vn 0.6044922 -0.78808594 -0.11480713
vn 0.78808594 -0.6044922 -0.11480713
vn -2.9563904E-05 1.0311604E-05 1
vn -3.170967E-05 2.9206276E-06 1
vn -3.170967E-05 2.9206276E-06 1
vn -2.9563904E-05 1.0311604E-05 1
vn -3.170967E-05 -2.9206276E-06 1
vn -2.5391579E-05 1.9073486E-05 1
vn -3.170967E-05 -2.9206276E-06 1
vn -2.5391579E-05 1.9073486E-05 1
vn -2.9563904E-05 -1.1742115E-05 1
vn -1.9490719E-05 2.4974346E-05 1
vn -2.9563904E-05 -1.1742115E-05 1
vn -1.9490719E-05 2.4974346E-05 1
vn -2.5391579E-05 -1.9073486E-05 1
vn -1.2218952E-05 2.938509E-05 1
vn -2.5391579E-05 -1.9073486E-05 1
vn -1.2218952E-05 2.938509E-05 1
vn -1.9490719E-05 -2.348423E-05 1
vn -4.172325E-06 3.2305717E-05 1
vn -1.9490719E-05 -2.348423E-05 1
vn -4.172325E-06 3.2305717E-05 1
vn -1.2218952E-05 -2.938509E-05 1
vn 4.172325E-06 3.2126904E-05 1
vn -1.2218952E-05 -2.938509E-05 1
vn 4.172325E-06 3.2126904E-05 1
vn -4.172325E-06 -3.248453E-05 1
vn 1.2218952E-05 3.2126904E-05 1
vn -4.172325E-06 -3.248453E-05 1
vn 1.2218952E-05 3.2126904E-05 1
vn 4.172325E-06 -3.248453E-05 1
vn 1.9490719E-05 2.4974346E-05 1
vn 4.172325E-06 -3.248453E-05 1
vn 1.9490719E-05 2.4974346E-05 1
vn 1.2218952E-05 -3.0875206E-05 1
vn 2.5391579E-05 1.7642975E-05 1
vn 1.2218952E-05 -3.0875206E-05 1
vn 2.5391579E-05 1.7642975E-05 1
vn 1.9490719E-05 -2.4974346E-05 1
vn 2.9563904E-05 1.4662743E-05 1
vn 1.9490719E-05 -2.4974346E-05 1
vn 2.9563904E-05 1.4662743E-05 1
vn 2.5391579E-05 -1.7642975E-05 1
vn 3.170967E-05 5.90086E-06 1
vn 2.5391579E-05 -1.7642975E-05 1
vn 3.170967E-05 5.90086E-06 1
vn 2.9563904E-05 -1.1742115E-05 1
vn 3.170967E-05 -4.4107437E-06 1
vn 2.9563904E-05 -1.1742115E-05 1
vn 3.170967E-05 -4.4107437E-06 1
vn -3.9339066E-06 2.5629997E-06 1
vn -3.9339066E-06 2.5629997E-06 1
vn -4.23193E-06 1.5497208E-06 1
vn -4.23193E-06 1.5497208E-06 1
vn -3.3974648E-06 5.1259995E-06 1
vn -4.23193E-06 -5.364418E-07 1
vn -3.3974648E-06 5.1259995E-06 1
vn -4.23193E-06 -5.364418E-07 1
vn -2.5629997E-06 4.053116E-06 1
vn -3.9339066E-06 -3.5762787E-06 1
vn -2.5629997E-06 4.053116E-06 1
vn -3.9339066E-06 -3.5762787E-06 1
vn -1.6093254E-06 4.053116E-06 1
vn -3.3974648E-06 -3.0398369E-06 1
vn -1.6093254E-06 4.053116E-06 1
vn -3.3974648E-06 -3.0398369E-06 1
vn -5.364418E-07 2.026558E-06 1
vn -2.5629997E-06 -4.053116E-06 1
vn -5.364418E-07 2.026558E-06 1
vn -2.5629997E-06 -4.053116E-06 1
vn 5.364418E-07 2.026558E-06 1
vn -1.6093254E-06 -4.053116E-06 1
vn 5.364418E-07 2.026558E-06 1
vn -1.6093254E-06 -4.053116E-06 1
vn 1.6093254E-06 4.053116E-06 1
vn -5.364418E-07 -2.026558E-06 1
vn 1.6093254E-06 4.053116E-06 1
vn -5.364418E-07 -2.026558E-06 1
vn 2.5629997E-06 3.0398369E-06 1
vn 5.364418E-07 -2.026558E-06 1
vn 2.5629997E-06 3.0398369E-06 1
vn 5.364418E-07 -2.026558E-06 1
vn 3.3974648E-06 3.0398369E-06 1
vn 1.6093254E-06 -6.1392784E-06 1
vn 3.3974648E-06 3.0398369E-06 1
vn 1.6093254E-06 -6.1392784E-06 1
vn 3.9339066E-06 2.5629997E-06 1
vn 2.5629997E-06 -5.1259995E-06 1
vn 3.9339066E-06 2.5629997E-06 1
vn 2.5629997E-06 -5.1259995E-06 1
vn 4.23193E-06 -2.9802322E-07 1
vn 3.3974648E-06 -4.053116E-06 1
vn 4.23193E-06 -2.9802322E-07 1
vn 3.3974648E-06 -4.053116E-06 1
vn 4.23193E-06 -2.9802322E-07 1
vn 3.9339066E-06 -2.5629997E-06 1
vn 4.23193E-06 -2.9802322E-07 1
vn 3.9339066E-06 -2.5629997E-06 1
vn 0.29467773 -0.3840332 0.875
vn 0.41210938 -0.3161621 0.8544922
vn 0.3840332 -0.29467773 0.875
vn 0.3161621 -0.41210938 0.8544922
vn 0.18518066 -0.44702148 0.875
vn 0.47973633 -0.19873047 0.8544922
vn 0.44702148 -0.18518066 0.875
vn 0.19873047 -0.47973633 0.8544922
vn 0.06317139 -0.47973633 0.875
vn 0.5151367 -0.06781006 0.8544922
vn 0.47973633 -0.06317139 0.875
vn 0.06781006 -0.5151367 0.8544922
vn -0.06317139 -0.47973633 0.875
vn 0.5151367 0.06781006 0.8544922
vn 0.47973633 0.06317139 0.875
vn -0.06781006 -0.5151367 0.8544922
vn -0.18518066 -0.44702148 0.875
vn 0.47973633 0.19873047 0.8544922
vn 0.44702148 0.18518066 0.875
vn -0.19873047 -0.47973633 0.8544922
vn -0.29467773 -0.3840332 0.875
vn 0.41210938 0.3161621 0.8544922
vn 0.3840332 0.29467773 0.875
vn -0.3161621 -0.41210938 0.8544922
vn -0.3840332 -0.29467773 0.875
vn 0.3161621 0.41210938 0.8544922
vn 0.29467773 0.3840332 0.875
vn -0.41210938 -0.3161621 0.8544922
vn -0.44702148 -0.18518066 0.875
vn 0.19873047 0.47973633 0.8544922
vn 0.18518066 0.44702148 0.875
vn -0.47973633 -0.19873047 0.8544922
vn -0.47973633 -0.06317139 0.875
vn 0.06781006 0.5151367 0.8544922
vn 0.06317139 0.47973633 0.875
vn -0.5151367 -0.06781006 0.8544922
vn -0.47973633 0.06317139 0.875
vn -0.06781006 0.5151367 0.8544922
vn -0.06317139 0.47973633 0.875
vn -0.5151367 0.06781006 0.8544922
vn -0.44702148 0.18518066 0.875
vn -0.19873047 0.47973633 0.8544922
vn -0.18518066 0.44702148 0.875
vn -0.47973633 0.19873047 0.8544922
vn -0.3840332 0.29467773 0.875
vn -0.3161621 0.41210938 0.8544922
vn -0.29467773 0.3840332 0.875
vn -0.41210938 0.3161621 0.8544922
vn -0.07989502 0.6069336 0.79052734
vn -0.23425293 0.5654297 0.79052734
vn -0.37280273 0.48583984 0.79052734
vn -0.48583984 0.37280273 0.79052734
vn -0.5654297 0.23425293 0.79052734
vn -0.6069336 0.07989502 0.79052734
vn 0.07989502 0.6069336 0.79052734
vn -0.6069336 -0.07989502 0.79052734
vn 0.23425293 0.5654297 0.79052734
vn -0.5654297 -0.23425293 0.79052734
vn 0.37280273 0.48583984 0.79052734
vn -0.48583984 -0.37280273 0.79052734
vn 0.48583984 0.37280273 0.79052734
vn -0.37280273 -0.48583984 0.79052734
vn 0.5654297 0.23425293 0.79052734
vn -0.23425293 -0.5654297 0.79052734
vn 0.6069336 0.07989502 0.79052734
vn -0.07989502 -0.6069336 0.79052734
vn 0.6069336 -0.07989502 0.79052734
vn 0.07989502 -0.6069336 0.79052734
vn 0.5654297 -0.23425293 0.79052734
vn 0.23425293 -0.5654297 0.79052734
vn 0.48583984 -0.37280273 0.79052734
vn 0.37280273 -0.48583984 0.79052734
vn 0.71484375 0.09411621 0.6928711
vn 0.71484375 -0.09411621 0.6928711
vn 0.6660156 -0.2758789 0.6928711
vn 0.5722656 -0.43896484 0.6928711
vn 0.43896484 -0.5722656 0.6928711
vn 0.2758789 -0.6660156 0.6928711
vn 0.6660156 0.2758789 0.6928711
vn 0.09411621 -0.71484375 0.6928711
vn 0.5722656 0.43896484 0.6928711
vn -0.09411621 -0.71484375 0.6928711
vn 0.43896484 0.5722656 0.6928711
vn -0.2758789 -0.6660156 0.6928711
vn 0.2758789 0.6660156 0.6928711
vn -0.43896484 -0.5722656 0.6928711
vn 0.09411621 0.71484375 0.6928711
vn -0.5722656 -0.43896484 0.6928711
vn -0.09411621 0.71484375 0.6928711
vn -0.6660156 -0.2758789 0.6928711
vn -0.2758789 0.6660156 0.6928711
vn -0.71484375 -0.09411621 0.6928711
vn -0.43896484 0.5722656 0.6928711
vn -0.71484375 0.09411621 0.6928711
vn -0.5722656 0.43896484 0.6928711
vn -0.6660156 0.2758789 0.6928711
vn -0.32006836 0.7729492 0.54785156
vn -0.50927734 0.6635742 0.54785156
vn -0.6635742 0.50927734 0.54785156
vn -0.7729492 0.32006836 0.54785156
vn -0.82910156 0.109191895 0.54785156
vn -0.82910156 -0.109191895 0.54785156
vn -0.109191895 0.82910156 0.54785156
vn -0.7729492 -0.32006836 0.54785156
vn 0.109191895 0.82910156 0.54785156
vn -0.6635742 -0.50927734 0.54785156
vn 0.32006836 0.7729492 0.54785156
vn -0.50927734 -0.6635742 0.54785156
vn 0.50927734 0.6635742 0.54785156
vn -0.32006836 -0.7729492 0.54785156
vn 0.6635742 0.50927734 0.54785156
vn -0.109191895 -0.82910156 0.54785156
vn 0.7729492 0.32006836 0.54785156
vn 0.109191895 -0.82910156 0.54785156
vn 0.82910156 0.109191895 0.54785156
vn 0.32006836 -0.7729492 0.54785156
vn 0.82910156 -0.109191895 0.54785156
vn 0.50927734 -0.6635742 0.54785156
vn 0.7729492 -0.32006836 0.54785156
vn 0.6635742 -0.50927734 0.54785156
vn 0.88427734 0.36621094 0.29003906
vn 0.94873047 0.124938965 0.29003906
vn 0.94873047 -0.124938965 0.29003906
vn 0.88427734 -0.36621094 0.29003906
vn 0.75927734 -0.58251953 0.29003906
vn 0.58251953 -0.75927734 0.29003906
vn 0.75927734 0.58251953 0.29003906
vn 0.36621094 -0.88427734 0.29003906
vn 0.58251953 0.75927734 0.29003906
vn 0.124938965 -0.94873047 0.29003906
vn 0.36621094 0.88427734 0.29003906
vn -0.124938965 -0.94873047 0.29003906
vn 0.124938965 0.94873047 0.29003906
vn -0.36621094 -0.88427734 0.29003906
vn -0.124938965 0.94873047 0.29003906
vn -0.58251953 -0.75927734 0.29003906
vn -0.36621094 0.88427734 0.29003906
vn -0.75927734 -0.58251953 0.29003906
vn -0.58251953 0.75927734 0.29003906
vn -0.88427734 -0.36621094 0.29003906
vn -0.75927734 0.58251953 0.29003906
vn -0.94873047 -0.124938965 0.29003906
vn -0.88427734 0.36621094 0.29003906
vn -0.94873047 0.124938965 0.29003906
vn -0.6044922 0.78808594 0.11480713
vn -0.38012695 0.91796875 0.11480713
vn -0.78808594 0.60498047 0.11480713
vn -0.91796875 0.38012695 0.11480713
vn -0.12963867 0.9848633 0.11480713
vn -0.9848633 0.12963867 0.11480713
vn -0.9848633 -0.12963867 0.11480713
vn 0.12963867 0.9848633 0.11480713
vn -0.91796875 -0.38012695 0.11480713
vn 0.38012695 0.91796875 0.11480713
vn -0.78808594 -0.6044922 0.11480713
vn 0.6044922 0.78808594 0.11480713
vn -0.60498047 -0.78808594 0.11480713
vn 0.78808594 0.60498047 0.11480713
vn -0.38012695 -0.91796875 0.11480713
vn 0.91796875 0.38012695 0.11480713
vn -0.12963867 -0.9848633 0.11480713
vn 0.9848633 0.12963867 0.11480713
vn 0.12963867 -0.9848633 0.11480713
vn 0.9848633 -0.12963867 0.11480713
vn 0.38012695 -0.91796875 0.11480713
vn 0.91796875 -0.38012695 0.11480713
vn 0.6044922 -0.78808594 0.11480713
vn 0.78808594 -0.60498047 0.11480713
vn -1.9490719E-05 -2.348423E-05 -1
vn -1.9490719E-05 -2.348423E-05 -1
vn -1.2218952E-05 -3.0875206E-05 -1
vn -2.5391579E-05 -1.835823E-05 -1
vn -1.2218952E-05 -3.0875206E-05 -1
vn -2.5391579E-05 -1.835823E-05 -1
vn -4.172325E-06 -3.2305717E-05 -1
vn -2.9563904E-05 -1.2874603E-05 -1
vn -4.172325E-06 -3.2305717E-05 -1
vn -2.9563904E-05 -1.2874603E-05 -1
vn 4.172325E-06 -3.2305717E-05 -1
vn -3.170967E-05 -3.2186508E-06 -1
vn 4.172325E-06 -3.2305717E-05 -1
vn -3.170967E-05 -3.2186508E-06 -1
vn 1.2218952E-05 -3.0875206E-05 -1
vn -3.170967E-05 3.33786E-06 -1
vn 1.2218952E-05 -3.0875206E-05 -1
vn -3.170967E-05 3.33786E-06 -1
vn 1.9490719E-05 -2.4974346E-05 -1
vn -2.9563904E-05 1.1384487E-05 -1
vn 1.9490719E-05 -2.4974346E-05 -1
vn -2.9563904E-05 1.1384487E-05 -1
vn 2.5391579E-05 -1.835823E-05 -1
vn -2.5391579E-05 1.835823E-05 -1
vn 2.5391579E-05 -1.835823E-05 -1
vn -2.5391579E-05 1.835823E-05 -1
vn 2.9563904E-05 -1.2874603E-05 -1
vn -1.9490719E-05 2.4974346E-05 -1
vn 2.9563904E-05 -1.2874603E-05 -1
vn -1.9490719E-05 2.4974346E-05 -1
vn 3.170967E-05 -4.827976E-06 -1
vn -1.2218952E-05 3.0875206E-05 -1
vn 3.170967E-05 -4.827976E-06 -1
vn -1.2218952E-05 3.0875206E-05 -1
vn 3.170967E-05 4.708767E-06 -1
vn -4.172325E-06 3.2305717E-05 -1
vn 3.170967E-05 4.708767E-06 -1
vn -4.172325E-06 3.2305717E-05 -1
vn 2.9563904E-05 1.2874603E-05 -1
vn 4.172325E-06 3.2305717E-05 -1
vn 2.9563904E-05 1.2874603E-05 -1
vn 4.172325E-06 3.2305717E-05 -1
vn 2.5391579E-05 1.6868114E-05 -1
vn 1.2218952E-05 3.2305717E-05 -1
vn 2.5391579E-05 1.6868114E-05 -1
vn 1.2218952E-05 3.2305717E-05 -1
vn 1.9490719E-05 2.4974346E-05 -1
vn 1.9490719E-05 2.4974346E-05 -1
g Menu_Clipboard_0
f 3/3/3 2/2/2 1/1/1
f 6/6/6 5/5/5 4/4/4
f 9/9/9 8/8/8 7/7/7
f 12/12/12 11/11/11 10/10/10
f 15/15/15 14/14/14 13/13/13
f 14/14/14 16/16/16 13/13/13
f 13/13/13 16/16/16 17/17/17
f 16/16/16 18/18/18 17/17/17
f 17/17/17 18/18/18 19/19/19
f 18/18/18 20/20/20 19/19/19
f 19/19/19 20/20/20 21/21/21
f 20/20/20 22/22/22 21/21/21
f 21/21/21 22/22/22 23/23/23
f 22/22/22 24/24/24 23/23/23
f 23/23/23 24/24/24 25/25/25
f 24/24/24 26/26/26 25/25/25
f 25/25/25 26/26/26 27/27/27
f 26/26/26 28/28/28 27/27/27
f 27/27/27 28/28/28 29/29/29
f 28/28/28 30/30/30 29/29/29
f 29/29/29 30/30/30 31/31/31
f 30/30/30 32/32/32 31/31/31
f 31/31/31 32/32/32 33/33/33
f 32/32/32 34/34/34 33/33/33
f 33/33/33 34/34/34 35/35/35
f 34/34/34 36/36/36 35/35/35
f 35/35/35 36/36/36 37/37/37
f 36/36/36 38/38/38 37/37/37
f 37/37/37 38/38/38 39/39/39
f 38/38/38 40/40/40 39/39/39
f 39/39/39 40/40/40 41/41/41
f 40/40/40 42/42/42 41/41/41
f 41/41/41 42/42/42 43/43/43
f 42/42/42 44/44/44 43/43/43
f 43/43/43 44/44/44 45/45/45
f 44/44/44 46/46/46 45/45/45
f 45/45/45 46/46/46 47/47/47
f 46/46/46 48/48/48 47/47/47
f 47/47/47 48/48/48 49/49/49
f 48/48/48 50/50/50 49/49/49
f 49/49/49 50/50/50 51/51/51
f 50/50/50 52/52/52 51/51/51
f 51/51/51 52/52/52 53/53/53
f 52/52/52 54/54/54 53/53/53
f 53/53/53 54/54/54 55/55/55
f 54/54/54 56/56/56 55/55/55
f 55/55/55 56/56/56 57/57/57
f 56/56/56 58/58/58 57/57/57
f 57/57/57 58/58/58 59/59/59
f 58/58/58 60/60/60 59/59/59
f 59/59/59 60/60/60 61/61/61
f 60/60/60 62/62/62 61/61/61
f 65/65/65 64/64/64 63/63/63
f 64/64/64 66/66/66 63/63/63
f 63/63/63 66/66/66 67/67/67
f 66/66/66 68/68/68 67/67/67
f 67/67/67 68/68/68 69/69/69
f 68/68/68 70/70/70 69/69/69
f 69/69/69 70/70/70 71/71/71
f 70/70/70 72/72/72 71/71/71
f 71/71/71 72/72/72 73/73/73
f 72/72/72 74/74/74 73/73/73
f 73/73/73 74/74/74 75/75/75
f 74/74/74 76/76/76 75/75/75
f 75/75/75 76/76/76 77/77/77
f 76/76/76 78/78/78 77/77/77
f 77/77/77 78/78/78 79/79/79
f 78/78/78 80/80/80 79/79/79
f 79/79/79 80/80/80 81/81/81
f 80/80/80 82/82/82 81/81/81
f 81/81/81 82/82/82 83/83/83
f 82/82/82 84/84/84 83/83/83
f 83/83/83 84/84/84 85/85/85
f 84/84/84 86/86/86 85/85/85
f 85/85/85 86/86/86 87/87/87
f 86/86/86 88/88/88 87/87/87
f 87/87/87 88/88/88 89/89/89
f 88/88/88 90/90/90 89/89/89
f 89/89/89 90/90/90 91/91/91
f 90/90/90 92/92/92 91/91/91
f 91/91/91 92/92/92 93/93/93
f 92/92/92 94/94/94 93/93/93
f 93/93/93 94/94/94 95/95/95
f 94/94/94 96/96/96 95/95/95
f 95/95/95 96/96/96 97/97/97
f 96/96/96 98/98/98 97/97/97
f 97/97/97 98/98/98 99/99/99
f 98/98/98 100/100/100 99/99/99
f 99/99/99 100/100/100 101/101/101
f 100/100/100 102/102/102 101/101/101
f 101/101/101 102/102/102 103/103/103
f 102/102/102 104/104/104 103/103/103
f 103/103/103 104/104/104 105/105/105
f 104/104/104 106/106/106 105/105/105
f 105/105/105 106/106/106 107/107/107
f 106/106/106 108/108/108 107/107/107
f 107/107/107 108/108/108 109/109/109
f 108/108/108 110/110/110 109/109/109
f 109/109/109 110/110/110 111/111/111
f 110/110/110 112/112/112 111/111/111
f 115/115/115 114/114/114 113/113/113
f 116/116/116 115/115/115 113/113/113
f 117/117/117 115/115/115 116/116/116
f 118/118/118 117/117/117 116/116/116
f 119/119/119 117/117/117 118/118/118
f 120/120/120 119/119/119 118/118/118
f 121/121/121 119/119/119 120/120/120
f 122/122/122 121/121/121 120/120/120
f 123/123/123 121/121/121 122/122/122
f 124/124/124 123/123/123 122/122/122
f 125/125/125 123/123/123 124/124/124
f 126/126/126 125/125/125 124/124/124
f 127/127/127 125/125/125 126/126/126
f 128/128/128 127/127/127 126/126/126
f 129/129/129 127/127/127 128/128/128
f 130/130/130 129/129/129 128/128/128
f 131/131/131 129/129/129 130/130/130
f 132/132/132 131/131/131 130/130/130
f 133/133/133 131/131/131 132/132/132
f 134/134/134 133/133/133 132/132/132
f 135/135/135 133/133/133 134/134/134
f 136/136/136 135/135/135 134/134/134
f 137/137/137 135/135/135 136/136/136
f 138/138/138 137/137/137 136/136/136
f 139/139/139 137/137/137 138/138/138
f 140/140/140 139/139/139 138/138/138
f 141/141/141 139/139/139 140/140/140
f 142/142/142 141/141/141 140/140/140
f 143/143/143 141/141/141 142/142/142
f 144/144/144 143/143/143 142/142/142
f 145/145/145 143/143/143 144/144/144
f 146/146/146 145/145/145 144/144/144
f 147/147/147 145/145/145 146/146/146
f 148/148/148 147/147/147 146/146/146
f 149/149/149 147/147/147 148/148/148
f 150/150/150 149/149/149 148/148/148
f 151/151/151 149/149/149 150/150/150
f 152/152/152 151/151/151 150/150/150
f 153/153/153 151/151/151 152/152/152
f 154/154/154 153/153/153 152/152/152
f 155/155/155 153/153/153 154/154/154
f 156/156/156 155/155/155 154/154/154
f 157/157/157 155/155/155 156/156/156
f 158/158/158 157/157/157 156/156/156
f 159/159/159 157/157/157 158/158/158
f 160/160/160 159/159/159 158/158/158
f 163/163/163 162/162/162 161/161/161
f 164/164/164 163/163/163 161/161/161
f 164/164/164 161/161/161 165/165/165
f 166/166/166 164/164/164 165/165/165
f 166/166/166 165/165/165 167/167/167
f 168/168/168 166/166/166 167/167/167
f 168/168/168 167/167/167 169/169/169
f 170/170/170 168/168/168 169/169/169
f 170/170/170 169/169/169 171/171/171
f 172/172/172 170/170/170 171/171/171
f 172/172/172 171/171/171 173/173/173
f 174/174/174 172/172/172 173/173/173
f 174/174/174 173/173/173 175/175/175
f 176/176/176 174/174/174 175/175/175
f 176/176/176 175/175/175 177/177/177
f 178/178/178 176/176/176 177/177/177
f 178/178/178 177/177/177 179/179/179
f 180/180/180 178/178/178 179/179/179
f 180/180/180 179/179/179 181/181/181
f 182/182/182 180/180/180 181/181/181
f 182/182/182 181/181/181 183/183/183
f 184/184/184 182/182/182 183/183/183
f 184/184/184 183/183/183 185/185/185
f 186/186/186 184/184/184 185/185/185
f 186/186/186 185/185/185 187/187/187
f 188/188/188 186/186/186 187/187/187
f 188/188/188 187/187/187 189/189/189
f 190/190/190 188/188/188 189/189/189
f 190/190/190 189/189/189 191/191/191
f 192/192/192 190/190/190 191/191/191
f 192/192/192 191/191/191 193/193/193
f 194/194/194 192/192/192 193/193/193
f 194/194/194 193/193/193 195/195/195
f 196/196/196 194/194/194 195/195/195
f 196/196/196 195/195/195 197/197/197
f 198/198/198 196/196/196 197/197/197
f 198/198/198 197/197/197 199/199/199
f 200/200/200 198/198/198 199/199/199
f 200/200/200 199/199/199 201/201/201
f 202/202/202 200/200/200 201/201/201
f 202/202/202 201/201/201 203/203/203
f 204/204/204 202/202/202 203/203/203
f 204/204/204 203/203/203 205/205/205
f 206/206/206 204/204/204 205/205/205
f 206/206/206 205/205/205 207/207/207
f 208/208/208 206/206/206 207/207/207
f 208/208/208 207/207/207 209/209/209
f 210/210/210 208/208/208 209/209/209
f 213/213/213 212/212/212 211/211/211
f 214/214/214 213/213/213 211/211/211
f 214/214/214 211/211/211 215/215/215
f 216/216/216 214/214/214 215/215/215
f 216/216/216 215/215/215 217/217/217
f 218/218/218 216/216/216 217/217/217
f 218/218/218 217/217/217 219/219/219
f 220/220/220 218/218/218 219/219/219
f 220/220/220 219/219/219 221/221/221
f 222/222/222 220/220/220 221/221/221
f 222/222/222 221/221/221 223/223/223
f 224/224/224 222/222/222 223/223/223
f 224/224/224 223/223/223 225/225/225
f 226/226/226 224/224/224 225/225/225
f 226/226/226 225/225/225 227/227/227
f 228/228/228 226/226/226 227/227/227
f 228/228/228 227/227/227 229/229/229
f 230/230/230 228/228/228 229/229/229
f 230/230/230 229/229/229 231/231/231
f 232/232/232 230/230/230 231/231/231
f 232/232/232 231/231/231 233/233/233
f 234/234/234 232/232/232 233/233/233
f 234/234/234 233/233/233 235/235/235
f 236/236/236 234/234/234 235/235/235
f 236/236/236 235/235/235 237/237/237
f 238/238/238 236/236/236 237/237/237
f 238/238/238 237/237/237 239/239/239
f 240/240/240 238/238/238 239/239/239
f 240/240/240 239/239/239 241/241/241
f 242/242/242 240/240/240 241/241/241
f 242/242/242 241/241/241 243/243/243
f 244/244/244 242/242/242 243/243/243
f 244/244/244 243/243/243 245/245/245
f 246/246/246 244/244/244 245/245/245
f 246/246/246 245/245/245 247/247/247
f 248/248/248 246/246/246 247/247/247
f 248/248/248 247/247/247 249/249/249
f 250/250/250 248/248/248 249/249/249
f 250/250/250 249/249/249 251/251/251
f 252/252/252 250/250/250 251/251/251
f 252/252/252 251/251/251 253/253/253
f 254/254/254 252/252/252 253/253/253
f 254/254/254 253/253/253 255/255/255
f 256/256/256 254/254/254 255/255/255
f 256/256/256 255/255/255 257/257/257
f 258/258/258 256/256/256 257/257/257
f 258/258/258 257/257/257 259/259/259
f 260/260/260 258/258/258 259/259/259
f 263/263/263 262/262/262 261/261/261
f 264/264/264 263/263/263 261/261/261
f 267/267/267 266/266/266 265/265/265
f 268/268/268 267/267/267 265/265/265
f 271/271/271 270/270/270 269/269/269
f 272/272/272 271/271/271 269/269/269
f 275/275/275 274/274/274 273/273/273
f 276/276/276 275/275/275 273/273/273
f 279/279/279 278/278/278 277/277/277
f 278/278/278 280/280/280 277/277/277
f 278/278/278 281/281/281 280/280/280
f 277/277/277 280/280/280 282/282/282
f 283/283/283 277/277/277 282/282/282
f 281/281/281 284/284/284 280/280/280
f 281/281/281 285/285/285 284/284/284
f 282/282/282 280/280/280 286/286/286
f 280/280/280 284/284/284 286/286/286
f 283/283/283 282/282/282 287/287/287
f 288/288/288 283/283/283 287/287/287
f 289/289/289 288/288/288 287/287/287
f 290/290/290 289/289/289 287/287/287
f 287/287/287 282/282/282 291/291/291
f 290/290/290 287/287/287 291/291/291
f 282/282/282 286/286/286 291/291/291
f 292/292/292 290/290/290 291/291/291
f 292/292/292 291/291/291 293/293/293
f 291/291/291 286/286/286 293/293/293
f 294/294/294 292/292/292 293/293/293
f 285/285/285 295/295/295 284/284/284
f 285/285/285 296/296/296 295/295/295
f 286/286/286 284/284/284 297/297/297
f 286/286/286 297/297/297 293/293/293
f 284/284/284 295/295/295 297/297/297
f 294/294/294 293/293/293 298/298/298
f 293/293/293 297/297/297 298/298/298
f 299/299/299 294/294/294 298/298/298
f 296/296/296 300/300/300 295/295/295
f 296/296/296 301/301/301 300/300/300
f 297/297/297 295/295/295 302/302/302
f 297/297/297 302/302/302 298/298/298
f 295/295/295 300/300/300 302/302/302
f 299/299/299 298/298/298 303/303/303
f 298/298/298 302/302/302 303/303/303
f 304/304/304 299/299/299 303/303/303
f 301/301/301 305/305/305 300/300/300
f 301/301/301 306/306/306 305/305/305
f 302/302/302 300/300/300 307/307/307
f 302/302/302 307/307/307 303/303/303
f 300/300/300 305/305/305 307/307/307
f 304/304/304 303/303/303 308/308/308
f 303/303/303 307/307/307 308/308/308
f 309/309/309 304/304/304 308/308/308
f 306/306/306 310/310/310 305/305/305
f 306/306/306 311/311/311 310/310/310
f 307/307/307 305/305/305 312/312/312
f 307/307/307 312/312/312 308/308/308
f 305/305/305 310/310/310 312/312/312
f 309/309/309 308/308/308 313/313/313
f 308/308/308 312/312/312 313/313/313
f 314/314/314 309/309/309 313/313/313
f 311/311/311 315/315/315 310/310/310
f 311/311/311 316/316/316 315/315/315
f 312/312/312 310/310/310 317/317/317
f 312/312/312 317/317/317 313/313/313
f 310/310/310 315/315/315 317/317/317
f 314/314/314 313/313/313 318/318/318
f 313/313/313 317/317/317 318/318/318
f 319/319/319 314/314/314 318/318/318
f 316/316/316 320/320/320 315/315/315
f 316/316/316 321/321/321 320/320/320
f 317/317/317 315/315/315 322/322/322
f 317/317/317 322/322/322 318/318/318
f 315/315/315 320/320/320 322/322/322
f 319/319/319 318/318/318 323/323/323
f 318/318/318 322/322/322 323/323/323
f 324/324/324 319/319/319 323/323/323
f 321/321/321 325/325/325 320/320/320
f 321/321/321 326/326/326 325/325/325
f 322/322/322 320/320/320 327/327/327
f 322/322/322 327/327/327 323/323/323
f 320/320/320 325/325/325 327/327/327
f 324/324/324 323/323/323 328/328/328
f 323/323/323 327/327/327 328/328/328
f 329/329/329 324/324/324 328/328/328
f 326/326/326 330/330/330 325/325/325
f 326/326/326 331/331/331 330/330/330
f 327/327/327 325/325/325 332/332/332
f 327/327/327 332/332/332 328/328/328
f 325/325/325 330/330/330 332/332/332
f 329/329/329 328/328/328 333/333/333
f 328/328/328 332/332/332 333/333/333
f 334/334/334 329/329/329 333/333/333
f 331/331/331 335/335/335 330/330/330
f 331/331/331 336/336/336 335/335/335
f 332/332/332 330/330/330 337/337/337
f 332/332/332 337/337/337 333/333/333
f 330/330/330 335/335/335 337/337/337
f 334/334/334 333/333/333 338/338/338
f 333/333/333 337/337/337 338/338/338
f 339/339/339 334/334/334 338/338/338
f 336/336/336 340/340/340 335/335/335
f 336/336/336 341/341/341 340/340/340
f 337/337/337 335/335/335 342/342/342
f 337/337/337 342/342/342 338/338/338
f 335/335/335 340/340/340 342/342/342
f 339/339/339 338/338/338 343/343/343
f 338/338/338 342/342/342 343/343/343
f 344/344/344 339/339/339 343/343/343
f 341/341/341 345/345/345 340/340/340
f 341/341/341 346/346/346 345/345/345
f 342/342/342 340/340/340 347/347/347
f 342/342/342 347/347/347 343/343/343
f 340/340/340 345/345/345 347/347/347
f 344/344/344 343/343/343 348/348/348
f 343/343/343 347/347/347 348/348/348
f 349/349/349 344/344/344 348/348/348
f 346/346/346 350/350/350 345/345/345
f 346/346/346 351/351/351 350/350/350
f 347/347/347 345/345/345 352/352/352
f 347/347/347 352/352/352 348/348/348
f 345/345/345 350/350/350 352/352/352
f 349/349/349 348/348/348 353/353/353
f 348/348/348 352/352/352 353/353/353
f 354/354/354 349/349/349 353/353/353
f 351/351/351 355/355/355 350/350/350
f 351/351/351 356/356/356 355/355/355
f 352/352/352 350/350/350 357/357/357
f 352/352/352 357/357/357 353/353/353
f 350/350/350 355/355/355 357/357/357
f 354/354/354 353/353/353 358/358/358
f 353/353/353 357/357/357 358/358/358
f 359/359/359 354/354/354 358/358/358
f 356/356/356 360/360/360 355/355/355
f 356/356/356 361/361/361 360/360/360
f 357/357/357 355/355/355 362/362/362
f 357/357/357 362/362/362 358/358/358
f 355/355/355 360/360/360 362/362/362
f 359/359/359 358/358/358 363/363/363
f 358/358/358 362/362/362 363/363/363
f 364/364/364 359/359/359 363/363/363
f 361/361/361 365/365/365 360/360/360
f 361/361/361 366/366/366 365/365/365
f 362/362/362 360/360/360 367/367/367
f 362/362/362 367/367/367 363/363/363
f 360/360/360 365/365/365 367/367/367
f 364/364/364 363/363/363 368/368/368
f 363/363/363 367/367/367 368/368/368
f 369/369/369 364/364/364 368/368/368
f 366/366/366 370/370/370 365/365/365
f 366/366/366 371/371/371 370/370/370
f 367/367/367 365/365/365 372/372/372
f 367/367/367 372/372/372 368/368/368
f 365/365/365 370/370/370 372/372/372
f 369/369/369 368/368/368 373/373/373
f 368/368/368 372/372/372 373/373/373
f 374/374/374 369/369/369 373/373/373
f 371/371/371 375/375/375 370/370/370
f 371/371/371 376/376/376 375/375/375
f 372/372/372 370/370/370 377/377/377
f 372/372/372 377/377/377 373/373/373
f 370/370/370 375/375/375 377/377/377
f 374/374/374 373/373/373 378/378/378
f 373/373/373 377/377/377 378/378/378
f 379/379/379 374/374/374 378/378/378
f 376/376/376 380/380/380 375/375/375
f 376/376/376 381/381/381 380/380/380
f 377/377/377 375/375/375 382/382/382
f 377/377/377 382/382/382 378/378/378
f 375/375/375 380/380/380 382/382/382
f 379/379/379 378/378/378 383/383/383
f 378/378/378 382/382/382 383/383/383
f 384/384/384 379/379/379 383/383/383
f 381/381/381 385/385/385 380/380/380
f 381/381/381 386/386/386 385/385/385
f 382/382/382 380/380/380 387/387/387
f 382/382/382 387/387/387 383/383/383
f 380/380/380 385/385/385 387/387/387
f 384/384/384 383/383/383 388/388/388
f 383/383/383 387/387/387 388/388/388
f 389/389/389 384/384/384 388/388/388
f 386/386/386 390/390/390 385/385/385
f 386/386/386 391/391/391 390/390/390
f 391/391/391 392/392/392 390/390/390
f 390/390/390 392/392/392 393/393/393
f 387/387/387 385/385/385 394/394/394
f 385/385/385 390/390/390 394/394/394
f 394/394/394 390/390/390 393/393/393
f 387/387/387 394/394/394 388/388/388
f 394/394/394 393/393/393 395/395/395
f 388/388/388 394/394/394 395/395/395
f 389/389/389 388/388/388 395/395/395
f 396/396/396 389/389/389 395/395/395
f 399/399/399 398/398/398 397/397/397
f 400/400/400 399/399/399 397/397/397
f 400/400/400 397/397/397 401/401/401
f 402/402/402 400/400/400 401/401/401
f 402/402/402 401/401/401 403/403/403
f 404/404/404 402/402/402 403/403/403
f 404/404/404 403/403/403 405/405/405
f 406/406/406 404/404/404 405/405/405
f 406/406/406 405/405/405 407/407/407
f 408/408/408 406/406/406 407/407/407
f 408/408/408 407/407/407 409/409/409
f 410/410/410 408/408/408 409/409/409
f 410/410/410 409/409/409 411/411/411
f 412/412/412 410/410/410 411/411/411
f 412/412/412 411/411/411 413/413/413
f 414/414/414 412/412/412 413/413/413
f 414/414/414 413/413/413 415/415/415
f 416/416/416 414/414/414 415/415/415
f 416/416/416 415/415/415 417/417/417
f 418/418/418 416/416/416 417/417/417
f 418/418/418 417/417/417 419/419/419
f 420/420/420 418/418/418 419/419/419
f 420/420/420 419/419/419 421/421/421
f 422/422/422 420/420/420 421/421/421
f 422/422/422 421/421/421 423/423/423
f 424/424/424 422/422/422 423/423/423
f 424/424/424 423/423/423 425/425/425
f 426/426/426 424/424/424 425/425/425
f 426/426/426 425/425/425 427/427/427
f 428/428/428 426/426/426 427/427/427
f 428/428/428 427/427/427 429/429/429
f 430/430/430 428/428/428 429/429/429
f 430/430/430 429/429/429 431/431/431
f 432/432/432 430/430/430 431/431/431
f 432/432/432 431/431/431 433/433/433
f 434/434/434 432/432/432 433/433/433
f 434/434/434 433/433/433 435/435/435
f 436/436/436 434/434/434 435/435/435
f 436/436/436 435/435/435 437/437/437
f 438/438/438 436/436/436 437/437/437
f 438/438/438 437/437/437 439/439/439
f 440/440/440 438/438/438 439/439/439
f 440/440/440 439/439/439 441/441/441
f 442/442/442 440/440/440 441/441/441
f 442/442/442 441/441/441 443/443/443
f 444/444/444 442/442/442 443/443/443
f 447/447/447 446/446/446 445/445/445
f 446/446/446 448/448/448 445/445/445
f 446/446/446 449/449/449 448/448/448
f 445/445/445 448/448/448 450/450/450
f 451/451/451 445/445/445 450/450/450
f 449/449/449 452/452/452 448/448/448
f 449/449/449 453/453/453 452/452/452
f 450/450/450 448/448/448 454/454/454
f 448/448/448 452/452/452 454/454/454
f 451/451/451 450/450/450 455/455/455
f 456/456/456 451/451/451 455/455/455
f 457/457/457 456/456/456 455/455/455
f 458/458/458 457/457/457 455/455/455
f 455/455/455 450/450/450 459/459/459
f 458/458/458 455/455/455 459/459/459
f 450/450/450 454/454/454 459/459/459
f 460/460/460 458/458/458 459/459/459
f 460/460/460 459/459/459 461/461/461
f 459/459/459 454/454/454 461/461/461
f 462/462/462 460/460/460 461/461/461
f 453/453/453 463/463/463 452/452/452
f 453/453/453 464/464/464 463/463/463
f 454/454/454 452/452/452 465/465/465
f 454/454/454 465/465/465 461/461/461
f 452/452/452 463/463/463 465/465/465
f 462/462/462 461/461/461 466/466/466
f 461/461/461 465/465/465 466/466/466
f 467/467/467 462/462/462 466/466/466
f 464/464/464 468/468/468 463/463/463
f 464/464/464 469/469/469 468/468/468
f 465/465/465 463/463/463 470/470/470
f 465/465/465 470/470/470 466/466/466
f 463/463/463 468/468/468 470/470/470
f 467/467/467 466/466/466 471/471/471
f 466/466/466 470/470/470 471/471/471
f 472/472/472 467/467/467 471/471/471
f 469/469/469 473/473/473 468/468/468
f 469/469/469 474/474/474 473/473/473
f 470/470/470 468/468/468 475/475/475
f 470/470/470 475/475/475 471/471/471
f 468/468/468 473/473/473 475/475/475
f 472/472/472 471/471/471 476/476/476
f 471/471/471 475/475/475 476/476/476
f 477/477/477 472/472/472 476/476/476
f 474/474/474 478/478/478 473/473/473
f 474/474/474 479/479/479 478/478/478
f 475/475/475 473/473/473 480/480/480
f 475/475/475 480/480/480 476/476/476
f 473/473/473 478/478/478 480/480/480
f 477/477/477 476/476/476 481/481/481
f 476/476/476 480/480/480 481/481/481
f 482/482/482 477/477/477 481/481/481
f 479/479/479 483/483/483 478/478/478
f 479/479/479 484/484/484 483/483/483
f 480/480/480 478/478/478 485/485/485
f 480/480/480 485/485/485 481/481/481
f 478/478/478 483/483/483 485/485/485
f 482/482/482 481/481/481 486/486/486
f 481/481/481 485/485/485 486/486/486
f 487/487/487 482/482/482 486/486/486
f 484/484/484 488/488/488 483/483/483
f 484/484/484 489/489/489 488/488/488
f 485/485/485 483/483/483 490/490/490
f 485/485/485 490/490/490 486/486/486
f 483/483/483 488/488/488 490/490/490
f 487/487/487 486/486/486 491/491/491
f 486/486/486 490/490/490 491/491/491
f 492/492/492 487/487/487 491/491/491
f 489/489/489 493/493/493 488/488/488
f 489/489/489 494/494/494 493/493/493
f 490/490/490 488/488/488 495/495/495
f 490/490/490 495/495/495 491/491/491
f 488/488/488 493/493/493 495/495/495
f 492/492/492 491/491/491 496/496/496
f 491/491/491 495/495/495 496/496/496
f 497/497/497 492/492/492 496/496/496
f 494/494/494 498/498/498 493/493/493
f 494/494/494 499/499/499 498/498/498
f 495/495/495 493/493/493 500/500/500
f 495/495/495 500/500/500 496/496/496
f 493/493/493 498/498/498 500/500/500
f 497/497/497 496/496/496 501/501/501
f 496/496/496 500/500/500 501/501/501
f 502/502/502 497/497/497 501/501/501
f 499/499/499 503/503/503 498/498/498
f 499/499/499 504/504/504 503/503/503
f 500/500/500 498/498/498 505/505/505
f 500/500/500 505/505/505 501/501/501
f 498/498/498 503/503/503 505/505/505
f 502/502/502 501/501/501 506/506/506
f 501/501/501 505/505/505 506/506/506
f 507/507/507 502/502/502 506/506/506
f 504/504/504 508/508/508 503/503/503
f 504/504/504 509/509/509 508/508/508
f 505/505/505 503/503/503 510/510/510
f 505/505/505 510/510/510 506/506/506
f 503/503/503 508/508/508 510/510/510
f 507/507/507 506/506/506 511/511/511
f 506/506/506 510/510/510 511/511/511
f 512/512/512 507/507/507 511/511/511
f 509/509/509 513/513/513 508/508/508
f 509/509/509 514/514/514 513/513/513
f 510/510/510 508/508/508 515/515/515
f 510/510/510 515/515/515 511/511/511
f 508/508/508 513/513/513 515/515/515
f 512/512/512 511/511/511 516/516/516
f 511/511/511 515/515/515 516/516/516
f 517/517/517 512/512/512 516/516/516
f 514/514/514 518/518/518 513/513/513
f 514/514/514 519/519/519 518/518/518
f 515/515/515 513/513/513 520/520/520
f 515/515/515 520/520/520 516/516/516
f 513/513/513 518/518/518 520/520/520
f 517/517/517 516/516/516 521/521/521
f 516/516/516 520/520/520 521/521/521
f 522/522/522 517/517/517 521/521/521
f 519/519/519 523/523/523 518/518/518
f 519/519/519 524/524/524 523/523/523
f 520/520/520 518/518/518 525/525/525
f 520/520/520 525/525/525 521/521/521
f 518/518/518 523/523/523 525/525/525
f 522/522/522 521/521/521 526/526/526
f 521/521/521 525/525/525 526/526/526
f 527/527/527 522/522/522 526/526/526
f 524/524/524 528/528/528 523/523/523
f 524/524/524 529/529/529 528/528/528
f 525/525/525 523/523/523 530/530/530
f 525/525/525 530/530/530 526/526/526
f 523/523/523 528/528/528 530/530/530
f 527/527/527 526/526/526 531/531/531
f 526/526/526 530/530/530 531/531/531
f 532/532/532 527/527/527 531/531/531
f 529/529/529 533/533/533 528/528/528
f 529/529/529 534/534/534 533/533/533
f 530/530/530 528/528/528 535/535/535
f 530/530/530 535/535/535 531/531/531
f 528/528/528 533/533/533 535/535/535
f 532/532/532 531/531/531 536/536/536
f 531/531/531 535/535/535 536/536/536
f 537/537/537 532/532/532 536/536/536
f 534/534/534 538/538/538 533/533/533
f 534/534/534 539/539/539 538/538/538
f 535/535/535 533/533/533 540/540/540
f 535/535/535 540/540/540 536/536/536
f 533/533/533 538/538/538 540/540/540
f 537/537/537 536/536/536 541/541/541
f 536/536/536 540/540/540 541/541/541
f 542/542/542 537/537/537 541/541/541
f 539/539/539 543/543/543 538/538/538
f 539/539/539 544/544/544 543/543/543
f 540/540/540 538/538/538 545/545/545
f 540/540/540 545/545/545 541/541/541
f 538/538/538 543/543/543 545/545/545
f 542/542/542 541/541/541 546/546/546
f 541/541/541 545/545/545 546/546/546
f 547/547/547 542/542/542 546/546/546
f 544/544/544 548/548/548 543/543/543
f 544/544/544 549/549/549 548/548/548
f 545/545/545 543/543/543 550/550/550
f 545/545/545 550/550/550 546/546/546
f 543/543/543 548/548/548 550/550/550
f 547/547/547 546/546/546 551/551/551
f 546/546/546 550/550/550 551/551/551
f 552/552/552 547/547/547 551/551/551
f 549/549/549 553/553/553 548/548/548
f 549/549/549 554/554/554 553/553/553
f 550/550/550 548/548/548 555/555/555
f 550/550/550 555/555/555 551/551/551
f 548/548/548 553/553/553 555/555/555
f 552/552/552 551/551/551 556/556/556
f 551/551/551 555/555/555 556/556/556
f 557/557/557 552/552/552 556/556/556
f 554/554/554 558/558/558 553/553/553
f 554/554/554 559/559/559 558/558/558
f 559/559/559 560/560/560 558/558/558
f 558/558/558 560/560/560 561/561/561
f 555/555/555 553/553/553 562/562/562
f 553/553/553 558/558/558 562/562/562
f 562/562/562 558/558/558 561/561/561
f 555/555/555 562/562/562 556/556/556
f 562/562/562 561/561/561 563/563/563
f 556/556/556 562/562/562 563/563/563
f 557/557/557 556/556/556 563/563/563
f 564/564/564 557/557/557 563/563/563
f 567/567/567 566/566/566 565/565/565
f 568/568/568 567/567/567 565/565/565
f 568/568/568 565/565/565 569/569/569
f 570/570/570 568/568/568 569/569/569
f 570/570/570 569/569/569 571/571/571
f 572/572/572 570/570/570 571/571/571
f 572/572/572 571/571/571 573/573/573
f 574/574/574 572/572/572 573/573/573
f 574/574/574 573/573/573 575/575/575
f 576/576/576 574/574/574 575/575/575
f 576/576/576 575/575/575 577/577/577
f 578/578/578 576/576/576 577/577/577
f 578/578/578 577/577/577 579/579/579
f 580/580/580 578/578/578 579/579/579
f 580/580/580 579/579/579 581/581/581
f 582/582/582 580/580/580 581/581/581
f 582/582/582 581/581/581 583/583/583
f 584/584/584 582/582/582 583/583/583
f 584/584/584 583/583/583 585/585/585
f 586/586/586 584/584/584 585/585/585
f 586/586/586 585/585/585 587/587/587
f 588/588/588 586/586/586 587/587/587
f 588/588/588 587/587/587 589/589/589
f 590/590/590 588/588/588 589/589/589
f 590/590/590 589/589/589 591/591/591
f 592/592/592 590/590/590 591/591/591
f 592/592/592 591/591/591 593/593/593
f 594/594/594 592/592/592 593/593/593
f 594/594/594 593/593/593 595/595/595
f 596/596/596 594/594/594 595/595/595
f 596/596/596 595/595/595 597/597/597
f 598/598/598 596/596/596 597/597/597
f 598/598/598 597/597/597 599/599/599
f 600/600/600 598/598/598 599/599/599
f 600/600/600 599/599/599 601/601/601
f 602/602/602 600/600/600 601/601/601
f 602/602/602 601/601/601 603/603/603
f 604/604/604 602/602/602 603/603/603
f 604/604/604 603/603/603 605/605/605
f 606/606/606 604/604/604 605/605/605
f 606/606/606 605/605/605 607/607/607
f 608/608/608 606/606/606 607/607/607
f 608/608/608 607/607/607 609/609/609
f 610/610/610 608/608/608 609/609/609
f 610/610/610 609/609/609 611/611/611
f 612/612/612 610/610/610 611/611/611
f 615/615/615 614/614/614 613/613/613
f 614/614/614 616/616/616 613/613/613
f 614/614/614 617/617/617 616/616/616
f 613/613/613 616/616/616 618/618/618
f 619/619/619 613/613/613 618/618/618
f 617/617/617 620/620/620 616/616/616
f 617/617/617 621/621/621 620/620/620
f 618/618/618 616/616/616 622/622/622
f 616/616/616 620/620/620 622/622/622
f 619/619/619 618/618/618 623/623/623
f 624/624/624 619/619/619 623/623/623
f 625/625/625 624/624/624 623/623/623
f 626/626/626 625/625/625 623/623/623
f 623/623/623 618/618/618 627/627/627
f 626/626/626 623/623/623 627/627/627
f 618/618/618 622/622/622 627/627/627
f 628/628/628 626/626/626 627/627/627
f 628/628/628 627/627/627 629/629/629
f 627/627/627 622/622/622 629/629/629
f 630/630/630 628/628/628 629/629/629
f 621/621/621 631/631/631 620/620/620
f 621/621/621 632/632/632 631/631/631
f 622/622/622 620/620/620 633/633/633
f 622/622/622 633/633/633 629/629/629
f 620/620/620 631/631/631 633/633/633
f 630/630/630 629/629/629 634/634/634
f 629/629/629 633/633/633 634/634/634
f 635/635/635 630/630/630 634/634/634
f 632/632/632 636/636/636 631/631/631
f 632/632/632 637/637/637 636/636/636
f 633/633/633 631/631/631 638/638/638
f 633/633/633 638/638/638 634/634/634
f 631/631/631 636/636/636 638/638/638
f 635/635/635 634/634/634 639/639/639
f 634/634/634 638/638/638 639/639/639
f 640/640/640 635/635/635 639/639/639
f 637/637/637 641/641/641 636/636/636
f 637/637/637 642/642/642 641/641/641
f 638/638/638 636/636/636 643/643/643
f 638/638/638 643/643/643 639/639/639
f 636/636/636 641/641/641 643/643/643
f 640/640/640 639/639/639 644/644/644
f 639/639/639 643/643/643 644/644/644
f 645/645/645 640/640/640 644/644/644
f 642/642/642 646/646/646 641/641/641
f 642/642/642 647/647/647 646/646/646
f 643/643/643 641/641/641 648/648/648
f 643/643/643 648/648/648 644/644/644
f 641/641/641 646/646/646 648/648/648
f 645/645/645 644/644/644 649/649/649
f 644/644/644 648/648/648 649/649/649
f 650/650/650 645/645/645 649/649/649
f 647/647/647 651/651/651 646/646/646
f 647/647/647 652/652/652 651/651/651
f 648/648/648 646/646/646 653/653/653
f 648/648/648 653/653/653 649/649/649
f 646/646/646 651/651/651 653/653/653
f 650/650/650 649/649/649 654/654/654
f 649/649/649 653/653/653 654/654/654
f 655/655/655 650/650/650 654/654/654
f 652/652/652 656/656/656 651/651/651
f 652/652/652 657/657/657 656/656/656
f 653/653/653 651/651/651 658/658/658
f 653/653/653 658/658/658 654/654/654
f 651/651/651 656/656/656 658/658/658
f 655/655/655 654/654/654 659/659/659
f 654/654/654 658/658/658 659/659/659
f 660/660/660 655/655/655 659/659/659
f 657/657/657 661/661/661 656/656/656
f 657/657/657 662/662/662 661/661/661
f 658/658/658 656/656/656 663/663/663
f 658/658/658 663/663/663 659/659/659
f 656/656/656 661/661/661 663/663/663
f 660/660/660 659/659/659 664/664/664
f 659/659/659 663/663/663 664/664/664
f 665/665/665 660/660/660 664/664/664
f 662/662/662 666/666/666 661/661/661
f 662/662/662 667/667/667 666/666/666
f 663/663/663 661/661/661 668/668/668
f 663/663/663 668/668/668 664/664/664
f 661/661/661 666/666/666 668/668/668
f 665/665/665 664/664/664 669/669/669
f 664/664/664 668/668/668 669/669/669
f 670/670/670 665/665/665 669/669/669
f 667/667/667 671/671/671 666/666/666
f 667/667/667 672/672/672 671/671/671
f 668/668/668 666/666/666 673/673/673
f 668/668/668 673/673/673 669/669/669
f 666/666/666 671/671/671 673/673/673
f 670/670/670 669/669/669 674/674/674
f 669/669/669 673/673/673 674/674/674
f 675/675/675 670/670/670 674/674/674
f 672/672/672 676/676/676 671/671/671
f 672/672/672 677/677/677 676/676/676
f 673/673/673 671/671/671 678/678/678
f 673/673/673 678/678/678 674/674/674
f 671/671/671 676/676/676 678/678/678
f 675/675/675 674/674/674 679/679/679
f 674/674/674 678/678/678 679/679/679
f 680/680/680 675/675/675 679/679/679
f 677/677/677 681/681/681 676/676/676
f 677/677/677 682/682/682 681/681/681
f 678/678/678 676/676/676 683/683/683
f 678/678/678 683/683/683 679/679/679
f 676/676/676 681/681/681 683/683/683
f 680/680/680 679/679/679 684/684/684
f 679/679/679 683/683/683 684/684/684
f 685/685/685 680/680/680 684/684/684
f 682/682/682 686/686/686 681/681/681
f 682/682/682 687/687/687 686/686/686
f 683/683/683 681/681/681 688/688/688
f 683/683/683 688/688/688 684/684/684
f 681/681/681 686/686/686 688/688/688
f 685/685/685 684/684/684 689/689/689
f 684/684/684 688/688/688 689/689/689
f 690/690/690 685/685/685 689/689/689
f 687/687/687 691/691/691 686/686/686
f 687/687/687 692/692/692 691/691/691
f 688/688/688 686/686/686 693/693/693
f 688/688/688 693/693/693 689/689/689
f 686/686/686 691/691/691 693/693/693
f 690/690/690 689/689/689 694/694/694
f 689/689/689 693/693/693 694/694/694
f 695/695/695 690/690/690 694/694/694
f 692/692/692 696/696/696 691/691/691
f 692/692/692 697/697/697 696/696/696
f 693/693/693 691/691/691 698/698/698
f 693/693/693 698/698/698 694/694/694
f 691/691/691 696/696/696 698/698/698
f 695/695/695 694/694/694 699/699/699
f 694/694/694 698/698/698 699/699/699
f 700/700/700 695/695/695 699/699/699
f 697/697/697 701/701/701 696/696/696
f 697/697/697 702/702/702 701/701/701
f 698/698/698 696/696/696 703/703/703
f 698/698/698 703/703/703 699/699/699
f 696/696/696 701/701/701 703/703/703
f 700/700/700 699/699/699 704/704/704
f 699/699/699 703/703/703 704/704/704
f 705/705/705 700/700/700 704/704/704
f 702/702/702 706/706/706 701/701/701
f 702/702/702 707/707/707 706/706/706
f 703/703/703 701/701/701 708/708/708
f 703/703/703 708/708/708 704/704/704
f 701/701/701 706/706/706 708/708/708
f 705/705/705 704/704/704 709/709/709
f 704/704/704 708/708/708 709/709/709
f 710/710/710 705/705/705 709/709/709
f 707/707/707 711/711/711 706/706/706
f 707/707/707 712/712/712 711/711/711
f 708/708/708 706/706/706 713/713/713
f 708/708/708 713/713/713 709/709/709
f 706/706/706 711/711/711 713/713/713
f 710/710/710 709/709/709 714/714/714
f 709/709/709 713/713/713 714/714/714
f 715/715/715 710/710/710 714/714/714
f 712/712/712 716/716/716 711/711/711
f 712/712/712 717/717/717 716/716/716
f 713/713/713 711/711/711 718/718/718
f 713/713/713 718/718/718 714/714/714
f 711/711/711 716/716/716 718/718/718
f 715/715/715 714/714/714 719/719/719
f 714/714/714 718/718/718 719/719/719
f 720/720/720 715/715/715 719/719/719
f 717/717/717 721/721/721 716/716/716
f 717/717/717 722/722/722 721/721/721
f 718/718/718 716/716/716 723/723/723
f 718/718/718 723/723/723 719/719/719
f 716/716/716 721/721/721 723/723/723
f 720/720/720 719/719/719 724/724/724
f 719/719/719 723/723/723 724/724/724
f 725/725/725 720/720/720 724/724/724
f 722/722/722 726/726/726 721/721/721
f 722/722/722 727/727/727 726/726/726
f 727/727/727 728/728/728 726/726/726
f 726/726/726 728/728/728 729/729/729
f 723/723/723 721/721/721 730/730/730
f 721/721/721 726/726/726 730/730/730
f 730/730/730 726/726/726 729/729/729
f 723/723/723 730/730/730 724/724/724
f 730/730/730 729/729/729 731/731/731
f 724/724/724 730/730/730 731/731/731
f 725/725/725 724/724/724 731/731/731
f 732/732/732 725/725/725 731/731/731
f 735/735/735 734/734/734 733/733/733
f 736/736/736 735/735/735 733/733/733
f 736/736/736 733/733/733 737/737/737
f 738/738/738 736/736/736 737/737/737
f 738/738/738 737/737/737 739/739/739
f 740/740/740 738/738/738 739/739/739
f 740/740/740 739/739/739 741/741/741
f 742/742/742 740/740/740 741/741/741
f 742/742/742 741/741/741 743/743/743
f 744/744/744 742/742/742 743/743/743
f 744/744/744 743/743/743 745/745/745
f 746/746/746 744/744/744 745/745/745
f 746/746/746 745/745/745 747/747/747
f 748/748/748 746/746/746 747/747/747
f 748/748/748 747/747/747 749/749/749
f 750/750/750 748/748/748 749/749/749
f 750/750/750 749/749/749 751/751/751
f 752/752/752 750/750/750 751/751/751
f 752/752/752 751/751/751 753/753/753
f 754/754/754 752/752/752 753/753/753
f 754/754/754 753/753/753 755/755/755
f 756/756/756 754/754/754 755/755/755
f 756/756/756 755/755/755 757/757/757
f 758/758/758 756/756/756 757/757/757
f 758/758/758 757/757/757 759/759/759
f 760/760/760 758/758/758 759/759/759
f 760/760/760 759/759/759 761/761/761
f 762/762/762 760/760/760 761/761/761
f 762/762/762 761/761/761 763/763/763
f 764/764/764 762/762/762 763/763/763
f 764/764/764 763/763/763 765/765/765
f 766/766/766 764/764/764 765/765/765
f 766/766/766 765/765/765 767/767/767
f 768/768/768 766/766/766 767/767/767
f 768/768/768 767/767/767 769/769/769
f 770/770/770 768/768/768 769/769/769
f 770/770/770 769/769/769 771/771/771
f 772/772/772 770/770/770 771/771/771
f 772/772/772 771/771/771 773/773/773
f 774/774/774 772/772/772 773/773/773
f 774/774/774 773/773/773 775/775/775
f 776/776/776 774/774/774 775/775/775
f 776/776/776 775/775/775 777/777/777
f 778/778/778 776/776/776 777/777/777
f 778/778/778 777/777/777 779/779/779
f 780/780/780 778/778/778 779/779/779
f 783/783/783 782/782/782 781/781/781
f 782/782/782 784/784/784 781/781/781
f 782/782/782 785/785/785 784/784/784
f 781/781/781 784/784/784 786/786/786
f 787/787/787 781/781/781 786/786/786
f 785/785/785 788/788/788 784/784/784
f 785/785/785 789/789/789 788/788/788
f 786/786/786 784/784/784 790/790/790
f 784/784/784 788/788/788 790/790/790
f 787/787/787 786/786/786 791/791/791
f 792/792/792 787/787/787 791/791/791
f 793/793/793 792/792/792 791/791/791
f 794/794/794 793/793/793 791/791/791
f 791/791/791 786/786/786 795/795/795
f 794/794/794 791/791/791 795/795/795
f 786/786/786 790/790/790 795/795/795
f 796/796/796 794/794/794 795/795/795
f 796/796/796 795/795/795 797/797/797
f 795/795/795 790/790/790 797/797/797
f 798/798/798 796/796/796 797/797/797
f 789/789/789 799/799/799 788/788/788
f 789/789/789 800/800/800 799/799/799
f 790/790/790 788/788/788 801/801/801
f 790/790/790 801/801/801 797/797/797
f 788/788/788 799/799/799 801/801/801
f 798/798/798 797/797/797 802/802/802
f 797/797/797 801/801/801 802/802/802
f 803/803/803 798/798/798 802/802/802
f 800/800/800 804/804/804 799/799/799
f 800/800/800 805/805/805 804/804/804
f 801/801/801 799/799/799 806/806/806
f 801/801/801 806/806/806 802/802/802
f 799/799/799 804/804/804 806/806/806
f 803/803/803 802/802/802 807/807/807
f 802/802/802 806/806/806 807/807/807
f 808/808/808 803/803/803 807/807/807
f 805/805/805 809/809/809 804/804/804
f 805/805/805 810/810/810 809/809/809
f 806/806/806 804/804/804 811/811/811
f 806/806/806 811/811/811 807/807/807
f 804/804/804 809/809/809 811/811/811
f 808/808/808 807/807/807 812/812/812
f 807/807/807 811/811/811 812/812/812
f 813/813/813 808/808/808 812/812/812
f 810/810/810 814/814/814 809/809/809
f 810/810/810 815/815/815 814/814/814
f 811/811/811 809/809/809 816/816/816
f 811/811/811 816/816/816 812/812/812
f 809/809/809 814/814/814 816/816/816
f 813/813/813 812/812/812 817/817/817
f 812/812/812 816/816/816 817/817/817
f 818/818/818 813/813/813 817/817/817
f 815/815/815 819/819/819 814/814/814
f 815/815/815 820/820/820 819/819/819
f 816/816/816 814/814/814 821/821/821
f 816/816/816 821/821/821 817/817/817
f 814/814/814 819/819/819 821/821/821
f 818/818/818 817/817/817 822/822/822
f 817/817/817 821/821/821 822/822/822
f 823/823/823 818/818/818 822/822/822
f 820/820/820 824/824/824 819/819/819
f 820/820/820 825/825/825 824/824/824
f 821/821/821 819/819/819 826/826/826
f 821/821/821 826/826/826 822/822/822
f 819/819/819 824/824/824 826/826/826
f 823/823/823 822/822/822 827/827/827
f 822/822/822 826/826/826 827/827/827
f 828/828/828 823/823/823 827/827/827
f 825/825/825 829/829/829 824/824/824
f 825/825/825 830/830/830 829/829/829
f 826/826/826 824/824/824 831/831/831
f 826/826/826 831/831/831 827/827/827
f 824/824/824 829/829/829 831/831/831
f 828/828/828 827/827/827 832/832/832
f 827/827/827 831/831/831 832/832/832
f 833/833/833 828/828/828 832/832/832
f 830/830/830 834/834/834 829/829/829
f 830/830/830 835/835/835 834/834/834
f 831/831/831 829/829/829 836/836/836
f 831/831/831 836/836/836 832/832/832
f 829/829/829 834/834/834 836/836/836
f 833/833/833 832/832/832 837/837/837
f 832/832/832 836/836/836 837/837/837
f 838/838/838 833/833/833 837/837/837
f 835/835/835 839/839/839 834/834/834
f 835/835/835 840/840/840 839/839/839
f 836/836/836 834/834/834 841/841/841
f 836/836/836 841/841/841 837/837/837
f 834/834/834 839/839/839 841/841/841
f 838/838/838 837/837/837 842/842/842
f 837/837/837 841/841/841 842/842/842
f 843/843/843 838/838/838 842/842/842
f 840/840/840 844/844/844 839/839/839
f 840/840/840 845/845/845 844/844/844
f 841/841/841 839/839/839 846/846/846
f 841/841/841 846/846/846 842/842/842
f 839/839/839 844/844/844 846/846/846
f 843/843/843 842/842/842 847/847/847
f 842/842/842 846/846/846 847/847/847
f 848/848/848 843/843/843 847/847/847
f 845/845/845 849/849/849 844/844/844
f 845/845/845 850/850/850 849/849/849
f 846/846/846 844/844/844 851/851/851
f 846/846/846 851/851/851 847/847/847
f 844/844/844 849/849/849 851/851/851
f 848/848/848 847/847/847 852/852/852
f 847/847/847 851/851/851 852/852/852
f 853/853/853 848/848/848 852/852/852
f 850/850/850 854/854/854 849/849/849
f 850/850/850 855/855/855 854/854/854
f 851/851/851 849/849/849 856/856/856
f 851/851/851 856/856/856 852/852/852
f 849/849/849 854/854/854 856/856/856
f 853/853/853 852/852/852 857/857/857
f 852/852/852 856/856/856 857/857/857
f 858/858/858 853/853/853 857/857/857
f 855/855/855 859/859/859 854/854/854
f 855/855/855 860/860/860 859/859/859
f 856/856/856 854/854/854 861/861/861
f 856/856/856 861/861/861 857/857/857
f 854/854/854 859/859/859 861/861/861
f 858/858/858 857/857/857 862/862/862
f 857/857/857 861/861/861 862/862/862
f 863/863/863 858/858/858 862/862/862
f 860/860/860 864/864/864 859/859/859
f 860/860/860 865/865/865 864/864/864
f 861/861/861 859/859/859 866/866/866
f 861/861/861 866/866/866 862/862/862
f 859/859/859 864/864/864 866/866/866
f 863/863/863 862/862/862 867/867/867
f 862/862/862 866/866/866 867/867/867
f 868/868/868 863/863/863 867/867/867
f 865/865/865 869/869/869 864/864/864
f 865/865/865 870/870/870 869/869/869
f 866/866/866 864/864/864 871/871/871
f 866/866/866 871/871/871 867/867/867
f 864/864/864 869/869/869 871/871/871
f 868/868/868 867/867/867 872/872/872
f 867/867/867 871/871/871 872/872/872
f 873/873/873 868/868/868 872/872/872
f 870/870/870 874/874/874 869/869/869
f 870/870/870 875/875/875 874/874/874
f 871/871/871 869/869/869 876/876/876
f 871/871/871 876/876/876 872/872/872
f 869/869/869 874/874/874 876/876/876
f 873/873/873 872/872/872 877/877/877
f 872/872/872 876/876/876 877/877/877
f 878/878/878 873/873/873 877/877/877
f 875/875/875 879/879/879 874/874/874
f 875/875/875 880/880/880 879/879/879
f 876/876/876 874/874/874 881/881/881
f 876/876/876 881/881/881 877/877/877
f 874/874/874 879/879/879 881/881/881
f 878/878/878 877/877/877 882/882/882
f 877/877/877 881/881/881 882/882/882
f 883/883/883 878/878/878 882/882/882
f 880/880/880 884/884/884 879/879/879
f 880/880/880 885/885/885 884/884/884
f 881/881/881 879/879/879 886/886/886
f 881/881/881 886/886/886 882/882/882
f 879/879/879 884/884/884 886/886/886
f 883/883/883 882/882/882 887/887/887
f 882/882/882 886/886/886 887/887/887
f 888/888/888 883/883/883 887/887/887
f 885/885/885 889/889/889 884/884/884
f 885/885/885 890/890/890 889/889/889
f 886/886/886 884/884/884 891/891/891
f 886/886/886 891/891/891 887/887/887
f 884/884/884 889/889/889 891/891/891
f 888/888/888 887/887/887 892/892/892
f 887/887/887 891/891/891 892/892/892
f 893/893/893 888/888/888 892/892/892
f 890/890/890 894/894/894 889/889/889
f 890/890/890 895/895/895 894/894/894
f 895/895/895 896/896/896 894/894/894
f 894/894/894 896/896/896 897/897/897
f 891/891/891 889/889/889 898/898/898
f 889/889/889 894/894/894 898/898/898
f 898/898/898 894/894/894 897/897/897
f 891/891/891 898/898/898 892/892/892
f 898/898/898 897/897/897 899/899/899
f 892/892/892 898/898/898 899/899/899
f 893/893/893 892/892/892 899/899/899
f 900/900/900 893/893/893 899/899/899
f 903/903/903 902/902/902 901/901/901
f 904/904/904 903/903/903 901/901/901
f 904/904/904 901/901/901 905/905/905
f 906/906/906 904/904/904 905/905/905
f 906/906/906 905/905/905 907/907/907
f 908/908/908 906/906/906 907/907/907
f 908/908/908 907/907/907 909/909/909
f 910/910/910 908/908/908 909/909/909
f 910/910/910 909/909/909 911/911/911
f 912/912/912 910/910/910 911/911/911
f 912/912/912 911/911/911 913/913/913
f 914/914/914 912/912/912 913/913/913
f 914/914/914 913/913/913 915/915/915
f 916/916/916 914/914/914 915/915/915
f 916/916/916 915/915/915 917/917/917
f 918/918/918 916/916/916 917/917/917
f 918/918/918 917/917/917 919/919/919
f 920/920/920 918/918/918 919/919/919
f 920/920/920 919/919/919 921/921/921
f 922/922/922 920/920/920 921/921/921
f 922/922/922 921/921/921 923/923/923
f 924/924/924 922/922/922 923/923/923
f 924/924/924 923/923/923 925/925/925
f 926/926/926 924/924/924 925/925/925
f 926/926/926 925/925/925 927/927/927
f 928/928/928 926/926/926 927/927/927
f 928/928/928 927/927/927 929/929/929
f 930/930/930 928/928/928 929/929/929
f 930/930/930 929/929/929 931/931/931
f 932/932/932 930/930/930 931/931/931
f 932/932/932 931/931/931 933/933/933
f 934/934/934 932/932/932 933/933/933
f 934/934/934 933/933/933 935/935/935
f 936/936/936 934/934/934 935/935/935
f 936/936/936 935/935/935 937/937/937
f 938/938/938 936/936/936 937/937/937
f 938/938/938 937/937/937 939/939/939
f 940/940/940 938/938/938 939/939/939
f 940/940/940 939/939/939 941/941/941
f 942/942/942 940/940/940 941/941/941
f 942/942/942 941/941/941 943/943/943
f 944/944/944 942/942/942 943/943/943
f 944/944/944 943/943/943 945/945/945
f 946/946/946 944/944/944 945/945/945
f 946/946/946 945/945/945 947/947/947
f 948/948/948 946/946/946 947/947/947
f 951/951/951 950/950/950 949/949/949
f 952/952/952 951/951/951 949/949/949
f 955/955/955 954/954/954 953/953/953
f 956/956/956 955/955/955 953/953/953
f 959/959/959 958/958/958 957/957/957
f 960/960/960 959/959/959 957/957/957
f 963/963/963 962/962/962 961/961/961
f 964/964/964 963/963/963 961/961/961
f 967/967/967 966/966/966 965/965/965
f 968/968/968 967/967/967 965/965/965
f 971/971/971 970/970/970 969/969/969
f 972/972/972 971/971/971 969/969/969
f 975/975/975 974/974/974 973/973/973
f 976/976/976 975/975/975 973/973/973
f 979/979/979 978/978/978 977/977/977
f 980/980/980 979/979/979 977/977/977
f 983/983/983 982/982/982 981/981/981
f 984/984/984 983/983/983 981/981/981
f 987/987/987 986/986/986 985/985/985
f 988/988/988 987/987/987 985/985/985
f 991/991/991 990/990/990 989/989/989
f 991/991/991 989/989/989 992/992/992
f 991/991/991 993/993/993 990/990/990
f 991/991/991 992/992/992 994/994/994
f 991/991/991 995/995/995 993/993/993
f 991/991/991 994/994/994 996/996/996
f 991/991/991 997/997/997 995/995/995
f 991/991/991 996/996/996 998/998/998
f 991/991/991 999/999/999 997/997/997
f 991/991/991 998/998/998 1000/1000/1000
f 991/991/991 1001/1001/1001 999/999/999
f 991/991/991 1000/1000/1000 1002/1002/1002
f 991/991/991 1003/1003/1003 1001/1001/1001
f 991/991/991 1002/1002/1002 1004/1004/1004
f 991/991/991 1005/1005/1005 1003/1003/1003
f 991/991/991 1004/1004/1004 1006/1006/1006
f 991/991/991 1007/1007/1007 1005/1005/1005
f 991/991/991 1006/1006/1006 1008/1008/1008
f 991/991/991 1009/1009/1009 1007/1007/1007
f 991/991/991 1008/1008/1008 1010/1010/1010
f 991/991/991 1011/1011/1011 1009/1009/1009
f 991/991/991 1010/1010/1010 1012/1012/1012
f 991/991/991 1013/1013/1013 1011/1011/1011
f 991/991/991 1012/1012/1012 1013/1013/1013
f 1016/1016/1016 1015/1015/1015 1014/1014/1014
f 1014/1014/1014 1015/1015/1015 1017/1017/1017
f 1018/1018/1018 1015/1015/1015 1016/1016/1016
f 1017/1017/1017 1015/1015/1015 1019/1019/1019
f 1020/1020/1020 1015/1015/1015 1018/1018/1018
f 1019/1019/1019 1015/1015/1015 1021/1021/1021
f 1022/1022/1022 1015/1015/1015 1020/1020/1020
f 1021/1021/1021 1015/1015/1015 1023/1023/1023
f 1024/1024/1024 1015/1015/1015 1022/1022/1022
f 1023/1023/1023 1015/1015/1015 1025/1025/1025
f 1026/1026/1026 1015/1015/1015 1024/1024/1024
f 1025/1025/1025 1015/1015/1015 1027/1027/1027
f 1028/1028/1028 1015/1015/1015 1026/1026/1026
f 1027/1027/1027 1015/1015/1015 1029/1029/1029
f 1030/1030/1030 1015/1015/1015 1028/1028/1028
f 1029/1029/1029 1015/1015/1015 1031/1031/1031
f 1032/1032/1032 1015/1015/1015 1030/1030/1030
f 1031/1031/1031 1015/1015/1015 1033/1033/1033
f 1034/1034/1034 1015/1015/1015 1032/1032/1032
f 1033/1033/1033 1015/1015/1015 1035/1035/1035
f 1036/1036/1036 1015/1015/1015 1034/1034/1034
f 1035/1035/1035 1015/1015/1015 1037/1037/1037
f 1038/1038/1038 1015/1015/1015 1036/1036/1036
f 1037/1037/1037 1015/1015/1015 1038/1038/1038
f 1041/1041/1041 1040/1040/1040 1039/1039/1039
f 1040/1040/1040 1042/1042/1042 1039/1039/1039
f 1041/1041/1041 1039/1039/1039 1043/1043/1043
f 1040/1040/1040 1044/1044/1044 1042/1042/1042
f 1045/1045/1045 1041/1041/1041 1043/1043/1043
f 1044/1044/1044 1046/1046/1046 1042/1042/1042
f 1045/1045/1045 1043/1043/1043 1047/1047/1047
f 1044/1044/1044 1048/1048/1048 1046/1046/1046
f 1049/1049/1049 1045/1045/1045 1047/1047/1047
f 1048/1048/1048 1050/1050/1050 1046/1046/1046
f 1049/1049/1049 1047/1047/1047 1051/1051/1051
f 1048/1048/1048 1052/1052/1052 1050/1050/1050
f 1053/1053/1053 1049/1049/1049 1051/1051/1051
f 1052/1052/1052 1054/1054/1054 1050/1050/1050
f 1053/1053/1053 1051/1051/1051 1055/1055/1055
f 1052/1052/1052 1056/1056/1056 1054/1054/1054
f 1057/1057/1057 1053/1053/1053 1055/1055/1055
f 1056/1056/1056 1058/1058/1058 1054/1054/1054
f 1057/1057/1057 1055/1055/1055 1059/1059/1059
f 1056/1056/1056 1060/1060/1060 1058/1058/1058
f 1061/1061/1061 1057/1057/1057 1059/1059/1059
f 1060/1060/1060 1062/1062/1062 1058/1058/1058
f 1061/1061/1061 1059/1059/1059 1063/1063/1063
f 1060/1060/1060 1064/1064/1064 1062/1062/1062
f 1065/1065/1065 1061/1061/1061 1063/1063/1063
f 1064/1064/1064 1066/1066/1066 1062/1062/1062
f 1065/1065/1065 1063/1063/1063 1067/1067/1067
f 1064/1064/1064 1068/1068/1068 1066/1066/1066
f 1069/1069/1069 1065/1065/1065 1067/1067/1067
f 1068/1068/1068 1070/1070/1070 1066/1066/1066
f 1069/1069/1069 1067/1067/1067 1071/1071/1071
f 1068/1068/1068 1072/1072/1072 1070/1070/1070
f 1073/1073/1073 1069/1069/1069 1071/1071/1071
f 1072/1072/1072 1074/1074/1074 1070/1070/1070
f 1073/1073/1073 1071/1071/1071 1075/1075/1075
f 1072/1072/1072 1076/1076/1076 1074/1074/1074
f 1077/1077/1077 1073/1073/1073 1075/1075/1075
f 1076/1076/1076 1078/1078/1078 1074/1074/1074
f 1077/1077/1077 1075/1075/1075 1079/1079/1079
f 1076/1076/1076 1080/1080/1080 1078/1078/1078
f 1081/1081/1081 1077/1077/1077 1079/1079/1079
f 1080/1080/1080 1082/1082/1082 1078/1078/1078
f 1081/1081/1081 1079/1079/1079 1083/1083/1083
f 1080/1080/1080 1084/1084/1084 1082/1082/1082
f 1085/1085/1085 1081/1081/1081 1083/1083/1083
f 1084/1084/1084 1086/1086/1086 1082/1082/1082
f 1085/1085/1085 1083/1083/1083 1086/1086/1086
f 1084/1084/1084 1085/1085/1085 1086/1086/1086
f 1089/1089/1089 1088/1088/1088 1087/1087/1087
f 1090/1090/1090 1089/1089/1089 1087/1087/1087
f 1090/1090/1090 1087/1087/1087 1091/1091/1091
f 1089/1089/1089 1092/1092/1092 1088/1088/1088
f 1092/1092/1092 1093/1093/1093 1088/1088/1088
f 1094/1094/1094 1090/1090/1090 1091/1091/1091
f 1094/1094/1094 1091/1091/1091 1095/1095/1095
f 1092/1092/1092 1096/1096/1096 1093/1093/1093
f 1096/1096/1096 1097/1097/1097 1093/1093/1093
f 1098/1098/1098 1094/1094/1094 1095/1095/1095
f 1098/1098/1098 1095/1095/1095 1099/1099/1099
f 1096/1096/1096 1100/1100/1100 1097/1097/1097
f 1100/1100/1100 1101/1101/1101 1097/1097/1097
f 1102/1102/1102 1098/1098/1098 1099/1099/1099
f 1102/1102/1102 1099/1099/1099 1103/1103/1103
f 1100/1100/1100 1104/1104/1104 1101/1101/1101
f 1104/1104/1104 1105/1105/1105 1101/1101/1101
f 1106/1106/1106 1102/1102/1102 1103/1103/1103
f 1106/1106/1106 1103/1103/1103 1107/1107/1107
f 1104/1104/1104 1108/1108/1108 1105/1105/1105
f 1108/1108/1108 1109/1109/1109 1105/1105/1105
f 1110/1110/1110 1106/1106/1106 1107/1107/1107
f 1110/1110/1110 1107/1107/1107 1111/1111/1111
f 1108/1108/1108 1112/1112/1112 1109/1109/1109
f 1112/1112/1112 1113/1113/1113 1109/1109/1109
f 1114/1114/1114 1110/1110/1110 1111/1111/1111
f 1114/1114/1114 1111/1111/1111 1115/1115/1115
f 1112/1112/1112 1116/1116/1116 1113/1113/1113
f 1116/1116/1116 1117/1117/1117 1113/1113/1113
f 1118/1118/1118 1114/1114/1114 1115/1115/1115
f 1118/1118/1118 1115/1115/1115 1119/1119/1119
f 1116/1116/1116 1120/1120/1120 1117/1117/1117
f 1120/1120/1120 1121/1121/1121 1117/1117/1117
f 1122/1122/1122 1118/1118/1118 1119/1119/1119
f 1122/1122/1122 1119/1119/1119 1123/1123/1123
f 1120/1120/1120 1124/1124/1124 1121/1121/1121
f 1124/1124/1124 1125/1125/1125 1121/1121/1121
f 1126/1126/1126 1122/1122/1122 1123/1123/1123
f 1126/1126/1126 1123/1123/1123 1127/1127/1127
f 1124/1124/1124 1128/1128/1128 1125/1125/1125
f 1128/1128/1128 1129/1129/1129 1125/1125/1125
f 1130/1130/1130 1126/1126/1126 1127/1127/1127
f 1130/1130/1130 1127/1127/1127 1131/1131/1131
f 1128/1128/1128 1132/1132/1132 1129/1129/1129
f 1132/1132/1132 1133/1133/1133 1129/1129/1129
f 1134/1134/1134 1131/1131/1131 1133/1133/1133
f 1134/1134/1134 1130/1130/1130 1131/1131/1131
f 1132/1132/1132 1134/1134/1134 1133/1133/1133
f 1124/1124/1124 1120/1120/1120 1135/1135/1135
f 1128/1128/1128 1124/1124/1124 1136/1136/1136
f 1124/1124/1124 1135/1135/1135 1136/1136/1136
f 1132/1132/1132 1128/1128/1128 1137/1137/1137
f 1128/1128/1128 1136/1136/1136 1137/1137/1137
f 1134/1134/1134 1132/1132/1132 1138/1138/1138
f 1132/1132/1132 1137/1137/1137 1138/1138/1138
f 1130/1130/1130 1134/1134/1134 1139/1139/1139
f 1134/1134/1134 1138/1138/1138 1139/1139/1139
f 1126/1126/1126 1130/1130/1130 1140/1140/1140
f 1130/1130/1130 1139/1139/1139 1140/1140/1140
f 1120/1120/1120 1141/1141/1141 1135/1135/1135
f 1120/1120/1120 1116/1116/1116 1141/1141/1141
f 1126/1126/1126 1140/1140/1140 1142/1142/1142
f 1122/1122/1122 1126/1126/1126 1142/1142/1142
f 1116/1116/1116 1143/1143/1143 1141/1141/1141
f 1116/1116/1116 1112/1112/1112 1143/1143/1143
f 1122/1122/1122 1142/1142/1142 1144/1144/1144
f 1118/1118/1118 1122/1122/1122 1144/1144/1144
f 1112/1112/1112 1145/1145/1145 1143/1143/1143
f 1112/1112/1112 1108/1108/1108 1145/1145/1145
f 1118/1118/1118 1144/1144/1144 1146/1146/1146
f 1114/1114/1114 1118/1118/1118 1146/1146/1146
f 1108/1108/1108 1147/1147/1147 1145/1145/1145
f 1108/1108/1108 1104/1104/1104 1147/1147/1147
f 1114/1114/1114 1146/1146/1146 1148/1148/1148
f 1110/1110/1110 1114/1114/1114 1148/1148/1148
f 1104/1104/1104 1149/1149/1149 1147/1147/1147
f 1104/1104/1104 1100/1100/1100 1149/1149/1149
f 1110/1110/1110 1148/1148/1148 1150/1150/1150
f 1106/1106/1106 1110/1110/1110 1150/1150/1150
f 1100/1100/1100 1151/1151/1151 1149/1149/1149
f 1100/1100/1100 1096/1096/1096 1151/1151/1151
f 1106/1106/1106 1150/1150/1150 1152/1152/1152
f 1102/1102/1102 1106/1106/1106 1152/1152/1152
f 1096/1096/1096 1153/1153/1153 1151/1151/1151
f 1096/1096/1096 1092/1092/1092 1153/1153/1153
f 1102/1102/1102 1152/1152/1152 1154/1154/1154
f 1098/1098/1098 1102/1102/1102 1154/1154/1154
f 1092/1092/1092 1155/1155/1155 1153/1153/1153
f 1092/1092/1092 1089/1089/1089 1155/1155/1155
f 1098/1098/1098 1154/1154/1154 1156/1156/1156
f 1094/1094/1094 1098/1098/1098 1156/1156/1156
f 1089/1089/1089 1157/1157/1157 1155/1155/1155
f 1089/1089/1089 1090/1090/1090 1157/1157/1157
f 1090/1090/1090 1094/1094/1094 1158/1158/1158
f 1094/1094/1094 1156/1156/1156 1158/1158/1158
f 1090/1090/1090 1158/1158/1158 1157/1157/1157
f 1151/1151/1151 1153/1153/1153 1159/1159/1159
f 1153/1153/1153 1155/1155/1155 1160/1160/1160
f 1153/1153/1153 1160/1160/1160 1159/1159/1159
f 1155/1155/1155 1157/1157/1157 1161/1161/1161
f 1155/1155/1155 1161/1161/1161 1160/1160/1160
f 1157/1157/1157 1158/1158/1158 1162/1162/1162
f 1157/1157/1157 1162/1162/1162 1161/1161/1161
f 1158/1158/1158 1156/1156/1156 1163/1163/1163
f 1158/1158/1158 1163/1163/1163 1162/1162/1162
f 1156/1156/1156 1154/1154/1154 1164/1164/1164
f 1156/1156/1156 1164/1164/1164 1163/1163/1163
f 1151/1151/1151 1159/1159/1159 1165/1165/1165
f 1149/1149/1149 1151/1151/1151 1165/1165/1165
f 1154/1154/1154 1166/1166/1166 1164/1164/1164
f 1154/1154/1154 1152/1152/1152 1166/1166/1166
f 1149/1149/1149 1165/1165/1165 1167/1167/1167
f 1147/1147/1147 1149/1149/1149 1167/1167/1167
f 1152/1152/1152 1168/1168/1168 1166/1166/1166
f 1152/1152/1152 1150/1150/1150 1168/1168/1168
f 1147/1147/1147 1167/1167/1167 1169/1169/1169
f 1145/1145/1145 1147/1147/1147 1169/1169/1169
f 1150/1150/1150 1170/1170/1170 1168/1168/1168
f 1150/1150/1150 1148/1148/1148 1170/1170/1170
f 1145/1145/1145 1169/1169/1169 1171/1171/1171
f 1143/1143/1143 1145/1145/1145 1171/1171/1171
f 1148/1148/1148 1172/1172/1172 1170/1170/1170
f 1148/1148/1148 1146/1146/1146 1172/1172/1172
f 1143/1143/1143 1171/1171/1171 1173/1173/1173
f 1141/1141/1141 1143/1143/1143 1173/1173/1173
f 1146/1146/1146 1174/1174/1174 1172/1172/1172
f 1146/1146/1146 1144/1144/1144 1174/1174/1174
f 1141/1141/1141 1173/1173/1173 1175/1175/1175
f 1135/1135/1135 1141/1141/1141 1175/1175/1175
f 1144/1144/1144 1176/1176/1176 1174/1174/1174
f 1144/1144/1144 1142/1142/1142 1176/1176/1176
f 1135/1135/1135 1175/1175/1175 1177/1177/1177
f 1136/1136/1136 1135/1135/1135 1177/1177/1177
f 1142/1142/1142 1178/1178/1178 1176/1176/1176
f 1142/1142/1142 1140/1140/1140 1178/1178/1178
f 1136/1136/1136 1177/1177/1177 1179/1179/1179
f 1137/1137/1137 1136/1136/1136 1179/1179/1179
f 1140/1140/1140 1180/1180/1180 1178/1178/1178
f 1140/1140/1140 1139/1139/1139 1180/1180/1180
f 1137/1137/1137 1179/1179/1179 1181/1181/1181
f 1138/1138/1138 1137/1137/1137 1181/1181/1181
f 1139/1139/1139 1138/1138/1138 1182/1182/1182
f 1139/1139/1139 1182/1182/1182 1180/1180/1180
f 1138/1138/1138 1181/1181/1181 1182/1182/1182
f 1177/1177/1177 1175/1175/1175 1183/1183/1183
f 1179/1179/1179 1177/1177/1177 1184/1184/1184
f 1177/1177/1177 1183/1183/1183 1184/1184/1184
f 1181/1181/1181 1179/1179/1179 1185/1185/1185
f 1179/1179/1179 1184/1184/1184 1185/1185/1185
f 1182/1182/1182 1181/1181/1181 1186/1186/1186
f 1181/1181/1181 1185/1185/1185 1186/1186/1186
f 1180/1180/1180 1182/1182/1182 1187/1187/1187
f 1182/1182/1182 1186/1186/1186 1187/1187/1187
f 1178/1178/1178 1180/1180/1180 1188/1188/1188
f 1180/1180/1180 1187/1187/1187 1188/1188/1188
f 1175/1175/1175 1189/1189/1189 1183/1183/1183
f 1175/1175/1175 1173/1173/1173 1189/1189/1189
f 1178/1178/1178 1188/1188/1188 1190/1190/1190
f 1176/1176/1176 1178/1178/1178 1190/1190/1190
f 1173/1173/1173 1191/1191/1191 1189/1189/1189
f 1173/1173/1173 1171/1171/1171 1191/1191/1191
f 1176/1176/1176 1190/1190/1190 1192/1192/1192
f 1174/1174/1174 1176/1176/1176 1192/1192/1192
f 1171/1171/1171 1193/1193/1193 1191/1191/1191
f 1171/1171/1171 1169/1169/1169 1193/1193/1193
f 1174/1174/1174 1192/1192/1192 1194/1194/1194
f 1172/1172/1172 1174/1174/1174 1194/1194/1194
f 1169/1169/1169 1195/1195/1195 1193/1193/1193
f 1169/1169/1169 1167/1167/1167 1195/1195/1195
f 1172/1172/1172 1194/1194/1194 1196/1196/1196
f 1170/1170/1170 1172/1172/1172 1196/1196/1196
f 1167/1167/1167 1197/1197/1197 1195/1195/1195
f 1167/1167/1167 1165/1165/1165 1197/1197/1197
f 1170/1170/1170 1196/1196/1196 1198/1198/1198
f 1168/1168/1168 1170/1170/1170 1198/1198/1198
f 1165/1165/1165 1199/1199/1199 1197/1197/1197
f 1165/1165/1165 1159/1159/1159 1199/1199/1199
f 1168/1168/1168 1198/1198/1198 1200/1200/1200
f 1166/1166/1166 1168/1168/1168 1200/1200/1200
f 1159/1159/1159 1201/1201/1201 1199/1199/1199
f 1159/1159/1159 1160/1160/1160 1201/1201/1201
f 1166/1166/1166 1200/1200/1200 1202/1202/1202
f 1164/1164/1164 1166/1166/1166 1202/1202/1202
f 1160/1160/1160 1203/1203/1203 1201/1201/1201
f 1160/1160/1160 1161/1161/1161 1203/1203/1203
f 1164/1164/1164 1202/1202/1202 1204/1204/1204
f 1163/1163/1163 1164/1164/1164 1204/1204/1204
f 1161/1161/1161 1205/1205/1205 1203/1203/1203
f 1161/1161/1161 1162/1162/1162 1205/1205/1205
f 1162/1162/1162 1163/1163/1163 1206/1206/1206
f 1163/1163/1163 1204/1204/1204 1206/1206/1206
f 1162/1162/1162 1206/1206/1206 1205/1205/1205
f 1199/1199/1199 1201/1201/1201 1207/1207/1207
f 1201/1201/1201 1203/1203/1203 1208/1208/1208
f 1201/1201/1201 1208/1208/1208 1207/1207/1207
f 1203/1203/1203 1205/1205/1205 1209/1209/1209
f 1203/1203/1203 1209/1209/1209 1208/1208/1208
f 1205/1205/1205 1206/1206/1206 1210/1210/1210
f 1205/1205/1205 1210/1210/1210 1209/1209/1209
f 1206/1206/1206 1204/1204/1204 1211/1211/1211
f 1206/1206/1206 1211/1211/1211 1210/1210/1210
f 1204/1204/1204 1202/1202/1202 1212/1212/1212
f 1204/1204/1204 1212/1212/1212 1211/1211/1211
f 1199/1199/1199 1207/1207/1207 1213/1213/1213
f 1197/1197/1197 1199/1199/1199 1213/1213/1213
f 1202/1202/1202 1214/1214/1214 1212/1212/1212
f 1202/1202/1202 1200/1200/1200 1214/1214/1214
f 1197/1197/1197 1213/1213/1213 1215/1215/1215
f 1195/1195/1195 1197/1197/1197 1215/1215/1215
f 1200/1200/1200 1216/1216/1216 1214/1214/1214
f 1200/1200/1200 1198/1198/1198 1216/1216/1216
f 1195/1195/1195 1215/1215/1215 1217/1217/1217
f 1193/1193/1193 1195/1195/1195 1217/1217/1217
f 1198/1198/1198 1218/1218/1218 1216/1216/1216
f 1198/1198/1198 1196/1196/1196 1218/1218/1218
f 1193/1193/1193 1217/1217/1217 1219/1219/1219
f 1191/1191/1191 1193/1193/1193 1219/1219/1219
f 1196/1196/1196 1220/1220/1220 1218/1218/1218
f 1196/1196/1196 1194/1194/1194 1220/1220/1220
f 1191/1191/1191 1219/1219/1219 1221/1221/1221
f 1189/1189/1189 1191/1191/1191 1221/1221/1221
f 1194/1194/1194 1222/1222/1222 1220/1220/1220
f 1194/1194/1194 1192/1192/1192 1222/1222/1222
f 1189/1189/1189 1221/1221/1221 1223/1223/1223
f 1183/1183/1183 1189/1189/1189 1223/1223/1223
f 1192/1192/1192 1224/1224/1224 1222/1222/1222
f 1192/1192/1192 1190/1190/1190 1224/1224/1224
f 1183/1183/1183 1223/1223/1223 1225/1225/1225
f 1184/1184/1184 1183/1183/1183 1225/1225/1225
f 1190/1190/1190 1226/1226/1226 1224/1224/1224
f 1190/1190/1190 1188/1188/1188 1226/1226/1226
f 1184/1184/1184 1225/1225/1225 1227/1227/1227
f 1185/1185/1185 1184/1184/1184 1227/1227/1227
f 1188/1188/1188 1228/1228/1228 1226/1226/1226
f 1188/1188/1188 1187/1187/1187 1228/1228/1228
f 1185/1185/1185 1227/1227/1227 1229/1229/1229
f 1186/1186/1186 1185/1185/1185 1229/1229/1229
f 1187/1187/1187 1186/1186/1186 1230/1230/1230
f 1187/1187/1187 1230/1230/1230 1228/1228/1228
f 1186/1186/1186 1229/1229/1229 1230/1230/1230
f 1231/1231/1231 1225/1225/1225 1223/1223/1223
f 1232/1232/1232 1231/1231/1231 1223/1223/1223
f 1231/1231/1231 1233/1233/1233 1225/1225/1225
f 1233/1233/1233 1227/1227/1227 1225/1225/1225
f 1232/1232/1232 1223/1223/1223 1221/1221/1221
f 1233/1233/1233 1234/1234/1234 1227/1227/1227
f 1234/1234/1234 1229/1229/1229 1227/1227/1227
f 1235/1235/1235 1232/1232/1232 1221/1221/1221
f 1234/1234/1234 1236/1236/1236 1229/1229/1229
f 1236/1236/1236 1230/1230/1230 1229/1229/1229
f 1235/1235/1235 1221/1221/1221 1219/1219/1219
f 1236/1236/1236 1237/1237/1237 1230/1230/1230
f 1238/1238/1238 1235/1235/1235 1219/1219/1219
f 1237/1237/1237 1228/1228/1228 1230/1230/1230
f 1238/1238/1238 1219/1219/1219 1217/1217/1217
f 1237/1237/1237 1239/1239/1239 1228/1228/1228
f 1240/1240/1240 1238/1238/1238 1217/1217/1217
f 1239/1239/1239 1226/1226/1226 1228/1228/1228
f 1240/1240/1240 1217/1217/1217 1215/1215/1215
f 1239/1239/1239 1241/1241/1241 1226/1226/1226
f 1242/1242/1242 1240/1240/1240 1215/1215/1215
f 1241/1241/1241 1224/1224/1224 1226/1226/1226
f 1242/1242/1242 1215/1215/1215 1213/1213/1213
f 1241/1241/1241 1243/1243/1243 1224/1224/1224
f 1244/1244/1244 1242/1242/1242 1213/1213/1213
f 1243/1243/1243 1222/1222/1222 1224/1224/1224
f 1244/1244/1244 1213/1213/1213 1207/1207/1207
f 1243/1243/1243 1245/1245/1245 1222/1222/1222
f 1246/1246/1246 1244/1244/1244 1207/1207/1207
f 1245/1245/1245 1220/1220/1220 1222/1222/1222
f 1246/1246/1246 1207/1207/1207 1208/1208/1208
f 1245/1245/1245 1247/1247/1247 1220/1220/1220
f 1248/1248/1248 1246/1246/1246 1208/1208/1208
f 1247/1247/1247 1218/1218/1218 1220/1220/1220
f 1248/1248/1248 1208/1208/1208 1209/1209/1209
f 1247/1247/1247 1249/1249/1249 1218/1218/1218
f 1250/1250/1250 1248/1248/1248 1209/1209/1209
f 1249/1249/1249 1216/1216/1216 1218/1218/1218
f 1250/1250/1250 1209/1209/1209 1210/1210/1210
f 1249/1249/1249 1251/1251/1251 1216/1216/1216
f 1252/1252/1252 1250/1250/1250 1210/1210/1210
f 1251/1251/1251 1214/1214/1214 1216/1216/1216
f 1252/1252/1252 1210/1210/1210 1211/1211/1211
f 1251/1251/1251 1253/1253/1253 1214/1214/1214
f 1254/1254/1254 1252/1252/1252 1211/1211/1211
f 1253/1253/1253 1212/1212/1212 1214/1214/1214
f 1254/1254/1254 1211/1211/1211 1212/1212/1212
f 1253/1253/1253 1254/1254/1254 1212/1212/1212
f 1257/1257/1257 1256/1256/1256 1255/1255/1255
f 1258/1258/1258 1257/1257/1257 1255/1255/1255
f 1257/1257/1257 1259/1259/1259 1256/1256/1256
f 1258/1258/1258 1255/1255/1255 1260/1260/1260
f 1259/1259/1259 1261/1261/1261 1256/1256/1256
f 1262/1262/1262 1258/1258/1258 1260/1260/1260
f 1259/1259/1259 1263/1263/1263 1261/1261/1261
f 1262/1262/1262 1260/1260/1260 1264/1264/1264
f 1263/1263/1263 1265/1265/1265 1261/1261/1261
f 1266/1266/1266 1262/1262/1262 1264/1264/1264
f 1263/1263/1263 1267/1267/1267 1265/1265/1265
f 1266/1266/1266 1264/1264/1264 1268/1268/1268
f 1267/1267/1267 1269/1269/1269 1265/1265/1265
f 1270/1270/1270 1266/1266/1266 1268/1268/1268
f 1267/1267/1267 1271/1271/1271 1269/1269/1269
f 1270/1270/1270 1268/1268/1268 1272/1272/1272
f 1271/1271/1271 1273/1273/1273 1269/1269/1269
f 1274/1274/1274 1270/1270/1270 1272/1272/1272
f 1271/1271/1271 1275/1275/1275 1273/1273/1273
f 1274/1274/1274 1272/1272/1272 1276/1276/1276
f 1275/1275/1275 1277/1277/1277 1273/1273/1273
f 1278/1278/1278 1274/1274/1274 1276/1276/1276
f 1275/1275/1275 1279/1279/1279 1277/1277/1277
f 1278/1278/1278 1276/1276/1276 1280/1280/1280
f 1279/1279/1279 1281/1281/1281 1277/1277/1277
f 1282/1282/1282 1278/1278/1278 1280/1280/1280
f 1279/1279/1279 1283/1283/1283 1281/1281/1281
f 1282/1282/1282 1280/1280/1280 1284/1284/1284
f 1283/1283/1283 1285/1285/1285 1281/1281/1281
f 1286/1286/1286 1282/1282/1282 1284/1284/1284
f 1283/1283/1283 1287/1287/1287 1285/1285/1285
f 1286/1286/1286 1284/1284/1284 1288/1288/1288
f 1287/1287/1287 1289/1289/1289 1285/1285/1285
f 1290/1290/1290 1286/1286/1286 1288/1288/1288
f 1287/1287/1287 1291/1291/1291 1289/1289/1289
f 1290/1290/1290 1288/1288/1288 1292/1292/1292
f 1291/1291/1291 1293/1293/1293 1289/1289/1289
f 1294/1294/1294 1290/1290/1290 1292/1292/1292
f 1291/1291/1291 1295/1295/1295 1293/1293/1293
f 1294/1294/1294 1292/1292/1292 1296/1296/1296
f 1295/1295/1295 1297/1297/1297 1293/1293/1293
f 1298/1298/1298 1294/1294/1294 1296/1296/1296
f 1295/1295/1295 1299/1299/1299 1297/1297/1297
f 1298/1298/1298 1296/1296/1296 1300/1300/1300
f 1299/1299/1299 1301/1301/1301 1297/1297/1297
f 1302/1302/1302 1298/1298/1298 1300/1300/1300
f 1302/1302/1302 1300/1300/1300 1301/1301/1301
f 1299/1299/1299 1302/1302/1302 1301/1301/1301
f 1305/1305/1305 1304/1304/1304 1303/1303/1303
f 1306/1306/1306 1305/1305/1305 1303/1303/1303
f 1303/1303/1303 1304/1304/1304 1307/1307/1307
f 1308/1308/1308 1305/1305/1305 1306/1306/1306
f 1304/1304/1304 1309/1309/1309 1307/1307/1307
f 1310/1310/1310 1308/1308/1308 1306/1306/1306
f 1307/1307/1307 1309/1309/1309 1311/1311/1311
f 1312/1312/1312 1308/1308/1308 1310/1310/1310
f 1309/1309/1309 1313/1313/1313 1311/1311/1311
f 1314/1314/1314 1312/1312/1312 1310/1310/1310
f 1311/1311/1311 1313/1313/1313 1315/1315/1315
f 1316/1316/1316 1312/1312/1312 1314/1314/1314
f 1313/1313/1313 1317/1317/1317 1315/1315/1315
f 1318/1318/1318 1316/1316/1316 1314/1314/1314
f 1315/1315/1315 1317/1317/1317 1319/1319/1319
f 1320/1320/1320 1316/1316/1316 1318/1318/1318
f 1317/1317/1317 1321/1321/1321 1319/1319/1319
f 1322/1322/1322 1320/1320/1320 1318/1318/1318
f 1319/1319/1319 1321/1321/1321 1323/1323/1323
f 1324/1324/1324 1320/1320/1320 1322/1322/1322
f 1321/1321/1321 1325/1325/1325 1323/1323/1323
f 1326/1326/1326 1324/1324/1324 1322/1322/1322
f 1323/1323/1323 1325/1325/1325 1327/1327/1327
f 1328/1328/1328 1324/1324/1324 1326/1326/1326
f 1325/1325/1325 1329/1329/1329 1327/1327/1327
f 1330/1330/1330 1328/1328/1328 1326/1326/1326
f 1327/1327/1327 1329/1329/1329 1331/1331/1331
f 1332/1332/1332 1328/1328/1328 1330/1330/1330
f 1329/1329/1329 1333/1333/1333 1331/1331/1331
f 1334/1334/1334 1332/1332/1332 1330/1330/1330
f 1331/1331/1331 1333/1333/1333 1335/1335/1335
f 1336/1336/1336 1332/1332/1332 1334/1334/1334
f 1333/1333/1333 1337/1337/1337 1335/1335/1335
f 1338/1338/1338 1336/1336/1336 1334/1334/1334
f 1335/1335/1335 1337/1337/1337 1339/1339/1339
f 1340/1340/1340 1336/1336/1336 1338/1338/1338
f 1337/1337/1337 1341/1341/1341 1339/1339/1339
f 1342/1342/1342 1340/1340/1340 1338/1338/1338
f 1339/1339/1339 1341/1341/1341 1343/1343/1343
f 1344/1344/1344 1340/1340/1340 1342/1342/1342
f 1341/1341/1341 1345/1345/1345 1343/1343/1343
f 1346/1346/1346 1344/1344/1344 1342/1342/1342
f 1343/1343/1343 1345/1345/1345 1347/1347/1347
f 1348/1348/1348 1344/1344/1344 1346/1346/1346
f 1345/1345/1345 1349/1349/1349 1347/1347/1347
f 1350/1350/1350 1348/1348/1348 1346/1346/1346
f 1347/1347/1347 1349/1349/1349 1350/1350/1350
f 1349/1349/1349 1348/1348/1348 1350/1350/1350
f 1353/1353/1353 1352/1352/1352 1351/1351/1351
f 1352/1352/1352 1354/1354/1354 1351/1351/1351
f 1351/1351/1351 1354/1354/1354 1355/1355/1355
f 1356/1356/1356 1352/1352/1352 1353/1353/1353
f 1357/1357/1357 1356/1356/1356 1353/1353/1353
f 1354/1354/1354 1358/1358/1358 1355/1355/1355
f 1355/1355/1355 1358/1358/1358 1359/1359/1359
f 1360/1360/1360 1356/1356/1356 1357/1357/1357
f 1361/1361/1361 1360/1360/1360 1357/1357/1357
f 1358/1358/1358 1362/1362/1362 1359/1359/1359
f 1359/1359/1359 1362/1362/1362 1363/1363/1363
f 1364/1364/1364 1360/1360/1360 1361/1361/1361
f 1365/1365/1365 1364/1364/1364 1361/1361/1361
f 1362/1362/1362 1366/1366/1366 1363/1363/1363
f 1363/1363/1363 1366/1366/1366 1367/1367/1367
f 1368/1368/1368 1364/1364/1364 1365/1365/1365
f 1369/1369/1369 1368/1368/1368 1365/1365/1365
f 1366/1366/1366 1370/1370/1370 1367/1367/1367
f 1367/1367/1367 1370/1370/1370 1371/1371/1371
f 1372/1372/1372 1368/1368/1368 1369/1369/1369
f 1373/1373/1373 1372/1372/1372 1369/1369/1369
f 1370/1370/1370 1374/1374/1374 1371/1371/1371
f 1371/1371/1371 1374/1374/1374 1375/1375/1375
f 1376/1376/1376 1372/1372/1372 1373/1373/1373
f 1377/1377/1377 1376/1376/1376 1373/1373/1373
f 1374/1374/1374 1378/1378/1378 1375/1375/1375
f 1375/1375/1375 1378/1378/1378 1379/1379/1379
f 1380/1380/1380 1376/1376/1376 1377/1377/1377
f 1381/1381/1381 1380/1380/1380 1377/1377/1377
f 1378/1378/1378 1382/1382/1382 1379/1379/1379
f 1379/1379/1379 1382/1382/1382 1383/1383/1383
f 1384/1384/1384 1380/1380/1380 1381/1381/1381
f 1385/1385/1385 1384/1384/1384 1381/1381/1381
f 1382/1382/1382 1386/1386/1386 1383/1383/1383
f 1383/1383/1383 1386/1386/1386 1387/1387/1387
f 1388/1388/1388 1384/1384/1384 1385/1385/1385
f 1389/1389/1389 1388/1388/1388 1385/1385/1385
f 1386/1386/1386 1390/1390/1390 1387/1387/1387
f 1387/1387/1387 1390/1390/1390 1391/1391/1391
f 1392/1392/1392 1388/1388/1388 1389/1389/1389
f 1393/1393/1393 1392/1392/1392 1389/1389/1389
f 1390/1390/1390 1394/1394/1394 1391/1391/1391
f 1391/1391/1391 1394/1394/1394 1395/1395/1395
f 1396/1396/1396 1392/1392/1392 1393/1393/1393
f 1397/1397/1397 1396/1396/1396 1393/1393/1393
f 1395/1395/1395 1398/1398/1398 1397/1397/1397
f 1394/1394/1394 1398/1398/1398 1395/1395/1395
f 1398/1398/1398 1396/1396/1396 1397/1397/1397
f 1384/1384/1384 1388/1388/1388 1399/1399/1399
f 1388/1388/1388 1392/1392/1392 1400/1400/1400
f 1399/1399/1399 1388/1388/1388 1400/1400/1400
f 1392/1392/1392 1396/1396/1396 1401/1401/1401
f 1400/1400/1400 1392/1392/1392 1401/1401/1401
f 1396/1396/1396 1398/1398/1398 1402/1402/1402
f 1401/1401/1401 1396/1396/1396 1402/1402/1402
f 1398/1398/1398 1394/1394/1394 1403/1403/1403
f 1402/1402/1402 1398/1398/1398 1403/1403/1403
f 1394/1394/1394 1390/1390/1390 1404/1404/1404
f 1403/1403/1403 1394/1394/1394 1404/1404/1404
f 1405/1405/1405 1384/1384/1384 1399/1399/1399
f 1380/1380/1380 1384/1384/1384 1405/1405/1405
f 1404/1404/1404 1390/1390/1390 1406/1406/1406
f 1390/1390/1390 1386/1386/1386 1406/1406/1406
f 1407/1407/1407 1380/1380/1380 1405/1405/1405
f 1376/1376/1376 1380/1380/1380 1407/1407/1407
f 1406/1406/1406 1386/1386/1386 1408/1408/1408
f 1386/1386/1386 1382/1382/1382 1408/1408/1408
f 1409/1409/1409 1376/1376/1376 1407/1407/1407
f 1372/1372/1372 1376/1376/1376 1409/1409/1409
f 1408/1408/1408 1382/1382/1382 1410/1410/1410
f 1382/1382/1382 1378/1378/1378 1410/1410/1410
f 1411/1411/1411 1372/1372/1372 1409/1409/1409
f 1368/1368/1368 1372/1372/1372 1411/1411/1411
f 1410/1410/1410 1378/1378/1378 1412/1412/1412
f 1378/1378/1378 1374/1374/1374 1412/1412/1412
f 1413/1413/1413 1368/1368/1368 1411/1411/1411
f 1364/1364/1364 1368/1368/1368 1413/1413/1413
f 1412/1412/1412 1374/1374/1374 1414/1414/1414
f 1374/1374/1374 1370/1370/1370 1414/1414/1414
f 1415/1415/1415 1364/1364/1364 1413/1413/1413
f 1360/1360/1360 1364/1364/1364 1415/1415/1415
f 1414/1414/1414 1370/1370/1370 1416/1416/1416
f 1370/1370/1370 1366/1366/1366 1416/1416/1416
f 1417/1417/1417 1360/1360/1360 1415/1415/1415
f 1356/1356/1356 1360/1360/1360 1417/1417/1417
f 1416/1416/1416 1366/1366/1366 1418/1418/1418
f 1366/1366/1366 1362/1362/1362 1418/1418/1418
f 1419/1419/1419 1356/1356/1356 1417/1417/1417
f 1352/1352/1352 1356/1356/1356 1419/1419/1419
f 1418/1418/1418 1362/1362/1362 1420/1420/1420
f 1362/1362/1362 1358/1358/1358 1420/1420/1420
f 1421/1421/1421 1352/1352/1352 1419/1419/1419
f 1354/1354/1354 1352/1352/1352 1421/1421/1421
f 1358/1358/1358 1354/1354/1354 1422/1422/1422
f 1420/1420/1420 1358/1358/1358 1422/1422/1422
f 1422/1422/1422 1354/1354/1354 1421/1421/1421
f 1417/1417/1417 1415/1415/1415 1423/1423/1423
f 1419/1419/1419 1417/1417/1417 1424/1424/1424
f 1424/1424/1424 1417/1417/1417 1423/1423/1423
f 1421/1421/1421 1419/1419/1419 1425/1425/1425
f 1425/1425/1425 1419/1419/1419 1424/1424/1424
f 1422/1422/1422 1421/1421/1421 1426/1426/1426
f 1426/1426/1426 1421/1421/1421 1425/1425/1425
f 1420/1420/1420 1422/1422/1422 1427/1427/1427
f 1427/1427/1427 1422/1422/1422 1426/1426/1426
f 1418/1418/1418 1420/1420/1420 1428/1428/1428
f 1428/1428/1428 1420/1420/1420 1427/1427/1427
f 1423/1423/1423 1415/1415/1415 1429/1429/1429
f 1415/1415/1415 1413/1413/1413 1429/1429/1429
f 1430/1430/1430 1418/1418/1418 1428/1428/1428
f 1416/1416/1416 1418/1418/1418 1430/1430/1430
f 1429/1429/1429 1413/1413/1413 1431/1431/1431
f 1413/1413/1413 1411/1411/1411 1431/1431/1431
f 1432/1432/1432 1416/1416/1416 1430/1430/1430
f 1414/1414/1414 1416/1416/1416 1432/1432/1432
f 1431/1431/1431 1411/1411/1411 1433/1433/1433
f 1411/1411/1411 1409/1409/1409 1433/1433/1433
f 1434/1434/1434 1414/1414/1414 1432/1432/1432
f 1412/1412/1412 1414/1414/1414 1434/1434/1434
f 1433/1433/1433 1409/1409/1409 1435/1435/1435
f 1409/1409/1409 1407/1407/1407 1435/1435/1435
f 1436/1436/1436 1412/1412/1412 1434/1434/1434
f 1410/1410/1410 1412/1412/1412 1436/1436/1436
f 1435/1435/1435 1407/1407/1407 1437/1437/1437
f 1407/1407/1407 1405/1405/1405 1437/1437/1437
f 1438/1438/1438 1410/1410/1410 1436/1436/1436
f 1408/1408/1408 1410/1410/1410 1438/1438/1438
f 1437/1437/1437 1405/1405/1405 1439/1439/1439
f 1405/1405/1405 1399/1399/1399 1439/1439/1439
f 1440/1440/1440 1408/1408/1408 1438/1438/1438
f 1406/1406/1406 1408/1408/1408 1440/1440/1440
f 1439/1439/1439 1399/1399/1399 1441/1441/1441
f 1399/1399/1399 1400/1400/1400 1441/1441/1441
f 1442/1442/1442 1406/1406/1406 1440/1440/1440
f 1404/1404/1404 1406/1406/1406 1442/1442/1442
f 1441/1441/1441 1400/1400/1400 1443/1443/1443
f 1400/1400/1400 1401/1401/1401 1443/1443/1443
f 1444/1444/1444 1404/1404/1404 1442/1442/1442
f 1403/1403/1403 1404/1404/1404 1444/1444/1444
f 1443/1443/1443 1401/1401/1401 1445/1445/1445
f 1401/1401/1401 1402/1402/1402 1445/1445/1445
f 1402/1402/1402 1403/1403/1403 1446/1446/1446
f 1446/1446/1446 1403/1403/1403 1444/1444/1444
f 1445/1445/1445 1402/1402/1402 1446/1446/1446
f 1439/1439/1439 1441/1441/1441 1447/1447/1447
f 1441/1441/1441 1443/1443/1443 1448/1448/1448
f 1447/1447/1447 1441/1441/1441 1448/1448/1448
f 1443/1443/1443 1445/1445/1445 1449/1449/1449
f 1448/1448/1448 1443/1443/1443 1449/1449/1449
f 1445/1445/1445 1446/1446/1446 1450/1450/1450
f 1449/1449/1449 1445/1445/1445 1450/1450/1450
f 1446/1446/1446 1444/1444/1444 1451/1451/1451
f 1450/1450/1450 1446/1446/1446 1451/1451/1451
f 1444/1444/1444 1442/1442/1442 1452/1452/1452
f 1451/1451/1451 1444/1444/1444 1452/1452/1452
f 1453/1453/1453 1439/1439/1439 1447/1447/1447
f 1437/1437/1437 1439/1439/1439 1453/1453/1453
f 1452/1452/1452 1442/1442/1442 1454/1454/1454
f 1442/1442/1442 1440/1440/1440 1454/1454/1454
f 1455/1455/1455 1437/1437/1437 1453/1453/1453
f 1435/1435/1435 1437/1437/1437 1455/1455/1455
f 1454/1454/1454 1440/1440/1440 1456/1456/1456
f 1440/1440/1440 1438/1438/1438 1456/1456/1456
f 1457/1457/1457 1435/1435/1435 1455/1455/1455
f 1433/1433/1433 1435/1435/1435 1457/1457/1457
f 1456/1456/1456 1438/1438/1438 1458/1458/1458
f 1438/1438/1438 1436/1436/1436 1458/1458/1458
f 1459/1459/1459 1433/1433/1433 1457/1457/1457
f 1431/1431/1431 1433/1433/1433 1459/1459/1459
f 1458/1458/1458 1436/1436/1436 1460/1460/1460
f 1436/1436/1436 1434/1434/1434 1460/1460/1460
f 1461/1461/1461 1431/1431/1431 1459/1459/1459
f 1429/1429/1429 1431/1431/1431 1461/1461/1461
f 1460/1460/1460 1434/1434/1434 1462/1462/1462
f 1434/1434/1434 1432/1432/1432 1462/1462/1462
f 1463/1463/1463 1429/1429/1429 1461/1461/1461
f 1423/1423/1423 1429/1429/1429 1463/1463/1463
f 1462/1462/1462 1432/1432/1432 1464/1464/1464
f 1432/1432/1432 1430/1430/1430 1464/1464/1464
f 1465/1465/1465 1423/1423/1423 1463/1463/1463
f 1424/1424/1424 1423/1423/1423 1465/1465/1465
f 1464/1464/1464 1430/1430/1430 1466/1466/1466
f 1430/1430/1430 1428/1428/1428 1466/1466/1466
f 1467/1467/1467 1424/1424/1424 1465/1465/1465
f 1425/1425/1425 1424/1424/1424 1467/1467/1467
f 1466/1466/1466 1428/1428/1428 1468/1468/1468
f 1428/1428/1428 1427/1427/1427 1468/1468/1468
f 1469/1469/1469 1425/1425/1425 1467/1467/1467
f 1426/1426/1426 1425/1425/1425 1469/1469/1469
f 1427/1427/1427 1426/1426/1426 1470/1470/1470
f 1468/1468/1468 1427/1427/1427 1470/1470/1470
f 1470/1470/1470 1426/1426/1426 1469/1469/1469
f 1465/1465/1465 1463/1463/1463 1471/1471/1471
f 1467/1467/1467 1465/1465/1465 1472/1472/1472
f 1472/1472/1472 1465/1465/1465 1471/1471/1471
f 1469/1469/1469 1467/1467/1467 1473/1473/1473
f 1473/1473/1473 1467/1467/1467 1472/1472/1472
f 1470/1470/1470 1469/1469/1469 1474/1474/1474
f 1474/1474/1474 1469/1469/1469 1473/1473/1473
f 1468/1468/1468 1470/1470/1470 1475/1475/1475
f 1475/1475/1475 1470/1470/1470 1474/1474/1474
f 1466/1466/1466 1468/1468/1468 1476/1476/1476
f 1476/1476/1476 1468/1468/1468 1475/1475/1475
f 1471/1471/1471 1463/1463/1463 1477/1477/1477
f 1463/1463/1463 1461/1461/1461 1477/1477/1477
f 1478/1478/1478 1466/1466/1466 1476/1476/1476
f 1464/1464/1464 1466/1466/1466 1478/1478/1478
f 1477/1477/1477 1461/1461/1461 1479/1479/1479
f 1461/1461/1461 1459/1459/1459 1479/1479/1479
f 1480/1480/1480 1464/1464/1464 1478/1478/1478
f 1462/1462/1462 1464/1464/1464 1480/1480/1480
f 1479/1479/1479 1459/1459/1459 1481/1481/1481
f 1459/1459/1459 1457/1457/1457 1481/1481/1481
f 1482/1482/1482 1462/1462/1462 1480/1480/1480
f 1460/1460/1460 1462/1462/1462 1482/1482/1482
f 1481/1481/1481 1457/1457/1457 1483/1483/1483
f 1457/1457/1457 1455/1455/1455 1483/1483/1483
f 1484/1484/1484 1460/1460/1460 1482/1482/1482
f 1458/1458/1458 1460/1460/1460 1484/1484/1484
f 1483/1483/1483 1455/1455/1455 1485/1485/1485
f 1455/1455/1455 1453/1453/1453 1485/1485/1485
f 1486/1486/1486 1458/1458/1458 1484/1484/1484
f 1456/1456/1456 1458/1458/1458 1486/1486/1486
f 1485/1485/1485 1453/1453/1453 1487/1487/1487
f 1453/1453/1453 1447/1447/1447 1487/1487/1487
f 1488/1488/1488 1456/1456/1456 1486/1486/1486
f 1454/1454/1454 1456/1456/1456 1488/1488/1488
f 1487/1487/1487 1447/1447/1447 1489/1489/1489
f 1447/1447/1447 1448/1448/1448 1489/1489/1489
f 1490/1490/1490 1454/1454/1454 1488/1488/1488
f 1452/1452/1452 1454/1454/1454 1490/1490/1490
f 1489/1489/1489 1448/1448/1448 1491/1491/1491
f 1448/1448/1448 1449/1449/1449 1491/1491/1491
f 1492/1492/1492 1452/1452/1452 1490/1490/1490
f 1451/1451/1451 1452/1452/1452 1492/1492/1492
f 1491/1491/1491 1449/1449/1449 1493/1493/1493
f 1449/1449/1449 1450/1450/1450 1493/1493/1493
f 1450/1450/1450 1451/1451/1451 1494/1494/1494
f 1494/1494/1494 1451/1451/1451 1492/1492/1492
f 1493/1493/1493 1450/1450/1450 1494/1494/1494
f 1489/1489/1489 1495/1495/1495 1487/1487/1487
f 1495/1495/1495 1496/1496/1496 1487/1487/1487
f 1497/1497/1497 1495/1495/1495 1489/1489/1489
f 1491/1491/1491 1497/1497/1497 1489/1489/1489
f 1487/1487/1487 1496/1496/1496 1485/1485/1485
f 1498/1498/1498 1497/1497/1497 1491/1491/1491
f 1493/1493/1493 1498/1498/1498 1491/1491/1491
f 1496/1496/1496 1499/1499/1499 1485/1485/1485
f 1500/1500/1500 1498/1498/1498 1493/1493/1493
f 1494/1494/1494 1500/1500/1500 1493/1493/1493
f 1485/1485/1485 1499/1499/1499 1483/1483/1483
f 1501/1501/1501 1500/1500/1500 1494/1494/1494
f 1499/1499/1499 1502/1502/1502 1483/1483/1483
f 1492/1492/1492 1501/1501/1501 1494/1494/1494
f 1483/1483/1483 1502/1502/1502 1481/1481/1481
f 1503/1503/1503 1501/1501/1501 1492/1492/1492
f 1502/1502/1502 1504/1504/1504 1481/1481/1481
f 1490/1490/1490 1503/1503/1503 1492/1492/1492
f 1481/1481/1481 1504/1504/1504 1479/1479/1479
f 1505/1505/1505 1503/1503/1503 1490/1490/1490
f 1504/1504/1504 1506/1506/1506 1479/1479/1479
f 1488/1488/1488 1505/1505/1505 1490/1490/1490
f 1479/1479/1479 1506/1506/1506 1477/1477/1477
f 1507/1507/1507 1505/1505/1505 1488/1488/1488
f 1506/1506/1506 1508/1508/1508 1477/1477/1477
f 1486/1486/1486 1507/1507/1507 1488/1488/1488
f 1477/1477/1477 1508/1508/1508 1471/1471/1471
f 1509/1509/1509 1507/1507/1507 1486/1486/1486
f 1508/1508/1508 1510/1510/1510 1471/1471/1471
f 1484/1484/1484 1509/1509/1509 1486/1486/1486
f 1471/1471/1471 1510/1510/1510 1472/1472/1472
f 1511/1511/1511 1509/1509/1509 1484/1484/1484
f 1510/1510/1510 1512/1512/1512 1472/1472/1472
f 1482/1482/1482 1511/1511/1511 1484/1484/1484
f 1472/1472/1472 1512/1512/1512 1473/1473/1473
f 1513/1513/1513 1511/1511/1511 1482/1482/1482
f 1512/1512/1512 1514/1514/1514 1473/1473/1473
f 1480/1480/1480 1513/1513/1513 1482/1482/1482
f 1473/1473/1473 1514/1514/1514 1474/1474/1474
f 1515/1515/1515 1513/1513/1513 1480/1480/1480
f 1514/1514/1514 1516/1516/1516 1474/1474/1474
f 1478/1478/1478 1515/1515/1515 1480/1480/1480
f 1474/1474/1474 1516/1516/1516 1475/1475/1475
f 1517/1517/1517 1515/1515/1515 1478/1478/1478
f 1516/1516/1516 1518/1518/1518 1475/1475/1475
f 1476/1476/1476 1517/1517/1517 1478/1478/1478
f 1475/1475/1475 1518/1518/1518 1476/1476/1476
f 1518/1518/1518 1517/1517/1517 1476/1476/1476
f 1521/1521/1521 1520/1520/1520 1519/1519/1519
f 1519/1519/1519 1520/1520/1520 1522/1522/1522
f 1523/1523/1523 1521/1521/1521 1519/1519/1519
f 1520/1520/1520 1524/1524/1524 1522/1522/1522
f 1525/1525/1525 1521/1521/1521 1523/1523/1523
f 1522/1522/1522 1524/1524/1524 1526/1526/1526
f 1527/1527/1527 1525/1525/1525 1523/1523/1523
f 1524/1524/1524 1528/1528/1528 1526/1526/1526
f 1529/1529/1529 1525/1525/1525 1527/1527/1527
f 1526/1526/1526 1528/1528/1528 1530/1530/1530
f 1531/1531/1531 1529/1529/1529 1527/1527/1527
f 1528/1528/1528 1532/1532/1532 1530/1530/1530
f 1533/1533/1533 1529/1529/1529 1531/1531/1531
f 1530/1530/1530 1532/1532/1532 1534/1534/1534
f 1535/1535/1535 1533/1533/1533 1531/1531/1531
f 1532/1532/1532 1536/1536/1536 1534/1534/1534
f 1537/1537/1537 1533/1533/1533 1535/1535/1535
f 1534/1534/1534 1536/1536/1536 1538/1538/1538
f 1539/1539/1539 1537/1537/1537 1535/1535/1535
f 1536/1536/1536 1540/1540/1540 1538/1538/1538
f 1541/1541/1541 1537/1537/1537 1539/1539/1539
f 1538/1538/1538 1540/1540/1540 1542/1542/1542
f 1543/1543/1543 1541/1541/1541 1539/1539/1539
f 1540/1540/1540 1544/1544/1544 1542/1542/1542
f 1545/1545/1545 1541/1541/1541 1543/1543/1543
f 1542/1542/1542 1544/1544/1544 1546/1546/1546
f 1547/1547/1547 1545/1545/1545 1543/1543/1543
f 1544/1544/1544 1548/1548/1548 1546/1546/1546
f 1549/1549/1549 1545/1545/1545 1547/1547/1547
f 1546/1546/1546 1548/1548/1548 1550/1550/1550
f 1551/1551/1551 1549/1549/1549 1547/1547/1547
f 1548/1548/1548 1552/1552/1552 1550/1550/1550
f 1553/1553/1553 1549/1549/1549 1551/1551/1551
f 1550/1550/1550 1552/1552/1552 1554/1554/1554
f 1555/1555/1555 1553/1553/1553 1551/1551/1551
f 1552/1552/1552 1556/1556/1556 1554/1554/1554
f 1557/1557/1557 1553/1553/1553 1555/1555/1555
f 1554/1554/1554 1556/1556/1556 1558/1558/1558
f 1559/1559/1559 1557/1557/1557 1555/1555/1555
f 1556/1556/1556 1560/1560/1560 1558/1558/1558
f 1561/1561/1561 1557/1557/1557 1559/1559/1559
f 1558/1558/1558 1560/1560/1560 1562/1562/1562
f 1563/1563/1563 1561/1561/1561 1559/1559/1559
f 1560/1560/1560 1564/1564/1564 1562/1562/1562
f 1565/1565/1565 1561/1561/1561 1563/1563/1563
f 1562/1562/1562 1564/1564/1564 1566/1566/1566
f 1566/1566/1566 1565/1565/1565 1563/1563/1563
f 1564/1564/1564 1565/1565/1565 1566/1566/1566
