# Blender 4.3.2
# www.blender.org
mtllib Breastplate5.mtl
o SM_Armor_Chest_Breastplate_005.001
v -14.318201 -15.387314 0.399122
v -14.084597 -16.026924 0.398608
v -14.157404 -15.702751 0.398598
v 14.407992 -15.387314 0.399122
v 14.247195 -15.702751 0.398598
v 14.174388 -16.026924 0.398608
v -17.008360 -0.899612 1.772561
v -17.091743 -3.075653 1.648462
v -17.350365 -2.981674 -0.095487
v -17.343678 -0.770767 0.044246
v -17.270374 -2.872040 -0.863473
v -17.344591 -0.687088 -0.716836
v -17.087772 -2.722870 -1.669820
v -17.260775 -0.560272 -1.517789
v -16.904194 -2.564560 -2.499349
v -17.170385 -0.415359 -2.327237
v -16.696898 -2.384048 -3.314990
v -17.059206 -0.260666 -3.127824
v -16.463093 -2.190948 -4.120691
v -16.913986 -0.076935 -3.916839
v -16.192047 -1.974182 -4.912527
v -16.732336 0.116547 -4.697903
v -15.887155 -1.740967 -5.690248
v -16.507475 0.338013 -5.461872
v -15.541263 -1.484390 -6.449743
v -16.237131 0.570587 -6.215114
v -15.160425 -1.217773 -7.193655
v -15.926597 0.821899 -6.948920
v -14.742764 -0.924927 -7.914195
v -15.564746 1.082977 -7.664986
v -14.280391 -0.630035 -8.607120
v -15.159266 1.365646 -8.351089
v -13.763937 -0.313675 -9.261907
v -14.696505 1.673813 -9.000468
v -13.223255 0.031784 -9.883224
v -14.194324 2.002502 -9.610157
v -13.629807 2.354675 -10.163204
v -12.616982 0.408447 -10.435999
v -13.019880 2.740204 -10.655255
v -11.969708 0.813019 -10.931021
v -11.281699 1.267426 -11.361705
v -12.366538 3.169601 -11.088143
v -10.569077 1.753738 -11.738075
v -11.686820 3.641281 -11.480424
v -9.830900 2.264023 -12.044213
v -10.985695 4.142059 -11.811389
v -9.083516 2.805664 -12.293081
v -10.257770 4.655945 -12.082462
v -8.306017 3.348160 -12.463735
v -9.504657 5.181747 -12.282178
v -7.513913 3.891510 -12.570752
v -8.739382 5.719452 -12.403806
v -6.714472 4.438324 -12.606546
v -7.965331 6.261765 -12.448417
v -7.177123 6.796097 -12.471581
v -5.914505 4.998184 -12.583192
v -5.140267 5.594040 -12.524572
v -6.416080 7.373367 -12.433948
v -4.371504 6.193695 -12.437400
v -5.666172 7.965256 -12.369093
v -3.605317 6.797516 -12.336537
v -4.919031 8.563080 -12.286544
v -2.841340 7.398178 -12.238497
v -4.164754 9.145935 -12.214005
v -2.079257 8.002808 -12.144632
v -3.411307 9.730667 -12.134802
v -1.321150 8.613037 -12.053622
v -2.673079 10.329926 -12.045196
v -0.574815 9.237411 -11.966948
v -1.944998 10.942047 -11.951832
v 0.141242 9.868011 -11.884501
v -1.236869 11.550140 -11.864509
v 0.859143 10.493439 -11.798968
v -0.535172 12.160553 -11.764791
v 1.576986 11.093170 -11.701466
v 0.138139 12.770264 -11.627790
v 2.277510 11.706848 -11.603265
v 0.828171 13.361954 -11.509624
v 1.508678 13.936752 -11.376680
v 2.975508 12.301254 -11.479709
v 2.173907 14.511765 -11.195010
v 3.667432 12.889221 -11.326582
v 2.829421 15.078079 -10.991271
v 4.348307 13.474777 -11.146119
v 3.478000 15.637024 -10.755726
v 5.013898 14.059158 -10.926474
v 4.099298 16.171768 -10.504462
v 5.658393 14.631714 -10.677433
v 4.694444 16.711700 -10.206474
v 6.285558 15.200760 -10.389474
v 5.228328 17.204544 -9.909764
v 6.855015 15.716431 -10.100651
v 5.737917 17.679825 -9.581344
v 7.397182 16.209732 -9.766276
v 6.222689 18.137177 -9.214108
v 7.908877 16.687561 -9.385602
v 6.693511 18.585541 -8.810981
v 8.396898 17.168991 -8.969489
v 7.091877 18.972900 -8.447220
v 8.820222 17.583817 -8.595178
v 7.470250 19.338394 -8.066056
v 9.220435 17.979080 -8.198117
v 7.818089 19.681046 -7.657679
v 9.594874 18.353470 -7.776143
v 8.128690 20.004913 -7.206873
v 9.948896 18.704926 -7.319841
v 8.442968 20.318665 -6.756480
v 10.286766 19.064865 -6.859018
v 8.717420 20.602036 -6.281266
v 10.600749 19.383728 -6.371254
v 9.080633 20.963058 -5.576153
v 11.008456 19.816971 -5.645360
v 9.376771 21.253250 -4.831052
v 11.360661 20.195068 -4.880888
v 9.549402 21.411194 -4.267988
v 11.585130 20.423203 -4.312861
v 9.674105 21.517349 -3.680219
v 11.770378 20.616730 -3.722224
v 9.784208 21.610733 -2.949097
v 11.937211 20.849976 -2.997887
v 9.878900 21.724945 -2.449642
v 12.045259 21.029938 -2.525478
v 9.991126 21.952805 -2.093805
v 12.197640 21.273132 -2.196949
v 10.041618 22.046616 -1.932879
v 12.264450 21.359528 -2.055854
v 10.082232 22.110199 -1.737679
v 12.320106 21.427399 -1.866747
v 10.107807 22.111923 -1.303187
v 12.352615 21.441101 -1.437324
v 12.325632 21.319519 -1.020256
v 10.076283 21.989059 -0.875840
v 12.229854 21.073227 -0.608337
v 9.971206 21.733932 -0.458201
v 12.057196 20.649399 -0.254546
v 9.802672 21.300888 -0.093635
v 11.789052 19.950470 0.195093
v 9.589556 20.579208 0.374892
v 11.537899 18.947784 1.343978
v 9.311951 19.597610 1.528727
v 10.174520 18.063339 2.770837
v 9.715395 18.203644 2.813198
v 8.756358 -13.952133 -6.634657
v 8.998486 -15.658920 -7.175261
v 9.957562 -15.745911 -6.380326
v 9.717186 -14.022881 -5.879575
v 10.375841 -15.804977 -5.919390
v 10.139115 -14.073715 -5.440462
v 10.764199 -15.866402 -5.425221
v 10.537313 -14.127281 -4.971526
v 11.149517 -15.916008 -4.937652
v 10.941299 -14.169983 -4.513242
v 11.513027 -15.960579 -4.458113
v 11.326445 -14.208443 -4.058849
v 11.856424 -16.004356 -3.965439
v 11.695114 -14.246735 -3.591868
v 12.162550 -16.048660 -3.471318
v 12.034211 -14.286980 -3.119866
v 12.440107 -16.092476 -2.960306
v 12.360537 -14.328499 -2.637461
v 12.676877 -16.132393 -2.471405
v 12.660000 -14.368111 -2.177839
v 12.890684 -16.170052 -1.971745
v 12.953709 -14.407341 -1.714265
v 13.070728 -16.202110 -1.499329
v 13.226748 -14.442963 -1.277307
v 13.253391 -16.235336 -0.987823
v 13.540750 -14.485115 -0.808980
v 13.419318 -16.270180 -0.471860
v 13.853833 -14.530495 -0.342080
v 13.574513 -16.311760 0.081819
v 14.173839 -14.582520 0.169706
v 13.679077 -16.354271 0.632225
v 14.401513 -14.622993 0.695870
v 13.708818 -16.396019 1.187916
v 14.492045 -14.643402 1.253193
v 14.172525 -14.624527 3.568651
v 13.486266 -16.558403 3.419835
v 11.378549 22.177231 -2.972504
v 11.108038 22.269348 -2.967415
v 11.114613 22.308350 -2.705791
v 11.409831 22.207809 -2.711346
v 11.055120 22.224716 -2.409683
v 11.416284 22.101715 -2.416478
v 11.282124 21.456070 -0.771782
v 10.819989 21.617081 -0.761753
v 10.798209 21.546341 -0.632930
v 11.260344 21.385330 -0.642959
v 10.761447 21.432632 -0.510766
v 11.223581 21.271622 -0.520795
v 10.708562 21.276794 -0.464698
v 11.170696 21.115784 -0.474727
v 10.653726 21.120575 -0.507070
v 11.115860 20.959579 -0.517099
v 10.611631 21.005844 -0.626530
v 11.073766 20.844849 -0.636559
v 10.593557 20.963348 -0.791067
v 11.055692 20.802338 -0.801096
v 10.604347 21.004471 -0.956594
v 11.066482 20.843445 -0.966623
v 11.103244 20.957169 -1.088788
v 10.641109 21.118179 -1.078758
v 11.156128 21.113007 -1.134856
v 10.693995 21.274017 -1.124827
v 11.210964 21.269226 -1.092483
v 10.748831 21.430222 -1.082454
v 10.798694 21.526749 -1.008947
v 11.240982 21.372757 -1.002851
v 11.361549 21.945129 -2.477209
v 11.000373 22.068085 -2.470280
v 11.057649 22.142029 -2.723050
v 11.352871 22.041504 -2.728834
v 11.322666 22.011688 -2.946430
v 11.052156 22.103821 -2.941339
v 7.501107 -14.710602 -8.570510
v 7.467116 -14.496132 -8.514753
v 7.667662 -14.466972 -8.469957
v 7.704759 -14.701027 -8.530806
v 7.856668 -14.449219 -8.313784
v 7.902051 -14.735565 -8.388224
v 8.957490 -14.844200 -7.490365
v 8.901089 -14.476082 -7.396973
v 8.977619 -14.486542 -7.309710
v 9.034019 -14.854660 -7.403102
v 9.038033 -14.507332 -7.191867
v 9.094434 -14.875465 -7.285259
v 9.031358 -14.541527 -7.062421
v 9.087758 -14.909645 -7.155813
v 8.959380 -14.579926 -6.956057
v 9.015781 -14.948051 -7.049449
v 8.841387 -14.612267 -6.901276
v 8.897788 -14.980385 -6.994668
v 8.708995 -14.629868 -6.912755
v 8.765396 -14.998001 -7.006147
v 8.597678 -14.628036 -6.987421
v 8.654079 -14.996155 -7.080813
v 8.593664 -14.975349 -7.198657
v 8.537264 -14.607231 -7.105264
v 8.600340 -14.941177 -7.328102
v 8.543940 -14.573059 -7.234711
v 8.672318 -14.902763 -7.434466
v 8.615917 -14.534645 -7.341074
v 8.698346 -14.518265 -7.400428
v 8.763851 -14.869591 -7.485599
v 7.816564 -14.775307 -8.286673
v 7.771267 -14.488968 -8.212161
v 7.611737 -14.507095 -8.349697
v 7.648670 -14.741150 -8.410624
v 7.477318 -14.748459 -8.439359
v 7.443327 -14.533989 -8.383603
v -17.929510 -0.588974 -0.894567
v -18.813475 -0.724197 -0.826118
v -18.600597 0.017929 -0.835030
v -18.177593 -1.302399 -0.762121
v -17.807627 -0.832428 -0.889256
v -17.786827 -1.193054 -0.830895
v -17.772156 -1.853683 -0.702571
v -18.168261 -1.848846 -0.659501
v -18.106667 -2.862167 -0.487268
v -17.709627 -2.846359 -0.522209
v -17.961668 -4.178131 -0.288820
v -17.565554 -4.138962 -0.318000
v -17.740574 -5.652740 -0.095919
v -17.346548 -5.593925 -0.124357
v -17.608131 -6.331558 0.029936
v -17.079821 -7.032379 0.028026
v -17.793594 -7.182869 0.168005
v -17.961672 -6.403130 0.097739
v -16.834692 -8.216064 0.129531
v -17.520063 -8.407707 0.256680
v -16.623154 -9.173889 0.191554
v -17.089571 -10.008293 0.349939
v -16.741394 -9.903214 0.275232
v -16.462112 -9.816284 0.227022
v -16.516758 -11.642471 0.409750
v -16.175924 -11.514572 0.336802
v -15.849416 -13.186256 0.438715
v -15.516543 -13.035355 0.373382
v -15.168417 -14.546761 0.448980
v -14.840073 -14.382271 0.394374
v -14.653768 -15.537766 0.450206
v -14.318201 -15.387314 0.399122
v -14.516850 -15.784653 0.450172
v -14.157404 -15.702751 0.398598
v -14.452156 -16.037659 0.449926
v -14.084597 -16.026924 0.398608
v -14.135390 -16.356705 0.401436
v -14.495961 -16.283493 0.449598
v -14.271357 -16.673271 0.404446
v -14.606505 -16.519943 0.449343
v -15.093618 -18.081528 0.407012
v -15.413763 -17.898277 0.449125
v -16.120764 -19.155983 0.449356
v -15.798654 -19.335648 0.406738
v 18.019302 -0.588974 -0.894567
v 18.690390 0.017929 -0.835030
v 18.903265 -0.724197 -0.826118
v 18.267384 -1.302399 -0.762121
v 17.897419 -0.832428 -0.889256
v 17.876619 -1.193054 -0.830895
v 17.861948 -1.853683 -0.702571
v 18.258051 -1.848846 -0.659501
v 18.196457 -2.862167 -0.487268
v 17.799417 -2.846359 -0.522209
v 18.051458 -4.178131 -0.288820
v 17.655344 -4.138962 -0.318000
v 17.830364 -5.652740 -0.095919
v 17.436338 -5.593925 -0.124357
v 17.697924 -6.331558 0.029936
v 17.169613 -7.032379 0.028026
v 17.883387 -7.182869 0.168005
v 18.051464 -6.403130 0.097739
v 16.924484 -8.216064 0.129531
v 17.609856 -8.407707 0.256680
v 16.712944 -9.173889 0.191554
v 17.179363 -10.008293 0.349939
v 16.831186 -9.903214 0.275232
v 16.551903 -9.816284 0.227022
v 16.606548 -11.642471 0.409750
v 16.265717 -11.514572 0.336802
v 15.939207 -13.186256 0.438715
v 15.606335 -13.035355 0.373382
v 15.258208 -14.546761 0.448980
v 14.929864 -14.382271 0.394374
v 14.743559 -15.537766 0.450206
v 14.407992 -15.387314 0.399122
v 14.606641 -15.784653 0.450172
v 14.247195 -15.702751 0.398598
v 14.541948 -16.037659 0.449926
v 14.174388 -16.026924 0.398608
v 14.225182 -16.356705 0.401436
v 14.585752 -16.283493 0.449598
v 14.361148 -16.673271 0.404446
v 14.696297 -16.519943 0.449343
v 15.183410 -18.081528 0.407012
v 15.503554 -17.898277 0.449125
v 16.210554 -19.155983 0.449356
v 15.888445 -19.335648 0.406738
v -13.677369 -16.368965 1.120536
v -14.019675 -14.844269 3.553612
v -13.334063 -16.612213 3.418580
v -14.390763 -14.666489 1.245361
v -13.695637 -16.319839 0.553808
v -14.356830 -14.620773 0.679538
v -14.192748 -14.568863 0.064440
v -13.652715 -16.277603 -0.061506
v -13.923362 -14.518242 -0.516946
v -13.543439 -16.244225 -0.672428
v -13.545715 -14.465134 -1.117553
v -13.360918 -16.214523 -1.315047
v -13.092870 -14.411659 -1.726649
v -13.105668 -16.184647 -1.956714
v -12.743400 -14.363274 -2.295736
v -12.856091 -16.143837 -2.571063
v -12.398490 -14.314369 -2.863194
v -12.564903 -16.094238 -3.165385
v -12.028467 -14.264839 -3.404052
v -12.226876 -16.040855 -3.733637
v -11.634740 -14.214630 -3.929266
v -11.845200 -15.983482 -4.275930
v -11.232302 -14.165649 -4.435092
v -11.450618 -15.926918 -4.805559
v -10.800507 -14.118797 -4.914714
v -11.016994 -15.871468 -5.303468
v -10.341751 -14.075844 -5.364015
v -10.545412 -15.819283 -5.767759
v -10.037019 -15.771751 -6.195335
v -9.848511 -14.036545 -5.777765
v -9.338683 -13.999634 -6.163002
v -9.525476 -15.729622 -6.598708
v -8.984336 -15.693481 -6.962015
v -8.798530 -13.966248 -6.506358
v -8.412591 -15.661255 -7.288845
v -8.231100 -13.935013 -6.819818
v -7.817105 -15.632790 -7.575342
v -7.643312 -13.904961 -7.103911
v -7.226097 -15.604370 -7.843696
v -7.072821 -13.873680 -7.380186
v -6.619832 -15.578339 -8.075957
v -6.492640 -13.842873 -7.631810
v -5.996385 -15.555099 -8.276386
v -5.899311 -13.814217 -7.853892
v -5.363231 -15.534142 -8.448564
v -5.295274 -13.787895 -8.048039
v -4.732557 -15.513237 -8.620175
v -4.685930 -13.763435 -8.233291
v -4.067857 -13.743523 -8.386228
v -4.097229 -15.495071 -8.768238
v -3.444685 -13.729004 -8.502314
v -3.456681 -15.480835 -8.886975
v -2.814003 -13.721069 -8.575646
v -2.810762 -15.470833 -8.976346
v -2.165391 -13.717705 -8.623015
v -2.154857 -15.463356 -9.052917
v -1.514327 -13.720589 -8.628829
v -1.496046 -15.459579 -9.099353
v -0.850379 -13.727028 -8.606765
v -0.827995 -15.457863 -9.118922
v -0.186258 -13.734970 -8.572451
v -0.158972 -15.456024 -9.121172
v 0.521234 -13.739197 -8.564115
v 0.550177 -15.449562 -9.134743
v 1.228777 -13.742836 -8.556907
v 1.259246 -15.442589 -9.136844
v 1.928521 -13.748711 -8.530399
v 1.962507 -15.439301 -9.115807
v 2.627370 -13.757797 -8.485937
v 2.665255 -15.440422 -9.075909
v 3.296391 -13.770325 -8.429377
v 3.363113 -15.446373 -9.030069
v 3.962985 -13.784485 -8.349168
v 4.058742 -15.456512 -8.960422
v 4.640815 -13.796623 -8.245402
v 4.759912 -15.467545 -8.860843
v 5.313536 -13.807716 -8.111131
v 5.456450 -15.478630 -8.729905
v 5.983256 -13.818459 -7.953600
v 6.148688 -15.486923 -8.581908
v 6.647673 -13.818047 -7.773049
v 6.826639 -15.496178 -8.382608
v 7.503834 -15.510361 -8.112778
v 7.322550 -13.797417 -7.584380
v 7.954859 -15.478401 -8.023742
v 7.747448 -13.777550 -7.470580
v 7.982255 -13.691193 -7.633542
v 8.209183 -15.390366 -8.214135
v 8.392932 -15.387527 -8.139919
v 8.161098 -13.690193 -7.553011
v 8.703933 -15.420052 -7.910559
v 8.474456 -13.730545 -7.321122
v 8.877733 -13.794228 -6.984671
v 9.108355 -15.487999 -7.566513
v 9.370353 -13.838203 -6.721131
v 9.611728 -15.544334 -7.261777
v 10.939388 -14.505058 -6.854481
v 10.901691 -14.873299 -6.928274
v -10.174340 18.063324 2.770762
v -9.307917 19.597733 1.527172
v -9.715396 18.203674 2.813198
v -11.537578 18.948273 1.343675
v -9.594624 20.593292 0.372780
v -11.789842 19.954758 0.194840
v -9.820277 21.329361 -0.096661
v -12.059500 20.660934 -0.256638
v -9.986786 21.780655 -0.469616
v -12.233321 21.092621 -0.613967
v -10.100106 22.057510 -0.894304
v -12.330016 21.345795 -1.030657
v -10.147005 22.206329 -1.331077
v -12.363321 21.468781 -1.451457
v -12.327101 21.459198 -1.888914
v -10.127681 22.229172 -1.786591
v -12.270381 21.395050 -2.086102
v -10.090113 22.177017 -1.993176
v -12.197129 21.314713 -2.231527
v -10.037853 22.092072 -2.151923
v -12.049620 21.086380 -2.550625
v -9.929137 21.905411 -2.499156
v -11.950348 20.909882 -3.004836
v -9.849288 21.837158 -2.997339
v -11.774282 20.703949 -3.733613
v -9.736552 21.751236 -3.708296
v -11.594788 20.497116 -4.317393
v -9.611331 21.595108 -4.279940
v -11.373729 20.257965 -4.881296
v -9.424586 21.387497 -4.838622
v -11.019220 19.858170 -5.643866
v -9.118960 21.041626 -5.581442
v -10.600073 19.414825 -6.372666
v -8.742981 20.638275 -6.284481
v -10.286398 19.076797 -6.859619
v -8.460749 20.335617 -6.761084
v -9.943199 18.722382 -7.326375
v -8.148116 20.010788 -7.218319
v -9.590886 18.360336 -7.778563
v -7.820938 19.680389 -7.658879
v -9.216576 17.985428 -8.202031
v -7.471473 19.336807 -8.069695
v -8.816280 17.590607 -8.602888
v -7.098353 18.971085 -8.459767
v -8.388391 17.177933 -8.985887
v -6.703320 18.582245 -8.833649
v -7.901111 16.701508 -9.412855
v -6.233339 18.133881 -9.247864
v -7.391054 16.217514 -9.801796
v -5.749172 17.675690 -9.628796
v -6.851534 15.717651 -10.149368
v -5.232180 17.203018 -9.966598
v -6.286746 15.200836 -10.456251
v -4.697066 16.712265 -10.277536
v -5.660833 14.629486 -10.766114
v -4.097059 16.176605 -10.596045
v -5.015359 14.063370 -11.053246
v -3.484662 15.637726 -10.889298
v -4.350927 13.481140 -11.321431
v -2.837715 15.080338 -11.165723
v -3.671926 12.899841 -11.565292
v -2.185103 14.515396 -11.425371
v -2.986497 12.310867 -11.794416
v -1.521028 13.944199 -11.661832
v -2.292725 11.721695 -12.008896
v -0.848366 13.368652 -11.867620
v -0.167607 12.787262 -12.043200
v -1.599151 11.123138 -12.206118
v 0.517070 12.195175 -12.155557
v -0.895772 10.526321 -12.302461
v 1.215476 11.594910 -12.244737
v -0.177181 9.906845 -12.339759
v 1.908478 10.974838 -12.285338
v 0.544479 9.271301 -12.342386
v 2.646395 10.361053 -12.304132
v 1.298314 8.645905 -12.343826
v 3.393325 9.757690 -12.330959
v 2.062684 8.031906 -12.357389
v 4.151351 9.163010 -12.364271
v 2.834676 7.422592 -12.394691
v 4.908331 8.566559 -12.418164
v 3.603462 6.809830 -12.453308
v 5.670063 7.967545 -12.469761
v 4.375018 6.192856 -12.529440
v 6.432312 7.370590 -12.520070
v 5.153921 5.585587 -12.603162
v 7.203352 6.783249 -12.557083
v 5.941762 4.987671 -12.662226
v 6.755822 4.421097 -12.685750
v 8.005921 6.240875 -12.538735
v 8.794123 5.686295 -12.512729
v 7.575737 3.870728 -12.667066
v 9.585001 5.158676 -12.404630
v 8.381378 3.317291 -12.585238
v 10.356081 4.629974 -12.240096
v 9.169832 2.763611 -12.445721
v 11.098613 4.106201 -12.017942
v 9.938620 2.221558 -12.248010
v 11.810499 3.608276 -11.736598
v 10.665086 1.689316 -11.982982
v 12.466392 3.146454 -11.349483
v 11.353364 1.217255 -11.605323
v 13.081722 2.726227 -10.869282
v 12.012408 0.789536 -11.127385
v 12.632948 0.397171 -10.575600
v 13.663027 2.350281 -10.317577
v 13.230038 0.024170 -9.984755
v 14.215131 1.994415 -9.726741
v 14.712850 1.663239 -9.093585
v 13.766283 -0.316238 -9.337685
v 15.169644 1.363708 -8.419874
v 14.279487 -0.634506 -8.666009
v 15.569578 1.087296 -7.713711
v 14.715526 -0.928940 -7.943630
v 15.926941 0.826157 -6.982590
v 15.134318 -1.214722 -7.208873
v 16.232330 0.578445 -6.234349
v 15.542004 -1.478470 -6.467269
v 16.504087 0.340408 -5.473769
v 15.872442 -1.744537 -5.694665
v 16.715561 0.131195 -4.696362
v 16.173828 -1.978958 -4.910265
v 16.884510 -0.066254 -3.908297
v 16.438023 -2.200638 -4.113598
v 17.039772 -0.244095 -3.117636
v 16.674032 -2.395737 -3.306828
v 17.159805 -0.408127 -2.319532
v 16.884495 -2.577072 -2.492820
v 17.244923 -0.549957 -1.510216
v 17.065147 -2.737427 -1.664526
v 17.337790 -0.680649 -0.713368
v 17.247435 -2.896774 -0.862466
v 17.343266 -0.770569 0.044927
v 17.350002 -2.983322 -0.095630
v 17.091743 -3.075638 1.648476
v 17.008356 -0.899612 1.772591
v 0.415021 1.266647 17.413488
v 0.415021 1.253021 16.482786
v 0.415021 1.475128 17.360752
v 0.415021 1.044556 16.535522
v 0.288625 1.097992 17.456154
v 0.288625 0.875900 16.578186
v 0.084112 1.033569 17.472450
v 0.084112 0.811478 16.594482
v -0.120401 0.875900 16.578186
v -0.120401 1.097992 17.456154
v -0.246797 1.266647 17.413488
v -0.246797 1.044556 16.535522
v -0.246797 1.475128 17.360752
v -0.246797 1.253021 16.482786
v -0.120401 1.643784 17.318089
v -0.120401 1.421677 16.440121
v 0.084112 1.708206 17.301790
v 0.084112 1.486099 16.423824
v 0.288625 1.643784 17.318089
v 0.288625 1.421677 16.440121
v 0.415021 1.253021 16.482786
v 0.415021 1.475128 17.360752
v -11.378540 22.177231 -2.972507
v -11.114606 22.308350 -2.705795
v -11.108030 22.269363 -2.967418
v -11.409823 22.207809 -2.711349
v -11.055112 22.224716 -2.409685
v -11.416277 22.101730 -2.416481
v -11.282116 21.456085 -0.771786
v -10.819982 21.617081 -0.761756
v -10.798203 21.546356 -0.632934
v -11.260335 21.385345 -0.642963
v -10.761440 21.432648 -0.510769
v -11.223574 21.271622 -0.520798
v -10.708555 21.276794 -0.464701
v -11.170689 21.115784 -0.474730
v -10.653719 21.120590 -0.507074
v -11.115853 20.959579 -0.517103
v -10.611624 21.005859 -0.626533
v -11.073759 20.844849 -0.636562
v -10.593550 20.963364 -0.791070
v -11.055684 20.802353 -0.801099
v -10.604340 21.004471 -0.956597
v -11.066474 20.843460 -0.966627
v -11.103237 20.957169 -1.088791
v -10.641103 21.118179 -1.078762
v -11.156119 21.113007 -1.134859
v -10.693987 21.274017 -1.124829
v -11.210958 21.269226 -1.092486
v -10.748824 21.430237 -1.082457
v -10.798685 21.526749 -1.008950
v -11.240974 21.372772 -1.002854
v -11.361543 21.945129 -2.477212
v -11.000365 22.068085 -2.470284
v -11.057642 22.142029 -2.723053
v -11.352864 22.041519 -2.728837
v -11.322659 22.011703 -2.946434
v -11.052148 22.103821 -2.941343
v 16.129663 -19.162376 1.045992
v 15.888445 -19.335648 0.406738
v 16.210554 -19.155983 0.449356
v 15.807232 -19.340904 1.001067
v 15.683764 -19.346733 1.843982
v 16.006805 -19.171387 1.896379
v 15.477790 -19.355591 2.968577
v 15.799119 -19.182877 3.037624
v 15.487581 -19.194038 4.285774
v 15.169387 -19.361206 4.192720
v 15.043302 -19.202583 5.571975
v 14.732784 -19.363075 5.446793
v 14.441247 -19.206802 6.859068
v 14.143321 -19.364510 6.703446
v 13.681700 -19.206711 8.121574
v 13.398690 -19.357018 7.934066
v 12.772762 -19.202812 9.337114
v 12.509291 -19.348595 9.119896
v 11.728534 -19.196075 10.484035
v 11.486140 -19.342392 10.243854
v 10.563851 -19.187401 11.543465
v 10.343539 -19.330177 11.280928
v 9.290514 -19.177483 12.506895
v 9.096400 -19.320808 12.224711
v 7.919484 -19.166954 13.368179
v 7.747524 -19.311020 13.072333
v 6.461396 -19.156380 14.120241
v 6.317948 -19.300209 13.809461
v 4.813801 -19.293732 14.430819
v 4.927893 -19.146446 14.751966
v 3.254604 -19.289024 14.907417
v 3.335002 -19.138191 15.237018
v 1.658339 -19.286171 15.210845
v 1.700516 -19.132690 15.546278
v 0.044895 -19.284889 15.317672
v 0.044895 -19.130714 15.654703
v -1.610725 -19.132690 15.546278
v -1.568548 -19.286171 15.210845
v -3.245212 -19.138191 15.237018
v -3.164813 -19.289024 14.907417
v -4.838102 -19.146446 14.751966
v -4.724011 -19.293732 14.430819
v -6.371604 -19.156380 14.120241
v -6.228158 -19.300209 13.809461
v -7.657733 -19.311020 13.072333
v -7.829693 -19.166954 13.368179
v -9.006609 -19.320808 12.224711
v -9.200723 -19.177483 12.506895
v -10.253748 -19.330177 11.280928
v -10.474060 -19.187401 11.543465
v -11.396349 -19.342392 10.243854
v -11.638742 -19.196075 10.484035
v -12.419499 -19.348595 9.119896
v -12.682971 -19.202812 9.337114
v -13.308899 -19.357018 7.934066
v -13.591908 -19.206711 8.121574
v -14.053530 -19.364510 6.703446
v -14.351456 -19.206802 6.859068
v -14.642993 -19.363075 5.446793
v -14.953510 -19.202583 5.571975
v -15.079596 -19.361206 4.192720
v -15.397790 -19.194038 4.285774
v -15.387999 -19.355591 2.968577
v -15.709327 -19.182877 3.037624
v -15.917013 -19.171387 1.896379
v -15.593973 -19.346733 1.843982
v -16.039871 -19.162376 1.045992
v -15.717441 -19.340904 1.001067
v -15.798654 -19.335648 0.406738
v -16.120764 -19.155983 0.449356
v 13.090734 20.274521 1.502908
v 12.240532 19.988358 1.139553
v 12.518175 20.657578 1.722364
v 11.768355 20.376709 1.429508
v 11.792798 20.307739 1.306022
v 11.996784 19.965149 1.067306
v 11.798939 20.018326 1.040329
v 11.516654 20.123367 1.008526
v 10.698698 20.785782 1.131937
v 10.604376 20.473465 0.900702
v 9.834554 21.125580 1.019345
v 9.732010 20.809631 0.799291
v 9.487781 21.263336 0.974855
v 9.285285 21.009583 0.779292
v 9.154955 21.106461 0.802685
v 9.077079 21.229279 0.853445
v 9.042480 21.434570 0.953529
v 9.411109 21.184097 1.133439
v 9.812732 21.022842 1.185435
v 9.662313 22.028198 1.392155
v 9.323677 21.866226 1.218214
v 9.039993 21.764206 1.118496
v 9.072554 22.137878 1.310616
v -14.996956 -8.652786 7.035522
v -15.180640 -8.936783 6.470154
v -14.843090 -9.092682 7.114475
v -15.235461 -8.908859 6.367233
v -14.738338 -8.784798 7.551004
v -15.005266 -8.603851 7.041779
v -15.006271 -8.598480 7.042257
v -15.072410 -8.337883 7.026241
v -14.239797 -8.144150 8.536087
v -14.266799 -7.959137 8.559147
v -14.326261 -7.640121 8.579194
v -15.289694 -7.587616 6.933768
v -14.470695 -7.002518 8.575008
v -15.305230 -7.531349 6.928575
v -15.348310 -6.371063 7.457909
v -15.554574 -6.910202 6.692608
v -15.830586 -6.703407 6.171089
v -15.867229 -6.711098 6.082828
v -13.000943 20.274521 1.502908
v -12.428384 20.657578 1.722364
v -12.150741 19.988358 1.139553
v -11.678564 20.376709 1.429508
v -11.703006 20.307739 1.306022
v -11.906993 19.965149 1.067306
v -11.709147 20.018326 1.040329
v -11.426863 20.123367 1.008526
v -10.608907 20.785782 1.131937
v -10.514585 20.473465 0.900702
v -9.744761 21.125580 1.019345
v -9.642219 20.809631 0.799291
v -9.397989 21.263336 0.974855
v -9.195494 21.009583 0.779292
v -9.065164 21.106461 0.802685
v -8.987288 21.229279 0.853445
v -8.952689 21.434570 0.953529
v -9.321318 21.184097 1.133439
v -9.722939 21.022842 1.185435
v -9.572522 22.028198 1.392155
v -9.233885 21.866226 1.218214
v -8.950202 21.764206 1.118496
v -8.982762 22.137878 1.310616
v 15.086748 -8.652786 7.035522
v 14.932881 -9.092682 7.114475
v 15.270432 -8.936783 6.470154
v 15.325253 -8.908859 6.367233
v 14.828129 -8.784798 7.551004
v 15.095058 -8.603851 7.041779
v 15.096063 -8.598480 7.042257
v 15.162201 -8.337883 7.026241
v 14.329588 -8.144150 8.536087
v 14.356591 -7.959137 8.559147
v 14.416053 -7.640121 8.579194
v 15.379485 -7.587616 6.933768
v 14.560487 -7.002518 8.575008
v 15.395021 -7.531349 6.928575
v 15.438101 -6.371063 7.457909
v 15.644365 -6.910202 6.692608
v 15.920379 -6.703407 6.171089
v 15.957020 -6.711098 6.082828
v 10.923484 -14.786369 -7.214573
v 10.939388 -14.505058 -6.854481
v 10.901691 -14.873299 -6.928274
v 10.952766 -14.418777 -7.141492
v 9.710313 -15.447502 -7.528059
v 10.901691 -14.873299 -6.928274
v 9.611728 -15.544334 -7.261777
v 9.108355 -15.487999 -7.566513
v 9.468185 -13.740723 -6.987455
v 10.939388 -14.505058 -6.854481
v 9.370353 -13.838203 -6.721131
v 8.877733 -13.794228 -6.984671
v 9.282513 -15.388840 -7.789364
v 8.703933 -15.420052 -7.910559
v 9.045809 -13.694420 -7.211401
v 8.474456 -13.730545 -7.321122
v 8.885768 -15.320297 -8.127022
v 8.392932 -15.387527 -8.139919
v 8.656517 -13.630714 -7.537589
v 8.161098 -13.690193 -7.553011
v 8.507647 -15.279427 -8.393511
v 8.282663 -13.590523 -7.806979
v 7.982255 -13.691193 -7.633542
v 8.209183 -15.390366 -8.214135
v 7.915349 -13.609108 -7.914229
v 8.135530 -15.300163 -8.490609
v 7.689855 -13.693909 -7.752872
v 7.747448 -13.777550 -7.470580
v 7.322550 -13.797417 -7.584380
v 7.891198 -15.395912 -8.305062
v 7.954859 -15.478401 -8.023742
v 7.503834 -15.510361 -8.112778
v 7.407443 -13.699921 -7.855092
v 7.589955 -15.412888 -8.383110
v 6.826639 -15.496178 -8.382608
v 6.911211 -15.393135 -8.651367
v 6.148688 -15.486923 -8.581908
v 6.723568 -13.715019 -8.044394
v 6.647673 -13.818047 -7.773049
v 5.983256 -13.818459 -7.953600
v 6.220630 -15.381271 -8.853509
v 6.050958 -13.712868 -8.226177
v 5.313536 -13.807716 -8.111131
v 5.515741 -15.372749 -9.004265
v 5.456450 -15.478630 -8.729905
v 5.373216 -13.701859 -8.385417
v 4.640815 -13.796623 -8.245402
v 4.808212 -15.362473 -9.137672
v 4.759912 -15.467545 -8.860843
v 4.690342 -13.691559 -8.522028
v 4.095990 -15.352943 -9.239501
v 4.058742 -15.456512 -8.960422
v 4.002308 -13.680962 -8.627981
v 3.962985 -13.784485 -8.349168
v 3.296391 -13.770325 -8.429377
v 3.391509 -15.344543 -9.310847
v 3.363113 -15.446373 -9.030069
v 3.327002 -13.668518 -8.709931
v 2.684755 -15.340454 -9.358088
v 2.665255 -15.440422 -9.075909
v 1.962507 -15.439301 -9.115807
v 2.649220 -13.657829 -8.767946
v 2.627370 -13.757797 -8.485937
v 1.928521 -13.748711 -8.530399
v 1.974975 -15.340988 -9.398998
v 1.943515 -13.650421 -8.813458
v 1.264672 -15.346474 -9.420975
v 1.259246 -15.442589 -9.136844
v 1.236898 -13.646706 -8.840974
v 1.228777 -13.742836 -8.556907
v 0.552249 -15.356186 -9.419868
v 0.550177 -15.449562 -9.134743
v 0.527883 -13.645821 -8.849181
v 0.521234 -13.739197 -8.564115
v -0.160262 -15.366631 -9.407541
v -0.158972 -15.456024 -9.121172
v -0.827995 -15.457863 -9.118922
v -0.180167 -13.645546 -8.858721
v -0.186258 -13.734970 -8.572451
v -0.850379 -13.727028 -8.606765
v -0.834676 -15.373650 -9.406780
v -0.849685 -13.642746 -8.894725
v -1.514327 -13.720589 -8.628829
v -1.496046 -15.459579 -9.099353
v -1.518078 -13.641876 -8.918293
v -2.165391 -13.717705 -8.623015
v -1.508141 -15.380928 -9.388609
v -2.182758 -13.644569 -8.913548
v -2.814003 -13.721069 -8.575646
v -2.178661 -15.390327 -9.342954
v -2.154857 -15.463356 -9.052917
v -2.844943 -13.652237 -8.866000
v -2.847080 -15.402107 -9.266089
v -2.810762 -15.470833 -8.976346
v -3.444685 -13.729004 -8.502314
v -3.456681 -15.480835 -8.886975
v -3.491310 -13.662987 -8.791282
v -3.505313 -15.414879 -9.175576
v -4.097229 -15.495071 -8.768238
v -4.129972 -13.678261 -8.672378
v -4.067857 -13.743523 -8.386228
v -4.158576 -15.429802 -9.054500
v -4.760488 -13.697189 -8.516296
v -4.685930 -13.763435 -8.233291
v -4.805039 -15.446953 -8.903662
v -4.732557 -15.513237 -8.620175
v -5.382035 -13.719162 -8.326872
v -5.295274 -13.787895 -8.048039
v -5.899311 -13.814217 -7.853892
v -5.444449 -15.465256 -8.729015
v -5.363231 -15.534142 -8.448564
v -5.996385 -15.555099 -8.276386
v -5.997042 -13.741806 -8.128175
v -6.088897 -15.482513 -8.552427
v -6.619832 -15.578339 -8.075957
v -6.602076 -13.766846 -7.900551
v -6.492640 -13.842873 -7.631810
v -6.722806 -15.502029 -8.347201
v -7.226097 -15.604370 -7.843696
v -7.193087 -13.794426 -7.643346
v -7.072821 -13.873680 -7.380186
v -7.341353 -15.524857 -8.109112
v -7.772254 -13.823792 -7.362343
v -7.643312 -13.904961 -7.103911
v -8.231100 -13.935013 -6.819818
v -7.944387 -15.551514 -7.834561
v -7.817105 -15.632790 -7.575342
v -8.412591 -15.661255 -7.288845
v -8.370718 -13.853554 -7.072529
v -8.798530 -13.966248 -6.506358
v -8.554213 -15.579872 -7.540591
v -8.984336 -15.693481 -6.962015
v -8.952068 -13.886086 -6.751308
v -9.338683 -13.999634 -6.163002
v -9.139887 -15.613434 -7.205729
v -9.508395 -13.921791 -6.397957
v -9.697007 -15.651924 -6.832388
v -9.525476 -15.729622 -6.598708
v -10.033467 -13.961510 -6.001647
v -9.848511 -14.036545 -5.777765
v -10.341751 -14.075844 -5.364015
v -10.223710 -15.696869 -6.417908
v -10.037019 -15.771751 -6.195335
v -10.545412 -15.819283 -5.767759
v -10.541743 -14.003441 -5.575717
v -10.747052 -15.747032 -5.977969
v -11.016994 -15.871468 -5.303468
v -11.014565 -14.049545 -5.113020
v -10.800507 -14.118797 -4.914714
v -11.232591 -15.802368 -5.500301
v -11.458201 -14.099663 -4.621134
v -11.232302 -14.165649 -4.435092
v -11.678545 -15.861145 -4.989406
v -11.450618 -15.926918 -4.805559
v -11.870835 -14.153519 -4.103947
v -11.634740 -14.214630 -3.929266
v -12.028467 -14.264839 -3.404052
v -12.084614 -15.922852 -4.446240
v -11.845200 -15.983482 -4.275930
v -12.226876 -16.040855 -3.733637
v -12.272663 -14.209251 -3.569428
v -12.398490 -14.314369 -2.863194
v -12.476657 -15.986031 -3.891034
v -12.824181 -16.049866 -3.309636
v -12.564903 -16.094238 -3.165385
v -12.651139 -14.268822 -3.018284
v -13.122995 -16.114265 -2.705760
v -12.856091 -16.143837 -2.571063
v -13.000780 -14.331741 -2.447633
v -12.743400 -14.363274 -2.295736
v -13.092870 -14.411659 -1.726649
v -13.378410 -16.176239 -2.081382
v -13.105668 -16.184647 -1.956714
v -13.349530 -14.399239 -1.880695
v -13.545715 -14.465134 -1.117553
v -13.639153 -16.235474 -1.424940
v -13.360918 -16.214523 -1.315047
v -13.806224 -14.481956 -1.265115
v -13.923362 -14.518242 -0.516946
v -13.824642 -16.294662 -0.755459
v -13.543439 -16.244225 -0.672428
v -14.195397 -14.565773 -0.628509
v -14.192748 -14.568863 0.064440
v -13.934546 -16.352219 -0.119080
v -13.652715 -16.277603 -0.061506
v -14.468731 -14.640923 -0.017089
v -14.356830 -14.620773 0.679538
v -13.976708 -16.413574 0.526674
v -13.695637 -16.319839 0.553808
v -14.634703 -14.712212 0.628440
v -14.670565 -14.769272 1.223800
v -14.390763 -14.666489 1.245361
v -13.957073 -16.473732 1.119170
v -13.677369 -16.368965 1.120536
v -14.295127 -14.958397 3.586772
v -14.019675 -14.844269 3.553612
v -13.609870 -16.726311 3.448828
v -13.334063 -16.612213 3.418580
v -13.334063 -16.612213 3.418580
v -14.019675 -14.844269 3.553612
v 0.611385 0.982712 16.551170
v 0.611385 1.273361 16.302998
v 0.611385 1.314880 16.467138
v 0.611385 0.941177 16.387028
v 0.409984 0.672440 16.455009
v 0.409984 0.713959 16.619152
v 0.084112 0.611313 16.645119
v 0.084112 0.569794 16.480976
v -0.241760 0.672440 16.455009
v -0.241760 0.713959 16.619152
v -0.443161 0.982712 16.551170
v -0.443161 0.941177 16.387026
v -0.443161 1.273361 16.302996
v -0.443161 1.314880 16.467138
v -0.241761 1.583618 16.399157
v -0.241761 1.542099 16.235014
v 0.084112 1.686264 16.373190
v 0.084112 1.644745 16.209047
v 0.409984 1.583618 16.399157
v 0.409984 1.542099 16.235014
v 0.611385 1.273361 16.302998
v 0.611385 1.314880 16.467138
v 9.020448 -14.883080 -7.431872
v 8.899797 -14.887413 -7.490135
v 8.768081 -14.911194 -7.482714
v 9.097704 -14.899353 -7.323538
v 8.660592 -14.948051 -7.411599
v 8.606132 -14.988106 -7.295843
v 8.696548 -15.036896 -7.058131
v 8.619292 -15.020630 -7.166465
v 9.109673 -14.944275 -7.142969
v 8.861683 -15.042953 -6.933716
v 8.788320 -14.599487 -6.814773
v 9.036326 -14.500923 -7.024054
v 8.623184 -14.593437 -6.939187
v 9.024339 -14.455887 -7.204594
v 8.532767 -14.544640 -7.176899
v 8.545928 -14.577156 -7.047521
v 8.947084 -14.439613 -7.312928
v 8.694717 -14.467720 -7.363770
v 8.587229 -14.504585 -7.292655
v 8.826434 -14.443939 -7.371191
v 10.897308 18.894073 2.334907
v 9.582733 19.331329 2.349453
v 9.293313 19.663986 2.051044
v 11.322342 18.989075 2.028594
v 11.673665 20.097763 0.435990
v 9.644638 20.772659 0.458440
v 11.714860 20.225143 0.329769
v 9.685833 20.900040 0.352219
v 11.767966 20.385635 0.304712
v 9.738939 21.060532 0.327161
v 9.789727 21.211136 0.389981
v 11.818754 20.536240 0.367531
v 11.853616 20.636581 0.501396
v 9.824589 21.311493 0.523846
v 11.863210 20.659805 0.670437
v 9.834182 21.334717 0.692887
v 11.844964 20.599670 0.829360
v 9.815936 21.274567 0.851809
v 11.803769 20.472275 0.935581
v 9.774741 21.147186 0.958030
v 9.711372 20.956635 0.959521
v 11.740400 20.281723 0.937071
v 11.686727 20.129150 0.868870
v 9.658212 20.803879 0.891314
v 11.388104 19.195877 2.189603
v 9.359589 19.870621 2.212047
v 9.648918 19.538010 2.510457
v 10.963161 19.100845 2.495915
v -10.897307 18.894058 2.334901
v -9.293312 19.663986 2.051037
v -9.582734 19.331329 2.349446
v -11.322342 18.989075 2.028588
v -11.673663 20.097763 0.435984
v -9.644636 20.772659 0.458434
v -11.714859 20.225143 0.329763
v -9.685832 20.900040 0.352213
v -11.767965 20.385635 0.304705
v -9.738940 21.060532 0.327155
v -9.789727 21.211136 0.389974
v -11.818754 20.536240 0.367525
v -11.853615 20.636581 0.501390
v -9.824588 21.311493 0.523839
v -11.863210 20.659805 0.670431
v -9.834181 21.334702 0.692880
v -11.844963 20.599670 0.829353
v -9.815937 21.274567 0.851803
v -11.803768 20.472275 0.935575
v -9.774741 21.147186 0.958024
v -9.711371 20.956635 0.959514
v -11.740400 20.281723 0.937064
v -11.686726 20.129150 0.868864
v -9.658212 20.803879 0.891307
v -11.388105 19.195877 2.189596
v -9.359588 19.870621 2.212040
v -9.648919 19.537994 2.510450
v -10.963161 19.100845 2.495909
v 17.897419 -0.832428 -0.889256
v 17.927067 -0.577759 -0.325906
v 18.019302 -0.588974 -0.894567
v 17.796568 -0.813843 -0.309831
v 17.876619 -1.193054 -0.830895
v 17.776823 -0.472885 0.526930
v 17.774607 -1.492035 -0.162028
v 17.861948 -1.853683 -0.702571
v 17.637094 -0.706833 0.552820
v 17.562084 -0.278076 1.637072
v 17.799417 -2.846359 -0.522209
v 17.409233 -0.510010 1.674190
v 17.306248 0.011490 2.777435
v 17.615681 -1.382416 0.735349
v 17.503504 -4.504532 0.380778
v 17.655344 -4.138962 -0.318000
v 17.436338 -5.593925 -0.124357
v 17.376648 -1.191895 1.915072
v 16.953726 -7.588905 0.758208
v 17.169613 -7.032379 0.028026
v 17.211973 -4.319595 2.041194
v 16.924484 -8.216064 0.129531
v 17.136837 -0.217163 2.824585
v 17.010794 0.396774 3.885870
v 17.072802 -0.916595 3.147433
v 16.822145 0.173676 3.939943
v 16.671860 0.878738 4.941237
v 16.708181 -0.538773 4.346378
v 16.462191 0.664169 4.997878
v 16.286180 1.462341 5.921502
v 16.402184 -3.820190 4.932108
v 16.283829 -0.043289 5.468818
v 16.054815 1.257797 5.977076
v 15.853542 2.151047 6.805094
v 15.800060 0.561310 6.499884
v 15.600981 1.956726 6.857038
v 15.385349 2.938843 7.573234
v 14.926168 -2.620712 7.936759
v 15.260538 1.265488 7.428412
v 15.113266 2.755524 7.619457
v 14.896129 3.816833 8.209238
v 14.683034 2.079880 8.229865
v 14.607276 3.645981 8.247952
v 14.401287 4.773834 8.702045
v 13.086143 -0.734818 10.264053
v 14.089565 3.014404 8.878812
v 14.099111 4.616943 8.731661
v 13.915546 5.800461 9.042866
v 13.505072 4.056686 9.359633
v 13.603951 5.658508 9.062065
v 13.450014 6.896042 9.226396
v 12.952656 5.189850 9.661730
v 10.979004 1.975845 11.747490
v 12.445131 6.401566 9.784808
v 13.132874 6.769470 9.234503
v 12.697157 7.944092 9.246369
v 13.016206 8.055374 9.249387
v 11.993593 7.675797 9.731986
v 9.117503 5.847641 11.906229
v 11.612584 8.977203 9.509747
v 12.313074 9.150284 9.099402
v 12.630849 9.246658 9.113335
v 11.314554 10.276627 9.122784
v 11.995179 10.361526 8.793205
v 12.308988 10.443649 8.817632
v 8.015290 10.979034 10.214934
v 11.100127 11.588943 8.565293
v 11.746200 11.600006 8.314484
v 12.053669 11.668884 8.348493
v 11.866233 12.940872 7.697559
v 11.567097 12.883759 7.655262
v 11.753160 14.211868 6.891374
v 10.967787 12.926636 7.835482
v 11.463596 14.165329 6.841714
v 11.719742 15.433029 5.958403
v 10.919310 14.248001 6.958125
v 11.440218 15.396011 5.901842
v 11.761379 16.616592 4.899927
v 7.984915 14.167938 8.158010
v 11.491923 16.587402 4.836841
v 11.864854 17.757065 3.749806
v 10.954357 15.510757 5.959365
v 11.604892 17.733292 3.680799
v 11.992336 18.717133 2.699387
v 11.060849 16.723740 4.844225
v 9.075596 16.960312 5.460865
v 11.218005 17.876984 3.651673
v 11.739752 18.695618 2.626200
v 12.118916 19.430984 1.853228
v 11.870907 19.408463 1.778770
v 12.240532 19.988358 1.139553
v 11.996784 19.965149 1.067306
v 11.377151 18.806381 2.609101
v 11.526182 19.532639 1.728681
v 11.798939 20.018326 1.040329
v 11.516654 20.123367 1.008526
v 9.973311 19.051254 2.930078
v 10.332767 20.066910 1.554798
v 10.604376 20.473465 0.900702
v 9.576418 20.410095 1.444345
v 9.732010 20.809631 0.799291
v 9.285285 21.009583 0.779292
v 8.963109 20.720078 1.395625
v 9.154955 21.106461 0.802685
v 8.711967 20.255066 2.181206
v 9.128416 19.540253 2.781978
v 8.511950 19.944595 2.699073
v 8.284191 19.636505 3.207131
v 7.985682 19.268738 3.808659
v 7.856359 17.795349 5.267841
v 7.644095 18.906570 4.390332
v 7.253028 18.540527 4.966471
v 6.806984 18.186676 5.510511
v 6.320796 17.846283 6.026984
v 6.274757 16.418350 7.128714
v 5.774798 17.530228 6.498640
v 5.177246 17.235840 6.936580
v 4.849441 15.838623 8.030807
v 4.525431 16.975174 7.320190
v 3.862451 16.744019 7.658171
v 2.996278 12.645172 10.700757
v 2.493100 15.407135 8.814730
v 3.145238 16.568008 7.914961
v 2.393925 16.439224 8.102936
v 1.622251 16.341019 8.247215
v 0.044895 12.639053 11.070220
v 0.840606 16.272171 8.348620
v 0.044895 16.247940 8.384315
v -0.750816 16.272171 8.348620
v -1.532460 16.341019 8.247215
v 3.292083 6.001282 13.596097
v 0.044895 7.049042 14.105931
v -2.403309 15.407135 8.814730
v -2.304134 16.439224 8.102936
v -3.055447 16.568008 7.914961
v -3.772660 16.744019 7.658171
v -2.906487 12.645172 10.700757
v -4.759650 15.838623 8.030807
v -4.435640 16.975174 7.320190
v -5.087455 17.235840 6.936580
v -6.184967 16.418350 7.128714
v -5.685007 17.530228 6.498640
v -6.231004 17.846283 6.026984
v -7.895123 14.167938 8.158010
v -7.766567 17.795349 5.267841
v -6.717193 18.186676 5.510511
v -7.163237 18.540527 4.966471
v -7.554304 18.906570 4.390332
v -7.895890 19.268738 3.808659
v -8.985804 16.960312 5.460865
v -9.038624 19.540253 2.781978
v -8.194400 19.636505 3.207131
v -8.422159 19.944595 2.699073
v -8.622174 20.255066 2.181206
v -9.883520 19.051254 2.930078
v -9.486626 20.410095 1.444345
v -8.873318 20.720078 1.395625
v -9.195494 21.009583 0.779292
v -9.065164 21.106461 0.802685
v -9.642219 20.809631 0.799291
v -10.514585 20.473465 0.900702
v -10.242976 20.066910 1.554798
v -11.426863 20.123367 1.008526
v -11.436391 19.532639 1.728681
v -11.709147 20.018326 1.040329
v -11.906993 19.965149 1.067306
v -11.287360 18.806381 2.609101
v -11.781116 19.408463 1.778770
v -12.150741 19.988358 1.139553
v -12.029124 19.430984 1.853228
v -11.649961 18.695618 2.626200
v -11.902545 18.717133 2.699387
v -11.128214 17.876984 3.651673
v -11.515100 17.733292 3.680799
v -11.775063 17.757065 3.749806
v -10.971058 16.723740 4.844225
v -11.402132 16.587402 4.836841
v -11.671588 16.616592 4.899927
v -10.864566 15.510757 5.959365
v -11.350427 15.396011 5.901842
v -11.629951 15.433029 5.958403
v -10.829518 14.248001 6.958125
v -11.373804 14.165329 6.841714
v -11.663369 14.211868 6.891374
v -11.477305 12.883759 7.655262
v -11.776442 12.940872 7.697559
v -10.877995 12.926636 7.835482
v -11.656408 11.600006 8.314484
v -11.963877 11.668884 8.348493
v -12.219196 10.443649 8.817632
v -11.010335 11.588943 8.565293
v -11.905388 10.361526 8.793205
v -12.541058 9.246658 9.113335
v -7.925499 10.979034 10.214934
v -11.224763 10.276627 9.122784
v -12.223283 9.150284 9.099402
v -12.926414 8.055374 9.249387
v -11.522793 8.977203 9.509747
v -12.607366 7.944092 9.246369
v -13.360223 6.896042 9.226396
v -11.903802 7.675797 9.731986
v -13.043081 6.769470 9.234503
v -13.514159 5.658508 9.062065
v -13.825755 5.800461 9.042866
v -12.355339 6.401566 9.784808
v -9.027711 5.847641 11.906229
v -12.862864 5.189850 9.661730
v -14.009319 4.616943 8.731661
v -14.311496 4.773834 8.702045
v -13.415280 4.056686 9.359633
v -14.517485 3.645981 8.247952
v -14.806337 3.816833 8.209238
v -13.999774 3.014404 8.878812
v -10.889213 1.975845 11.747490
v -14.593242 2.079880 8.229865
v -15.023475 2.755524 7.619457
v -15.295558 2.938843 7.573234
v -12.996351 -0.734818 10.264053
v -15.170747 1.265488 7.428412
v -15.511189 1.956726 6.857038
v -15.763751 2.151047 6.805094
v -15.710269 0.561310 6.499884
v -15.965024 1.257797 5.977076
v -16.196390 1.462341 5.921502
v -14.836377 -2.620712 7.936759
v -16.194038 -0.043289 5.468818
v -16.372398 0.664169 4.997878
v -16.582069 0.878738 4.941237
v -16.618391 -0.538773 4.346378
v -16.732355 0.173676 3.939943
v -16.921001 0.396774 3.885870
v -16.312391 -3.820190 4.932108
v -16.983009 -0.916595 3.147433
v -17.047047 -0.217163 2.824585
v -17.216455 0.011490 2.777435
v -17.286856 -1.191895 1.915072
v -17.319441 -0.510010 1.674190
v -17.472292 -0.278076 1.637072
v -17.122183 -4.319595 2.041194
v -17.525888 -1.382416 0.735349
v -17.547304 -0.706833 0.552820
v -17.687031 -0.472885 0.526930
v -17.706778 -0.813843 -0.309831
v -17.837276 -0.577759 -0.325906
v -17.807627 -0.832428 -0.889256
v -17.929510 -0.588974 -0.894567
v -17.786827 -1.193054 -0.830895
v -17.684816 -1.492035 -0.162028
v -17.772156 -1.853683 -0.702571
v -17.709627 -2.846359 -0.522209
v -17.413712 -4.504532 0.380778
v -17.565554 -4.138962 -0.318000
v -17.346548 -5.593925 -0.124357
v -16.863935 -7.588905 0.758208
v -17.079821 -7.032379 0.028026
v -16.834692 -8.216064 0.129531
v -16.527901 -7.450455 2.510956
v -16.497635 -9.154793 0.895376
v -16.623154 -9.173889 0.191554
v -16.462112 -9.816284 0.227022
v -16.287704 -9.118935 1.953530
v -16.315804 -9.807701 0.942369
v -16.575804 -9.881775 0.998972
v -16.741394 -9.903214 0.275232
v -16.175924 -11.514572 0.336802
v -16.210224 -9.826675 2.040148
v -15.938713 -11.510201 1.544539
v -15.516543 -13.035355 0.373382
v -15.928335 -9.032318 3.415005
v -15.921450 -9.777161 3.454829
v -14.972798 -13.710861 1.552382
v -14.840073 -14.382271 0.394374
v -14.500817 -8.627007 7.075802
v -15.064650 -12.607971 3.377370
v -13.522720 -12.537926 6.914325
v -11.880264 -7.349678 10.731329
v -11.092769 -11.753342 10.479026
v -8.009119 -6.041069 13.893476
v -7.366814 -10.948357 13.523201
v -5.996511 -0.474609 14.522555
v -3.202292 6.001282 13.596097
v -3.461133 -4.966492 16.229414
v 0.044895 2.198303 15.629286
v -2.978065 -10.502380 15.748089
v 0.044895 -4.427216 17.448277
v 0.044895 -10.602943 16.816498
v 3.550923 -4.966492 16.229414
v 0.044895 -14.181236 15.185111
v 6.086301 -0.474609 14.522555
v 3.067857 -10.502380 15.748089
v 8.098910 -6.041069 13.893476
v 11.970056 -7.349678 10.731329
v 7.456605 -10.948357 13.523201
v 2.925836 -14.079208 14.508233
v 14.590609 -8.627007 7.075802
v 11.182560 -11.753342 10.479026
v 6.676303 -15.699951 12.564579
v 9.035167 -15.729378 11.093530
v 2.707978 -15.551239 13.975635
v 6.589083 -16.608444 12.547362
v 11.322377 -15.745918 8.719583
v 9.067293 -16.648239 11.039370
v 13.612512 -12.537926 6.914325
v 11.432295 -16.686981 8.635551
v 12.864254 -15.748260 6.074674
v 16.011242 -9.777161 3.454829
v 15.154441 -12.607971 3.377370
v 12.997161 -16.704254 5.989799
v 13.845895 -15.734856 3.145847
v 11.771371 -18.103523 9.126568
v 13.975718 -16.699020 3.048625
v 15.062590 -13.710861 1.552382
v 13.964979 -18.118385 5.666646
v 14.131847 -15.718643 1.494201
v 16.028503 -11.510201 1.544539
v 14.929864 -14.382271 0.394374
v 15.606335 -13.035355 0.373382
v 16.265717 -11.514572 0.336802
v 16.665596 -9.881775 0.998972
v 16.831186 -9.903214 0.275232
v 16.551903 -9.816284 0.227022
v 14.225711 -16.683815 1.460592
v 14.225182 -16.356705 0.401436
v 14.361148 -16.673271 0.404446
v 14.824584 -18.107109 2.958633
v 15.060491 -18.092468 1.424087
v 15.183410 -18.081528 0.407012
v 15.807232 -19.340904 1.001067
v 15.888445 -19.335648 0.406738
v 15.683764 -19.346733 1.843982
v 15.477790 -19.355591 2.968577
v 15.169387 -19.361206 4.192720
v 14.732784 -19.363075 5.446793
v 14.143321 -19.364510 6.703446
v 13.398690 -19.357018 7.934066
v 12.509291 -19.348595 9.119896
v 11.486140 -19.342392 10.243854
v 9.398181 -18.078224 11.368027
v 10.343539 -19.330177 11.280928
v 9.096400 -19.320808 12.224711
v 7.747524 -19.311020 13.072333
v 6.828000 -18.053337 12.963167
v 6.317948 -19.300209 13.809461
v 3.923921 -18.031830 14.126516
v 4.813801 -19.293732 14.430819
v 3.254604 -19.289024 14.907417
v 2.672915 -16.562172 13.874620
v 1.617619 -18.030579 14.640365
v 1.658339 -19.286171 15.210845
v 0.044895 -15.698273 14.373270
v 0.044895 -16.564507 14.209598
v 0.044895 -18.029327 14.742697
v 0.044895 -19.284889 15.317672
v -1.568548 -19.286171 15.210845
v -1.527828 -18.030579 14.640365
v -3.164813 -19.289024 14.907417
v -2.583123 -16.562172 13.874620
v -3.834130 -18.031830 14.126516
v -4.724011 -19.293732 14.430819
v -6.228158 -19.300209 13.809461
v -2.618187 -15.551239 13.975635
v -6.738208 -18.053337 12.963167
v -7.657733 -19.311020 13.072333
v -6.499292 -16.608444 12.547362
v -9.308390 -18.078224 11.368027
v -9.006609 -19.320808 12.224711
v -10.253748 -19.330177 11.280928
v -11.396349 -19.342392 10.243854
v -8.977502 -16.648239 11.039370
v -11.681579 -18.103523 9.126568
v -12.419499 -19.348595 9.119896
v -13.308899 -19.357018 7.934066
v -8.945374 -15.729378 11.093530
v -13.875188 -18.118385 5.666646
v -14.053530 -19.364510 6.703446
v -14.642993 -19.363075 5.446793
v -15.079596 -19.361206 4.192720
v -11.342504 -16.686981 8.635551
v -14.734793 -18.107109 2.958633
v -15.387999 -19.355591 2.968577
v -15.593973 -19.346733 1.843982
v -12.907370 -16.704254 5.989799
v -13.885925 -16.699020 3.048625
v -14.970699 -18.092468 1.424087
v -15.717441 -19.340904 1.001067
v -15.798654 -19.335648 0.406738
v -15.093618 -18.081528 0.407012
v -14.271357 -16.673271 0.404446
v -14.135920 -16.683815 1.460592
v -14.135390 -16.356705 0.401436
v -14.042055 -15.718643 1.494201
v -13.756104 -15.734856 3.145847
v -12.774463 -15.748260 6.074674
v -11.232586 -15.745918 8.719583
v -6.586512 -15.699951 12.564579
v -2.836045 -14.079208 14.508233
v 8.963109 20.720078 1.395625
v 9.077079 21.229279 0.853445
v 9.154955 21.106461 0.802685
v 8.911471 21.075073 1.587196
v 9.042480 21.434570 0.953529
v 8.711967 20.255066 2.181206
v 8.926204 21.424500 1.768098
v 9.039993 21.764206 1.118496
v 9.072554 22.137878 1.310616
v 8.761345 21.394562 2.782245
v 8.980482 21.818756 1.979372
v 9.662313 22.028198 1.392155
v 9.546984 21.635757 2.043965
v 9.812732 21.022842 1.185435
v 8.571578 21.099533 3.323929
v 8.511950 19.944595 2.699073
v 9.305824 21.171570 2.862894
v 9.712441 20.615814 1.790885
v 10.698698 20.785782 1.131937
v 9.834554 21.125580 1.019345
v 8.349485 20.805603 3.854343
v 8.284191 19.636505 3.207131
v 10.564990 20.312912 1.811296
v 11.792798 20.307739 1.306022
v 9.468460 20.088120 2.605464
v 9.101604 20.855408 3.419791
v 11.612859 19.833038 1.978203
v 11.768355 20.376709 1.429508
v 10.376000 19.693924 2.650379
v 9.267914 19.720871 3.150595
v 8.865054 20.544037 3.966951
v 8.058610 20.459579 4.477837
v 7.985682 19.268738 3.808659
v 9.034036 19.356918 3.684709
v 7.720452 20.122009 5.081792
v 7.644095 18.906570 4.390332
v 8.554811 20.176086 4.611699
v 7.328805 19.785477 5.682077
v 7.253028 18.540527 4.966471
v 8.195824 19.818420 5.236620
v 8.720778 18.936249 4.313934
v 6.878038 19.465393 6.250378
v 6.806984 18.186676 5.510511
v 7.778906 19.460464 5.861351
v 8.355877 18.528305 4.923888
v 6.387764 19.162109 6.787870
v 6.320796 17.846283 6.026984
v 7.300632 19.121002 6.452999
v 7.932720 18.112503 5.536172
v 5.838287 18.882935 7.281456
v 5.774798 17.530228 6.498640
v 6.778771 18.798309 7.015607
v 7.445188 17.718887 6.115357
v 5.254385 18.626984 7.734113
v 5.177246 17.235840 6.936580
v 6.195153 18.502213 7.532480
v 6.913055 17.354309 6.660768
v 8.161959 16.959045 6.439601
v 6.317309 17.022064 7.162607
v 9.672276 17.715668 5.079680
v 5.573316 18.230316 8.008446
v 7.012676 15.524887 8.062561
v 5.673138 16.707825 7.636827
v 4.617993 18.401825 8.132741
v 4.525431 16.975174 7.320190
v 4.896660 17.991837 8.428026
v 3.946019 18.198990 8.493222
v 3.862451 16.744019 7.658171
v 4.972677 16.434326 8.056645
v 3.215598 18.045700 8.768797
v 3.145238 16.568008 7.914961
v 4.181896 17.776855 8.808578
v 3.406317 17.614655 9.100384
v 4.248212 16.199615 8.428683
v 5.105784 15.083298 9.025333
v 3.456220 16.020569 8.720577
v 2.594647 17.497162 9.315433
v 2.450719 17.934540 8.971148
v 2.393925 16.439224 8.102936
v 2.628392 15.889633 8.939267
v 1.660867 17.848862 9.128262
v 1.622251 16.341019 8.247215
v 1.757380 17.406631 9.482521
v 0.860818 17.788849 9.239077
v 0.840606 16.272171 8.348620
v 1.779820 15.787018 9.110708
v 0.044895 17.767685 9.278150
v 0.044895 16.247940 8.384315
v 0.909300 17.343231 9.600584
v -0.750816 16.272171 8.348620
v 0.919596 15.715393 9.232381
v -0.771027 17.788849 9.239077
v -1.532460 16.341019 8.247215
v 0.044895 17.320892 9.642185
v -0.819509 17.343231 9.600584
v -1.571076 17.848862 9.128262
v -2.304134 16.439224 8.102936
v -1.667589 17.406631 9.482521
v -2.360928 17.934540 8.971148
v -3.055447 16.568008 7.914961
v -1.690029 15.787018 9.110708
v -3.125807 18.045700 8.768797
v -3.772660 16.744019 7.658171
v -2.504856 17.497162 9.315433
v -2.538601 15.889633 8.939267
v -0.829805 15.715393 9.232381
v -1.636161 14.749725 9.961340
v 0.044895 15.690231 9.275111
v 0.044895 14.716202 10.083496
v 1.725952 14.749725 9.961340
v 3.407833 14.862900 9.607661
v 3.449539 13.747116 10.445844
v 5.166887 13.774643 9.975121
v 6.886879 13.743896 9.419394
v 1.744158 13.732468 10.748860
v 5.216382 12.221680 11.022903
v 3.497325 12.315033 11.431308
v 6.915925 12.094208 10.511370
v 8.520670 13.526230 8.940020
v 8.548979 11.942566 9.949850
v 7.036676 10.352325 11.486788
v 8.689610 15.050980 7.769260
v 8.688009 10.318314 10.808061
v 9.152751 16.444626 6.453390
v 9.942113 14.715454 7.518477
v 10.141496 16.055618 6.370688
v 9.879209 13.291809 8.543948
v 9.943064 11.819794 9.426001
v 10.112154 10.334122 10.147271
v 10.390641 8.831696 10.697940
v 11.533859 12.428772 8.399067
v 8.946177 8.647446 11.499404
v 11.463129 13.075089 8.036397
v 7.279779 8.503891 12.317694
v 11.362698 13.789871 7.616231
v 5.323946 10.424271 12.063740
v 11.273737 14.484451 7.161089
v 3.584220 10.507858 12.499127
v 11.219553 15.075668 6.738988
v 11.290247 14.572784 7.515471
v 11.251202 15.229080 7.023591
v 11.183527 15.775162 6.188911
v 11.351336 13.907120 7.977240
v 11.239932 15.860992 6.497664
v 11.178189 16.366333 5.689072
v 11.241475 16.471970 5.956173
v 11.203977 16.976212 5.124614
v 11.265388 17.057739 5.387035
v 12.090991 16.665909 6.203323
v 12.110772 17.258591 5.631520
v 11.306501 17.658234 4.768977
v 12.143083 17.845917 5.037518
v 11.249517 17.549469 4.559207
v 10.085039 18.819473 3.764099
v 11.366801 18.234924 4.129134
v 11.319268 18.101349 3.973984
v 11.474513 19.085648 2.875039
v 11.391430 18.594238 3.436666
v 11.425536 18.720459 3.570687
v 11.497869 19.196045 3.004917
v 11.536524 19.488251 2.409900
v 11.565458 19.587738 2.544328
v 11.647470 19.957016 2.069124
v 12.518175 20.657578 1.722364
v 12.410383 20.098267 2.453224
v 12.350826 19.745422 2.895460
v 12.984803 19.732162 2.224458
v 13.090734 20.274521 1.502908
v 12.118916 19.430984 1.853228
v 12.240532 19.988358 1.139553
v 12.927169 19.384705 2.652332
v 11.992336 18.717133 2.699387
v 12.878370 19.023239 3.069728
v 12.299752 19.381363 3.329521
v 12.822548 18.552887 3.600827
v 11.864854 17.757065 3.749806
v 12.240418 18.904236 3.882825
v 12.777342 18.071335 4.122581
v 12.191701 18.414032 4.425398
v 12.732765 17.516052 4.709460
v 11.761379 16.616592 4.899927
v 12.703911 16.943619 5.279936
v 12.687117 16.370422 5.827042
v 11.719742 15.433029 5.958403
v 12.691240 15.775665 6.349742
v 12.709991 15.184372 6.838624
v 12.093079 16.049347 6.748412
v 11.753160 14.211868 6.891374
v 12.110594 15.432144 7.260087
v 12.752238 14.570938 7.296478
v 12.152786 14.790909 7.738297
v 12.809904 13.952957 7.724661
v 11.866233 12.940872 7.697559
v 12.211421 14.141525 8.186884
v 12.891989 13.315140 8.116751
v 12.985775 12.693420 8.468691
v 12.295957 13.470917 8.596818
v 12.053669 11.668884 8.348493
v 11.444022 13.220474 8.399764
v 12.393655 12.813095 8.966300
v 13.104567 12.055527 8.779134
v 11.555527 12.565353 8.775142
v 11.631844 11.767456 8.719020
v 11.686007 11.889923 9.102102
v 11.779211 11.112762 8.988822
v 12.518184 12.138214 9.291577
v 11.808380 11.222992 9.374854
v 13.231565 11.452805 9.040098
v 12.652787 11.495636 9.566669
v 12.308988 10.443649 8.817632
v 13.382730 10.838806 9.254289
v 12.813576 10.841415 9.792247
v 13.543452 10.245529 9.426270
v 12.630849 9.246658 9.113335
v 11.956511 10.543961 9.596949
v 13.724952 9.647247 9.549251
v 12.985732 10.206116 9.974380
v 13.918090 9.052567 9.637924
v 13.016206 8.055374 9.249387
v 13.180738 9.565918 10.104815
v 12.129101 9.907913 9.779290
v 12.328109 9.268570 9.912215
v 13.389061 8.928635 10.199230
v 12.127474 9.794220 9.395635
v 11.957413 10.446411 9.208756
v 12.312210 9.136032 9.536433
v 12.534629 8.617783 10.005054
v 10.869341 7.357727 10.988924
v 12.497150 8.524399 9.636259
v 13.616133 8.293381 10.241180
v 12.759670 7.968704 10.046495
v 12.707342 7.916580 9.685147
v 12.990853 7.355774 10.058161
v 12.933728 7.329056 9.696391
v 14.127883 8.459381 9.676717
v 13.852254 7.668625 10.247810
v 14.345193 7.876724 9.681919
v 13.450014 6.896042 9.226396
v 13.241549 6.752991 10.022032
v 14.103127 7.052887 10.200567
v 14.575155 7.302200 9.635666
v 14.807923 6.748047 9.555264
v 13.915546 5.800461 9.042866
v 14.358185 6.458099 10.117560
v 13.518812 6.133774 9.949276
v 13.180632 6.752335 9.655192
v 11.374509 5.868546 11.148860
v 13.451360 6.157684 9.574375
v 13.802989 5.528778 9.819655
v 14.623014 5.879135 9.980679
v 15.048480 6.208588 9.423429
v 14.890523 5.319260 9.808880
v 15.290627 5.687119 9.258284
v 14.401287 4.773834 8.702045
v 14.063774 4.971954 9.658339
v 15.534907 5.185974 9.044465
v 13.731672 5.578018 9.441451
v 15.161867 4.781082 9.585779
v 14.326506 4.434204 9.446652
v 14.008032 5.033386 9.276529
v 11.978186 4.444305 11.093760
v 14.280989 4.500488 9.072173
v 14.593548 3.916824 9.206394
v 15.434969 4.258820 9.328085
v 14.532243 3.992355 8.858982
v 15.780131 4.699173 8.797593
v 14.896129 3.816833 8.209238
v 14.862426 3.424622 8.922051
v 15.706030 3.763062 9.022928
v 16.021954 4.237320 8.505973
v 16.262070 3.790726 8.182637
v 15.385349 2.938843 7.573234
v 15.975872 3.284470 8.684835
v 15.146199 2.925354 8.591558
v 14.778151 3.498245 8.612035
v 15.420917 2.455368 8.215993
v 15.032866 2.994431 8.331648
v 13.438856 1.928894 10.288342
v 16.238165 2.836349 8.303758
v 15.288758 2.522751 8.005559
v 16.493637 3.372864 7.819007
v 15.679148 2.016006 7.818523
v 16.495451 2.408264 7.892136
v 16.720055 2.972763 7.425676
v 15.853542 2.151047 6.805094
v 15.922258 1.608490 7.381183
v 16.933596 2.603897 6.997469
v 16.740456 2.013229 7.443077
v 17.138550 2.255234 6.544516
v 16.286180 1.462341 5.921502
v 16.976608 1.640747 6.968996
v 16.153938 1.220108 6.909719
v 15.554099 2.078430 7.632790
v 15.814088 1.666962 7.219991
v 14.236140 0.905197 9.549854
v 15.014007 0.065567 8.623359
v 16.044783 1.291626 6.810901
v 16.274910 0.941360 6.380456
v 15.729314 -0.647247 7.555892
v 16.377192 0.864761 6.409238
v 16.590353 0.550903 5.920509
v 17.196920 1.302399 6.463818
v 17.327517 1.938843 6.062836
v 17.402966 0.992233 5.937556
v 17.502949 1.648026 5.560029
v 16.671860 0.878738 4.941237
v 16.797539 0.262680 5.413962
v 17.664949 1.382629 5.038718
v 17.595358 0.708954 5.391064
v 17.815659 1.138687 4.503800
v 17.010794 0.396774 3.885870
v 17.775396 0.449371 4.831409
v 17.002340 -0.014755 4.860836
v 16.349665 -1.285950 6.388601
v 17.181890 -0.258331 4.283072
v 15.999815 -2.662415 7.114338
v 17.936897 0.226334 4.250355
v 16.879379 -1.811462 5.121654
v 17.948992 0.929062 3.949669
v 17.329479 -0.485336 3.720386
v 18.088144 0.022476 3.664148
v 18.073351 0.736832 3.389897
v 17.306248 0.011490 2.777435
v 17.467676 -0.680267 3.144595
v 18.186266 0.570374 2.819945
v 18.226252 -0.153809 3.066349
v 18.289835 0.424576 2.249392
v 17.562084 -0.278076 1.637072
v 18.353350 -0.308075 2.467127
v 17.620167 -0.843643 2.539634
v 17.327555 -2.181763 3.761545
v 17.767176 -0.972519 1.924837
v 17.135845 -3.617096 4.238859
v 18.469173 -0.436005 1.859679
v 17.685627 -2.435196 2.381102
v 18.384039 0.303528 1.671663
v 17.890160 -1.075592 1.350758
v 18.571659 -0.539963 1.278081
v 18.467720 0.205612 1.120757
v 17.776823 -0.472885 0.526930
v 18.002481 -1.163116 0.771821
v 18.544746 0.125778 0.565987
v 18.667412 -0.624191 0.692166
v 18.650818 0.030594 -0.277589
v 17.927067 -0.577759 -0.325906
v 18.019302 -0.588974 -0.894567
v 18.690390 0.017929 -0.835030
v 18.903265 -0.724197 -0.826118
v 18.805689 -0.723312 -0.205595
v 18.267384 -1.302399 -0.762121
v 18.162476 -1.276398 -0.111788
v 18.258051 -1.848846 -0.659501
v 18.100666 -2.731674 0.138813
v 18.196457 -2.862167 -0.487268
v 18.051458 -4.178131 -0.288820
v 17.943270 -2.618530 1.097482
v 17.972139 -4.136932 0.383765
v 17.830364 -5.652740 -0.095919
v 17.816854 -4.027512 1.385715
v 17.750433 -5.612999 0.590913
v 17.697924 -6.331558 0.029936
v 17.542856 -3.855103 2.745993
v 17.590956 -5.513664 1.621221
v 17.604502 -6.387184 0.663603
v 18.051464 -6.403130 0.097739
v 17.297733 -5.355675 3.031574
v 17.924469 -6.452141 0.725242
v 17.883387 -7.182869 0.168005
v 17.419289 -6.446609 1.669328
v 17.652874 -7.244537 1.287742
v 17.730427 -6.507973 1.662219
v 17.609856 -8.407707 0.256680
v 17.582821 -6.517906 2.335475
v 17.286013 -6.453140 2.265418
v 17.152962 -9.227524 1.481601
v 17.179363 -10.008293 0.349939
v 17.133463 -6.429848 2.930698
v 16.369362 -11.637383 1.618623
v 16.606548 -11.642471 0.409750
v 15.939207 -13.186256 0.438715
v 17.241636 -7.253662 3.121011
v 16.722095 -9.221230 3.366155
v 15.394203 -13.865295 1.615877
v 15.258208 -14.546761 0.448980
v 15.947859 -11.624245 3.509198
v 14.577786 -15.543503 1.562098
v 14.743559 -15.537766 0.450206
v 14.606641 -15.784653 0.450172
v 15.029982 -13.861031 3.420591
v 16.033516 -9.091042 5.610847
v 14.389552 -16.045372 1.538804
v 14.541948 -16.037659 0.449926
v 14.585752 -16.283493 0.449598
v 15.274657 -11.591049 5.631036
v 14.559765 -16.529587 1.510296
v 14.696297 -16.519943 0.449343
v 14.111773 -16.056183 3.193174
v 15.380562 -17.910439 1.471688
v 15.503554 -17.898277 0.449125
v 16.129663 -19.162376 1.045992
v 16.210554 -19.155983 0.449356
v 16.006805 -19.171387 1.896379
v 15.142693 -17.928261 3.026976
v 15.799119 -19.182877 3.037624
v 15.487581 -19.194038 4.285774
v 14.305417 -16.543701 3.119506
v 14.653640 -17.946045 4.867749
v 15.043302 -19.202583 5.571975
v 13.822694 -16.557938 4.953672
v 13.884872 -17.958191 6.726151
v 14.441247 -19.206802 6.859068
v 13.681700 -19.206711 8.121574
v 13.612058 -16.065262 5.048453
v 12.740397 -17.960899 8.513045
v 12.772762 -19.202812 9.337114
v 13.094939 -16.569397 6.755124
v 11.321461 -17.956406 10.182164
v 11.728534 -19.196075 10.484035
v 10.563851 -19.187401 11.543465
v 12.039504 -16.574890 8.445854
v 9.608454 -17.944687 11.643348
v 9.290514 -19.177483 12.506895
v 10.743346 -16.573936 10.005618
v 12.881679 -16.071098 6.847518
v 11.844940 -16.071007 8.516134
v 9.179667 -16.564415 11.362675
v 7.689296 -17.928658 12.915083
v 7.919484 -19.166954 13.368179
v 6.461396 -19.156380 14.120241
v 10.583297 -16.064606 10.045880
v 5.541330 -17.906471 13.926698
v 4.927893 -19.146446 14.751966
v 7.409917 -16.546852 12.542639
v 9.068885 -16.051048 11.371652
v 2.454129 -17.892090 14.834616
v 3.335002 -19.138191 15.237018
v 1.700516 -19.132690 15.546278
v 5.358799 -16.488953 13.484204
v 0.044895 -17.887955 15.085280
v 0.044895 -19.130714 15.654703
v -1.610725 -19.132690 15.546278
v 2.372167 -16.498444 14.338330
v 0.044895 -16.495033 14.573360
v -2.364338 -17.892090 14.834616
v -3.245212 -19.138191 15.237018
v -4.838102 -19.146446 14.751966
v -5.451540 -17.906471 13.926698
v -6.371604 -19.156380 14.120241
v -2.282376 -16.498444 14.338330
v -7.599505 -17.928658 12.915083
v -7.829693 -19.166954 13.368179
v -9.200723 -19.177483 12.506895
v -5.269009 -16.488953 13.484204
v -9.518662 -17.944687 11.643348
v -10.474060 -19.187401 11.543465
v -7.320126 -16.546852 12.542639
v -9.089876 -16.564415 11.362675
v -11.231669 -17.956406 10.182164
v -11.638742 -19.196075 10.484035
v -12.682971 -19.202812 9.337114
v -10.653555 -16.573936 10.005618
v -12.650606 -17.960899 8.513045
v -13.591908 -19.206711 8.121574
v -11.949713 -16.574890 8.445854
v -13.795081 -17.958191 6.726151
v -14.351456 -19.206802 6.859068
v -14.953510 -19.202583 5.571975
v -13.005148 -16.569397 6.755124
v -14.563848 -17.946045 4.867749
v -15.397790 -19.194038 4.285774
v -13.732903 -16.557938 4.953672
v -15.052901 -17.928261 3.026976
v -15.709327 -19.182877 3.037624
v -15.917013 -19.171387 1.896379
v -14.215626 -16.543701 3.119506
v -15.290770 -17.910439 1.471688
v -16.039871 -19.162376 1.045992
v -15.413763 -17.898277 0.449125
v -16.120764 -19.155983 0.449356
v -14.606505 -16.519943 0.449343
v -14.469974 -16.529587 1.510296
v -14.495961 -16.283493 0.449598
v -14.299761 -16.045372 1.538804
v -14.452156 -16.037659 0.449926
v -14.516850 -15.784653 0.450172
v -14.021982 -16.056183 3.193174
v -14.487995 -15.543503 1.562098
v -14.653768 -15.537766 0.450206
v -15.168417 -14.546761 0.448980
v -13.522265 -16.065262 5.048453
v -14.188476 -15.550880 3.256366
v -15.304412 -13.865295 1.615877
v -15.849416 -13.186256 0.438715
v -14.940190 -13.861031 3.420591
v -13.665347 -15.554497 5.142720
v -12.791887 -16.071098 6.847518
v -11.755149 -16.071007 8.516134
v -12.913898 -15.553253 6.965677
v -10.493505 -16.064606 10.045880
v -11.859580 -15.544647 8.654005
v -14.341415 -13.847679 5.412657
v -13.516434 -13.825241 7.327432
v -10.582652 -15.529243 10.200614
v -8.979094 -16.051048 11.371652
v -12.386263 -13.790970 9.105200
v -9.059607 -15.512688 11.534993
v -11.032997 -13.748352 10.736351
v -13.072727 -11.483559 9.543434
v -14.290478 -11.541061 7.654908
v -15.184866 -11.591049 5.631036
v -13.827334 -8.551392 9.712504
v -15.858068 -11.624245 3.509198
v -15.055634 -8.868263 7.724807
v -15.943726 -9.091042 5.610847
v -16.279572 -11.637383 1.618623
v -16.516758 -11.642471 0.409750
v -17.089571 -10.008293 0.349939
v -16.632303 -9.221230 3.366155
v -17.063171 -9.227524 1.481601
v -17.520063 -8.407707 0.256680
v -16.490417 -6.974373 5.459528
v -17.563082 -7.244537 1.287742
v -17.793594 -7.182869 0.168005
v -17.151844 -7.253662 3.121011
v -17.834677 -6.452141 0.725242
v -17.961672 -6.403130 0.097739
v -17.640635 -6.507973 1.662219
v -17.514709 -6.387184 0.663603
v -17.608131 -6.331558 0.029936
v -17.493031 -6.517906 2.335475
v -17.329498 -6.446609 1.669328
v -17.660641 -5.612999 0.590913
v -17.740574 -5.652740 -0.095919
v -17.501165 -5.513664 1.621221
v -17.196222 -6.453140 2.265418
v -17.882349 -4.136932 0.383765
v -17.961668 -4.178131 -0.288820
v -17.727064 -4.027512 1.385715
v -18.010874 -2.731674 0.138813
v -18.106667 -2.862167 -0.487268
v -18.168261 -1.848846 -0.659501
v -17.853479 -2.618530 1.097482
v -18.072683 -1.276398 -0.111788
v -18.177593 -1.302399 -0.762121
v -17.912691 -1.163116 0.771821
v -18.715897 -0.723312 -0.205595
v -18.813475 -0.724197 -0.826118
v -18.577620 -0.624191 0.692166
v -18.561026 0.030594 -0.277589
v -18.600597 0.017929 -0.835030
v -17.929510 -0.588974 -0.894567
v -17.837276 -0.577759 -0.325906
v -17.687031 -0.472885 0.526930
v -18.454954 0.125778 0.565987
v -18.377928 0.205612 1.120757
v -17.472292 -0.278076 1.637072
v -18.481869 -0.539963 1.278081
v -18.294249 0.303528 1.671663
v -18.200043 0.424576 2.249392
v -17.216455 0.011490 2.777435
v -18.379383 -0.436005 1.859679
v -17.800369 -1.075592 1.350758
v -18.263559 -0.308075 2.467127
v -17.595837 -2.435196 2.381102
v -17.677385 -0.972519 1.924837
v -17.453066 -3.855103 2.745993
v -17.530376 -0.843643 2.539634
v -17.237762 -2.181763 3.761545
v -17.207941 -5.355675 3.031574
v -17.046053 -3.617096 4.238859
v -17.377884 -0.680267 3.144595
v -17.043671 -6.429848 2.930698
v -18.136461 -0.153809 3.066349
v -17.336826 -6.495491 3.006493
v -17.141003 -6.433182 3.802853
v -16.829401 -6.362717 3.714175
v -16.929991 -6.326477 4.591341
v -16.756559 -5.129578 4.599661
v -16.597357 -6.250313 4.487711
v -16.359257 -6.108315 5.266262
v -16.699335 -6.188698 5.391714
v -16.443964 -6.004074 6.175333
v -15.608027 -6.680611 7.641484
v -16.040739 -5.905006 6.023289
v -16.189367 -5.803139 6.872798
v -16.171076 -4.744003 6.187933
v -15.762467 -5.696259 6.688407
v -15.905945 -5.554214 7.544101
v -15.443839 -5.445190 7.345661
v -15.634757 -5.300743 8.121590
v -14.286823 -6.417618 9.734455
v -15.178761 -5.198898 7.916060
v -15.339560 -5.002258 8.666262
v -15.470772 -4.129868 7.701233
v -14.883582 -4.914642 8.422832
v -15.062123 -4.706345 9.130989
v -14.621678 -4.637070 8.848256
v -14.775105 -4.364609 9.558146
v -12.897664 -6.212967 11.489897
v -14.376348 -4.302536 9.276566
v -12.310347 -8.331795 11.566055
v -13.400918 -4.390137 11.169003
v -14.517146 -4.017853 9.921295
v -14.139947 -3.978714 9.634851
v -14.607339 -3.388763 9.129184
v -14.273125 -3.622635 10.243955
v -13.902172 -3.588867 9.952187
v -14.072236 -3.226913 10.512835
v -13.702276 -3.184097 10.225677
v -13.890568 -2.797043 10.746130
v -13.523705 -2.745712 10.473706
v -13.699983 -2.322037 10.977695
v -13.537547 -1.828339 11.192462
v -13.322854 -2.298233 10.670587
v -14.279872 -1.249207 9.600038
v -13.086671 -1.777161 10.877114
v -12.984250 -3.154510 11.740240
v -13.467484 -1.551239 11.316368
v -12.701527 -4.073990 11.982153
v -12.921007 -3.063934 11.884479
v -12.016281 -6.024055 12.468673
v -12.605403 -4.004608 12.178558
v -12.878328 -2.987015 12.024343
v -13.463195 -1.325577 11.426028
v -11.839811 -5.984779 12.773911
v -12.918359 -1.347519 11.037621
v -13.305095 -1.422287 11.515201
v -12.538992 -3.942154 12.368984
v -12.673758 -3.008957 12.097412
v -11.172613 -7.931229 12.885068
v -11.728743 -5.940445 13.053995
v -10.902781 -7.875031 13.289805
v -10.007453 -10.019348 13.230632
v -12.302265 -3.926422 12.433679
v -10.763631 -7.818398 13.620774
v -11.426292 -5.860863 13.114567
v -9.732589 -9.692924 13.711184
v -9.596830 -9.602425 14.047835
v -8.296734 -11.480278 14.050353
v -10.445276 -7.698936 13.667198
v -8.193747 -11.391632 14.351445
v -9.288290 -9.443207 14.081471
v -10.041700 -7.292801 13.860271
v -8.875509 -9.019142 14.270802
v -7.913861 -11.222046 14.360082
v -7.470650 -10.740082 14.592588
v -8.568723 -6.663139 14.778903
v -7.731398 -9.236259 14.843651
v -11.025211 -5.519203 13.292032
v -10.105030 -5.744904 13.921386
v -11.859619 -3.901245 12.690163
v -10.701694 -4.032028 13.548046
v -8.710766 -3.944183 14.844294
v -10.773372 -3.047546 13.503881
v -12.193244 -3.069717 12.427829
v -6.013907 -4.011826 16.104425
v -12.943450 -1.584991 11.789102
v -5.936940 -6.784996 16.020916
v -12.588013 -1.594009 11.383402
v -5.774176 -9.387169 15.674042
v -12.283340 0.728256 11.471947
v -5.540459 -11.762474 15.069857
v -13.294263 -0.386215 10.645834
v -5.972301 -12.471954 14.694160
v -3.547141 -9.361679 16.410635
v -6.420256 -12.869690 14.503994
v -3.638085 -6.798859 16.796324
v -6.700466 -13.035660 14.496527
v -5.013302 -14.222160 14.490842
v -6.768526 -13.135979 14.234756
v -5.335361 -14.314613 14.463444
v -8.468375 -11.889175 13.619988
v -5.336529 -14.455185 14.257617
v -10.081774 -11.514908 12.611234
v -6.940724 -13.466866 13.859666
v -11.632659 -11.428421 11.281386
v -9.470705 -13.743752 12.098500
v -7.831653 -13.880531 13.160831
v -7.371782 -15.520744 12.664611
v -5.713555 -15.601616 13.435251
v -7.282079 -16.035942 12.514742
v -5.294372 -16.029007 13.437398
v -5.439262 -14.744339 13.966704
v -4.302778 -15.616890 13.982690
v -3.584886 -16.042465 14.046920
v -4.237268 -15.302750 14.220345
v -3.494668 -15.846748 14.139648
v -4.419857 -15.024742 14.356744
v -3.539697 -15.610832 14.264763
v -3.965013 -15.136276 14.394322
v -3.014740 -15.307777 14.480537
v -4.472122 -13.999710 14.652287
v -3.372771 -11.866394 15.726907
v -3.147175 -13.951973 15.015945
v -1.544816 -11.878044 16.089516
v -1.412736 -14.101059 15.246218
v -2.194132 -15.853844 14.365523
v -1.336956 -15.211029 14.768994
v -2.178452 -16.039734 14.318065
v -0.624489 -15.720001 14.641008
v -0.507503 -15.992783 14.560357
v -0.141518 -15.506844 14.813833
v -0.102928 -15.898376 14.645146
v 0.044895 -16.172295 14.553640
v 0.597294 -15.992783 14.560357
v 0.044895 -15.939995 14.644846
v 0.192719 -15.898376 14.645146
v -0.292282 -14.510666 15.276105
v 0.044895 -15.439087 14.882028
v 0.231309 -15.506844 14.813833
v -0.344175 -12.816284 16.068110
v 0.044895 -14.338966 15.494645
v 0.382073 -14.510666 15.276105
v 0.714280 -15.720001 14.641008
v 1.426747 -15.211029 14.768994
v 2.268243 -16.039734 14.318065
v 2.283923 -15.853844 14.365523
v 3.674677 -16.042465 14.046920
v 3.584458 -15.846748 14.139648
v 3.104532 -15.307777 14.480537
v 5.384163 -16.029007 13.437398
v 4.392569 -15.616890 13.982690
v 7.371871 -16.035942 12.514742
v 5.803346 -15.601616 13.435251
v 3.629487 -15.610832 14.264763
v 5.529053 -14.744339 13.966704
v 4.327059 -15.302750 14.220345
v 4.054803 -15.136276 14.394322
v 5.426320 -14.455185 14.257617
v 4.509647 -15.024742 14.356744
v 7.030515 -13.466866 13.859666
v 5.103093 -14.222160 14.490842
v 5.425151 -14.314613 14.463444
v 6.858317 -13.135979 14.234756
v 4.561913 -13.999710 14.652287
v 6.510047 -12.869690 14.503994
v 3.236966 -13.951973 15.015945
v 6.790257 -13.035660 14.496527
v 6.062091 -12.471954 14.694160
v 8.003653 -11.222046 14.360082
v 8.283538 -11.391632 14.351445
v 5.630250 -11.762474 15.069857
v 7.560441 -10.740082 14.592588
v 9.378081 -9.443207 14.081471
v 3.462562 -11.866394 15.726907
v 5.863967 -9.387169 15.674042
v 3.636932 -9.361679 16.410635
v 1.634607 -11.878044 16.089516
v 1.502527 -14.101059 15.246218
v 0.433966 -12.816284 16.068110
v 0.044895 -12.830070 16.274488
v 0.484939 -11.114853 16.744387
v -0.395148 -11.114853 16.744387
v 0.044895 -11.164902 17.008638
v 1.744306 -9.327408 16.834686
v 0.519552 -9.362419 17.273310
v -0.429761 -9.362419 17.273310
v 0.044895 -9.411781 17.591450
v -1.654515 -9.327408 16.834686
v -0.461640 -7.561592 17.616676
v -1.729687 -6.642967 17.233114
v 0.551431 -7.561592 17.616676
v 0.044895 -7.594185 17.963684
v -0.484483 -5.739029 17.790991
v -3.680950 -4.043579 16.899899
v -1.760318 -4.025604 17.336855
v 0.044895 -5.749336 18.145397
v -0.489308 -3.924240 17.823124
v 0.574274 -5.739029 17.790991
v 1.819478 -6.642967 17.233114
v 0.579099 -3.924240 17.823124
v 3.727875 -6.798859 16.796324
v 1.850109 -4.025604 17.336855
v 3.770740 -4.043579 16.899899
v 6.026731 -6.784996 16.020916
v 0.044895 -3.914917 18.170910
v 0.044895 -2.117355 18.052309
v 0.566131 -2.134247 17.726770
v -0.476340 -2.134247 17.726770
v 0.044895 -0.375595 17.798967
v 1.864423 -1.254242 17.186262
v 0.537290 -0.384033 17.513210
v -0.447499 -0.384033 17.513210
v -1.774632 -1.254242 17.186262
v 0.044895 1.309479 17.431618
v -3.714262 -1.251495 16.785315
v 0.492063 1.307098 17.197233
v -6.017548 -1.572586 16.018080
v -3.645244 1.287399 16.493204
v -1.660044 1.349472 16.843410
v -0.402272 1.307098 17.197233
v 0.044895 2.943176 16.970470
v -1.330310 3.708405 16.299948
v -0.305054 3.715851 16.539742
v 0.394845 3.715851 16.539742
v 0.044895 4.537369 16.422228
v -0.865672 5.976639 15.556565
v -0.195447 6.045273 15.696648
v -2.531136 3.728058 16.115456
v -1.483464 5.945938 15.474175
v -0.132938 7.468246 15.067154
v 0.044895 6.092468 15.796642
v 0.285238 6.045273 15.696648
v -0.917147 7.320267 14.943920
v 0.955462 5.976639 15.556565
v 0.222729 7.468246 15.067154
v 0.044895 7.555969 15.129190
v 1.420100 3.708405 16.299948
v 1.006938 7.320267 14.943920
v 1.749835 1.349472 16.843410
v 1.573255 5.945938 15.474175
v 2.620927 3.728058 16.115456
v 3.735034 1.287399 16.493204
v 3.804053 -1.251495 16.785315
v 6.107338 -1.572586 16.018080
v 6.103697 -4.011826 16.104425
v 8.658514 -6.663139 14.778903
v 7.821189 -9.236259 14.843651
v 8.965301 -9.019142 14.270802
v 8.800557 -3.944183 14.844294
v 10.535068 -7.698936 13.667198
v 10.131492 -7.292801 13.860271
v 10.194821 -5.744904 13.921386
v 9.686622 -9.602425 14.047835
v 11.516084 -5.860863 13.114567
v 8.386525 -11.480278 14.050353
v 10.853422 -7.818398 13.620774
v 9.822380 -9.692924 13.711184
v 8.558167 -11.889175 13.619988
v 10.097244 -10.019348 13.230632
v 10.992573 -7.875031 13.289805
v 7.921444 -13.880531 13.160831
v 10.171565 -11.514908 12.611234
v 7.461574 -15.520744 12.664611
v 9.149398 -15.512688 11.534993
v 9.560496 -13.743752 12.098500
v 10.672443 -15.529243 10.200614
v 11.122788 -13.748352 10.736351
v 11.949371 -15.544647 8.654005
v 12.476054 -13.790970 9.105200
v 11.722450 -11.428421 11.281386
v 13.003689 -15.553253 6.965677
v 13.606225 -13.825241 7.327432
v 13.162519 -11.483559 9.543434
v 12.400139 -8.331795 11.566055
v 14.380269 -11.541061 7.654908
v 11.262405 -7.931229 12.885068
v 13.917126 -8.551392 9.712504
v 12.106073 -6.024055 12.468673
v 11.929603 -5.984779 12.773911
v 12.987455 -6.212967 11.489897
v 11.818534 -5.940445 13.053995
v 12.695195 -4.004608 12.178558
v 12.628783 -3.942154 12.368984
v 12.392056 -3.926422 12.433679
v 12.791318 -4.073990 11.982153
v 12.763550 -3.008957 12.097412
v 13.074042 -3.154510 11.740240
v 12.968120 -2.987015 12.024343
v 13.010798 -3.063934 11.884479
v 13.557276 -1.551239 11.316368
v 13.490709 -4.390137 11.169003
v 13.627338 -1.828339 11.192462
v 13.552986 -1.325577 11.426028
v 13.394886 -1.422287 11.515201
v 13.008150 -1.347519 11.037621
v 13.176462 -1.777161 10.877114
v 13.033241 -1.584991 11.789102
v 12.677804 -1.594009 11.383402
v 13.384054 -0.386215 10.645834
v 12.373131 0.728256 11.471947
v 12.027061 -1.885376 11.979321
v 12.283035 -3.069717 12.427829
v 12.331863 -1.835464 12.365622
v 11.880815 -1.953613 12.733103
v 11.215294 -0.448929 12.552720
v 11.579334 -2.004822 12.354408
v 11.419151 -2.020172 13.099154
v 11.111428 -2.064102 12.721595
v 10.945024 -2.030441 13.459718
v 10.863163 -3.047546 13.503881
v 11.949410 -3.901245 12.690163
v 10.633924 -2.079193 13.083118
v 11.115003 -5.519203 13.292032
v 10.791486 -4.032028 13.548046
v 10.458430 -1.983215 13.811035
v 10.153211 -2.021347 13.429942
v 9.959746 -1.880814 14.150805
v 8.842688 -2.771484 14.819400
v 9.669295 -1.915710 13.754291
v 10.009034 -1.583374 13.522641
v 9.445922 -1.735138 14.480308
v 9.149398 -1.776016 14.063039
v 8.914446 -1.539566 14.795966
v 8.353726 -1.293518 15.102551
v 8.609501 -1.575974 14.344219
v 7.774192 -0.973206 15.382394
v 8.050583 -1.330475 14.609062
v 8.663073 0.066422 14.163998
v 7.485411 -1.031937 14.842004
v 7.158011 -0.562408 15.640318
v 6.875447 -0.642548 15.053798
v 6.536782 -0.062943 15.851909
v 5.882268 0.523270 16.038467
v 6.248619 -0.170181 15.207177
v 5.629474 0.398987 15.342976
v 5.617863 1.236008 15.273295
v 5.041226 1.062408 15.442774
v 5.234936 1.170242 16.174358
v 4.479756 1.756027 15.474558
v 4.622634 1.859726 16.238665
v 4.023737 2.616730 16.225115
v 3.439449 3.449615 16.121855
v 3.902167 2.489365 15.435031
v 4.678945 3.615891 15.044522
v 3.345122 3.299805 15.389223
v 2.812064 4.474060 15.886000
v 2.396119 5.207489 15.676105
v 2.716624 4.333755 15.216148
v 2.011262 5.945160 15.424996
v 2.348702 5.003281 15.082664
v 4.115719 6.053207 14.422628
v 1.641349 6.685242 15.153707
v 1.965717 5.790543 14.891457
v 1.583251 6.502121 14.648957
v 1.297279 7.426117 14.853715
v 1.925376 8.404266 13.862455
v 1.236474 7.238388 14.374453
v 1.008161 8.090973 14.561485
v 0.499352 8.308563 14.535213
v 0.968374 7.917130 14.118539
v 0.737626 8.757339 14.254700
v 0.183372 8.659958 14.473735
v 0.165964 9.505936 14.015430
v 0.698873 8.569458 13.857208
v 0.357437 9.752319 13.792697
v 0.266714 9.600082 13.362857
v 0.152665 10.294266 13.595263
v 0.044895 8.821472 14.481351
v 0.044895 9.658188 13.986594
v -0.093581 8.659958 14.473735
v -0.076173 9.505936 14.015430
v -0.409561 8.308563 14.535213
v 0.044895 10.571518 13.558980
v -0.918370 8.090973 14.561485
v -0.062874 10.294266 13.595263
v 0.044895 10.332382 13.005360
v -0.647835 8.757339 14.254700
v -0.267647 9.752319 13.792697
v -0.176923 9.600082 13.362857
v -0.609082 8.569458 13.857208
v -0.878583 7.917130 14.118539
v -1.835585 8.404266 13.862455
v -1.146683 7.238388 14.374453
v -1.207488 7.426117 14.853715
v -1.493460 6.502121 14.648957
v -1.551558 6.685242 15.153707
v -1.875926 5.790543 14.891457
v -1.921471 5.945160 15.424996
v -2.306328 5.207489 15.676105
v -2.258911 5.003281 15.082664
v -4.025928 6.053207 14.422628
v -2.626833 4.333755 15.216148
v -2.722273 4.474060 15.886000
v -3.349658 3.449615 16.121855
v -3.255331 3.299805 15.389223
v -4.589154 3.615891 15.044522
v -3.812376 2.489365 15.435031
v -3.933946 2.616730 16.225115
v -4.389966 1.756027 15.474558
v -4.532844 1.859726 16.238665
v -5.145145 1.170242 16.174358
v -5.792477 0.523270 16.038467
v -4.951436 1.062408 15.442774
v -5.528072 1.236008 15.273295
v -5.539683 0.398987 15.342976
v -6.446990 -0.062943 15.851909
v -6.158828 -0.170181 15.207177
v -6.493607 4.075287 14.282566
v -6.785656 -0.642548 15.053798
v -7.392090 1.973755 14.421971
v -7.068220 -0.562408 15.640318
v -7.395620 -1.031937 14.842004
v -7.684401 -0.973206 15.382394
v -8.573281 0.066422 14.163998
v -7.960792 -1.330475 14.609062
v -8.752896 -2.771484 14.819400
v -8.263935 -1.293518 15.102551
v -8.519709 -1.575974 14.344219
v -8.824655 -1.539566 14.795966
v -9.059607 -1.776016 14.063039
v -9.356131 -1.735138 14.480308
v -9.869955 -1.880814 14.150805
v -9.579504 -1.915710 13.754291
v -9.919243 -1.583374 13.522641
v -10.063419 -2.021347 13.429942
v -10.368638 -1.983215 13.811035
v -10.544133 -2.079193 13.083118
v -10.855233 -2.030441 13.459718
v -11.329360 -2.020172 13.099154
v -11.021636 -2.064102 12.721595
v -11.125503 -0.448929 12.552720
v -11.489543 -2.004822 12.354408
v -11.791023 -1.953613 12.733103
v -12.242072 -1.835464 12.365622
v -11.937270 -1.885376 11.979321
v -9.975393 1.053070 13.160353
v -11.326683 2.071899 12.031906
v -8.987782 2.768326 13.419244
v -10.493270 3.589294 12.295648
v -8.192085 4.631348 13.340830
v -5.864279 6.263931 13.784400
v -9.801431 5.227798 12.276340
v -3.679421 8.388245 13.536851
v -7.597245 6.571640 12.955297
v -5.459894 8.417450 13.013490
v -3.494430 10.507858 12.499127
v -7.189988 8.503891 12.317694
v -1.731127 10.574600 12.773514
v -5.234155 10.424271 12.063740
v 0.044895 10.601593 12.868895
v -9.255742 6.933868 11.999819
v 1.820918 10.574600 12.773514
v 0.044895 12.394989 11.788874
v -1.682296 12.374146 11.695591
v 1.772087 12.374146 11.695591
v -3.407534 12.315033 11.431308
v 0.044895 13.729813 10.855069
v -1.654367 13.732468 10.748860
v 3.769212 8.388245 13.536851
v -3.359749 13.747116 10.445844
v 5.549685 8.417450 13.013490
v 5.954069 6.263931 13.784400
v 7.687037 6.571640 12.955297
v 9.345533 6.933868 11.999819
v 9.891222 5.227798 12.276340
v 8.281877 4.631348 13.340830
v 10.583062 3.589294 12.295648
v 6.583398 4.075287 14.282566
v 9.077575 2.768326 13.419244
v 7.481881 1.973755 14.421971
v 10.065185 1.053070 13.160353
v 11.416474 2.071899 12.031906
v 12.671560 3.120132 10.809240
v 14.369663 -1.249207 9.600038
v 15.258577 -1.973831 8.403449
v 13.412645 -2.298233 10.670587
v 13.789775 -2.322037 10.977695
v 13.613497 -2.745712 10.473706
v 14.697130 -3.388763 9.129184
v 13.980359 -2.797043 10.746130
v 13.792068 -3.184097 10.225677
v 14.162027 -3.226913 10.512835
v 13.991964 -3.588867 9.952187
v 14.362916 -3.622635 10.243955
v 14.229738 -3.978714 9.634851
v 14.606937 -4.017853 9.921295
v 14.466140 -4.302536 9.276566
v 14.864896 -4.364609 9.558146
v 14.711470 -4.637070 8.848256
v 15.560563 -4.129868 7.701233
v 15.151915 -4.706345 9.130989
v 14.376615 -6.417618 9.734455
v 14.973373 -4.914642 8.422832
v 15.429351 -5.002258 8.666262
v 15.268553 -5.198898 7.916060
v 15.724548 -5.300743 8.121590
v 15.533630 -5.445190 7.345661
v 15.145426 -8.868263 7.724807
v 15.697818 -6.680611 7.641484
v 15.995736 -5.554214 7.544101
v 14.431207 -13.847679 5.412657
v 13.755138 -15.554497 5.142720
v 14.278267 -15.550880 3.256366
v 16.580210 -6.974373 5.459528
v 16.533756 -6.004074 6.175333
v 16.279158 -5.803139 6.872798
v 16.789127 -6.188698 5.391714
v 15.852259 -5.696259 6.688407
v 16.130531 -5.905006 6.023289
v 16.260866 -4.744003 6.187933
v 16.449047 -6.108315 5.266262
v 16.615826 -3.238647 5.726038
v 16.846352 -5.129578 4.599661
v 16.687147 -6.250313 4.487711
v 16.919193 -6.362717 3.714175
v 17.019781 -6.326477 4.591341
v 17.230793 -6.433182 3.802853
v 17.426617 -6.495491 3.006493
v -8.873318 20.720078 1.395625
v -9.065164 21.106461 0.802685
v -8.987288 21.229279 0.853445
v -8.821680 21.075073 1.587196
v -8.952689 21.434570 0.953529
v -8.622174 20.255066 2.181206
v -8.836412 21.424500 1.768098
v -8.950202 21.764206 1.118496
v -8.982762 22.137878 1.310616
v -8.671554 21.394562 2.782245
v -8.890691 21.818756 1.979372
v -9.572522 22.028198 1.392155
v -9.457192 21.635757 2.043965
v -9.722939 21.022842 1.185435
v -8.481787 21.099533 3.323929
v -8.422159 19.944595 2.699073
v -9.216033 21.171570 2.862894
v -9.622650 20.615814 1.790885
v -9.744761 21.125580 1.019345
v -10.608907 20.785782 1.131937
v -8.259694 20.805603 3.854343
v -8.194400 19.636505 3.207131
v -10.475199 20.312912 1.811296
v -11.703006 20.307739 1.306022
v -7.968818 20.459579 4.477837
v -7.895890 19.268738 3.808659
v -9.011812 20.855408 3.419791
v -8.775263 20.544037 3.966951
v -7.630661 20.122009 5.081792
v -7.554304 18.906570 4.390332
v -8.465020 20.176086 4.611699
v -7.239014 19.785477 5.682077
v -7.163237 18.540527 4.966471
v -8.106032 19.818420 5.236620
v -6.788246 19.465393 6.250378
v -6.717193 18.186676 5.510511
v -7.689115 19.460464 5.861351
v -6.297973 19.162109 6.787870
v -6.231004 17.846283 6.026984
v -7.210840 19.121002 6.452999
v -5.748497 18.882935 7.281456
v -5.685007 17.530228 6.498640
v -6.688980 18.798309 7.015607
v -5.164595 18.626984 7.734113
v -5.087455 17.235840 6.936580
v -6.105362 18.502213 7.532480
v -4.528203 18.401825 8.132741
v -4.435640 16.975174 7.320190
v -5.483525 18.230316 8.008446
v -3.856228 18.198990 8.493222
v -4.806869 17.991837 8.428026
v -3.316526 17.614655 9.100384
v -4.092105 17.776855 8.808578
v -3.366429 16.020569 8.720577
v -4.158422 16.199615 8.428683
v -4.882886 16.434326 8.056645
v -5.583347 16.707825 7.636827
v -5.015994 15.083298 9.025333
v -3.318043 14.862900 9.607661
v -6.227518 17.022064 7.162607
v -5.077096 13.774643 9.975121
v -6.823263 17.354309 6.660768
v -6.922885 15.524887 8.062561
v -7.355396 17.718887 6.115357
v -8.072166 16.959045 6.439601
v -7.842929 18.112503 5.536172
v -8.266086 18.528305 4.923888
v -8.630986 18.936249 4.313934
v -9.582485 17.715668 5.079680
v -8.944244 19.356918 3.684709
v -9.995248 18.819473 3.764099
v -9.178123 19.720871 3.150595
v -9.378669 20.088120 2.605464
v -10.286209 19.693924 2.650379
v -11.523067 19.833038 1.978203
v -11.678564 20.376709 1.429508
v -11.446733 19.488251 2.409900
v -11.557679 19.957016 2.069124
v -12.428384 20.657578 1.722364
v -11.384722 19.085648 2.875039
v -11.475667 19.587738 2.544328
v -12.320592 20.098267 2.453224
v -12.895012 19.732162 2.224458
v -13.000943 20.274521 1.502908
v -12.029124 19.430984 1.853228
v -12.150741 19.988358 1.139553
v -12.837378 19.384705 2.652332
v -11.902545 18.717133 2.699387
v -12.261035 19.745422 2.895460
v -12.788579 19.023239 3.069728
v -12.732756 18.552887 3.600827
v -11.775063 17.757065 3.749806
v -12.209961 19.381363 3.329521
v -11.408077 19.196045 3.004917
v -11.301639 18.594238 3.436666
v -11.335745 18.720459 3.570687
v -11.229477 18.101349 3.973984
v -11.159726 17.549469 4.559207
v -11.277010 18.234924 4.129134
v -12.150626 18.904236 3.882825
v -11.216710 17.658234 4.768977
v -12.687551 18.071335 4.122581
v -12.101910 18.414032 4.425398
v -12.642974 17.516052 4.709460
v -11.671588 16.616592 4.899927
v -12.053290 17.845917 5.037518
v -12.614119 16.943619 5.279936
v -12.597325 16.370422 5.827042
v -11.629951 15.433029 5.958403
v -12.020981 17.258591 5.631520
v -11.175596 17.057739 5.387035
v -11.114185 16.976212 5.124614
v -11.151684 16.471970 5.956173
v -11.088398 16.366333 5.689072
v -10.051704 16.055618 6.370688
v -12.001200 16.665909 6.203323
v -11.093736 15.775162 6.188911
v -12.601449 15.775665 6.349742
v -11.150141 15.860992 6.497664
v -12.003287 16.049347 6.748412
v -12.620199 15.184372 6.838624
v -11.663369 14.211868 6.891374
v -11.129762 15.075668 6.738988
v -11.161410 15.229080 7.023591
v -12.020802 15.432144 7.260087
v -12.662447 14.570938 7.296478
v -12.720113 13.952957 7.724661
v -11.776442 12.940872 7.697559
v -12.062994 14.790909 7.738297
v -11.200456 14.572784 7.515471
v -11.183945 14.484451 7.161089
v -9.852322 14.715454 7.518477
v -11.272906 13.789871 7.616231
v -11.261545 13.907120 7.977240
v -9.062960 16.444626 6.453390
v -8.599819 15.050980 7.769260
v -9.789417 13.291809 8.543948
v -8.430879 13.526230 8.940020
v -6.797088 13.743896 9.419394
v -11.373338 13.075089 8.036397
v -6.826133 12.094208 10.511370
v -11.444068 12.428772 8.399067
v -5.126591 12.221680 11.022903
v -6.946885 10.352325 11.486788
v -8.459188 11.942566 9.949850
v -8.598218 10.318314 10.808061
v -8.856385 8.647446 11.499404
v -9.853272 11.819794 9.426001
v -10.022363 10.334122 10.147271
v -10.300849 8.831696 10.697940
v -10.779550 7.357727 10.988924
v -11.284718 5.868546 11.148860
v -12.222419 9.136032 9.536433
v -11.888394 4.444305 11.093760
v -12.037683 9.794220 9.395635
v -12.581769 3.120132 10.809240
v -11.867621 10.446411 9.208756
v -13.349065 1.928894 10.288342
v -11.689420 11.112762 8.988822
v -14.146349 0.905197 9.549854
v -11.542052 11.767456 8.719020
v -11.718588 11.222992 9.374854
v -11.465735 12.565353 8.775142
v -11.596214 11.889923 9.102102
v -11.354231 13.220474 8.399764
v -12.303864 12.813095 8.966300
v -12.206164 13.470917 8.596818
v -12.121630 14.141525 8.186884
v -12.802197 13.315140 8.116751
v -12.895984 12.693420 8.468691
v -11.963877 11.668884 8.348493
v -13.014775 12.055527 8.779134
v -12.428393 12.138214 9.291577
v -13.141773 11.452805 9.040098
v -12.219196 10.443649 8.817632
v -12.562996 11.495636 9.566669
v -13.292938 10.838806 9.254289
v -13.453661 10.245529 9.426270
v -12.723784 10.841415 9.792247
v -12.541058 9.246658 9.113335
v -11.866720 10.543961 9.596949
v -12.895940 10.206116 9.974380
v -12.039310 9.907913 9.779290
v -12.238317 9.268570 9.912215
v -13.635160 9.647247 9.549251
v -13.090947 9.565918 10.104815
v -13.828299 9.052567 9.637924
v -12.926414 8.055374 9.249387
v -13.299270 8.928635 10.199230
v -12.444838 8.617783 10.005054
v -13.526341 8.293381 10.241180
v -14.038092 8.459381 9.676717
v -14.255402 7.876724 9.681919
v -13.360223 6.896042 9.226396
v -12.407359 8.524399 9.636259
v -12.669879 7.968704 10.046495
v -12.617551 7.916580 9.685147
v -12.843937 7.329056 9.696391
v -12.901062 7.355774 10.058161
v -13.762463 7.668625 10.247810
v -13.151757 6.752991 10.022032
v -13.090840 6.752335 9.655192
v -14.013335 7.052887 10.200567
v -13.361568 6.157684 9.574375
v -13.429020 6.133774 9.949276
v -13.641880 5.578018 9.441451
v -14.485364 7.302200 9.635666
v -14.268394 6.458099 10.117560
v -13.713198 5.528778 9.819655
v -14.718132 6.748047 9.555264
v -13.825755 5.800461 9.042866
v -14.533223 5.879135 9.980679
v -14.958689 6.208588 9.423429
v -15.200835 5.687119 9.258284
v -14.311496 4.773834 8.702045
v -14.800732 5.319260 9.808880
v -13.973983 4.971954 9.658339
v -13.918241 5.033386 9.276529
v -14.236714 4.434204 9.446652
v -14.191196 4.500488 9.072173
v -14.442451 3.992355 8.858982
v -14.503757 3.916824 9.206394
v -15.072076 4.781082 9.585779
v -14.772635 3.424622 8.922051
v -15.445116 5.185974 9.044465
v -15.345177 4.258820 9.328085
v -15.690340 4.699173 8.797593
v -14.806337 3.816833 8.209238
v -15.616238 3.763062 9.022928
v -15.932162 4.237320 8.505973
v -16.172277 3.790726 8.182637
v -15.295558 2.938843 7.573234
v -15.886080 3.284470 8.684835
v -15.056408 2.925354 8.591558
v -14.688359 3.498245 8.612035
v -14.943075 2.994431 8.331648
v -15.331125 2.455368 8.215993
v -16.148373 2.836349 8.303758
v -15.198967 2.522751 8.005559
v -15.589356 2.016006 7.818523
v -15.464308 2.078430 7.632790
v -16.403845 3.372864 7.819007
v -16.405661 2.408264 7.892136
v -16.630264 2.972763 7.425676
v -15.763751 2.151047 6.805094
v -15.832467 1.608490 7.381183
v -16.650665 2.013229 7.443077
v -16.843805 2.603897 6.997469
v -17.048758 2.255234 6.544516
v -16.196390 1.462341 5.921502
v -16.886816 1.640747 6.968996
v -16.064146 1.220108 6.909719
v -15.724297 1.666962 7.219991
v -14.924214 0.065567 8.623359
v -15.954990 1.291626 6.810901
v -15.168786 -1.973831 8.403449
v -15.639523 -0.647247 7.555892
v -15.910024 -2.662415 7.114338
v -16.185118 0.941360 6.380456
v -16.526035 -3.238647 5.726038
v -16.287399 0.864761 6.409238
v -16.789589 -1.811462 5.121654
v -16.259872 -1.285950 6.388601
v -17.239689 -0.485336 3.720386
v -16.500561 0.550903 5.920509
v -17.107128 1.302399 6.463818
v -16.707747 0.262680 5.413962
v -17.237724 1.938843 6.062836
v -17.313175 0.992233 5.937556
v -17.413157 1.648026 5.560029
v -16.582069 0.878738 4.941237
v -17.505568 0.708954 5.391064
v -16.912550 -0.014755 4.860836
v -17.575159 1.382629 5.038718
v -17.685606 0.449371 4.831409
v -17.092098 -0.258331 4.283072
v -17.725866 1.138687 4.503800
v -16.921001 0.396774 3.885870
v -17.847105 0.226334 4.250355
v -17.859200 0.929062 3.949669
v -17.998352 0.022476 3.664148
v -17.983561 0.736832 3.389897
v -18.096474 0.570374 2.819945
v 11.066482 20.843445 -0.966623
v 11.103244 20.957169 -1.088788
v 11.156128 21.113007 -1.134856
v 11.170696 21.115784 -0.474727
v 11.055692 20.802338 -0.801096
v 11.073766 20.844849 -0.636559
v 11.115860 20.959579 -0.517099
v 11.210964 21.269226 -1.092483
v 11.260344 21.385330 -0.642959
v 11.223581 21.271622 -0.520795
v 11.240982 21.372757 -1.002851
v 11.282124 21.456070 -0.771782
v 11.416284 22.101715 -2.416478
v 11.361549 21.945129 -2.477209
v 11.352871 22.041504 -2.728834
v 11.409831 22.207809 -2.711346
v 11.378549 22.177231 -2.972504
v 11.322666 22.011688 -2.946430
v 11.052156 22.103821 -2.941339
v 11.108038 22.269348 -2.967415
v 11.057649 22.142029 -2.723050
v 11.114613 22.308350 -2.705791
v 11.055120 22.224716 -2.409683
v 11.000373 22.068085 -2.470280
v 10.798694 21.526749 -1.008947
v 10.819989 21.617081 -0.761753
v 10.798209 21.546341 -0.632930
v 10.748831 21.430222 -1.082454
v 10.761447 21.432632 -0.510766
v 10.653726 21.120575 -0.507070
v 10.708562 21.276794 -0.464698
v 10.611631 21.005844 -0.626530
v 10.593557 20.963348 -0.791067
v 10.604347 21.004471 -0.956594
v 10.641109 21.118179 -1.078758
v 10.693995 21.274017 -1.124827
v -11.066474 20.843460 -0.966627
v -11.156119 21.113007 -1.134859
v -11.103237 20.957169 -1.088791
v -11.170689 21.115784 -0.474730
v -11.055684 20.802353 -0.801099
v -11.073759 20.844849 -0.636562
v -11.115853 20.959579 -0.517103
v -11.210958 21.269226 -1.092486
v -11.260335 21.385345 -0.642963
v -11.223574 21.271622 -0.520798
v -11.240974 21.372772 -1.002854
v -11.282116 21.456085 -0.771786
v -11.416277 22.101730 -2.416481
v -11.361543 21.945129 -2.477212
v -11.352864 22.041519 -2.728837
v -11.409823 22.207809 -2.711349
v -11.378540 22.177231 -2.972507
v -11.322659 22.011703 -2.946434
v -11.052148 22.103821 -2.941343
v -11.108030 22.269363 -2.967418
v -11.057642 22.142029 -2.723053
v -11.114606 22.308350 -2.705795
v -11.055112 22.224716 -2.409685
v -11.000365 22.068085 -2.470284
v -10.798685 21.526749 -1.008950
v -10.819982 21.617081 -0.761756
v -10.798203 21.546356 -0.632934
v -10.748824 21.430237 -1.082457
v -10.761440 21.432648 -0.510769
v -10.653719 21.120590 -0.507074
v -10.708555 21.276794 -0.464701
v -10.611624 21.005859 -0.626533
v -10.593550 20.963364 -0.791070
v -10.604340 21.004471 -0.956597
v -10.641103 21.118179 -1.078762
v -10.693987 21.274017 -1.124829
v 8.654079 -14.996155 -7.080813
v 8.593664 -14.975349 -7.198657
v 8.600340 -14.941177 -7.328102
v 9.087758 -14.909645 -7.155813
v 8.765396 -14.998001 -7.006147
v 8.897788 -14.980385 -6.994668
v 9.015781 -14.948051 -7.049449
v 8.672318 -14.902763 -7.434466
v 9.034019 -14.854660 -7.403102
v 9.094434 -14.875465 -7.285259
v 8.763851 -14.869591 -7.485599
v 8.957490 -14.844200 -7.490365
v 7.902051 -14.735565 -8.388224
v 7.816564 -14.775307 -8.286673
v 7.648670 -14.741150 -8.410624
v 7.704759 -14.701027 -8.530806
v 7.501107 -14.710602 -8.570510
v 7.477318 -14.748459 -8.439359
v 7.443327 -14.533989 -8.383603
v 7.467116 -14.496132 -8.514753
v 7.611737 -14.507095 -8.349697
v 7.667662 -14.466972 -8.469957
v 7.856668 -14.449219 -8.313784
v 7.771267 -14.488968 -8.212161
v 8.698346 -14.518265 -7.400428
v 8.901089 -14.476082 -7.396973
v 8.977619 -14.486542 -7.309710
v 8.615917 -14.534645 -7.341074
v 9.038033 -14.507332 -7.191867
v 8.959380 -14.579926 -6.956057
v 9.031358 -14.541527 -7.062421
v 8.841387 -14.612267 -6.901276
v 8.708995 -14.629868 -6.912755
v 8.597678 -14.628036 -6.987421
v 8.537264 -14.607231 -7.105264
v 8.543940 -14.573059 -7.234711
v 17.253885 -0.897751 1.820835
v 17.008356 -0.899612 1.772591
v 17.091743 -3.075638 1.648476
v 17.337986 -3.073410 1.691031
v 17.343266 -0.770569 0.044927
v 17.008356 -0.899612 1.772591
v 17.594381 -0.796936 0.061031
v 17.337790 -0.680649 -0.713368
v 17.091743 -3.075638 1.648476
v 17.350002 -2.983322 -0.095630
v 17.632399 -0.691162 -0.742794
v 17.244923 -0.549957 -1.510216
v 17.586777 -2.963211 -0.084838
v 17.546772 -2.888458 -0.904714
v 17.247435 -2.896774 -0.862466
v 17.546984 -0.567459 -1.555202
v 17.159805 -0.408127 -2.319532
v 17.363514 -2.760193 -1.728912
v 17.065147 -2.737427 -1.664526
v 17.455328 -0.441086 -2.371310
v 17.039772 -0.244095 -3.117636
v 17.169373 -2.601852 -2.557201
v 16.884495 -2.577072 -2.492820
v 17.346542 -0.286270 -3.184123
v 16.884510 -0.066254 -3.908297
v 16.957317 -2.434143 -3.384755
v 16.674032 -2.395737 -3.306828
v 17.208139 -0.123505 -3.996932
v 16.715561 0.131195 -4.696362
v 16.719995 -2.246597 -4.205357
v 16.438023 -2.200638 -4.113598
v 17.006121 0.065582 -4.796442
v 16.504087 0.340408 -5.473769
v 16.444977 -2.037109 -5.017199
v 16.173828 -1.978958 -4.910265
v 16.782015 0.273376 -5.591001
v 16.232330 0.578445 -6.234349
v 16.133736 -1.805435 -5.815407
v 15.872442 -1.744537 -5.694665
v 16.494633 0.503632 -6.365173
v 15.926941 0.826157 -6.982590
v 15.771506 -1.538712 -6.593517
v 15.542004 -1.478470 -6.467269
v 15.134318 -1.214722 -7.208873
v 15.413507 -1.305893 -7.386264
v 16.168203 0.746979 -7.125222
v 15.569578 1.087296 -7.713711
v 14.981337 -1.020386 -8.138581
v 14.715526 -0.928940 -7.943630
v 15.799759 1.014450 -7.868950
v 15.169644 1.363708 -8.419874
v 14.494496 -0.698303 -8.838717
v 14.279487 -0.634506 -8.666009
v 15.384409 1.292419 -8.588015
v 14.712850 1.663239 -9.093585
v 13.983032 -0.387604 -9.541688
v 14.918904 1.597977 -9.278416
v 14.215131 1.994415 -9.726741
v 13.766283 -0.316238 -9.337685
v 14.405361 1.924133 -9.930505
v 13.663027 2.350281 -10.317577
v 13.422559 -0.034180 -10.191041
v 13.230038 0.024170 -9.984755
v 13.847601 2.284683 -10.545618
v 13.081722 2.726227 -10.869282
v 12.820840 0.335159 -10.812036
v 12.632948 0.397171 -10.575600
v 13.244507 2.666473 -11.106133
v 12.466392 3.146454 -11.349483
v 12.183103 0.741226 -11.372470
v 12.012408 0.789536 -11.127385
v 11.353364 1.217255 -11.605323
v 12.599765 3.091934 -11.603092
v 11.810499 3.608276 -11.736598
v 11.508409 1.187515 -11.874121
v 10.790827 1.681198 -12.266503
v 10.665086 1.689316 -11.982982
v 11.912702 3.567642 -12.009782
v 10.024375 2.213303 -12.538084
v 9.938620 2.221558 -12.248010
v 11.180484 4.085114 -12.308275
v 11.098613 4.106201 -12.017942
v 10.356081 4.629974 -12.240096
v 9.234610 2.762558 -12.743089
v 9.169832 2.763611 -12.445721
v 10.417208 4.618271 -12.533374
v 9.585001 5.158676 -12.404630
v 8.425339 3.324921 -12.868733
v 8.381378 3.317291 -12.585238
v 9.622100 5.152130 -12.681688
v 8.794123 5.686295 -12.512729
v 7.575737 3.870728 -12.667066
v 8.819583 5.688812 -12.778767
v 8.005921 6.240875 -12.538735
v 7.596429 3.874771 -12.956130
v 6.755822 4.421097 -12.685750
v 8.019552 6.251801 -12.851003
v 7.203352 6.783249 -12.557083
v 6.758233 4.425446 -13.004994
v 7.208540 6.801819 -12.839594
v 6.432312 7.370590 -12.520070
v 5.928748 4.986832 -12.986901
v 5.941762 4.987671 -12.662226
v 6.428709 7.389709 -12.819259
v 5.670063 7.967545 -12.469761
v 5.138423 5.594208 -12.888625
v 5.153921 5.585587 -12.603162
v 5.661808 7.987274 -12.773226
v 4.908331 8.566559 -12.418164
v 4.348487 6.193466 -12.823455
v 4.375018 6.192856 -12.529440
v 4.900992 8.587601 -12.711086
v 4.151351 9.163010 -12.364271
v 3.579329 6.812820 -12.737756
v 3.603462 6.809830 -12.453308
v 2.834676 7.422592 -12.394691
v 2.818736 7.430084 -12.663246
v 2.062684 8.031906 -12.357389
v 4.144043 9.182404 -12.668387
v 3.393325 9.757690 -12.330959
v 2.044754 8.035233 -12.629458
v 1.298314 8.645905 -12.343826
v 3.384933 9.771301 -12.620310
v 2.646395 10.361053 -12.304132
v 1.273417 8.637695 -12.627711
v 0.544479 9.271301 -12.342386
v 2.637382 10.370224 -12.590575
v 1.908478 10.974838 -12.285338
v 0.513361 9.255905 -12.647834
v -0.177181 9.906845 -12.339759
v 1.905303 10.987885 -12.567396
v 1.215476 11.594910 -12.244737
v -0.193485 9.907333 -12.623917
v -0.895772 10.526321 -12.302461
v 1.201723 11.610428 -12.538844
v -0.915385 10.538391 -12.584962
v 0.501105 12.224457 -12.443280
v 0.517070 12.195175 -12.155557
v -0.167607 12.787262 -12.043200
v -1.618909 11.157150 -12.478479
v -1.599151 11.123138 -12.206118
v -0.194036 12.821686 -12.324203
v -2.334342 11.757980 -12.287112
v -2.292725 11.721695 -12.008896
v -0.880158 13.416977 -12.144796
v -0.848366 13.368652 -11.867620
v -3.033731 12.352097 -12.080036
v -1.556048 14.001450 -11.940473
v -1.521028 13.944199 -11.661832
v -2.986497 12.310867 -11.794416
v -2.225332 14.580322 -11.705462
v -2.185103 14.515396 -11.425371
v -3.720825 12.947952 -11.844264
v -3.671926 12.899841 -11.565292
v -2.886865 15.151489 -11.447991
v -2.837715 15.080338 -11.165723
v -4.404015 13.538696 -11.599883
v -4.350927 13.481140 -11.321431
v -3.533169 15.720871 -11.162195
v -3.484662 15.637726 -10.889298
v -5.072327 14.128723 -11.326493
v -5.015359 14.063370 -11.053246
v -5.660833 14.629486 -10.766114
v -4.150171 16.263031 -10.857802
v -4.097059 16.176605 -10.596045
v -5.739539 14.707001 -11.069551
v -4.750395 16.805099 -10.530607
v -4.697066 16.712265 -10.277536
v -5.232180 17.203018 -9.966598
v -6.362424 15.281555 -10.740194
v -6.286746 15.200836 -10.456251
v -5.292533 17.307053 -10.222454
v -6.917354 15.810028 -10.401598
v -6.851534 15.717651 -10.149368
v -7.391054 16.217514 -9.801796
v -5.818633 17.786957 -9.872340
v -5.749172 17.675690 -9.628796
v -7.465418 16.322906 -10.046052
v -7.901111 16.701508 -9.412855
v -6.311985 18.259872 -9.486301
v -6.233339 18.133881 -9.247864
v -7.988476 16.816635 -9.651305
v -6.783052 18.712296 -9.061802
v -6.703320 18.582245 -8.833649
v -7.098353 18.971085 -8.459767
v -8.483289 17.296326 -9.220766
v -8.388391 17.177933 -8.985887
v -8.816280 17.590607 -8.602888
v -7.186966 19.108734 -8.690805
v -8.907398 17.717743 -8.827583
v -9.216576 17.985428 -8.202031
v -7.567730 19.467239 -8.276365
v -7.471473 19.336807 -8.069695
v -9.318939 18.121796 -8.422595
v -9.590886 18.360336 -7.778563
v -7.919130 19.827545 -7.855777
v -7.820938 19.680389 -7.658879
v -9.700338 18.508041 -7.989020
v -9.943199 18.722382 -7.326375
v -8.252298 20.174149 -7.417177
v -8.148116 20.010788 -7.218319
v -10.059188 18.876816 -7.532382
v -10.286398 19.076797 -6.859619
v -8.572385 20.511215 -6.957801
v -8.460749 20.335617 -6.761084
v -10.400167 19.240891 -7.054480
v -10.600073 19.414825 -6.372666
v -8.864467 20.823318 -6.470798
v -8.742981 20.638275 -6.284481
v -10.720555 19.588211 -6.556901
v -11.019220 19.858170 -5.643866
v -9.234487 21.231064 -5.739463
v -9.118960 21.041626 -5.581442
v -11.144297 20.061218 -5.820996
v -11.373729 20.257965 -4.881296
v -9.544192 21.601578 -4.972622
v -9.424586 21.387497 -4.838622
v -11.495783 20.477295 -5.032279
v -11.594788 20.497116 -4.317393
v -9.730074 21.809692 -4.386766
v -9.611331 21.595108 -4.279940
v -11.720622 20.738663 -4.443916
v -11.774282 20.703949 -3.733613
v -9.865852 21.983398 -3.783800
v -9.736552 21.751236 -3.708296
v -11.891472 20.947525 -3.828130
v -11.950348 20.909882 -3.004836
v -9.959151 22.080887 -3.044179
v -9.849288 21.837158 -2.997339
v -12.071320 21.168259 -3.097183
v -9.988384 22.132599 -2.592380
v -9.929137 21.905411 -2.499156
v -10.037853 22.092072 -2.151923
v -12.166533 21.296967 -2.676392
v -12.049620 21.086380 -2.550625
v -12.197129 21.314713 -2.231527
v -10.108834 22.314072 -2.289622
v -10.090113 22.177017 -1.993176
v -12.273398 21.529083 -2.387868
v -12.270381 21.395050 -2.086102
v -10.172226 22.420212 -2.086411
v -10.127681 22.229172 -1.786591
v -12.360076 21.663284 -2.201317
v -12.327101 21.459198 -1.888914
v -10.219796 22.495987 -1.811196
v -12.421875 21.755768 -1.930213
v -12.363321 21.468781 -1.451457
v -10.241302 22.453171 -1.283530
v -10.147005 22.206329 -1.331077
v -12.438281 21.740234 -1.410561
v -10.187311 22.284180 -0.770493
v -10.100106 22.057510 -0.894304
v -12.401742 21.591721 -0.908869
v -12.330016 21.345795 -1.030657
v -9.986786 21.780655 -0.469616
v -12.286979 21.281479 -0.433877
v -12.233321 21.092621 -0.613967
v -10.070736 21.958786 -0.278584
v -12.097506 20.791183 -0.036728
v -12.059500 20.660934 -0.256638
v -9.884402 21.450058 0.129023
v -9.820277 21.329361 -0.096661
v -11.869849 20.059235 0.359646
v -11.789842 19.954758 0.194840
v -11.537578 18.948273 1.343675
v -9.614224 20.722031 0.534744
v -9.594624 20.593292 0.372780
v -9.307917 19.597733 1.527172
v -11.606907 19.137955 1.514417
v -10.241514 18.241165 2.945794
v -10.174340 18.063324 2.770762
v -9.378394 19.792801 1.705034
v -10.174340 18.063324 2.770762
v -9.715396 18.203674 2.813198
v -9.781796 18.379593 2.985185
v -9.715396 18.203674 2.813198
v -17.253891 -0.897766 1.820832
v -17.091743 -3.075653 1.648462
v -17.008360 -0.899612 1.772561
v -17.337986 -3.073441 1.691028
v -17.008360 -0.899612 1.772561
v -17.343678 -0.770767 0.044246
v -17.594904 -0.797150 0.060566
v -17.344591 -0.687088 -0.716836
v -17.350365 -2.981674 -0.095487
v -17.091743 -3.075653 1.648462
v -17.586092 -2.966003 -0.084490
v -17.621954 -0.695679 -0.744350
v -17.260775 -0.560272 -1.517789
v -17.528711 -2.870956 -0.898796
v -17.270374 -2.872040 -0.863473
v -17.352577 -2.748230 -1.726506
v -17.087772 -2.722870 -1.669820
v -17.549294 -0.570557 -1.559595
v -17.170385 -0.415359 -2.327237
v -17.168400 -2.598999 -2.559800
v -16.904194 -2.564560 -2.499349
v -17.453997 -0.444763 -2.376368
v -17.059206 -0.260666 -3.127824
v -16.953335 -2.424591 -3.386492
v -16.696898 -2.384048 -3.314990
v -17.335297 -0.295197 -3.188469
v -16.913986 -0.076935 -3.916839
v -16.718235 -2.243134 -4.206245
v -16.463093 -2.190948 -4.120691
v -17.196301 -0.127518 -3.995556
v -16.732336 0.116547 -4.697903
v -16.451618 -2.041122 -5.018780
v -16.192047 -1.974182 -4.912527
v -16.995848 0.061035 -4.789667
v -16.507475 0.338013 -5.461872
v -16.130751 -1.801788 -5.805198
v -15.887155 -1.740967 -5.690248
v -16.766899 0.269196 -5.573884
v -16.237131 0.570587 -6.215114
v -15.770453 -1.549072 -6.579961
v -15.541263 -1.484390 -6.449743
v -16.497139 0.503143 -6.345661
v -15.926597 0.821899 -6.948920
v -15.388463 -1.283905 -7.338771
v -15.160425 -1.217773 -7.193655
v -16.159039 0.745865 -7.090263
v -15.564746 1.082977 -7.664986
v -14.953401 -0.992035 -8.068482
v -14.742764 -0.924927 -7.914195
v -15.781410 1.012146 -7.816418
v -15.159266 1.365646 -8.351089
v -14.483420 -0.693893 -8.778116
v -14.280391 -0.630035 -8.607120
v -15.363657 1.291107 -8.519413
v -14.696505 1.673813 -9.000468
v -13.958679 -0.372314 -9.451548
v -13.763937 -0.313675 -9.261907
v -14.894024 1.600677 -9.190519
v -14.194324 2.002502 -9.610157
v -13.223255 0.031784 -9.883224
v -14.377557 1.930389 -9.822997
v -13.397828 -0.020554 -10.082854
v -13.787669 2.296555 -10.386263
v -13.629807 2.354675 -10.163204
v -13.019880 2.740204 -10.655255
v -12.769166 0.358810 -10.653072
v -12.616982 0.408447 -10.435999
v -11.969708 0.813019 -10.931021
v -13.166632 2.688126 -10.904137
v -12.366538 3.169601 -11.088143
v -12.104169 0.767975 -11.165227
v -11.398767 1.234924 -11.599696
v -11.281699 1.267426 -11.361705
v -12.495807 3.124557 -11.351447
v -11.686820 3.641281 -11.480424
v -10.674671 1.728546 -11.987272
v -10.569077 1.753738 -11.738075
v -11.797441 3.603439 -11.749660
v -10.985695 4.142059 -11.811389
v -9.923946 2.241760 -12.326397
v -9.830900 2.264023 -12.044213
v -11.075005 4.113342 -12.082352
v -10.257770 4.655945 -12.082462
v -9.149359 2.789536 -12.568026
v -9.083516 2.805664 -12.293081
v -10.329562 4.642899 -12.352907
v -9.504657 5.181747 -12.282178
v -8.355465 3.343140 -12.744170
v -8.306017 3.348160 -12.463735
v -9.556885 5.177139 -12.552103
v -8.739382 5.719452 -12.403806
v -7.545712 3.898346 -12.847860
v -7.513913 3.891510 -12.570752
v -8.771636 5.717773 -12.692742
v -7.965331 6.261765 -12.448417
v -6.725372 4.448273 -12.894145
v -6.714472 4.438324 -12.606546
v -7.976620 6.262482 -12.766953
v -7.177123 6.796097 -12.471581
v -5.909794 5.010971 -12.872881
v -5.914505 4.998184 -12.583192
v -7.175978 6.806595 -12.755538
v -6.416080 7.373367 -12.433948
v -5.129694 5.612030 -12.794554
v -5.140267 5.594040 -12.524572
v -6.406742 7.389099 -12.723353
v -5.666172 7.965256 -12.369093
v -4.355743 6.214722 -12.711531
v -4.371504 6.193695 -12.437400
v -3.605317 6.797516 -12.336537
v -5.647106 7.979111 -12.661775
v -4.919031 8.563080 -12.286544
v -3.580377 6.812332 -12.624858
v -4.897559 8.578705 -12.586483
v -4.164754 9.145935 -12.214005
v -2.817023 7.412323 -12.522666
v -2.841340 7.398178 -12.238497
v -4.144806 9.163422 -12.498686
v -3.411307 9.730667 -12.134802
v -2.055183 8.015411 -12.421444
v -2.079257 8.002808 -12.144632
v -1.321150 8.613037 -12.053622
v -3.397635 9.755493 -12.415155
v -1.298144 8.625153 -12.331730
v -0.574815 9.237411 -11.966948
v -2.657748 10.352890 -12.325279
v -2.673079 10.329926 -12.045196
v -0.551226 9.248138 -12.245883
v -1.929608 10.965363 -12.237345
v -1.944998 10.942047 -11.951832
v 0.159767 9.883804 -12.154238
v 0.141242 9.868011 -11.884501
v 0.859143 10.493439 -11.798968
v -1.218405 11.568680 -12.129869
v -1.236869 11.550140 -11.864509
v 0.876016 10.513138 -12.064378
v 1.576986 11.093170 -11.701466
v -0.516269 12.181961 -12.029902
v -0.535172 12.160553 -11.764791
v 1.602261 11.113907 -12.004781
v 0.163652 12.801743 -11.951276
v 0.138139 12.770264 -11.627790
v 2.298269 11.735321 -11.873104
v 2.277510 11.706848 -11.603265
v 2.975508 12.301254 -11.479709
v 0.857697 13.394501 -11.812039
v 0.828171 13.361954 -11.509624
v 1.508678 13.936752 -11.376680
v 2.996584 12.342438 -11.749347
v 3.667432 12.889221 -11.326582
v 1.536849 13.980850 -11.667480
v 3.696218 12.936386 -11.600044
v 4.348307 13.474777 -11.146119
v 2.210021 14.567780 -11.500067
v 2.173907 14.511765 -11.195010
v 4.383241 13.529877 -11.415421
v 5.013898 14.059158 -10.926474
v 2.877432 15.132217 -11.279078
v 2.829421 15.078079 -10.991271
v 5.058002 14.121033 -11.193861
v 5.658393 14.631714 -10.677433
v 3.526855 15.704422 -11.031177
v 3.478000 15.637024 -10.755726
v 5.704526 14.705933 -10.937142
v 6.285558 15.200760 -10.389474
v 4.148233 16.247360 -10.754884
v 4.099298 16.171768 -10.504462
v 6.340612 15.280319 -10.649047
v 6.855015 15.716431 -10.100651
v 4.742851 16.802261 -10.464670
v 4.694444 16.711700 -10.206474
v 6.910731 15.808655 -10.348360
v 7.397182 16.209732 -9.766276
v 5.289283 17.301193 -10.171196
v 5.228328 17.204544 -9.909764
v 7.460753 16.319565 -10.012667
v 5.814594 17.788422 -9.842147
v 5.737917 17.679825 -9.581344
v 7.908877 16.687561 -9.385602
v 6.310648 18.260254 -9.467842
v 6.222689 18.137177 -9.214108
v 7.984828 16.815674 -9.632944
v 6.782166 18.713913 -9.051257
v 6.693511 18.585541 -8.810981
v 7.091877 18.972900 -8.447220
v 8.483572 17.294861 -9.212372
v 8.396898 17.168991 -8.969489
v 8.820222 17.583817 -8.595178
v 7.185048 19.106369 -8.681387
v 8.910773 17.713989 -8.825909
v 9.220435 17.979080 -8.198117
v 7.566307 19.480759 -8.283883
v 7.470250 19.338394 -8.066056
v 9.317667 18.119751 -8.418603
v 9.594874 18.353470 -7.776143
v 7.921322 19.836395 -7.865047
v 7.818089 19.681046 -7.657679
v 9.698311 18.505096 -7.986297
v 8.244470 20.194489 -7.429959
v 8.128690 20.004913 -7.206873
v 10.051310 18.875351 -7.525375
v 9.948896 18.704926 -7.319841
v 10.286766 19.064865 -6.859018
v 8.565846 20.501160 -6.958054
v 8.442968 20.318665 -6.756480
v 10.392570 19.234406 -7.046747
v 10.600749 19.383728 -6.371254
v 8.850696 20.798218 -6.468981
v 8.717420 20.602036 -6.281266
v 10.710814 19.569717 -6.548814
v 11.008456 19.816971 -5.645360
v 9.209826 21.163513 -5.731531
v 9.080633 20.963058 -5.576153
v 11.108294 20.018707 -5.798751
v 11.360661 20.195068 -4.880888
v 9.494223 21.473587 -4.954609
v 9.376771 21.253250 -4.831052
v 11.463221 20.419800 -5.016336
v 11.585130 20.423203 -4.312861
v 9.658879 21.646927 -4.362969
v 9.549402 21.411194 -4.267988
v 11.685038 20.670990 -4.427666
v 11.770378 20.616730 -3.722224
v 9.776374 21.770508 -3.747064
v 9.674105 21.517349 -3.680219
v 11.866125 20.880676 -3.815993
v 11.937211 20.849976 -2.997887
v 9.867965 21.874557 -3.007028
v 9.784208 21.610733 -2.949097
v 12.030838 21.094208 -3.079136
v 9.924001 21.941849 -2.560413
v 9.878900 21.724945 -2.449642
v 9.991126 21.952805 -2.093805
v 12.131254 21.236038 -2.664332
v 12.045259 21.029938 -2.525478
v 12.197640 21.273132 -2.196949
v 10.052417 22.156357 -2.261282
v 10.041618 22.046616 -1.932879
v 12.245652 21.474899 -2.370316
v 12.264450 21.359528 -2.055854
v 10.119645 22.281326 -2.061773
v 10.082232 22.110199 -1.737679
v 12.322889 21.599472 -2.179487
v 12.320106 21.427399 -1.866747
v 10.176565 22.368378 -1.789041
v 12.381890 21.688477 -1.915791
v 12.352615 21.441101 -1.437324
v 10.202880 22.373062 -1.265956
v 10.107807 22.111923 -1.303187
v 12.414270 21.698624 -1.404995
v 12.384174 21.564346 -0.906675
v 12.325632 21.319519 -1.020256
v 10.159228 22.228333 -0.756262
v 10.076283 21.989059 -0.875840
v 12.278536 21.261703 -0.430943
v 12.229854 21.073227 -0.608337
v 10.055146 21.909531 -0.275917
v 9.971206 21.733932 -0.458201
v 12.096171 20.782578 -0.035115
v 12.057196 20.649399 -0.254546
v 9.873811 21.424438 0.137652
v 9.802672 21.300888 -0.093635
v 11.868776 20.055908 0.360231
v 11.789052 19.950470 0.195093
v 11.537899 18.947784 1.343978
v 9.609509 20.709061 0.536853
v 9.589556 20.579208 0.374892
v 9.311951 19.597610 1.528727
v 11.606943 19.137909 1.514402
v 10.241524 18.241180 2.945794
v 10.174520 18.063339 2.770837
v 9.382477 19.788742 1.701387
v 9.715395 18.203644 2.813198
v 10.174520 18.063339 2.770837
v 9.781795 18.379578 2.985185
v 9.715395 18.203644 2.813198
v 8.876063 -13.892181 -6.776639
v 8.998486 -15.658920 -7.175261
v 8.756358 -13.952133 -6.634657
v 9.118191 -15.598961 -7.317244
v 8.756358 -13.952133 -6.634657
v 9.717186 -14.022881 -5.879575
v 9.957562 -15.745911 -6.380326
v 8.998486 -15.658920 -7.175261
v 9.845088 -13.967079 -6.015592
v 10.139115 -14.073715 -5.440462
v 10.087305 -15.690155 -6.514849
v 10.550343 -15.738541 -6.079195
v 10.375841 -15.804977 -5.919390
v 10.311799 -14.007179 -5.602242
v 10.984201 -15.789375 -5.613654
v 10.764199 -15.866402 -5.425221
v 10.755004 -14.050117 -5.162724
v 10.537313 -14.127281 -4.971526
v 10.941299 -14.169983 -4.513242
v 11.384996 -15.842278 -5.123898
v 11.149517 -15.916008 -4.937652
v 11.174130 -14.096100 -4.702890
v 11.326445 -14.208443 -4.058849
v 11.753567 -15.894661 -4.633919
v 11.513027 -15.960579 -4.458113
v 11.564466 -14.142448 -4.238036
v 11.695114 -14.246735 -3.591868
v 12.100114 -15.948265 -4.128413
v 11.856424 -16.004356 -3.965439
v 11.936214 -14.190636 -3.758509
v 12.034211 -14.286980 -3.119866
v 12.415071 -16.001305 -3.625960
v 12.162550 -16.048660 -3.471318
v 12.283539 -14.239532 -3.279657
v 12.360537 -14.328499 -2.637461
v 12.699535 -16.056244 -3.105858
v 12.440107 -16.092476 -2.960306
v 12.615800 -14.292068 -2.790362
v 12.660000 -14.368111 -2.177839
v 12.941631 -16.108864 -2.609985
v 12.676877 -16.132393 -2.471405
v 12.919560 -14.344353 -2.326268
v 12.953709 -14.407341 -1.714265
v 13.159683 -16.162949 -2.103490
v 12.890684 -16.170052 -1.971745
v 13.216861 -14.399948 -1.858663
v 13.226748 -14.442963 -1.277307
v 13.341609 -16.214272 -1.626325
v 13.070728 -16.202110 -1.499329
v 13.490605 -14.454788 -1.420568
v 13.540750 -14.485115 -0.808980
v 13.525089 -16.271538 -1.104773
v 13.253391 -16.235336 -0.987823
v 13.804287 -14.520874 -0.945865
v 13.853833 -14.530495 -0.342080
v 13.690416 -16.329536 -0.577320
v 13.419318 -16.270180 -0.471860
v 14.115587 -14.588959 -0.468527
v 14.173839 -14.582520 0.169706
v 13.846372 -16.391472 -0.003780
v 13.574513 -16.311760 0.081819
v 14.437042 -14.661072 0.066182
v 14.401513 -14.622993 0.695870
v 13.954157 -16.449600 0.574793
v 13.679077 -16.354271 0.632225
v 14.673275 -14.717659 0.627945
v 14.492045 -14.643402 1.253193
v 13.984951 -16.501518 1.162109
v 13.708818 -16.396019 1.187916
v 14.767236 -14.748260 1.228424
v 14.448441 -14.738892 3.596819
v 14.172525 -14.624527 3.568651
v 13.762180 -16.672760 3.448003
v 13.486266 -16.558403 3.419835
v 13.486266 -16.558403 3.419835
v 14.172525 -14.624527 3.568651
v 8.730784 -13.865761 -7.216115
v 8.599068 -13.889542 -7.208694
v 8.491579 -13.926392 -7.137579
v 8.437119 -13.966461 -7.021823
v 8.450279 -13.998978 -6.892445
v 8.527535 -14.015251 -6.784111
v 8.928690 -13.877708 -7.049518
v 8.851435 -13.861427 -7.157853
v 8.940701 -13.922874 -6.869017
v 8.692670 -14.021309 -6.659696
v 9.675069 -14.080467 -5.832665
v 9.884292 -13.977867 -6.073849
v 10.156558 -14.273056 -5.959389
v 9.947347 -14.375740 -5.718224
v 10.327987 -15.309303 -6.237324
v 10.118817 -15.412239 -5.996229
v 10.148888 -15.577286 -6.502837
v 9.939731 -15.680305 -6.261762
v 9.205297 -15.522308 -7.298006
v 8.957334 -15.621132 -7.088792
v 8.792198 -15.615089 -7.213207
v 9.193353 -15.477531 -7.478614
v 9.116096 -15.461258 -7.586949
v 8.714942 -15.598801 -7.321541
v 8.701781 -15.566284 -7.450919
v 8.863730 -15.489372 -7.637791
v 8.756241 -15.526230 -7.566675
v 8.995446 -15.465584 -7.645211
v -0.241761 1.542099 16.235014
v 0.084112 1.644745 16.209047
v 0.409984 1.542099 16.235014
v -0.443161 0.941177 16.387026
v -0.443161 1.273361 16.302996
v 0.611385 1.273361 16.302998
v 0.611385 0.941177 16.387028
v 0.084112 0.569794 16.480976
v 0.409984 0.672440 16.455009
v -0.241760 0.672440 16.455009
v 9.711372 20.956635 0.959521
v 9.774741 21.147186 0.958030
v 9.815936 21.274567 0.851809
v 9.834182 21.334717 0.692887
v 9.824589 21.311493 0.523846
v 9.789727 21.211136 0.389981
v 9.738939 21.060532 0.327161
v 9.685833 20.900040 0.352219
v 9.644638 20.772659 0.458440
v 9.658212 20.803879 0.891314
v 9.293313 19.663986 2.051044
v 9.359589 19.870621 2.212047
v 9.648918 19.538010 2.510457
v 9.582733 19.331329 2.349453
v 10.963161 19.100845 2.495915
v 10.897308 18.894073 2.334907
v 11.388104 19.195877 2.189603
v 11.322342 18.989075 2.028594
v 11.686727 20.129150 0.868870
v 11.673665 20.097763 0.435990
v 11.740400 20.281723 0.937071
v 11.714860 20.225143 0.329769
v 11.767966 20.385635 0.304712
v 11.818754 20.536240 0.367531
v 11.853616 20.636581 0.501396
v 11.863210 20.659805 0.670437
v 11.844964 20.599670 0.829360
v 11.803769 20.472275 0.935581
v -9.711371 20.956635 0.959514
v -9.815937 21.274567 0.851803
v -9.774741 21.147186 0.958024
v -9.834181 21.334702 0.692880
v -9.824588 21.311493 0.523839
v -9.789727 21.211136 0.389974
v -9.738940 21.060532 0.327155
v -9.685832 20.900040 0.352213
v -9.644636 20.772659 0.458434
v -9.658212 20.803879 0.891307
v -9.293312 19.663986 2.051037
v -9.359588 19.870621 2.212040
v -9.648919 19.537994 2.510450
v -9.582734 19.331329 2.349446
v -10.963161 19.100845 2.495909
v -10.897307 18.894058 2.334901
v -11.388105 19.195877 2.189596
v -11.322342 18.989075 2.028588
v -11.686726 20.129150 0.868864
v -11.673663 20.097763 0.435984
v -11.740400 20.281723 0.937064
v -11.714859 20.225143 0.329763
v -11.767965 20.385635 0.304705
v -11.818754 20.536240 0.367525
v -11.853615 20.636581 0.501390
v -11.863210 20.659805 0.670431
v -11.844963 20.599670 0.829353
v -11.803768 20.472275 0.935575
v 8.692670 -14.021309 -6.659696
v 8.788320 -14.599487 -6.814773
v 9.675069 -14.080467 -5.832665
v 9.947347 -14.375740 -5.718224
v 8.527535 -14.015251 -6.784111
v 8.623184 -14.593437 -6.939187
v 8.545928 -14.577156 -7.047521
v 8.861683 -15.042953 -6.933716
v 8.450279 -13.998978 -6.892445
v 10.118817 -15.412239 -5.996229
v 8.532767 -14.544640 -7.176899
v 9.939731 -15.680305 -6.261762
v 8.437119 -13.966461 -7.021823
v 8.957334 -15.621132 -7.088792
v 8.491579 -13.926392 -7.137579
v 8.696548 -15.036896 -7.058131
v 8.587229 -14.504585 -7.292655
v 8.792198 -15.615089 -7.213207
v 8.599068 -13.889542 -7.208694
v 8.714942 -15.598801 -7.321541
v 8.694717 -14.467720 -7.363770
v 8.619292 -15.020630 -7.166465
v 8.730784 -13.865761 -7.216115
v 8.701781 -15.566284 -7.450919
v 8.826434 -14.443939 -7.371191
v 8.606132 -14.988106 -7.295843
v 8.947084 -14.439613 -7.312928
v 8.660592 -14.948051 -7.411599
v 8.851435 -13.861427 -7.157853
v 8.756241 -15.526230 -7.566675
v 8.928690 -13.877708 -7.049518
v 8.863730 -15.489372 -7.637791
v 9.024339 -14.455887 -7.204594
v 8.768081 -14.911194 -7.482714
v 9.036326 -14.500923 -7.024054
v 8.899797 -14.887413 -7.490135
v 8.940701 -13.922874 -6.869017
v 8.995446 -15.465584 -7.645211
v 9.884292 -13.977867 -6.073849
v 9.020448 -14.883080 -7.431872
v 10.156558 -14.273056 -5.959389
v 9.116096 -15.461258 -7.586949
v 10.327987 -15.309303 -6.237324
v 9.097704 -14.899353 -7.323538
v 9.109673 -14.944275 -7.142969
v 9.193353 -15.477531 -7.478614
v 10.148888 -15.577286 -6.502837
v 9.205297 -15.522308 -7.298006
v 16.617693 -7.450455 2.510956
v 16.018127 -9.032318 3.415005
v 16.377495 -9.118935 1.953530
v 16.300014 -9.826675 2.040148
v 16.405594 -9.807701 0.942369
v 16.587425 -9.154793 0.895376
v 16.712944 -9.173889 0.191554
v 0.288625 1.097992 17.456154
v 0.529831 0.784195 17.566465
v 0.318678 0.678940 17.589687
v 0.697353 0.947586 17.528530
v 0.084112 1.033569 17.472450
v 0.415021 1.266647 17.413488
v 0.084565 0.642136 17.595928
v 0.804847 1.153137 17.479599
v -0.149593 0.677399 17.584572
v 0.841790 1.380722 17.424458
v -0.120401 1.097992 17.456154
v 0.415021 1.475128 17.360752
v -0.360874 0.781265 17.556734
v 0.804567 1.608078 17.368509
v -0.528596 0.943558 17.515139
v 0.696820 1.812912 17.317225
v -0.246797 1.266647 17.413488
v 0.288625 1.643784 17.318089
v -0.636343 1.148407 17.463854
v 0.529097 1.975220 17.275629
v -0.673566 1.375748 17.407904
v 0.317816 2.079086 17.247789
v -0.246797 1.475128 17.360752
v 0.084112 1.708206 17.301790
v -0.636623 1.603348 17.352766
v 0.083659 2.114334 17.236435
v -0.529129 1.808899 17.303833
v -0.150455 2.077545 17.242674
v -0.120401 1.643784 17.318089
v -0.361607 1.972305 17.265900
v 0.288625 0.875900 16.578186
v 0.409984 0.713959 16.619152
v 0.611385 0.982712 16.551170
v 0.084112 0.611313 16.645119
v 0.415021 1.044556 16.535522
v 0.084112 0.811478 16.594482
v 0.611385 1.314880 16.467138
v -0.120401 0.875900 16.578186
v 0.415021 1.253021 16.482786
v -0.241760 0.713959 16.619152
v 0.409984 1.583618 16.399157
v -0.443161 0.982712 16.551170
v 0.288625 1.421677 16.440121
v -0.246797 1.044556 16.535522
v 0.084112 1.686264 16.373190
v -0.246797 1.253021 16.482786
v 0.084112 1.486099 16.423824
v -0.443161 1.314880 16.467138
v -0.120401 1.421677 16.440121
v -0.241761 1.583618 16.399157
v -14.640063 -16.034523 1.103562
v -14.565343 -15.878502 0.993178
v -14.518985 -16.010933 0.998022
v -14.469942 -16.133575 1.045601
v -14.708403 -15.825348 1.130357
v -14.604476 -15.749260 1.031542
v -14.632556 -15.635834 1.109360
v -14.563352 -16.213173 1.210067
v -14.423016 -16.234413 1.131258
v -14.382797 -16.303604 1.246607
v -14.725312 -15.971321 1.309675
v -14.742261 -15.665535 1.280218
v -14.646832 -15.549347 1.219014
v -14.645910 -15.498238 1.349770
v -14.753496 -15.838295 1.434415
v -14.728710 -15.616150 1.495903
v -14.629877 -15.487549 1.488830
v -14.600304 -15.518288 1.622581
v -14.672917 -15.696022 1.695027
v -14.560085 -15.587471 1.737931
v -14.513162 -15.688316 1.823587
v -14.661455 -16.120026 1.398327
v -14.707062 -15.904778 1.600161
v -14.596206 -15.874664 1.801531
v -14.464116 -15.810959 1.871166
v -14.417759 -15.943382 1.876011
v -14.650175 -16.078896 1.577858
v -14.527864 -16.083855 1.774738
v -14.378625 -16.072639 1.837647
v -14.350549 -16.186050 1.759829
v -14.494005 -16.243652 1.624877
v -14.336267 -16.272552 1.650175
v -14.337191 -16.323654 1.519417
v -14.507556 -16.293068 1.409192
v -14.353225 -16.334351 1.380357
v -18.299591 -2.060440 -0.024234
v -18.181980 -1.941956 -0.143569
v -18.180483 -2.081894 -0.132436
v -18.172056 -2.211533 -0.079175
v -18.296326 -1.839417 -0.007486
v -18.176392 -1.805405 -0.111485
v -18.164280 -1.685593 -0.039324
v -18.281242 -2.249283 0.090426
v -18.157524 -2.318146 0.011000
v -18.138308 -2.391312 0.129262
v -18.353975 -1.963898 0.179402
v -18.272680 -1.670624 0.134271
v -18.146818 -1.594254 0.065850
v -18.125721 -1.540329 0.193743
v -18.334297 -1.823395 0.297397
v -18.237698 -1.618546 0.346892
v -18.103050 -1.529099 0.331833
v -18.081034 -1.561676 0.466606
v -18.204731 -1.703064 0.549162
v -18.061813 -1.634842 0.584869
v -18.047279 -1.741455 0.675044
v -18.338696 -2.121078 0.274842
v -18.306854 -1.893753 0.465761
v -18.186378 -1.891907 0.663821
v -18.038855 -1.871078 0.728304
v -18.037357 -2.011002 0.739438
v -18.309576 -2.077728 0.451821
v -18.189648 -2.112930 0.647074
v -18.042942 -2.147568 0.707354
v -18.055058 -2.267395 0.635193
v -18.213289 -2.281723 0.505316
v -18.072521 -2.358734 0.530019
v -18.093616 -2.412643 0.402126
v -18.248276 -2.333801 0.292695
v -18.116283 -2.423874 0.264035
v -10.904098 20.480118 1.736791
v -10.846053 20.475601 1.540015
v -10.940245 20.393661 1.604222
v -10.999693 20.303619 1.694056
v -10.733106 20.598236 1.659649
v -10.726338 20.541428 1.507719
v -10.592815 20.584717 1.510497
v -10.966719 20.336761 1.893870
v -11.018578 20.214325 1.800724
v -10.995051 20.134506 1.913783
v -10.734118 20.537872 1.883479
v -10.519050 20.646027 1.691908
v -10.458560 20.601212 1.548076
v -10.336709 20.589310 1.616778
v -10.555945 20.577637 1.910331
v -10.343697 20.605225 1.821249
v -10.239193 20.550156 1.709877
v -10.175559 20.487610 1.818262
v -10.274018 20.491409 1.998266
v -10.152030 20.407776 1.931321
v -10.170916 20.318481 2.037989
v -10.786242 20.418549 2.014227
v -10.497950 20.482910 2.057675
v -10.336636 20.348053 2.155345
v -10.230362 20.228455 2.127823
v -10.324555 20.146500 2.192031
v -10.640279 20.384583 2.121886
v -10.507628 20.229935 2.232487
v -10.444271 20.080673 2.224326
v -10.577792 20.037399 2.221549
v -10.721686 20.182144 2.200226
v -10.712049 20.020889 2.183969
v -10.833899 20.032806 2.115268
v -10.897040 20.222946 2.070887
v -10.931415 20.071960 2.022167
v 8.549437 -13.999039 -7.058206
v 8.949863 -15.398438 -7.532530
v 8.789143 -15.448006 -7.446840
v 8.820200 -15.561775 -7.506278
v 8.710157 -13.949463 -7.143895
v 8.539907 -13.867470 -7.051841
v 8.999881 -15.598885 -7.606347
v 7.888403 -15.505913 -8.291368
v 9.066162 -15.397545 -7.464118
v 8.691394 -13.734154 -7.106199
v 7.607941 -13.810577 -7.836656
v 8.826456 -13.948563 -7.075484
v 7.588177 -13.668343 -8.034890
v 7.896434 -15.531677 -8.534664
v 9.116574 -15.703789 -7.550965
v 9.069911 -15.445862 -7.281682
v 8.830205 -13.996880 -6.893048
v 9.130673 -15.886429 -7.370831
v 7.629849 -15.795891 -8.635990
v 8.775175 -13.640099 -6.997455
v 8.748144 -13.574120 -6.750637
v 7.247165 -13.482651 -8.015546
v 7.474549 -13.560097 -8.096706
v 7.816050 -15.624397 -8.650380
v 9.943101 -14.771446 -6.422441
v 9.875896 -14.652184 -6.338705
v 9.913688 -14.792564 -6.363732
v 9.918930 -14.879494 -6.394964
v 9.906646 -14.636032 -6.398299
v 9.835354 -14.569038 -6.339616
v 9.947871 -14.856453 -6.453355
v 9.897293 -15.006882 -6.466145
v 9.755365 -14.714142 -6.607957
v 9.867600 -14.555794 -6.399290
v 9.784320 -14.445320 -6.425884
v 9.748259 -14.453278 -6.367449
v 9.927343 -14.978119 -6.521335
v 9.865834 -15.074280 -6.521151
v 9.720848 -14.389069 -6.457675
v 9.683284 -14.396172 -6.400258
v 9.570221 -14.336044 -6.473494
v 9.897301 -15.042839 -6.574904
v 9.611786 -14.331070 -6.528320
v 9.498221 -14.320297 -6.529409
v 9.649357 -14.573235 -6.641834
v 9.542417 -14.315872 -6.582358
v 9.438558 -14.327087 -6.676874
v 9.389487 -14.331917 -6.628426
v 9.379827 -14.355858 -6.739545
v 9.329757 -14.361748 -6.692465
v 9.517013 -14.587387 -6.762351
v 9.307220 -14.433273 -6.834332
v 9.254486 -14.441994 -6.790729
v 9.223027 -14.509399 -6.845734
v 9.276978 -14.498260 -6.887470
v 9.256348 -14.619987 -6.955333
v 9.201389 -14.636787 -6.916916
v 9.490676 -14.742432 -6.848989
v 9.261062 -14.705017 -6.986181
v 9.206634 -14.723709 -6.948148
v 9.244426 -14.864090 -6.973175
v 9.297516 -14.840431 -7.010324
v 9.284966 -14.947243 -6.972264
v 9.336720 -14.920601 -7.009515
v 9.419899 -15.031105 -6.982803
v 9.372063 -15.063004 -6.944431
v 9.596684 -14.883331 -6.815113
v 9.483314 -15.087395 -6.950948
v 9.437037 -15.120110 -6.911622
v 9.592377 -15.145393 -6.880303
v 9.550099 -15.180237 -6.838386
v 9.622099 -15.195984 -6.782470
v 9.661904 -15.160522 -6.826448
v 9.765661 -15.149338 -6.731815
v 9.730833 -15.184364 -6.683455
v 9.729030 -14.869194 -6.694596
v 9.824334 -15.120605 -6.669078
v 9.790565 -15.154533 -6.619414
v 9.817626 21.009277 0.433790
v 11.714093 20.569427 0.571806
v 11.655325 20.398010 0.413457
v 11.822971 20.382492 0.413668
v 9.876394 21.180695 0.592139
v 9.674117 21.097244 0.437443
v 11.987264 20.509979 0.580226
v 11.705612 20.538315 0.740773
v 9.622262 21.296631 0.606394
v 12.108384 20.911728 -0.520882
v 11.934983 20.751999 -0.598363
v 9.867913 21.149567 0.761106
v 9.743979 21.698196 -0.494721
v 9.785587 21.466934 -0.574581
v 9.479753 21.284286 0.763056
v 11.634850 20.322891 0.821379
v 9.797151 20.934158 0.841712
v 9.237585 21.079971 0.846016
v 9.416664 21.671951 -0.775006
v 12.097084 20.413696 0.734096
v 12.170238 20.104492 0.813568
v 12.349122 20.696533 -0.807452
v 12.258443 20.946671 -0.726115
v 9.640685 21.817398 -0.697151
v 12.469341 21.643127 -2.619826
v 12.576029 21.444397 -2.851367
v 12.130917 20.986450 -0.725667
v 9.851237 22.513977 -2.590858
v 9.642191 22.420273 -2.818905
v 12.153448 21.061172 -0.930452
v 12.322434 21.621857 -2.464257
v 9.959199 22.407913 -2.438109
v 12.130473 21.397186 -2.363929
v 11.980300 20.901520 -1.007878
v 9.980319 22.112381 -2.340139
v 11.951142 21.007950 -0.884702
v 11.915543 20.903839 -0.974673
v 9.789248 21.847580 -0.904293
v 9.830702 21.616531 -0.984094
v 9.766613 21.772873 -0.699507
v 9.920238 21.683472 -0.862231
v 9.884595 21.579376 -0.952202
v 9.895069 21.599472 -0.610112
v 9.850213 21.464615 -0.607802
v 11.881193 20.789062 -0.630273
v 9.922387 21.685196 -0.720129
v 11.953284 21.009674 -0.742599
v 11.925997 20.923935 -0.632583
v -9.746862 20.793854 0.514402
v -11.655324 20.398010 0.413462
v -9.817625 21.009277 0.433795
v -9.674115 21.097244 0.437448
v -11.584561 20.182587 0.494069
v -11.822971 20.382492 0.413672
v -9.490136 20.904755 0.448753
v -11.855202 20.118088 0.422585
v -9.612122 21.307159 -0.652082
v -9.785585 21.466934 -0.574576
v -9.738380 20.762741 0.683369
v -9.346269 20.888290 0.603699
v -11.576081 20.151474 0.663036
v -9.797149 20.934158 0.841717
v -9.237584 21.079971 0.846021
v -11.634849 20.322891 0.821384
v -9.416661 21.671951 -0.775001
v -11.963601 20.017700 0.574740
v -12.170237 20.104507 0.813573
v -12.349120 20.696548 -0.807447
v -9.507341 21.421814 -0.856339
v -9.715750 22.112289 -2.752520
v -9.642187 22.420273 -2.818900
v -9.634801 21.381989 -0.856812
v -12.334008 21.241394 -2.781490
v -12.576026 21.444397 -2.851361
v -9.657482 21.456818 -1.061541
v -9.826818 22.016403 -2.595511
v -12.125098 20.551086 -0.885302
v -12.190785 21.230087 -2.621667
v -11.976614 20.520676 -0.678243
v -11.934981 20.751999 -0.598358
v -12.021776 20.670395 -1.087700
v -11.999195 20.595535 -0.882972
v -11.845592 20.684967 -0.720240
v -11.881191 20.789062 -0.630268
v -12.130470 21.397186 -2.363924
v -9.980319 22.112381 -2.340134
v -11.980299 20.901520 -1.007873
v -9.830701 21.616531 -0.984089
v -11.870737 20.768982 -0.972358
v -11.915540 20.903839 -0.974668
v -9.839738 21.444534 -0.949886
v -9.884594 21.579391 -0.952197
v -11.843450 20.683228 -0.862342
v -9.812420 21.358810 -0.839870
v -9.814568 21.360519 -0.697768
v -9.850211 21.464615 -0.607796
v -10.203864 19.927002 0.999911
v -10.370143 20.142746 0.978569
v -10.208257 20.146011 1.043010
v -10.068996 20.114685 1.142987
v -10.467489 19.892700 0.928874
v -10.538809 20.105164 0.955973
v -10.697748 20.036972 0.977432
v -10.010317 19.851608 1.180396
v -9.965995 20.051788 1.268714
v -9.909333 19.963516 1.407884
v -10.335596 19.682129 1.074045
v -10.700494 19.761810 0.994417
v -10.831393 19.944855 1.040847
v -10.926674 19.837799 1.140010
v -10.529544 19.573166 1.128603
v -10.813882 19.584320 1.171506
v -10.974254 19.726303 1.265214
v -10.969480 19.621277 1.404204
v -10.174494 19.619370 1.224276
v -10.488306 19.443069 1.312551
v -10.764338 19.428024 1.392500
v -10.912819 19.533020 1.543373
v -10.809816 19.470139 1.669100
v -10.570788 19.352615 1.572985
v -10.670556 19.438797 1.769078
v -10.508672 19.442078 1.833518
v -10.268871 19.471634 1.371681
v -10.307166 19.386917 1.644023
v -10.340004 19.479645 1.856115
v -10.181067 19.547836 1.834655
v -10.074158 19.517822 1.578478
v -10.047420 19.639969 1.771241
v -9.952142 19.747009 1.672077
v -9.960773 19.695312 1.401390
v -9.904559 19.858490 1.546873
v 0.084112 0.858032 17.829470
v 0.084565 0.642136 17.595928
v 0.318678 0.678940 17.589687
v -0.149593 0.677399 17.584572
v 0.440121 0.970184 17.801100
v 0.529831 0.784195 17.566465
v 0.697353 0.947586 17.528530
v -0.271897 0.970184 17.801100
v -0.360874 0.781265 17.556734
v -0.528596 0.943558 17.515139
v 0.002208 1.236801 17.884907
v 0.660147 1.263763 17.726831
v 0.804847 1.153137 17.479599
v 0.841790 1.380722 17.424458
v 0.298540 1.330139 17.861294
v 0.660147 1.626663 17.635029
v 0.804567 1.608078 17.368509
v 0.696820 1.812912 17.317225
v 0.298540 1.632202 17.784880
v 0.440121 1.920258 17.560760
v 0.529097 1.975220 17.275629
v 0.317816 2.079086 17.247789
v -0.180936 1.481171 17.823086
v 0.002208 1.725540 17.761267
v 0.084111 2.032394 17.532393
v 0.083659 2.114334 17.236435
v -0.150455 2.077545 17.242674
v -0.271898 1.920258 17.560759
v -0.361607 1.972305 17.265900
v -0.529129 1.808899 17.303833
v -0.491923 1.626663 17.635029
v -0.636623 1.603348 17.352766
v -0.673566 1.375748 17.407904
v -0.491923 1.263763 17.726831
v -0.636343 1.148407 17.463854
v 14.640064 -16.034538 1.103559
v 14.518985 -16.010948 0.998020
v 14.565343 -15.878517 0.993175
v 14.469944 -16.133575 1.045599
v 14.708405 -15.825363 1.130355
v 14.604476 -15.749260 1.031540
v 14.632556 -15.635841 1.109358
v 14.563349 -16.213188 1.210065
v 14.423016 -16.234428 1.131256
v 14.382797 -16.303604 1.246605
v 14.725314 -15.971321 1.309673
v 14.742264 -15.665550 1.280215
v 14.646834 -15.549347 1.219012
v 14.645910 -15.498253 1.349768
v 14.753498 -15.838295 1.434413
v 14.728710 -15.616150 1.495900
v 14.629878 -15.487549 1.488828
v 14.600306 -15.518288 1.622579
v 14.672920 -15.696030 1.695024
v 14.560087 -15.587479 1.737928
v 14.513161 -15.688316 1.823585
v 14.661458 -16.120026 1.398325
v 14.707060 -15.904793 1.600158
v 14.596205 -15.874680 1.801529
v 14.464118 -15.810959 1.871164
v 14.417760 -15.943390 1.876008
v 14.650176 -16.078911 1.577855
v 14.527866 -16.083855 1.774735
v 14.378627 -16.072639 1.837644
v 14.350547 -16.186066 1.759826
v 14.494006 -16.243668 1.624874
v 14.336270 -16.272552 1.650172
v 14.337193 -16.323654 1.519415
v 14.507561 -16.293068 1.409190
v 14.353225 -16.334351 1.380355
v 18.299593 -2.060440 -0.024229
v 18.180483 -2.081909 -0.132431
v 18.181976 -1.941971 -0.143564
v 18.172056 -2.211533 -0.079170
v 18.296324 -1.839417 -0.007481
v 18.176394 -1.805420 -0.111480
v 18.164276 -1.685608 -0.039319
v 18.281239 -2.249283 0.090430
v 18.157522 -2.318146 0.011005
v 18.138306 -2.391327 0.129267
v 18.353973 -1.963913 0.179407
v 18.272682 -1.670624 0.134276
v 18.146818 -1.594269 0.065855
v 18.125719 -1.540344 0.193747
v 18.334295 -1.823410 0.297402
v 18.237696 -1.618561 0.346897
v 18.103050 -1.529114 0.331839
v 18.081030 -1.561676 0.466612
v 18.204731 -1.703079 0.549167
v 18.061811 -1.634842 0.584874
v 18.047279 -1.741470 0.675049
v 18.338697 -2.121078 0.274846
v 18.306856 -1.893768 0.465766
v 18.186377 -1.891922 0.663826
v 18.038853 -1.871078 0.728310
v 18.037357 -2.011017 0.739443
v 18.309576 -2.077744 0.451826
v 18.189646 -2.112946 0.647079
v 18.042942 -2.147583 0.707358
v 18.055058 -2.267395 0.635197
v 18.213289 -2.281738 0.505321
v 18.072519 -2.358734 0.530023
v 18.093616 -2.412643 0.402131
v 18.248274 -2.333817 0.292700
v 18.116285 -2.423874 0.264040
v 10.904095 20.480118 1.736793
v 10.940240 20.393646 1.604224
v 10.846048 20.475601 1.540017
v 10.999688 20.303619 1.694058
v 10.733102 20.598236 1.659651
v 10.726333 20.541428 1.507721
v 10.592812 20.584702 1.510499
v 10.966711 20.336746 1.893872
v 11.018574 20.214325 1.800726
v 10.995046 20.134491 1.913785
v 10.734114 20.537857 1.883481
v 10.519047 20.646027 1.691911
v 10.458554 20.601212 1.548078
v 10.336704 20.589294 1.616780
v 10.555941 20.577637 1.910334
v 10.343691 20.605209 1.821251
v 10.239189 20.550156 1.709880
v 10.175553 20.487610 1.818264
v 10.274014 20.491409 1.998268
v 10.152025 20.407776 1.931323
v 10.170911 20.318481 2.037991
v 10.786236 20.418549 2.014229
v 10.497944 20.482910 2.057678
v 10.336633 20.348053 2.155346
v 10.230359 20.228455 2.127825
v 10.324551 20.146500 2.192033
v 10.640274 20.384583 2.121888
v 10.507625 20.229919 2.232489
v 10.444266 20.080673 2.224328
v 10.577788 20.037399 2.221550
v 10.721681 20.182144 2.200228
v 10.712045 20.020889 2.183971
v 10.833895 20.032806 2.115269
v 10.897036 20.222946 2.070889
v 10.931410 20.071945 2.022170
v 8.539907 -13.867470 -7.051841
v 8.549437 -13.999039 -7.058206
v 8.553185 -14.047340 -6.875770
v 8.789143 -15.448006 -7.446840
v 8.474325 -13.837227 -6.855664
v 7.607941 -13.810577 -7.836656
v 8.792892 -15.496323 -7.264404
v 8.820200 -15.561775 -7.506278
v 8.669483 -14.046463 -6.807359
v 7.371297 -13.771088 -7.784394
v 7.888403 -15.505913 -8.291368
v 8.555782 -13.744301 -6.744302
v 8.782821 -15.702019 -7.355826
v 7.679649 -15.635010 -8.284324
v 8.909189 -15.495422 -7.195993
v 8.830205 -13.996880 -6.893048
v 9.069911 -15.445862 -7.281682
v 8.748144 -13.574120 -6.750637
v 7.247165 -13.482651 -8.015546
v 8.897183 -15.807991 -7.297812
v 9.130673 -15.886429 -7.370831
v 7.629849 -15.795891 -8.635990
v 7.593498 -15.730164 -8.393595
v 7.251976 -13.665733 -7.839888
v 9.746863 20.793854 0.514397
v 9.817626 21.009277 0.433790
v 11.655325 20.398010 0.413457
v 9.674117 21.097244 0.437443
v 11.584562 20.182587 0.494064
v 11.822971 20.382492 0.413668
v 9.490138 20.904755 0.448748
v 11.855205 20.118088 0.422580
v 9.738382 20.762741 0.683364
v 11.576082 20.151474 0.663031
v 11.976615 20.520676 -0.678248
v 11.934983 20.751999 -0.598363
v 11.963601 20.017700 0.574735
v 9.797151 20.934158 0.841712
v 11.634850 20.322891 0.821379
v 12.170238 20.104492 0.813568
v 12.349122 20.696533 -0.807452
v 9.346270 20.888290 0.603694
v 9.237585 21.079971 0.846016
v 9.416664 21.671951 -0.775006
v 9.612123 21.307159 -0.652086
v 9.785587 21.466934 -0.574581
v 9.507343 21.421814 -0.856344
v 9.715752 22.112289 -2.752525
v 9.642191 22.420273 -2.818905
v 9.634803 21.381989 -0.856816
v 9.814569 21.360519 -0.697773
v 9.850213 21.464615 -0.607802
v 11.881193 20.789062 -0.630273
v 9.657483 21.456818 -1.061546
v 11.845593 20.684952 -0.720245
v 9.812422 21.358810 -0.839875
v 11.843451 20.683228 -0.862347
v 11.999197 20.595535 -0.882977
v 9.839739 21.444534 -0.949891
v 11.870739 20.768982 -0.972363
v 12.125101 20.551086 -0.885307
v 12.021778 20.670395 -1.087705
v 12.334010 21.241394 -2.781495
v 12.576029 21.444397 -2.851367
v 11.980300 20.901520 -1.007878
v 11.915543 20.903839 -0.974673
v 12.130473 21.397186 -2.363929
v 9.884595 21.579376 -0.952202
v 9.830702 21.616531 -0.984094
v 9.980319 22.112381 -2.340139
v 12.190789 21.230087 -2.621672
v 9.826820 22.016403 -2.595516
v -9.817625 21.009277 0.433795
v -11.655324 20.398010 0.413462
v -11.714092 20.569427 0.571811
v -11.822971 20.382492 0.413672
v -9.876392 21.180695 0.592144
v -9.674115 21.097244 0.437448
v -11.987262 20.509979 0.580231
v -9.622260 21.296631 0.606399
v -11.705609 20.538315 0.740778
v -9.867911 21.149582 0.761111
v -9.743978 21.698196 -0.494716
v -9.785585 21.466934 -0.574576
v -9.479753 21.284302 0.763060
v -11.634849 20.322891 0.821384
v -9.797149 20.934158 0.841717
v -9.237584 21.079971 0.846021
v -9.416661 21.671951 -0.775001
v -12.097082 20.413696 0.734101
v -12.170237 20.104507 0.813573
v -12.349120 20.696548 -0.807447
v -9.640684 21.817398 -0.697146
v -12.108382 20.911728 -0.520877
v -11.934981 20.751999 -0.598358
v -12.258441 20.946671 -0.726110
v -12.469340 21.643127 -2.619821
v -12.576026 21.444397 -2.851361
v -12.130914 20.986450 -0.725662
v -11.925996 20.923935 -0.632578
v -11.881191 20.789062 -0.630268
v -12.153446 21.061172 -0.930447
v -11.953281 21.009674 -0.742595
v -9.851236 22.513977 -2.590853
v -9.642187 22.420273 -2.818900
v -12.322433 21.621857 -2.464252
v -9.789246 21.847580 -0.904289
v -9.959196 22.407913 -2.438104
v -12.130470 21.397186 -2.363924
v -9.980319 22.112381 -2.340134
v -11.980299 20.901520 -1.007873
v -9.830701 21.616531 -0.984089
v -11.951140 21.007950 -0.884697
v -11.915540 20.903839 -0.974668
v -9.920238 21.683487 -0.862226
v -9.884594 21.579391 -0.952197
v -9.922384 21.685196 -0.720124
v -9.766612 21.772873 -0.699502
v -9.895069 21.599472 -0.610107
v -9.850211 21.464615 -0.607796
v 10.203864 19.927002 0.999910
v 10.208256 20.146011 1.043009
v 10.370143 20.142731 0.978568
v 10.068995 20.114670 1.142986
v 10.467489 19.892700 0.928873
v 10.538810 20.105148 0.955972
v 10.697746 20.036972 0.977431
v 10.010316 19.851593 1.180396
v 9.965994 20.051788 1.268713
v 9.909333 19.963516 1.407883
v 10.335597 19.682114 1.074045
v 10.700494 19.761810 0.994416
v 10.831395 19.944839 1.040846
v 10.926672 19.837784 1.140010
v 10.529544 19.573166 1.128602
v 10.813880 19.584305 1.171506
v 10.974254 19.726303 1.265214
v 10.969480 19.621277 1.404203
v 10.174493 19.619370 1.224276
v 10.488306 19.443069 1.312550
v 10.764338 19.428009 1.392500
v 10.912819 19.533005 1.543373
v 10.809817 19.470123 1.669100
v 10.570789 19.352615 1.572984
v 10.670557 19.438782 1.769077
v 10.508670 19.442062 1.833518
v 10.268873 19.471634 1.371680
v 10.307164 19.386917 1.644022
v 10.340004 19.479645 1.856115
v 10.181067 19.547821 1.834655
v 10.074160 19.517807 1.578478
v 10.047419 19.639954 1.771240
v 9.952141 19.746994 1.672077
v 9.960773 19.695297 1.401389
v 9.904560 19.858490 1.546873
vn 0.0079 -0.0000 1.0000
vn 0.9064 0.4177 -0.0631
vn 0.9970 0.0706 -0.0314
vn -0.9970 0.0706 -0.0314
vn -0.9064 0.4177 -0.0631
vn -0.0079 -0.0000 1.0000
vn 0.9995 -0.0079 -0.0315
vn 0.9848 -0.0079 -0.1733
vn 0.9883 -0.0314 -0.1491
vn 0.9968 0.0157 -0.0785
vn 0.9888 0.0078 0.1491
vn 0.9964 0.0471 0.0706
vn 0.9760 0.0472 0.2125
vn 0.9871 0.0869 0.1342
vn 0.9679 0.0866 0.2361
vn 0.9793 0.1264 0.1579
vn 0.9539 0.1182 0.2759
vn 0.9650 0.1648 0.2040
vn 0.9349 0.1493 0.3221
vn 0.9453 0.1969 0.2600
vn 0.9116 0.1807 0.3693
vn 0.9229 0.2208 0.3155
vn 0.8817 0.2047 0.4251
vn 0.8957 0.2357 0.3771
vn 0.8525 0.2210 0.4736
vn 0.8656 0.2518 0.4328
vn 0.8170 0.2356 0.5263
vn 0.8319 0.2668 0.4866
vn 0.7819 0.2370 0.5766
vn 0.7956 0.2678 0.5435
vn 0.7400 0.2362 0.6298
vn 0.7500 0.2605 0.6080
vn 0.6924 0.2281 0.6846
vn 0.7013 0.2443 0.6697
vn 0.6378 0.2126 0.7402
vn 0.6534 0.2204 0.7243
vn 0.5805 0.1883 0.7922
vn 0.5618 0.1820 0.8070
vn 0.5126 0.1577 0.8440
vn 0.4948 0.1492 0.8561
vn 0.4409 0.1181 0.8898
vn 0.4495 0.1341 0.8832
vn 0.3779 0.0945 0.9210
vn 0.3934 0.1102 0.9127
vn 0.3154 0.0710 0.9463
vn 0.3245 0.0871 0.9419
vn 0.2444 0.0394 0.9689
vn 0.2606 0.0632 0.9634
vn 0.1733 0.0079 0.9848
vn 0.1809 0.0236 0.9832
vn 0.1104 -0.0237 0.9936
vn 0.1104 -0.0158 0.9938
vn 0.0472 -0.0471 0.9978
vn 0.0706 -0.0392 0.9967
vn 0.0157 -0.0550 0.9984
vn -0.0078 -0.0629 0.9980
vn -0.0314 -0.0784 0.9964
vn -0.0235 -0.0629 0.9977
vn -0.0553 -0.0790 0.9953
vn -0.0471 -0.0706 0.9964
vn -0.0632 -0.0790 0.9949
vn -0.0549 -0.0628 0.9965
vn -0.0633 -0.0711 0.9955
vn -0.0628 -0.0549 0.9965
vn -0.0711 -0.0632 0.9955
vn -0.0705 -0.0549 0.9960
vn -0.0711 -0.0631 0.9955
vn -0.0633 -0.0632 0.9960
vn -0.0710 -0.0633 0.9955
vn -0.0632 -0.0632 0.9960
vn -0.0710 -0.0711 0.9949
vn -0.0711 -0.0711 0.9949
vn -0.0788 -0.0946 0.9924
vn -0.0631 -0.0946 0.9935
vn -0.0786 -0.1178 0.9899
vn -0.0630 -0.1102 0.9919
vn -0.0785 -0.1256 0.9890
vn -0.1023 -0.1495 0.9835
vn -0.0790 -0.1421 0.9867
vn -0.1181 -0.1811 0.9763
vn -0.0952 -0.1739 0.9801
vn -0.1338 -0.2125 0.9680
vn -0.1107 -0.2055 0.9724
vn -0.1493 -0.2435 0.9583
vn -0.1341 -0.2366 0.9623
vn -0.1733 -0.2758 0.9455
vn -0.1580 -0.2765 0.9479
vn -0.1967 -0.3148 0.9286
vn -0.1806 -0.3063 0.9346
vn -0.2202 -0.3459 0.9121
vn -0.2051 -0.3471 0.9151
vn -0.2525 -0.3945 0.8836
vn -0.2433 -0.3925 0.8870
vn -0.2838 -0.4256 0.8592
vn -0.2766 -0.4266 0.8611
vn -0.3000 -0.4579 0.8369
vn -0.2920 -0.4497 0.8441
vn -0.3149 -0.4802 0.8187
vn -0.3069 -0.4722 0.8263
vn -0.3447 -0.5171 0.7835
vn -0.3322 -0.5140 0.7908
vn -0.3779 -0.5668 0.7321
vn -0.3616 -0.5581 0.7468
vn -0.3928 -0.5972 0.6993
vn -0.3630 -0.5840 0.7261
vn -0.4003 -0.6281 0.6673
vn -0.3761 -0.6190 0.6895
vn -0.4172 -0.6770 0.6062
vn -0.3851 -0.6681 0.6366
vn -0.4244 -0.7309 0.5344
vn -0.3939 -0.7170 0.5751
vn -0.4314 -0.7923 0.4315
vn -0.3853 -0.7785 0.4955
vn -0.4234 -0.8470 0.3215
vn -0.3711 -0.8290 0.4184
vn -0.4005 -0.8875 0.2278
vn -0.3383 -0.8722 0.3533
vn -0.3472 -0.9074 0.2367
vn -0.2914 -0.8821 0.3701
vn -0.2756 -0.8582 0.4330
vn -0.2357 -0.8170 0.5263
vn -0.2276 -0.7929 0.5652
vn -0.2055 -0.7666 0.6084
vn -0.2444 -0.8593 0.4493
vn -0.2367 -0.8441 0.4812
vn -0.2750 -0.9428 0.1886
vn -0.2684 -0.9394 0.2132
vn -0.2920 -0.9470 -0.1342
vn -0.2904 -0.9496 -0.1176
vn -0.2837 -0.8669 -0.4099
vn -0.2838 -0.8592 -0.4257
vn -0.2516 -0.6999 -0.6684
vn -0.2443 -0.6857 -0.6857
vn -0.2132 -0.5291 -0.8213
vn -0.2288 -0.5916 -0.7731
vn -0.2354 -0.6043 -0.7612
vn -0.2590 -0.6985 -0.6671
vn -0.2677 -0.6930 -0.6694
vn -0.2750 -0.6915 -0.6679
vn -0.6706 -0.2998 0.6785
vn -0.6118 -0.3059 0.7295
vn -0.6221 -0.3150 0.7168
vn -0.6606 -0.2909 0.6921
vn -0.7469 -0.2752 0.6054
vn -0.7341 -0.2684 0.6237
vn -0.7707 -0.2595 0.5820
vn -0.7479 -0.2519 0.6141
vn -0.7738 -0.2448 0.5843
vn -0.7485 -0.2285 0.6225
vn -0.7943 -0.2202 0.5662
vn -0.7685 -0.2117 0.6038
vn -0.8231 -0.1960 0.5330
vn -0.7958 -0.1891 0.5752
vn -0.8561 -0.1728 0.4870
vn -0.8193 -0.1575 0.5514
vn -0.8800 -0.1336 0.4557
vn -0.8358 -0.1183 0.5362
vn -0.9041 -0.0944 0.4167
vn -0.8511 -0.0709 0.5201
vn -0.9213 -0.0472 0.3859
vn -0.8552 -0.0235 0.5178
vn -0.9316 0.0157 0.3632
vn -0.8491 0.0393 0.5268
vn -0.9344 0.0864 0.3455
vn -0.8358 0.1183 0.5362
vn -0.9303 0.1734 0.3232
vn -0.8286 0.2052 0.5209
vn -0.9261 0.2668 0.2669
vn -0.8453 0.2999 0.4421
vn -0.9217 0.3545 0.1576
vn -0.8896 0.3700 0.2677
vn -0.9224 0.3863 -0.0079
vn -0.9124 0.4090 0.0157
vn -0.9238 0.3711 -0.0947
vn -0.9381 0.3390 -0.0709
vn 0.3219 0.9421 0.0942
vn 0.3151 0.9372 -0.1497
vn 0.3150 0.9372 -0.1496
vn 0.3217 0.9413 0.1020
vn 0.3062 0.8871 0.3454
vn 0.3063 0.8483 0.4320
vn 0.2752 0.7469 0.6054
vn 0.2751 0.7469 0.6054
vn 0.1818 0.4742 0.8614
vn 0.0236 0.0079 0.9997
vn 0.0236 -0.0000 0.9997
vn -0.1417 -0.4646 0.8741
vn -0.1412 -0.4707 0.8709
vn -0.2744 -0.8154 0.5096
vn -0.2744 -0.8155 0.5096
vn -0.3303 -0.9438 0.0079
vn -0.3304 -0.9438 0.0079
vn -0.2994 -0.8195 -0.4886
vn -0.1818 -0.4742 -0.8614
vn -0.0236 -0.0078 -0.9997
vn -0.0236 -0.0000 -0.9997
vn 0.1412 0.4238 -0.8947
vn 0.1179 0.3931 -0.9119
vn -0.0869 -0.2211 -0.9714
vn -0.0552 -0.2049 -0.9772
vn -0.3084 -0.8854 -0.3478
vn -0.3084 -0.8854 -0.3479
vn -0.3219 -0.9421 -0.0942
vn -0.3218 -0.9421 -0.0942
vn -0.3138 -0.9337 0.1727
vn -0.3139 -0.9336 0.1726
vn 0.4023 0.2919 -0.8677
vn 0.1733 0.2758 -0.9455
vn 0.1733 0.2757 -0.9455
vn 0.4024 0.2919 -0.8677
vn 0.6147 0.2916 -0.7329
vn 0.6915 0.2751 -0.6680
vn 0.8156 0.2588 -0.5176
vn 0.9680 0.1889 -0.1653
vn 0.9420 0.0628 0.3297
vn 0.6638 -0.0869 0.7428
vn 0.6638 -0.0869 0.7429
vn 0.2053 -0.2131 0.9552
vn -0.3064 -0.2750 0.9113
vn -0.7342 -0.2684 0.6236
vn -0.9680 -0.1889 0.1652
vn -0.9680 -0.1889 0.1653
vn -0.9420 -0.0628 -0.3297
vn -0.6979 0.0627 -0.7135
vn -0.7251 0.0630 -0.6857
vn -0.9839 -0.1341 -0.1182
vn -0.9773 -0.1419 -0.1576
vn -0.6231 -0.2918 0.7256
vn -0.4023 -0.2919 0.8677
vn -0.1495 -0.2675 0.9519
vn -0.0785 0.0079 -0.9969
vn -0.1022 -0.0943 -0.9903
vn -0.0632 -0.0711 -0.9955
vn -0.1027 -0.1738 -0.9794
vn -0.1733 -0.1260 -0.9768
vn -0.1260 -0.1733 -0.9768
vn -0.1103 -0.1813 -0.9772
vn -0.1103 -0.1812 -0.9772
vn -0.0865 -0.1651 -0.9825
vn -0.0785 -0.1728 -0.9818
vn -0.0631 -0.1500 -0.9867
vn -0.0553 -0.1500 -0.9871
vn -0.0473 -0.1655 -0.9851
vn -0.0709 -0.1576 -0.9850
vn -0.1578 -0.1341 -0.9783
vn -0.1658 -0.1184 -0.9790
vn -0.1656 -0.1262 -0.9781
vn -0.1572 -0.1021 -0.9823
vn -0.1572 -0.1022 -0.9823
vn -0.1573 -0.0944 -0.9830
vn -0.1740 -0.0949 -0.9802
vn -0.1727 -0.0864 -0.9812
vn -0.1420 -0.0868 -0.9861
vn -0.1739 -0.0948 -0.9802
vn -0.1726 -0.0941 -0.9805
vn -0.1573 -0.0866 -0.9837
vn -0.1497 -0.0867 -0.9849
vn -0.1334 -0.0706 -0.9885
vn -0.1257 -0.0707 -0.9895
vn -0.1179 -0.0707 -0.9905
vn -0.1257 -0.0629 -0.9901
vn -0.1258 -0.0472 -0.9909
vn -0.1335 -0.0471 -0.9899
vn -0.1337 -0.0079 -0.9910
vn -0.1414 -0.0079 -0.9899
vn -0.1259 0.0315 -0.9915
vn -0.1181 0.0394 -0.9922
vn -0.1103 0.0551 -0.9924
vn -0.1102 0.0551 -0.9924
vn -0.1025 0.0552 -0.9932
vn -0.0946 0.0552 -0.9940
vn -0.1024 0.0552 -0.9932
vn 0.0632 -0.0711 -0.9955
vn 0.1022 -0.0943 -0.9903
vn 0.0785 0.0079 -0.9969
vn 0.1027 -0.1738 -0.9794
vn 0.1733 -0.1260 -0.9768
vn 0.1260 -0.1733 -0.9768
vn 0.1103 -0.1813 -0.9772
vn 0.0865 -0.1651 -0.9825
vn 0.0785 -0.1728 -0.9818
vn 0.0631 -0.1500 -0.9867
vn 0.0553 -0.1500 -0.9871
vn 0.0473 -0.1655 -0.9851
vn 0.0709 -0.1575 -0.9850
vn 0.1578 -0.1342 -0.9783
vn 0.1658 -0.1184 -0.9790
vn 0.1656 -0.1262 -0.9781
vn 0.1572 -0.1021 -0.9823
vn 0.1572 -0.1022 -0.9823
vn 0.1573 -0.0944 -0.9830
vn 0.1739 -0.0949 -0.9802
vn 0.1727 -0.0864 -0.9812
vn 0.1420 -0.0868 -0.9861
vn 0.1726 -0.0942 -0.9805
vn 0.1573 -0.0866 -0.9837
vn 0.1498 -0.0867 -0.9849
vn 0.1334 -0.0706 -0.9885
vn 0.1257 -0.0708 -0.9895
vn 0.1179 -0.0707 -0.9905
vn 0.1257 -0.0629 -0.9901
vn 0.1258 -0.0472 -0.9909
vn 0.1335 -0.0471 -0.9899
vn 0.1337 -0.0078 -0.9910
vn 0.1414 -0.0079 -0.9899
vn 0.1259 0.0315 -0.9915
vn 0.1181 0.0394 -0.9922
vn 0.1103 0.0551 -0.9924
vn 0.1102 0.0551 -0.9924
vn 0.1025 0.0552 -0.9932
vn 0.0947 0.0552 -0.9940
vn 0.9230 0.3708 -0.1026
vn 0.9210 0.3857 -0.0551
vn 0.9196 0.3773 -0.1100
vn 0.9260 0.3767 -0.0235
vn 0.9356 0.3460 0.0707
vn 0.9218 0.3467 0.1733
vn 0.9000 0.2921 0.3237
vn 0.9535 0.2521 0.1654
vn 0.8705 0.1882 0.4548
vn 0.9530 0.1417 0.2678
vn 0.8418 0.0708 0.5351
vn 0.9352 0.0157 0.3537
vn 0.8433 -0.0394 0.5359
vn 0.9195 -0.0786 0.3851
vn 0.8605 -0.1105 0.4973
vn 0.9031 -0.1335 0.4082
vn 0.8416 -0.1494 0.5191
vn 0.8679 -0.1736 0.4655
vn 0.8133 -0.1816 0.5527
vn 0.8299 -0.1976 0.5217
vn 0.7868 -0.2046 0.5823
vn 0.8020 -0.2123 0.5583
vn 0.7570 -0.2208 0.6150
vn 0.7708 -0.2202 0.5978
vn 0.7155 -0.2280 0.6604
vn 0.7216 -0.2353 0.6510
vn 0.6617 -0.2442 0.7089
vn 0.6661 -0.2429 0.7052
vn 0.6226 -0.2522 0.7408
vn 0.6153 -0.2445 0.7494
vn 0.5679 -0.2603 0.7809
vn 0.5819 -0.2595 0.7707
vn 0.5198 -0.2678 0.8112
vn 0.5038 -0.2755 0.8187
vn 0.4580 -0.2763 0.8449
vn 0.4487 -0.2755 0.8502
vn 0.4173 -0.2755 0.8660
vn 0.4267 -0.2764 0.8611
vn 0.3853 -0.2752 0.8808
vn 0.4096 -0.2600 0.8744
vn 0.3312 -0.2603 0.9069
vn 0.3689 -0.2511 0.8949
vn 0.2923 -0.2450 0.9244
vn 0.3238 -0.2369 0.9160
vn 0.2675 -0.2281 0.9362
vn 0.2990 -0.2203 0.9285
vn 0.2513 -0.2199 0.9426
vn 0.2684 -0.2131 0.9394
vn 0.2128 -0.2128 0.9536
vn 0.2053 -0.2132 0.9552
vn 0.1492 -0.2121 0.9658
vn 0.1581 -0.2133 0.9641
vn 0.0947 -0.2210 0.9707
vn 0.1179 -0.2279 0.9665
vn 0.0473 -0.2367 0.9704
vn 0.0864 -0.2435 0.9661
vn -0.0079 -0.2517 0.9678
vn 0.0395 -0.2683 0.9625
vn -0.0394 -0.2755 0.9605
vn 0.0079 -0.2924 0.9563
vn -0.0237 -0.2995 0.9538
vn 0.0079 -0.3068 0.9518
vn -0.0078 -0.3138 0.9495
vn 0.0079 -0.3162 0.9487
vn -0.0236 -0.3232 0.9460
vn -0.0157 -0.3233 0.9462
vn -0.0473 -0.3230 0.9452
vn -0.0393 -0.3301 0.9431
vn -0.0706 -0.3295 0.9415
vn -0.0633 -0.3322 0.9411
vn -0.1022 -0.3381 0.9356
vn -0.0866 -0.3386 0.9369
vn -0.1338 -0.3462 0.9286
vn -0.1183 -0.3469 0.9304
vn -0.1657 -0.3472 0.9231
vn -0.1575 -0.3545 0.9217
vn -0.2045 -0.3540 0.9126
vn -0.1894 -0.3551 0.9154
vn -0.2280 -0.3616 0.9040
vn -0.2596 -0.3382 0.9046
vn -0.3074 -0.3548 0.8830
vn -0.2443 -0.3232 0.9143
vn -0.2358 -0.3144 0.9196
vn 0.2522 -0.2679 0.9298
vn 0.2127 -0.2757 0.9374
vn 0.1258 -0.3066 0.9435
vn 0.1581 -0.3004 0.9406
vn -0.4722 -0.3463 0.8106
vn -0.4874 -0.3459 0.8018
vn -0.6142 -0.3307 0.7165
vn -0.5595 -0.3388 0.7564
vn -0.5750 -0.3308 0.7483
vn -0.3141 -0.3376 0.8873
vn -0.3307 -0.3149 0.8897
vn -0.0947 -0.2526 0.9629
vn -0.1578 -0.1815 0.9706
vn 0.2750 -0.6915 -0.6680
vn 0.2677 -0.6930 -0.6694
vn 0.2604 -0.6945 -0.6708
vn 0.2367 -0.5993 -0.7648
vn 0.2288 -0.5916 -0.7731
vn 0.2202 -0.5191 -0.8258
vn 0.2127 -0.5200 -0.8272
vn 0.2517 -0.6684 -0.6999
vn 0.2604 -0.6944 -0.6708
vn 0.2917 -0.8358 -0.4652
vn 0.3063 -0.8561 -0.4163
vn 0.3228 -0.9290 -0.1811
vn 0.3232 -0.9379 -0.1261
vn 0.3077 -0.9308 0.1972
vn 0.3228 -0.9369 0.1338
vn 0.2763 -0.8449 0.4580
vn 0.2929 -0.8630 0.4117
vn 0.2513 -0.7619 0.5970
vn 0.2829 -0.8017 0.5266
vn 0.2841 -0.8050 0.5209
vn 0.3476 -0.8610 0.3713
vn 0.3541 -0.8656 0.3541
vn 0.4164 -0.8877 0.1965
vn 0.4023 -0.8439 0.3549
vn 0.4506 -0.8538 0.2609
vn 0.4171 -0.7949 0.4407
vn 0.4485 -0.8026 0.3934
vn 0.4100 -0.7490 0.5204
vn 0.4401 -0.7543 0.4872
vn 0.4013 -0.7004 0.5902
vn 0.4247 -0.7000 0.5741
vn 0.3939 -0.6460 0.6539
vn 0.4111 -0.6563 0.6326
vn 0.3779 -0.6141 0.6928
vn 0.3936 -0.6219 0.6770
vn 0.3698 -0.5823 0.7240
vn 0.3859 -0.5906 0.7087
vn 0.3542 -0.5510 0.7556
vn 0.3706 -0.5598 0.7412
vn 0.3392 -0.5127 0.7887
vn 0.3468 -0.5203 0.7804
vn 0.3148 -0.4802 0.8187
vn 0.3228 -0.4881 0.8109
vn 0.3000 -0.4579 0.8369
vn 0.3061 -0.4630 0.8318
vn 0.2828 -0.4321 0.8563
vn 0.2920 -0.4341 0.8522
vn 0.2525 -0.3944 0.8835
vn 0.2598 -0.3936 0.8818
vn 0.2195 -0.3528 0.9096
vn 0.2286 -0.3549 0.9065
vn 0.1967 -0.3148 0.9286
vn 0.2128 -0.3232 0.9221
vn 0.1815 -0.2920 0.9390
vn 0.1977 -0.3005 0.9331
vn 0.1737 -0.2685 0.9475
vn 0.1810 -0.2754 0.9442
vn 0.1569 -0.2432 0.9572
vn 0.1731 -0.2518 0.9522
vn 0.1501 -0.2212 0.9636
vn 0.1651 -0.2281 0.9595
vn 0.1417 -0.2047 0.9685
vn 0.1179 -0.1887 0.9749
vn 0.0787 -0.1575 0.9844
vn 0.0393 -0.1259 0.9913
vn 0.0236 -0.0948 0.9952
vn 0.0156 -0.0785 0.9968
vn -0.0078 -0.0472 0.9989
vn -0.0000 -0.0394 0.9992
vn -0.0079 -0.0236 0.9997
vn -0.0000 -0.0315 0.9995
vn -0.0000 -0.0157 0.9999
vn 0.0158 -0.0315 0.9994
vn 0.0157 -0.0236 0.9996
vn 0.0314 -0.0393 0.9987
vn 0.0315 -0.0472 0.9984
vn 0.0394 -0.0549 0.9977
vn 0.0314 -0.0472 0.9984
vn 0.0392 -0.0706 0.9967
vn 0.0236 -0.0707 0.9972
vn -0.0157 -0.0551 0.9984
vn 0.0079 -0.0629 0.9980
vn -0.0393 -0.0472 0.9981
vn -0.0550 -0.0393 0.9977
vn -0.0948 -0.0158 0.9954
vn -0.0870 -0.0316 0.9957
vn -0.1580 0.0158 0.9873
vn -0.1491 -0.0079 0.9888
vn -0.2201 0.0393 0.9747
vn -0.2052 0.0157 0.9786
vn -0.2824 0.0628 0.9573
vn -0.2682 0.0473 0.9622
vn -0.3705 0.1103 0.9223
vn -0.3616 0.0943 0.9275
vn -0.4723 0.1652 0.8658
vn -0.4641 0.1494 0.8731
vn -0.5511 0.1968 0.8109
vn -0.5373 0.1897 0.8218
vn -0.5978 0.2202 0.7708
vn -0.6150 0.2208 0.7570
vn -0.6510 0.2354 0.7216
vn -0.6661 0.2430 0.7052
vn -0.7083 0.2676 0.6532
vn -0.7012 0.2442 0.6698
vn -0.7574 0.2761 0.5917
vn -0.7479 0.2520 0.6141
vn -0.7988 0.2847 0.5299
vn -0.7874 0.2598 0.5590
vn -0.8315 0.2824 0.4785
vn -0.8143 0.2372 0.5297
vn -0.8639 0.2592 0.4319
vn -0.8494 0.2202 0.4797
vn -0.8992 0.2445 0.3629
vn -0.8878 0.2121 0.4085
vn -0.9268 0.2277 0.2985
vn -0.9142 0.1813 0.3625
vn -0.9487 0.1898 0.2530
vn -0.9372 0.1496 0.3150
vn -0.9641 0.1581 0.2134
vn -0.9539 0.1182 0.2759
vn -0.9781 0.1262 0.1656
vn -0.9679 0.0866 0.2360
vn -0.9861 0.0868 0.1420
vn -0.9760 0.0472 0.2125
vn -0.9947 0.0552 0.0868
vn -0.9861 0.0079 0.1657
vn -0.9980 0.0079 -0.0629
vn -1.0000 -0.0000 -0.0079
vn -0.9862 -0.0080 -0.1655
vn -0.9818 -0.0236 -0.1885
vn 1.0000 -0.0000 -0.0000
vn 0.9511 -0.2987 0.0786
vn 0.5883 -0.7845 0.1961
vn 0.5884 -0.7844 0.1961
vn -0.0000 -0.9697 0.2444
vn -0.5884 -0.7844 0.1961
vn -0.5883 -0.7845 0.1961
vn -0.9511 -0.2987 0.0786
vn -0.9511 0.2987 -0.0786
vn -0.5883 0.7845 -0.1961
vn -0.5884 0.7844 -0.1961
vn -0.0000 0.9697 -0.2444
vn -0.0000 0.9696 -0.2445
vn 0.5883 0.7845 -0.1962
vn 0.5884 0.7844 -0.1962
vn 0.8113 0.5671 -0.1418
vn 0.8113 0.5672 -0.1418
vn -0.3150 0.9372 -0.1496
vn -0.3219 0.9421 0.0942
vn -0.3217 0.9413 0.1020
vn -0.3062 0.8871 0.3454
vn -0.3063 0.8483 0.4320
vn -0.3064 0.8483 0.4320
vn -0.2752 0.7469 0.6054
vn -0.2751 0.7469 0.6054
vn -0.1818 0.4742 0.8614
vn -0.0236 0.0079 0.9997
vn -0.0236 -0.0000 0.9997
vn 0.1417 -0.4646 0.8741
vn 0.1412 -0.4707 0.8709
vn 0.2744 -0.8154 0.5097
vn 0.2744 -0.8155 0.5096
vn 0.3303 -0.9438 0.0079
vn 0.2995 -0.8195 -0.4886
vn 0.2994 -0.8195 -0.4886
vn 0.1818 -0.4742 -0.8614
vn 0.0236 -0.0078 -0.9997
vn 0.0236 -0.0000 -0.9997
vn -0.1412 0.4238 -0.8947
vn -0.1179 0.3931 -0.9119
vn 0.0869 -0.2212 -0.9714
vn 0.0552 -0.2049 -0.9772
vn 0.3083 -0.8854 -0.3479
vn 0.3219 -0.9421 -0.0942
vn 0.3220 -0.9420 -0.0942
vn 0.3138 -0.9336 0.1727
vn 0.3137 -0.9337 0.1726
vn 0.4809 -0.8750 0.0551
vn 0.4807 -0.8746 0.0630
vn 0.4809 -0.8750 0.0552
vn 0.4649 -0.8825 0.0709
vn 0.4581 -0.8846 0.0869
vn 0.4342 -0.8920 0.1262
vn 0.4341 -0.8920 0.1263
vn 0.4032 -0.9013 0.1581
vn 0.4004 -0.9028 0.1570
vn 0.3777 -0.9048 0.1967
vn 0.3709 -0.9075 0.1973
vn 0.3384 -0.9129 0.2282
vn 0.3315 -0.9153 0.2288
vn 0.2990 -0.9204 0.2518
vn 0.2750 -0.9190 0.2827
vn 0.2749 -0.9189 0.2828
vn 0.2443 -0.9223 0.2995
vn 0.2128 -0.9221 0.3231
vn 0.1891 -0.9217 0.3387
vn 0.1576 -0.9217 0.3545
vn 0.1255 -0.9179 0.3766
vn 0.1256 -0.9179 0.3765
vn 0.0945 -0.9142 0.3941
vn 0.0946 -0.9142 0.3941
vn 0.0471 -0.9115 0.4086
vn 0.0472 -0.9115 0.4086
vn -0.0000 -0.9095 0.4156
vn -0.0000 -0.9082 0.4185
vn -0.0472 -0.9115 0.4086
vn -0.0471 -0.9115 0.4086
vn -0.0946 -0.9142 0.3940
vn -0.0945 -0.9141 0.3942
vn -0.1256 -0.9179 0.3765
vn -0.1576 -0.9217 0.3545
vn -0.1576 -0.9217 0.3544
vn -0.1891 -0.9217 0.3387
vn -0.2128 -0.9221 0.3231
vn -0.2443 -0.9223 0.2995
vn -0.2749 -0.9189 0.2828
vn -0.2990 -0.9204 0.2518
vn -0.3315 -0.9153 0.2288
vn -0.3384 -0.9129 0.2282
vn -0.3709 -0.9075 0.1973
vn -0.3776 -0.9048 0.1967
vn -0.4004 -0.9028 0.1570
vn -0.4032 -0.9013 0.1581
vn -0.4341 -0.8920 0.1263
vn -0.4341 -0.8920 0.1262
vn -0.4581 -0.8846 0.0869
vn -0.4649 -0.8825 0.0709
vn -0.4807 -0.8746 0.0630
vn -0.4809 -0.8751 0.0552
vn -0.4809 -0.8750 0.0551
vn 0.0944 0.6296 -0.7712
vn 0.1184 0.6232 -0.7731
vn 0.1343 0.6475 -0.7501
vn 0.2042 0.7304 -0.6518
vn 0.3779 0.7321 -0.5668
vn 0.2050 0.6389 -0.7415
vn 0.2909 0.6525 -0.6997
vn 0.3459 0.5976 -0.7233
vn 0.3076 0.5205 -0.7965
vn 0.2918 0.5048 -0.8124
vn 0.3763 0.8073 -0.4546
vn 0.2751 0.4795 -0.8333
vn 0.5832 0.7014 -0.4098
vn 0.2285 0.4728 -0.8510
vn 0.2119 0.4866 -0.8476
vn 0.2120 0.4713 -0.8561
vn 0.1964 0.4322 -0.8801
vn 0.7546 0.6210 -0.2122
vn 0.3871 0.9006 -0.1975
vn 0.2908 0.2907 -0.9116
vn 0.2906 0.3769 -0.8795
vn 0.1501 0.4422 -0.8843
vn 0.1812 0.4648 -0.8667
vn -0.8842 -0.2368 0.4026
vn 0.9005 0.1817 -0.3950
vn -0.8814 -0.2361 0.4092
vn -0.8744 -0.2600 0.4096
vn 0.8964 0.2045 -0.3932
vn 0.8939 0.2036 -0.3994
vn 0.9247 0.2131 -0.3155
vn 0.4026 0.2053 0.8920
vn -0.8483 -0.1885 0.4948
vn 0.4025 0.2055 0.8920
vn -0.8516 -0.1892 0.4889
vn 0.9289 0.2284 -0.2914
vn 0.8950 0.2120 -0.3925
vn 0.8949 0.2120 -0.3926
vn -0.1343 0.6475 -0.7501
vn -0.1184 0.6232 -0.7731
vn -0.0945 0.6296 -0.7712
vn -0.2042 0.7303 -0.6518
vn -0.3779 0.7321 -0.5668
vn -0.2051 0.6389 -0.7414
vn -0.2909 0.6525 -0.6997
vn -0.3459 0.5976 -0.7233
vn -0.3076 0.5205 -0.7965
vn -0.2918 0.5048 -0.8124
vn -0.3763 0.8073 -0.4546
vn -0.2751 0.4795 -0.8333
vn -0.5832 0.7014 -0.4098
vn -0.2285 0.4728 -0.8510
vn -0.2119 0.4866 -0.8476
vn -0.2121 0.4713 -0.8561
vn -0.1965 0.4322 -0.8801
vn -0.7546 0.6210 -0.2122
vn -0.3871 0.9006 -0.1975
vn -0.2908 0.2907 -0.9116
vn -0.2906 0.3769 -0.8795
vn -0.1501 0.4422 -0.8843
vn -0.1812 0.4648 -0.8667
vn 0.8814 -0.2361 0.4092
vn -0.9005 0.1818 -0.3950
vn 0.8842 -0.2368 0.4026
vn 0.8744 -0.2600 0.4096
vn -0.8964 0.2045 -0.3932
vn -0.8939 0.2036 -0.3994
vn -0.9247 0.2131 -0.3155
vn -0.4026 0.2053 0.8921
vn 0.8483 -0.1885 0.4948
vn -0.4025 0.2057 0.8920
vn 0.8516 -0.1892 0.4889
vn -0.9289 0.2284 -0.2915
vn -0.8950 0.2120 -0.3925
vn 0.9931 -0.1103 0.0394
vn 0.7310 -0.2830 -0.6209
vn 0.9950 -0.0948 0.0316
vn 0.7185 0.5369 -0.4422
vn 0.4320 -0.5499 -0.7148
vn 0.5058 -0.8378 -0.2055
vn 0.2913 -0.9290 -0.2283
vn 0.1024 -0.9380 -0.3311
vn 0.3226 0.9206 -0.2203
vn 0.4173 0.8581 0.2992
vn 0.1492 0.9109 0.3848
vn -0.1025 0.9380 0.3311
vn 0.4734 -0.4497 -0.7574
vn 0.1262 -0.9379 -0.3231
vn 0.2999 0.9155 -0.2683
vn -0.1258 0.9355 0.3302
vn 0.5261 -0.4083 -0.7460
vn 0.1412 -0.9335 -0.3295
vn 0.3471 0.8913 -0.2918
vn -0.1336 0.9425 0.3063
vn 0.3852 -0.3616 -0.8490
vn 0.2204 0.8817 -0.4172
vn 0.1258 -0.9355 -0.3302
vn -0.2441 0.8032 -0.5434
vn -0.1024 -0.3544 -0.9295
vn -0.2056 0.9410 -0.2688
vn -0.1258 0.9435 0.3066
vn -0.1181 0.9443 0.3071
vn -0.0314 -0.6196 -0.7843
vn 0.1181 -0.9444 -0.3069
vn 0.1254 0.8936 -0.4311
vn 0.2834 -0.4724 -0.8346
vn 0.0947 -0.9388 -0.3313
vn 0.2756 -0.4172 -0.8660
vn 0.0708 -0.9356 -0.3459
vn 0.1024 0.9064 -0.4098
vn -0.1025 0.9380 0.3310
vn -0.0788 0.9376 0.3388
vn 0.2203 -0.4013 -0.8891
vn 0.1106 0.9085 -0.4029
vn -0.0629 0.9361 0.3461
vn 0.1730 -0.4087 -0.8961
vn 0.0551 -0.9365 -0.3463
vn 0.1025 0.9064 -0.4098
vn -0.0472 0.9369 0.3465
vn 0.1422 -0.4108 -0.9006
vn 0.0472 -0.9369 -0.3464
vn 0.0865 0.9048 -0.4170
vn 0.1021 -0.4164 -0.9034
vn 0.0315 -0.9375 -0.3466
vn 0.0709 0.9059 -0.4175
vn -0.0315 0.9375 0.3466
vn -0.0158 0.9404 0.3398
vn 0.0708 -0.4175 -0.9059
vn 0.0159 -0.9404 -0.3398
vn 0.0552 0.8993 -0.4339
vn 0.0550 -0.4244 -0.9038
vn 0.0157 -0.9437 -0.3303
vn 0.0473 0.8997 -0.4340
vn -0.0079 0.9438 0.3303
vn 0.0395 -0.4342 -0.9000
vn 0.0314 0.8971 -0.4407
vn 0.0158 -0.4345 -0.9005
vn 0.0158 -0.9462 -0.3233
vn 0.0157 0.8943 -0.4472
vn -0.0000 0.9463 0.3233
vn -0.0000 -0.4472 -0.8944
vn 0.0079 -0.9517 -0.3068
vn 0.0079 0.8928 -0.4504
vn -0.0000 0.9518 0.3068
vn 0.0001 -0.4660 -0.8848
vn -0.0000 -0.9541 -0.2996
vn 0.0001 -0.9591 -0.2830
vn 0.0236 0.8894 -0.4565
vn -0.0000 0.9541 0.2996
vn -0.0078 0.9591 0.2830
vn -0.0078 -0.4783 -0.8782
vn 0.0158 0.8763 -0.4816
vn -0.0000 0.9633 0.2684
vn -0.0000 -0.9658 -0.2591
vn -0.0000 0.8589 -0.5122
vn 0.0078 0.9696 0.2444
vn -0.0315 -0.4874 -0.8726
vn -0.0314 0.8493 -0.5269
vn 0.0079 0.9737 0.2277
vn -0.0710 -0.5051 -0.8602
vn -0.0158 -0.9696 -0.2444
vn -0.0630 0.8423 -0.5353
vn -0.0946 -0.5283 -0.8438
vn -0.0157 -0.9736 -0.2277
vn 0.0157 0.9753 0.2202
vn -0.0157 -0.9753 -0.2202
vn -0.0949 0.8379 -0.5375
vn -0.1257 -0.5265 -0.8408
vn -0.0236 -0.9752 -0.2202
vn -0.1343 0.8377 -0.5294
vn 0.0236 0.9752 0.2202
vn -0.1579 -0.5368 -0.8288
vn -0.1647 0.8395 -0.5178
vn 0.0314 0.9750 0.2202
vn -0.1960 -0.5330 -0.8231
vn -0.0315 -0.9750 -0.2201
vn -0.1885 0.8483 -0.4948
vn 0.0314 0.9733 0.2276
vn 0.0473 0.9686 0.2441
vn -0.2119 -0.5257 -0.8238
vn -0.0314 -0.9732 -0.2276
vn -0.0395 -0.9708 -0.2368
vn -0.1969 0.8503 -0.4881
vn -0.2370 -0.5056 -0.8296
vn -0.0550 -0.9663 -0.2514
vn -0.2204 0.8578 -0.4643
vn 0.0550 0.9663 0.2514
vn -0.2748 -0.4947 -0.8245
vn -0.0710 -0.9629 -0.2604
vn -0.2436 0.8643 -0.4400
vn 0.0710 0.9629 0.2604
vn -0.3240 -0.4821 -0.8140
vn -0.2436 0.8721 -0.4243
vn 0.0787 0.9603 0.2676
vn 0.0867 0.9617 0.2601
vn -0.3541 -0.4800 -0.8026
vn -0.0789 -0.9623 -0.2603
vn -0.0867 -0.9617 -0.2601
vn -0.2609 0.8697 -0.4190
vn 0.0947 0.9629 0.2527
vn -0.3859 -0.4804 -0.7876
vn -0.0947 -0.9629 -0.2526
vn -0.2909 0.8650 -0.4089
vn 0.1028 0.9641 0.2449
vn -0.4417 -0.4812 -0.7572
vn -0.3306 0.8578 -0.3935
vn -0.4878 -0.4879 -0.7239
vn -0.1027 -0.9641 -0.2450
vn -0.3614 0.8562 -0.3692
vn 0.1101 0.9674 0.2281
vn 0.1181 0.9682 0.2204
vn -0.5186 -0.5029 -0.6915
vn -0.1099 -0.9656 -0.2355
vn -0.1101 -0.9674 -0.2281
vn -0.3930 0.8488 -0.3537
vn -0.5524 -0.5052 -0.6631
vn -0.1103 -0.9691 -0.2206
vn -0.4262 0.8447 -0.3237
vn 0.1183 0.9699 0.2129
vn -0.5912 -0.5124 -0.6228
vn -0.4547 0.8392 -0.2984
vn 0.1177 0.9735 0.1963
vn -0.6282 -0.5261 -0.5732
vn -0.1176 -0.9719 -0.2038
vn -0.4724 0.8346 -0.2834
vn 0.1181 0.9763 0.1811
vn 0.1105 0.9786 0.1736
vn -0.6461 -0.5436 -0.5358
vn -0.1179 -0.9749 -0.1887
vn -0.1026 -0.9794 -0.1738
vn -0.4979 0.8219 -0.2766
vn 0.0787 0.9844 0.1575
vn -0.6601 -0.5579 -0.5029
vn -0.6935 -0.5754 -0.4335
vn -0.0867 -0.9861 -0.1420
vn -0.5424 0.8016 -0.2515
vn -0.6866 -0.6156 -0.3867
vn -0.0473 -0.9928 -0.1103
vn -0.5579 0.7857 -0.2672
vn 0.0551 0.9915 0.1180
vn -0.0000 0.9955 0.0948
vn -0.6692 -0.6693 -0.3228
vn 0.0157 -0.9974 -0.0707
vn -0.6041 0.7452 -0.2824
vn -0.0790 0.9953 0.0553
vn -0.6315 -0.7183 -0.2920
vn 0.1026 -0.9942 -0.0316
vn -0.6770 0.6452 -0.3541
vn -0.1656 0.9861 0.0157
vn -0.5725 -0.7921 -0.2118
vn 0.1960 -0.9803 -0.0235
vn -0.7703 0.5503 -0.3223
vn -0.2444 0.9696 0.0079
vn -0.5133 -0.8450 -0.1500
vn 0.2683 -0.9625 -0.0394
vn -0.8510 0.4728 -0.2285
vn -0.3159 0.9476 0.0473
vn -0.4477 -0.8874 -0.1099
vn 0.3225 -0.9439 -0.0708
vn -0.9034 0.4164 -0.1021
vn -0.9223 0.3784 0.0788
vn -0.3479 0.9327 0.0948
vn -0.4246 -0.9042 -0.0472
vn 0.3466 -0.9295 -0.1260
vn -0.6621 0.2838 0.6936
vn -0.3697 0.9206 0.1259
vn -0.2440 -0.7870 0.5666
vn 0.3618 -0.9202 -0.1494
vn 0.1259 -0.0315 0.9915
vn 0.1260 -0.0236 0.9918
vn -0.5883 0.7845 -0.1962
vn 0.5883 0.7845 -0.1961
vn -0.1578 0.9547 0.2525
vn -0.1578 0.9546 0.2525
vn -0.1577 0.9546 0.2525
vn -0.1577 0.9547 0.2525
vn -0.5132 0.8293 -0.2212
vn -0.5598 0.7726 -0.2996
vn -0.3227 -0.6533 -0.6848
vn -0.2450 -0.7350 -0.6323
vn 0.1578 -0.9546 -0.2525
vn 0.1579 -0.9546 -0.2525
vn 0.1577 -0.9547 -0.2525
vn 0.1575 -0.9527 -0.2598
vn -0.2599 -0.7639 -0.5907
vn -0.2587 -0.7604 -0.5958
vn -0.2586 -0.7604 -0.5958
vn -0.2356 -0.6833 -0.6911
vn -0.1332 -0.3762 -0.9169
vn 0.0237 0.1104 -0.9936
vn 0.1812 0.5671 -0.8034
vn 0.1812 0.5671 -0.8035
vn 0.2836 0.8743 -0.3939
vn 0.2827 0.8716 -0.4005
vn 0.3140 0.9421 0.1178
vn 0.2591 0.7602 0.5958
vn 0.2588 0.7603 0.5958
vn 0.1177 0.3140 0.9421
vn 0.1178 0.3140 0.9421
vn -0.0549 -0.1883 0.9806
vn 0.0941 0.2433 0.9654
vn 0.0947 0.2525 0.9629
vn 0.2589 0.7603 0.5958
vn 0.2588 0.7603 0.5957
vn 0.2586 -0.7604 -0.5957
vn 0.2588 -0.7603 -0.5958
vn 0.2599 -0.7639 -0.5906
vn 0.2599 -0.7639 -0.5907
vn 0.2356 -0.6833 -0.6911
vn 0.2356 -0.6832 -0.6911
vn 0.1332 -0.3762 -0.9169
vn -0.0237 0.1104 -0.9936
vn -0.1812 0.5671 -0.8035
vn -0.1812 0.5672 -0.8034
vn -0.2836 0.8743 -0.3939
vn -0.3140 0.9421 0.1178
vn -0.2590 0.7603 0.5958
vn -0.2588 0.7603 0.5958
vn -0.1177 0.3140 0.9421
vn -0.1178 0.3140 0.9421
vn 0.0549 -0.1883 0.9806
vn -0.0941 0.2433 0.9654
vn -0.0947 0.2525 0.9629
vn -0.2587 0.7604 0.5958
vn -0.2589 0.7603 0.5957
vn -0.8843 0.4422 -0.1500
vn -0.9515 0.2595 -0.1652
vn -0.8666 0.4648 -0.1812
vn -0.9545 0.2367 -0.1814
vn -0.9874 0.0079 -0.1580
vn -0.8478 0.4789 -0.2277
vn -0.9847 0.0158 -0.1734
vn -0.9847 0.0158 -0.1733
vn -0.9478 0.2370 -0.2132
vn -0.8227 0.4936 -0.2821
vn -0.9743 0.0471 -0.2201
vn -0.9365 0.2440 -0.2518
vn -0.7866 0.5113 -0.3461
vn -0.9820 0.0158 -0.1884
vn -0.9786 0.1105 -0.1736
vn -0.9818 0.0943 -0.1649
vn -0.9718 0.1501 -0.1817
vn -0.9754 0.0079 -0.2203
vn -0.9668 0.1808 -0.1808
vn -0.9724 0.1725 -0.1568
vn -0.9672 0.0944 -0.2359
vn -0.9650 0.2040 -0.1648
vn -0.9178 0.2432 -0.3138
vn -0.7406 0.5200 -0.4255
vn -0.9633 0.0079 -0.2685
vn -0.8889 0.2596 -0.3776
vn -0.6776 0.5200 -0.5200
vn -0.9463 0.0079 -0.3233
vn -0.8476 0.2590 -0.4631
vn -0.6067 0.5042 -0.6145
vn -0.9210 0.0945 -0.3779
vn -0.9153 0.0158 -0.4024
vn -0.7938 0.2593 -0.5502
vn -0.5179 0.4709 -0.7141
vn -0.8846 0.0158 -0.4660
vn -0.7240 0.2439 -0.6453
vn -0.4238 0.4238 -0.8005
vn -0.8270 0.0629 -0.5587
vn -0.8345 -0.0000 -0.5511
vn -0.6556 0.2054 -0.7267
vn -0.3309 0.3545 -0.8745
vn -0.7884 -0.0158 -0.6150
vn -0.5747 0.1575 -0.8030
vn -0.2356 0.2670 -0.9345
vn -0.6912 -0.0000 -0.7226
vn -0.7218 -0.0471 -0.6905
vn -0.4887 0.0946 -0.8673
vn -0.1415 0.1729 -0.9747
vn -0.6686 -0.0787 -0.7394
vn -0.4023 0.0316 -0.9150
vn -0.0550 0.0628 -0.9965
vn -0.5990 -0.1419 -0.7881
vn -0.5417 -0.1177 -0.8323
vn -0.5353 -0.1732 -0.8267
vn -0.3228 -0.0552 -0.9449
vn -0.2511 -0.1413 -0.9576
vn 0.0236 -0.0394 -0.9989
vn -0.4895 -0.2448 -0.8369
vn -0.3862 -0.2680 -0.8826
vn -0.4116 -0.3165 -0.8546
vn -0.1814 -0.2367 -0.9545
vn 0.0945 -0.1496 -0.9842
vn -0.3706 -0.3706 -0.8516
vn -0.1181 -0.3305 -0.9364
vn 0.1418 -0.2678 -0.9530
vn -0.2920 -0.4340 -0.8523
vn -0.3317 -0.4501 -0.8291
vn -0.0709 -0.4175 -0.9059
vn 0.1807 -0.3693 -0.9115
vn 0.2128 -0.4651 -0.8593
vn -0.0393 -0.5025 -0.8637
vn 0.2283 -0.5509 -0.8027
vn -0.2918 -0.5048 -0.8124
vn -0.0157 -0.5744 -0.8184
vn 0.2359 -0.6213 -0.7472
vn -0.2749 -0.5655 -0.7776
vn -0.0079 -0.6371 -0.7708
vn 0.2356 -0.6754 -0.6989
vn -0.2901 -0.5488 -0.7840
vn -0.0000 -0.6871 -0.7266
vn 0.2366 -0.7178 -0.6548
vn -0.2519 -0.6141 -0.7480
vn 0.0157 -0.7265 -0.6870
vn 0.2434 -0.7457 -0.6202
vn -0.2589 -0.6591 -0.7061
vn -0.3066 -0.6367 -0.7075
vn -0.2443 -0.6935 -0.6778
vn 0.0237 -0.7562 -0.6539
vn 0.2436 -0.7702 -0.5894
vn 0.0315 -0.7813 -0.6234
vn 0.2440 -0.7870 -0.5667
vn 0.0394 -0.7946 -0.6058
vn -0.2279 -0.7230 -0.6522
vn -0.2049 -0.7487 -0.6305
vn -0.1730 -0.7706 -0.6134
vn -0.2280 -0.7626 -0.6054
vn -0.2922 -0.7108 -0.6398
vn -0.2602 -0.7570 -0.5993
vn -0.2443 -0.7805 -0.5755
vn -0.3000 -0.7660 -0.5686
vn -0.2846 -0.7827 -0.5534
vn -0.4305 -0.7047 -0.5639
vn -0.3542 -0.7556 -0.5510
vn -0.5507 -0.6058 -0.5743
vn -0.3699 -0.7240 -0.5823
vn -0.3465 -0.7089 -0.6143
vn -0.3859 -0.7087 -0.5906
vn -0.3865 -0.6941 -0.6074
vn -0.4413 -0.6226 -0.6462
vn -0.3606 -0.6192 -0.6976
vn -0.4559 -0.6053 -0.6525
vn -0.4019 -0.6069 -0.6857
vn -0.3851 -0.5736 -0.7230
vn -0.3705 -0.5598 -0.7411
vn -0.2987 -0.5739 -0.7625
vn -0.3072 -0.5672 -0.7641
vn -0.2688 -0.5613 -0.7827
vn -0.2281 -0.5507 -0.8029
vn -0.2287 -0.5598 -0.7964
vn -0.1888 -0.5429 -0.8183
vn -0.1802 -0.5015 -0.8462
vn -0.1257 -0.5737 -0.8094
vn -0.1421 -0.5527 -0.8212
vn -0.0940 -0.5720 -0.8148
vn -0.0708 -0.5820 -0.8101
vn -0.0000 -0.5273 -0.8497
vn -0.0395 -0.5919 -0.8050
vn -0.0000 -0.5975 -0.8018
vn 0.0395 -0.5919 -0.8050
vn 0.0708 -0.5820 -0.8101
vn -0.2598 -0.3148 -0.9129
vn -0.0000 -0.3701 -0.9290
vn 0.1257 -0.5737 -0.8094
vn 0.0941 -0.5719 -0.8149
vn 0.1421 -0.5527 -0.8212
vn 0.1888 -0.5429 -0.8183
vn 0.1802 -0.5015 -0.8462
vn 0.2281 -0.5507 -0.8029
vn 0.2287 -0.5598 -0.7964
vn 0.2689 -0.5613 -0.7827
vn 0.2987 -0.5739 -0.7625
vn 0.3072 -0.5672 -0.7641
vn 0.3706 -0.5598 -0.7411
vn 0.2901 -0.5488 -0.7840
vn 0.3606 -0.6192 -0.6976
vn 0.3851 -0.5736 -0.7230
vn 0.4019 -0.6069 -0.6857
vn 0.4559 -0.6053 -0.6525
vn 0.4413 -0.6226 -0.6463
vn 0.3066 -0.6367 -0.7075
vn 0.3465 -0.7089 -0.6143
vn 0.3865 -0.6941 -0.6073
vn 0.3859 -0.7087 -0.5906
vn 0.3699 -0.7240 -0.5823
vn 0.2922 -0.7108 -0.6398
vn 0.3004 -0.7659 -0.5685
vn 0.3542 -0.7556 -0.5510
vn 0.5507 -0.6057 -0.5743
vn 0.4330 -0.7008 -0.5669
vn 0.2846 -0.7827 -0.5534
vn 0.2444 -0.7804 -0.5755
vn 0.2602 -0.7570 -0.5994
vn 0.2280 -0.7626 -0.6054
vn 0.2049 -0.7487 -0.6305
vn 0.1730 -0.7706 -0.6134
vn -0.0394 -0.7946 -0.6058
vn 0.2278 -0.7230 -0.6522
vn -0.0316 -0.7812 -0.6235
vn -0.2440 -0.7870 -0.5667
vn -0.2436 -0.7702 -0.5894
vn -0.0237 -0.7562 -0.6539
vn -0.2435 -0.7458 -0.6201
vn 0.2443 -0.6935 -0.6778
vn -0.0157 -0.7265 -0.6870
vn -0.2366 -0.7179 -0.6548
vn 0.2589 -0.6591 -0.7061
vn -0.2356 -0.6754 -0.6989
vn 0.2519 -0.6141 -0.7480
vn 0.0078 -0.6371 -0.7708
vn -0.2359 -0.6213 -0.7472
vn 0.2749 -0.5655 -0.7776
vn 0.0157 -0.5744 -0.8184
vn -0.2282 -0.5509 -0.8028
vn 0.0393 -0.5024 -0.8637
vn -0.2129 -0.4651 -0.8593
vn 0.2918 -0.5048 -0.8124
vn 0.0709 -0.4175 -0.9059
vn -0.1807 -0.3693 -0.9115
vn -0.1418 -0.2678 -0.9530
vn 0.3317 -0.4501 -0.8291
vn 0.1181 -0.3305 -0.9364
vn -0.0945 -0.1496 -0.9842
vn 0.2920 -0.4340 -0.8523
vn 0.3706 -0.3706 -0.8516
vn 0.1814 -0.2367 -0.9545
vn -0.0236 -0.0393 -0.9989
vn 0.4116 -0.3165 -0.8546
vn 0.2511 -0.1413 -0.9576
vn 0.0550 0.0628 -0.9965
vn 0.4895 -0.2448 -0.8370
vn 0.3228 -0.0552 -0.9449
vn 0.4023 0.0316 -0.9150
vn 0.1415 0.1729 -0.9747
vn 0.5353 -0.1732 -0.8267
vn 0.3862 -0.2680 -0.8826
vn 0.5990 -0.1419 -0.7881
vn 0.4888 0.0946 -0.8673
vn 0.2356 0.2670 -0.9345
vn 0.6686 -0.0787 -0.7394
vn 0.5747 0.1575 -0.8030
vn 0.3309 0.3545 -0.8745
vn 0.7218 -0.0471 -0.6905
vn 0.5417 -0.1177 -0.8323
vn 0.7884 -0.0158 -0.6150
vn 0.6556 0.2054 -0.7267
vn 0.4238 0.4238 -0.8005
vn 0.6912 -0.0000 -0.7226
vn 0.8345 -0.0000 -0.5511
vn 0.7240 0.2439 -0.6453
vn 0.5179 0.4709 -0.7141
vn 0.8846 0.0158 -0.4660
vn 0.7938 0.2593 -0.5502
vn 0.6067 0.5042 -0.6146
vn 0.8267 0.0630 -0.5591
vn 0.9153 0.0158 -0.4024
vn 0.8476 0.2590 -0.4631
vn 0.6777 0.5200 -0.5200
vn 0.9463 0.0079 -0.3233
vn 0.8889 0.2596 -0.3775
vn 0.7406 0.5200 -0.4255
vn 0.9210 0.0945 -0.3778
vn 0.9633 0.0079 -0.2685
vn 0.9178 0.2432 -0.3138
vn 0.7866 0.5113 -0.3461
vn 0.9754 0.0079 -0.2203
vn 0.9365 0.2440 -0.2518
vn 0.8227 0.4936 -0.2821
vn 0.9672 0.0944 -0.2359
vn 0.9820 0.0158 -0.1884
vn 0.9478 0.2370 -0.2132
vn 0.8478 0.4789 -0.2277
vn 0.9545 0.2366 -0.1815
vn 0.8666 0.4648 -0.1812
vn 0.8843 0.4422 -0.1501
vn 0.9515 0.2595 -0.1652
vn 0.9874 0.0079 -0.1580
vn 0.9847 0.0158 -0.1733
vn 0.9744 0.0472 -0.2200
vn 0.9786 0.1105 -0.1736
vn 0.9818 0.0943 -0.1649
vn 0.9718 0.1501 -0.1817
vn 0.9668 0.1808 -0.1808
vn 0.9724 0.1725 -0.1569
vn 0.9650 0.2040 -0.1648
vn 0.9475 0.1737 -0.2685
vn 0.9549 0.2288 -0.1894
vn 0.9616 0.2128 -0.1734
vn 0.8637 -0.4789 -0.1570
vn 0.9665 0.1650 -0.1965
vn 0.8540 -0.4981 -0.1502
vn 0.8593 -0.4651 -0.2128
vn 0.8667 -0.4648 -0.1812
vn 0.9192 0.3456 -0.1885
vn 0.9708 0.1105 -0.2131
vn 0.9206 0.3225 -0.2203
vn 0.8961 0.4087 -0.1729
vn 0.9474 0.0868 -0.3079
vn 0.9425 0.1335 -0.3063
vn 0.8962 0.4087 -0.1726
vn 0.8910 0.4337 -0.1341
vn 0.8474 0.1726 -0.5021
vn 0.8953 0.3377 -0.2906
vn 0.8336 0.2595 -0.4876
vn 0.6942 0.1183 -0.7100
vn 0.6922 0.2045 -0.6922
vn 0.5209 0.0473 -0.8523
vn 0.4982 0.1898 -0.8460
vn 0.3540 -0.1652 -0.9205
vn 0.2598 -0.3148 -0.9129
vn 0.3764 -0.0391 -0.9256
vn -0.0000 -0.2591 -0.9658
vn 0.3616 0.2280 -0.9040
vn -0.0000 -0.0949 -0.9955
vn -0.0000 0.2592 -0.9658
vn -0.3764 -0.0391 -0.9256
vn -0.0000 0.4026 -0.9154
vn -0.3540 -0.1652 -0.9205
vn -0.3616 0.2280 -0.9040
vn -0.5209 0.0473 -0.8523
vn -0.6942 0.1183 -0.7100
vn -0.4982 0.1898 -0.8460
vn -0.2913 0.3307 -0.8976
vn -0.8474 0.1726 -0.5021
vn -0.6922 0.2045 -0.6921
vn -0.4322 0.1572 -0.8880
vn -0.6171 0.1345 -0.7753
vn -0.2440 0.2518 -0.9365
vn -0.4332 -0.1418 -0.8901
vn -0.7838 0.1187 -0.6096
vn -0.6149 -0.1576 -0.7727
vn -0.8336 0.2595 -0.4876
vn -0.7825 -0.2132 -0.5850
vn -0.8966 0.1259 -0.4246
vn -0.9425 0.1335 -0.3063
vn -0.8953 0.3377 -0.2906
vn -0.8660 -0.2755 -0.4173
vn -0.9558 0.1501 -0.2528
vn -0.7053 -0.4076 -0.5800
vn -0.9235 -0.3079 -0.2289
vn -0.8962 0.4087 -0.1726
vn -0.8034 -0.4726 -0.3623
vn -0.9749 0.1887 -0.1180
vn -0.9205 0.3226 -0.2203
vn -0.8910 0.4337 -0.1340
vn -0.8961 0.4087 -0.1730
vn -0.9192 0.3457 -0.1885
vn -0.8593 -0.4651 -0.2128
vn -0.8667 -0.4648 -0.1812
vn -0.8637 -0.4789 -0.1570
vn -0.9397 -0.3237 -0.1106
vn -0.9643 -0.2529 -0.0790
vn -0.8850 -0.4504 -0.1184
vn -0.8535 -0.4821 -0.1976
vn -0.8642 -0.4871 -0.1257
vn -0.8625 -0.4939 -0.1098
vn -0.8675 -0.4811 -0.1262
vn -0.8709 -0.4708 -0.1412
vn -0.8685 -0.4580 -0.1895
vn -0.8423 -0.4723 -0.2598
vn -0.8262 -0.4563 -0.3305
vn -0.7721 -0.4649 -0.4333
vn -0.7331 -0.4887 -0.4730
vn -0.7094 -0.4178 -0.5676
vn -0.6364 -0.4243 -0.6442
vn -0.5668 -0.3621 -0.7400
vn -0.5986 -0.4017 -0.6931
vn -0.5101 -0.4003 -0.7613
vn -0.4638 -0.4087 -0.7861
vn -0.4262 -0.3630 -0.8286
vn -0.3686 -0.4158 -0.8314
vn -0.2754 -0.4013 -0.8735
vn -0.3166 -0.4274 -0.8468
vn -0.2129 -0.4179 -0.8832
vn -0.2291 -0.1343 -0.9641
vn -0.1256 -0.3926 -0.9111
vn -0.1176 -0.4157 -0.9019
vn -0.0000 0.3232 -0.9463
vn -0.0000 -0.0948 -0.9955
vn -0.0000 -0.3798 -0.9251
vn -0.0000 -0.4185 -0.9082
vn 0.1176 -0.4157 -0.9019
vn 0.1256 -0.3926 -0.9111
vn 0.2129 -0.4179 -0.8832
vn 0.2291 -0.1343 -0.9641
vn 0.2754 -0.4013 -0.8735
vn 0.3166 -0.4274 -0.8468
vn 0.3686 -0.4158 -0.8314
vn 0.2440 0.2518 -0.9365
vn 0.4261 -0.3630 -0.8286
vn 0.4638 -0.4087 -0.7861
vn 0.4332 -0.1418 -0.8901
vn 0.5668 -0.3621 -0.7400
vn 0.5102 -0.4003 -0.7613
vn 0.5985 -0.4017 -0.6931
vn 0.6364 -0.4243 -0.6442
vn 0.6149 -0.1576 -0.7727
vn 0.7053 -0.4076 -0.5800
vn 0.7094 -0.4178 -0.5676
vn 0.7331 -0.4887 -0.4730
vn 0.6171 0.1345 -0.7753
vn 0.8034 -0.4726 -0.3623
vn 0.7721 -0.4649 -0.4333
vn 0.8262 -0.4563 -0.3305
vn 0.8423 -0.4724 -0.2597
vn 0.7825 -0.2133 -0.5849
vn 0.8535 -0.4821 -0.1976
vn 0.8685 -0.4579 -0.1895
vn 0.8709 -0.4708 -0.1413
vn 0.8660 -0.2755 -0.4173
vn 0.9235 -0.3079 -0.2289
vn 0.8642 -0.4871 -0.1257
vn 0.8675 -0.4811 -0.1261
vn 0.8625 -0.4939 -0.1098
vn 0.8849 -0.4504 -0.1185
vn 0.9397 -0.3238 -0.1105
vn 0.9643 -0.2529 -0.0791
vn 0.9749 0.1887 -0.1179
vn 0.9558 0.1501 -0.2528
vn 0.8966 0.1259 -0.4246
vn 0.7838 0.1187 -0.6096
vn 0.4322 0.1572 -0.8880
vn 0.2913 0.3307 -0.8976
vn -0.8197 -0.3232 -0.4729
vn -0.9610 -0.0236 -0.2757
vn -0.9267 -0.1649 -0.3377
vn -0.9783 0.0631 -0.1972
vn -0.9834 0.0157 -0.1810
vn -0.9647 0.1423 -0.2214
vn -0.9819 0.1414 -0.1257
vn -0.9876 0.1027 -0.1185
vn -0.6510 0.7216 0.2354
vn -0.5667 0.7793 0.2676
vn -0.5597 0.7726 0.2996
vn 0.6156 0.6471 0.4498
vn 0.7070 0.5342 0.4635
vn 0.6061 0.6218 0.4959
vn -0.5444 0.8047 0.2367
vn -0.9434 0.1965 -0.2673
vn 0.6983 0.5022 0.5100
vn 0.6943 0.5128 0.5050
vn 0.2510 0.8078 0.5333
vn 0.2518 0.7789 0.5744
vn -0.5338 0.8165 0.2198
vn -0.9285 0.2203 -0.2990
vn 0.2586 0.7604 0.5957
vn -0.3787 0.8046 0.4575
vn 0.6930 0.4646 0.5513
vn 0.6908 0.4789 0.5417
vn -0.5119 0.7324 0.4489
vn -0.8863 0.4549 0.0863
vn 0.2757 0.7326 0.6223
vn 0.6904 0.4315 0.5806
vn 0.6786 0.4655 0.5681
vn -0.5117 0.8345 0.2047
vn -0.9082 0.2448 -0.3396
vn 0.6845 0.4170 0.5980
vn -0.4896 0.8528 0.1816
vn -0.8809 0.2748 -0.3854
vn 0.6714 0.4345 0.6003
vn -0.4567 0.8741 0.1654
vn -0.8431 0.3073 -0.4412
vn 0.6530 0.4093 0.6373
vn 0.6681 0.3851 0.6367
vn -0.4400 0.8880 0.1336
vn -0.8030 0.3306 -0.4959
vn 0.6286 0.3850 0.6757
vn 0.6533 0.3542 0.6691
vn -0.4030 0.9085 0.1106
vn -0.7556 0.3542 -0.5510
vn 0.5993 0.3548 0.7176
vn 0.6434 0.3138 0.6983
vn -0.3783 0.9223 0.0788
vn -0.6908 0.3847 -0.6122
vn 0.5576 0.3298 0.7618
vn 0.5963 0.2982 0.7453
vn -0.3299 0.9424 0.0550
vn -0.6225 0.4176 -0.6619
vn 0.5115 0.3069 0.8026
vn 0.5566 0.2744 0.7841
vn 0.3148 0.6138 0.7240
vn 0.5129 0.2525 0.8205
vn 0.3068 0.6530 0.6924
vn 0.4663 0.2845 0.8377
vn 0.2830 0.5817 0.7626
vn 0.4649 0.2443 0.8510
vn -0.2995 0.9538 0.0237
vn -0.5511 0.4409 -0.7085
vn 0.4181 0.2682 0.8679
vn -0.2444 0.9696 0.0158
vn -0.4577 0.4655 -0.7575
vn 0.4099 0.2286 0.8830
vn -0.1809 0.9834 -0.0158
vn -0.3402 0.4826 -0.8070
vn 0.3465 0.2441 0.9057
vn 0.2602 0.2286 0.9381
vn 0.3390 0.2207 0.9145
vn 0.2281 0.5741 0.7864
vn 0.2606 0.2211 0.9398
vn 0.1970 0.2285 0.9534
vn -0.1336 0.9903 -0.0393
vn -0.2512 0.4945 -0.8321
vn -0.1025 0.9932 -0.0552
vn -0.1898 0.4982 -0.8461
vn 0.1421 0.2289 0.9630
vn -0.0550 0.9974 -0.0471
vn -0.1023 0.5037 -0.8578
vn 0.1418 0.2364 0.9613
vn -0.0000 0.9985 -0.0550
vn -0.0000 0.5064 -0.8623
vn 0.0791 0.2212 0.9720
vn 0.1023 0.5037 -0.8578
vn 0.0787 0.2362 0.9685
vn 0.0550 0.9974 -0.0471
vn 0.1897 0.4982 -0.8461
vn -0.0000 0.2202 0.9755
vn -0.0791 0.2212 0.9720
vn 0.1025 0.9932 -0.0552
vn 0.2512 0.4945 -0.8321
vn -0.1421 0.2289 0.9630
vn 0.1336 0.9903 -0.0393
vn 0.3402 0.4826 -0.8070
vn -0.1418 0.2364 0.9613
vn 0.1809 0.9834 -0.0157
vn 0.4577 0.4655 -0.7575
vn -0.1970 0.2285 0.9534
vn -0.0787 0.2362 0.9685
vn -0.0864 0.6127 0.7855
vn -0.0000 0.2444 0.9697
vn -0.0000 0.6237 0.7817
vn 0.0864 0.6127 0.7856
vn 0.1573 0.5975 0.7863
vn 0.1731 0.5821 0.7945
vn 0.2351 0.5642 0.7915
vn 0.2830 0.5500 0.7857
vn 0.0943 0.5898 0.8020
vn 0.2515 0.5186 0.8172
vn 0.1809 0.5346 0.8255
vn 0.2990 0.5036 0.8105
vn 0.3140 0.5339 0.7851
vn 0.3389 0.4887 0.8039
vn 0.3225 0.4483 0.8337
vn 0.3006 0.5773 0.7592
vn 0.3619 0.4325 0.8258
vn 0.3076 0.6154 0.7257
vn 0.3001 0.5686 0.7659
vn 0.2916 0.6147 0.7329
vn 0.3147 0.5192 0.7946
vn 0.3475 0.4661 0.8136
vn 0.3858 0.4094 0.8268
vn 0.4257 0.3469 0.8357
vn -0.5604 0.3158 0.7656
vn 0.4026 0.3710 0.8368
vn -0.6076 0.3393 0.7181
vn 0.3537 0.3930 0.8488
vn -0.6058 0.3776 0.7003
vn 0.2681 0.4652 0.8436
vn -0.5754 0.4335 0.6936
vn 0.1970 0.4728 0.8589
vn -0.5510 0.4880 0.6770
vn -0.8124 0.2918 0.5048
vn -0.7936 0.3536 0.4951
vn -0.5127 0.5364 0.6704
vn -0.8262 0.2361 0.5115
vn -0.7649 0.4100 0.4968
vn -0.4980 0.5849 0.6403
vn -0.7485 0.4569 0.4807
vn -0.4792 0.6206 0.6206
vn -0.7392 0.4954 0.4562
vn 0.1577 0.6701 0.7253
vn 0.1569 0.6905 0.7061
vn -0.7382 0.5183 0.4319
vn 0.1500 0.7108 0.6872
vn -0.4809 0.6544 0.5835
vn 0.2981 0.6981 0.6510
vn -0.7541 0.5263 0.3928
vn -0.4971 0.6627 0.5601
vn -0.5357 0.6774 0.5041
vn -0.5206 0.6705 0.5286
vn -0.7698 0.5263 0.3613
vn -0.7876 0.5199 0.3308
vn -0.5178 0.6983 0.4943
vn -0.7717 0.5433 0.3307
vn -0.7660 0.5765 0.2843
vn 0.1101 0.7942 0.5976
vn 0.1099 0.7769 0.6200
vn 0.1178 0.7622 0.6365
vn 0.9919 -0.1181 0.0472
vn 0.9883 -0.1490 0.0313
vn 0.4720 -0.7237 -0.5035
vn 0.4588 -0.7356 -0.4983
vn 0.9934 -0.1105 0.0316
vn 0.4728 -0.6934 -0.5437
vn 0.9939 -0.1104 0.0079
vn 0.1181 0.7478 0.6533
vn 0.9947 -0.1026 -0.0000
vn 0.4724 -0.6614 -0.5826
vn 0.1336 0.7390 0.6604
vn 0.9946 -0.1026 -0.0158
vn 0.1415 0.7232 0.6760
vn 0.9959 -0.0871 -0.0238
vn 0.4792 -0.6206 -0.6206
vn 0.9961 -0.0791 -0.0395
vn 0.9970 -0.0550 -0.0549
vn 0.4799 -0.5586 -0.6765
vn 0.9964 -0.0471 -0.0706
vn 0.9961 -0.0157 -0.0863
vn 0.1574 0.6453 0.7476
vn 0.4809 -0.4809 -0.7331
vn 0.1578 0.6150 0.7726
vn 0.9939 0.0079 -0.1104
vn 0.1654 0.5829 0.7955
vn 0.9922 0.0394 -0.1181
vn 0.4792 -0.3927 -0.7850
vn 0.1652 0.5507 0.8182
vn 0.9895 0.0550 -0.1335
vn 0.9854 0.0945 -0.1419
vn 0.1647 0.5178 0.8395
vn 0.4652 -0.2917 -0.8358
vn -0.8192 0.2048 0.5356
vn 0.1735 0.4810 0.8594
vn 0.9790 0.1184 -0.1658
vn -0.7868 0.1810 0.5901
vn -0.5059 0.2609 0.8222
vn -0.7607 0.1331 0.6353
vn -0.5117 0.2047 0.8344
vn 0.1813 0.4335 0.8827
vn -0.7731 0.0631 0.6311
vn 0.9737 0.1573 -0.1650
vn 0.1810 0.3855 0.9048
vn 0.4404 -0.1730 -0.8809
vn 0.9648 0.1898 -0.1819
vn 0.1966 0.3382 0.9203
vn 0.3954 -0.0474 -0.9173
vn -0.7885 -0.0000 0.6150
vn 0.9438 0.2595 -0.2045
vn 0.2042 0.2906 0.9348
vn 0.9348 0.2907 -0.2042
vn 0.3457 0.0786 -0.9350
vn 0.2282 0.2361 0.9445
vn -0.7621 -0.0627 0.6444
vn -0.7342 -0.1027 0.6711
vn 0.2366 0.1814 0.9545
vn -0.5048 0.0789 0.8597
vn -0.5351 0.1338 0.8341
vn -0.4500 0.0394 0.8921
vn -0.7061 -0.1570 0.6905
vn 0.4785 0.2824 0.8315
vn -0.4090 -0.0157 0.9124
vn 0.2607 0.1343 0.9560
vn -0.6820 -0.2195 0.6977
vn -0.3781 -0.0867 0.9217
vn -0.6599 -0.2750 0.6992
vn -0.3549 -0.1499 0.9228
vn 0.9205 0.3226 -0.2203
vn 0.2843 0.0790 0.9555
vn 0.9111 0.3535 -0.2121
vn 0.2835 0.2047 -0.9369
vn -0.6373 -0.3383 0.6924
vn 0.3137 0.0314 0.9490
vn 0.8903 0.3939 -0.2285
vn 0.8817 0.4172 -0.2204
vn 0.2047 0.3307 -0.9213
vn 0.3467 -0.0236 0.9377
vn -0.6137 -0.3934 0.6845
vn -0.3150 -0.2284 0.9212
vn 0.5363 0.2287 0.8124
vn -0.2914 -0.2835 0.9136
vn -0.5911 -0.4492 0.6699
vn 0.3784 -0.0788 0.9223
vn 0.8578 0.4565 -0.2361
vn 0.4091 -0.1181 0.9048
vn 0.8457 0.4821 -0.2291
vn 0.1181 0.4409 -0.8897
vn -0.5745 -0.5036 0.6453
vn 0.8204 0.5206 -0.2365
vn -0.2599 -0.3546 0.8982
vn 0.4474 -0.1648 0.8790
vn -0.5609 -0.5529 0.6161
vn -0.2516 -0.4011 0.8808
vn 0.5901 0.1810 0.7868
vn -0.2203 -0.4643 0.8578
vn -0.5290 -0.5921 0.6079
vn 0.4806 -0.2127 0.8508
vn -0.1735 -0.4810 0.8594
vn 0.8075 0.5409 -0.2352
vn 0.0316 0.5453 -0.8377
vn -0.4815 -0.6315 0.6078
vn 0.5186 -0.2515 0.8172
vn 0.7784 0.5818 -0.2359
vn 0.7648 0.5992 -0.2365
vn -0.0631 0.6311 -0.7731
vn 0.5588 -0.2833 0.7794
vn -0.4023 -0.6706 0.6232
vn -0.0944 -0.5191 0.8495
vn -0.3309 -0.7092 0.6225
vn -0.0158 -0.5363 0.8439
vn 0.7073 0.1022 0.6994
vn 0.5969 -0.3142 0.7383
vn 0.0790 -0.5764 0.8133
vn 0.7327 0.6382 -0.2363
vn -0.2748 -0.7539 0.5968
vn 0.6326 -0.3400 0.6958
vn 0.7216 0.6510 -0.2353
vn -0.1578 0.7022 -0.6943
vn -0.2509 -0.7919 0.5567
vn 0.6845 0.6924 -0.2282
vn 0.6706 -0.3629 0.6469
vn 0.6685 0.7078 -0.2281
vn -0.2516 0.7550 -0.6055
vn 0.6982 -0.3843 0.6040
vn -0.2132 -0.8213 0.5291
vn 0.1259 -0.6139 0.7792
vn 0.1577 -0.6701 0.7253
vn 0.7652 0.0789 0.6390
vn 0.8209 0.0553 0.5684
vn 0.2044 -0.6682 0.7153
vn 0.2588 -0.6590 0.7062
vn 0.8639 0.0314 0.5026
vn -0.1733 -0.8507 0.4963
vn 0.6941 -0.4102 0.5916
vn 0.7341 -0.3947 0.5526
vn 0.6379 0.7402 -0.2126
vn 0.7643 -0.4018 0.5043
vn 0.6150 0.7570 -0.2208
vn -0.3391 0.7887 -0.5127
vn 0.7472 -0.4247 0.5112
vn 0.5770 0.7904 -0.2055
vn 0.7940 -0.3931 0.4638
vn 0.5601 0.8046 -0.1973
vn -0.4173 0.8032 -0.4252
vn 0.8165 -0.4004 0.4161
vn 0.7778 -0.4243 0.4636
vn 0.9052 -0.0000 0.4250
vn 0.8056 -0.4344 0.4028
vn 0.8843 -0.0316 0.4658
vn 0.8443 -0.3867 0.3708
vn 0.9378 -0.0158 0.3468
vn 0.5205 0.8360 -0.1735
vn 0.8290 -0.4185 0.3710
vn 0.8651 -0.3775 0.3303
vn 0.4963 0.8507 -0.1733
vn -0.4813 0.8048 -0.3472
vn 0.8503 -0.4094 0.3307
vn 0.4646 0.8741 -0.1417
vn 0.8800 -0.3693 0.2986
vn 0.4495 0.8832 -0.1340
vn -0.5435 0.7955 -0.2678
vn 0.8922 -0.3632 0.2684
vn 0.8589 -0.4097 0.3073
vn 0.9591 -0.0079 0.2830
vn 0.8707 -0.4080 0.2745
vn 0.9486 -0.0711 0.3083
vn 0.9049 -0.3541 0.2361
vn 0.9736 -0.0157 0.2277
vn 0.4098 0.9064 -0.1025
vn 0.8797 -0.4085 0.2435
vn 0.9161 -0.3396 0.2132
vn 0.3940 0.9142 -0.0946
vn -0.5911 0.7801 -0.2049
vn 0.8846 -0.4107 0.2212
vn 0.3691 0.9267 -0.0707
vn 0.9253 -0.3293 0.1882
vn 0.3467 0.9377 -0.0236
vn -0.6284 0.7619 -0.1571
vn -0.6461 0.7564 -0.1024
vn 0.2758 0.9612 -0.0000
vn 0.9596 -0.2517 0.1258
vn 0.9349 -0.3142 0.1650
vn 0.8890 -0.4327 0.1495
vn 0.8964 -0.4011 0.1887
vn 0.9848 -0.0079 0.1733
vn 0.9854 -0.0394 0.1655
vn 0.9847 -0.0551 0.1654
vn 0.9867 -0.1026 0.1263
vn 0.9832 -0.0236 0.1809
vn 0.9853 -0.0947 0.1420
vn 0.9808 -0.1491 0.1255
vn 0.9795 -0.0869 0.1817
vn 0.9784 -0.1499 0.1420
vn 0.8606 0.4816 0.1658
vn 0.9685 -0.0787 0.2362
vn 0.9715 -0.1422 0.1896
vn 0.7999 0.5725 0.1803
vn 0.7629 0.6134 0.2044
vn 0.9576 -0.1413 0.2512
vn 0.8094 0.5505 0.2046
vn 0.9619 -0.1971 0.1892
vn 0.7970 0.5760 0.1815
vn 0.9590 -0.2044 0.1965
vn 0.8171 0.5420 0.1964
vn 0.9551 -0.2210 0.1973
vn 0.8255 0.5346 0.1808
vn 0.8046 0.5679 0.1735
vn 0.9442 -0.2518 0.2124
vn 0.9369 -0.2834 0.2047
vn 0.8056 0.5687 0.1659
vn 0.9166 -0.3477 0.1975
vn 0.9180 -0.3531 0.1805
vn 0.8961 -0.4088 0.1729
vn 0.9460 -0.2129 0.2444
vn 0.9347 -0.2513 0.2513
vn 0.8916 -0.4182 0.1736
vn 0.8843 -0.4422 0.1500
vn 0.9101 -0.3295 0.2511
vn 0.9049 -0.4013 0.1416
vn 0.8759 -0.4656 0.1263
vn 0.9206 -0.3698 0.1259
vn 0.8919 -0.3946 0.2211
vn 0.9057 -0.2441 0.3466
vn 0.9909 -0.0158 0.1337
vn 0.9892 -0.0393 0.1413
vn 0.9435 0.3066 0.1258
vn 0.8856 -0.3163 0.3400
vn 0.8995 0.4182 0.1263
vn 0.8786 0.4629 0.1177
vn 0.9771 -0.0000 0.2128
vn 0.8622 0.4905 0.1265
vn 0.8625 0.4940 0.1098
vn 0.8675 0.4811 0.1262
vn 0.8642 0.4871 0.1257
vn 0.8709 0.4707 0.1412
vn 0.8582 0.4803 0.1811
vn 0.8685 0.4580 0.1895
vn 0.8576 0.4485 0.2518
vn 0.8891 0.4170 0.1889
vn 0.8377 0.4661 0.2846
vn 0.8351 0.4333 0.3388
vn 0.8677 0.4023 0.2919
vn 0.8004 0.4317 0.4159
vn 0.8111 0.4016 0.4253
vn 0.7643 0.4019 0.5043
vn 0.9463 0.0079 0.3233
vn 0.7363 0.4072 0.5404
vn 0.7099 0.3941 0.5837
vn 0.8262 0.3698 0.4249
vn 0.6590 0.3766 0.6511
vn 0.5906 0.3859 0.7087
vn 0.7689 0.3139 0.5570
vn 0.5668 0.3622 0.7400
vn 0.5223 0.3877 0.7596
vn 0.6930 0.2677 0.6694
vn 0.8863 -0.0157 0.4628
vn 0.8078 -0.0392 0.5882
vn 0.5917 0.2287 0.7731
vn 0.4648 0.3545 0.8114
vn 0.4575 0.3786 0.8046
vn 0.3846 0.4002 0.8318
vn 0.7093 -0.0709 0.7014
vn 0.3382 0.3698 0.8654
vn 0.2900 0.4311 0.8544
vn 0.4814 0.2051 0.8522
vn 0.6069 -0.1025 0.7882
vn 0.1804 0.3922 0.9020
vn 0.2287 0.4417 0.8675
vn 0.1099 0.4319 0.8952
vn 0.3551 0.1893 0.9155
vn -0.0000 0.3930 0.9196
vn -0.0000 0.4185 0.9082
vn -0.1099 0.4319 0.8952
vn 0.1819 0.1898 0.9648
vn -0.0000 0.1733 0.9849
vn -0.1804 0.3922 0.9020
vn -0.2287 0.4417 0.8675
vn -0.2900 0.4311 0.8544
vn -0.3382 0.3698 0.8654
vn -0.3846 0.4002 0.8318
vn -0.1818 0.1899 0.9648
vn -0.4648 0.3545 0.8114
vn -0.4575 0.3786 0.8046
vn -0.5223 0.3877 0.7596
vn -0.3551 0.1894 0.9154
vn -0.5668 0.3622 0.7400
vn -0.5906 0.3859 0.7087
vn -0.4814 0.2051 0.8522
vn -0.5916 0.2287 0.7731
vn -0.6590 0.3766 0.6511
vn -0.7099 0.3941 0.5837
vn -0.6930 0.2677 0.6694
vn -0.7362 0.4073 0.5404
vn -0.7643 0.4019 0.5043
vn -0.7689 0.3139 0.5570
vn -0.8004 0.4316 0.4159
vn -0.8111 0.4016 0.4253
vn -0.8351 0.4333 0.3388
vn -0.8262 0.3698 0.4249
vn -0.8377 0.4661 0.2846
vn -0.8576 0.4485 0.2518
vn -0.8677 0.4023 0.2919
vn -0.8582 0.4803 0.1811
vn -0.8685 0.4580 0.1895
vn -0.8709 0.4708 0.1412
vn -0.8891 0.4170 0.1889
vn -0.8622 0.4904 0.1266
vn -0.8675 0.4811 0.1262
vn -0.8642 0.4871 0.1257
vn -0.8625 0.4939 0.1098
vn -0.8786 0.4629 0.1177
vn -0.8995 0.4182 0.1263
vn -0.9435 0.3066 0.1258
vn -0.9909 -0.0157 0.1337
vn -0.9892 -0.0393 0.1413
vn -0.9206 -0.3698 0.1259
vn -0.9771 -0.0000 0.2128
vn -0.9049 -0.4013 0.1416
vn -0.8759 -0.4656 0.1263
vn -0.8843 -0.4422 0.1500
vn -0.9463 0.0079 0.3233
vn -0.9060 -0.3703 0.2048
vn -0.8916 -0.4181 0.1736
vn -0.8961 -0.4088 0.1729
vn -0.8919 -0.3946 0.2211
vn -0.8829 -0.3548 0.3075
vn -0.8863 -0.0157 0.4628
vn -0.8078 -0.0392 0.5882
vn -0.8351 -0.3388 0.4333
vn -0.7093 -0.0710 0.7014
vn -0.7631 -0.3383 0.5507
vn -0.8718 -0.3692 0.3220
vn -0.8253 -0.3537 0.4402
vn -0.6693 -0.3386 0.6614
vn -0.6069 -0.1025 0.7882
vn -0.7544 -0.3458 0.5579
vn -0.5720 -0.3447 0.7443
vn -0.6675 -0.3456 0.6596
vn -0.7692 -0.2826 0.5731
vn -0.8368 -0.3000 0.4579
vn -0.8856 -0.3163 0.3400
vn -0.7868 -0.2046 0.5823
vn -0.9101 -0.3295 0.2511
vn -0.8510 -0.2285 0.4728
vn -0.9057 -0.2441 0.3466
vn -0.9166 -0.3477 0.1975
vn -0.9180 -0.3531 0.1805
vn -0.9369 -0.2834 0.2047
vn -0.9347 -0.2513 0.2513
vn -0.9442 -0.2518 0.2124
vn -0.9551 -0.2210 0.1973
vn -0.9146 -0.2205 0.3389
vn -0.9590 -0.2044 0.1965
vn -0.9620 -0.1971 0.1892
vn -0.9460 -0.2129 0.2444
vn -0.8094 0.5505 0.2046
vn -0.7628 0.6134 0.2045
vn -0.8171 0.5420 0.1964
vn -0.7999 0.5725 0.1803
vn -0.8606 0.4816 0.1658
vn -0.8255 0.5346 0.1808
vn -0.7970 0.5760 0.1815
vn -0.9784 -0.1499 0.1420
vn -0.9808 -0.1491 0.1255
vn -0.9715 -0.1422 0.1896
vn -0.8046 0.5679 0.1735
vn -0.9853 -0.0946 0.1419
vn -0.9867 -0.1026 0.1263
vn -0.9795 -0.0869 0.1817
vn -0.9854 -0.0394 0.1655
vn -0.9847 -0.0551 0.1654
vn -0.9848 -0.0079 0.1733
vn -0.9832 -0.0236 0.1809
vn -0.8964 -0.4010 0.1887
vn -0.8891 -0.4327 0.1495
vn -0.8846 -0.4107 0.2212
vn -0.9349 -0.3143 0.1650
vn -0.9596 -0.2517 0.1258
vn -0.9253 -0.3293 0.1882
vn -0.3467 0.9377 -0.0236
vn -0.2758 0.9612 -0.0000
vn 0.6461 0.7564 -0.1024
vn 0.6284 0.7619 -0.1571
vn 0.5911 0.7802 -0.2049
vn -0.3691 0.9267 -0.0707
vn -0.3941 0.9142 -0.0946
vn 0.5435 0.7955 -0.2678
vn -0.9161 -0.3396 0.2132
vn -0.4099 0.9064 -0.1025
vn -0.4495 0.8832 -0.1341
vn 0.4813 0.8048 -0.3472
vn -0.9049 -0.3541 0.2361
vn -0.8797 -0.4085 0.2435
vn -0.8922 -0.3632 0.2684
vn -0.9736 -0.0157 0.2277
vn -0.8707 -0.4080 0.2745
vn -0.9685 -0.0787 0.2362
vn -0.8589 -0.4097 0.3073
vn -0.9591 -0.0078 0.2830
vn -0.9576 -0.1413 0.2512
vn -0.9486 -0.0711 0.3083
vn -0.8503 -0.4095 0.3307
vn -0.8056 0.5687 0.1659
vn -0.8800 -0.3693 0.2986
vn -0.8278 0.5361 0.1656
vn -0.8337 0.5269 0.1651
vn -0.8056 0.5688 0.1659
vn -0.8416 0.5191 0.1494
vn -0.9355 -0.1258 0.3302
vn -0.8130 0.5604 0.1579
vn -0.8031 0.5747 0.1574
vn -0.8440 0.5127 0.1577
vn -0.8507 0.4963 0.1733
vn -0.8575 -0.2045 0.4720
vn -0.8160 0.5492 0.1804
vn -0.8573 0.4876 0.1652
vn -0.9004 -0.1185 0.4186
vn -0.8109 0.5590 0.1732
vn -0.8418 0.5114 0.1731
vn -0.8217 0.5452 0.1659
vn -0.8448 0.4974 0.1973
vn -0.7899 -0.1580 0.5925
vn -0.8176 0.5582 0.1415
vn -0.8440 0.5048 0.1814
vn -0.8578 -0.1023 0.5037
vn -0.8157 0.5568 0.1568
vn -0.8495 0.4955 0.1809
vn -0.8408 0.5265 0.1257
vn -0.7463 -0.1336 0.6521
vn -0.8612 0.4978 0.1027
vn -0.7179 -0.2130 0.6627
vn -0.7507 -0.0790 0.6559
vn -0.8741 0.4646 0.1417
vn -0.8651 0.4954 0.0786
vn -0.8041 -0.0629 0.5911
vn -0.8966 0.4326 0.0943
vn -0.8916 0.4495 0.0555
vn -0.9201 0.3853 0.0708
vn -0.9152 0.4023 0.0236
vn -0.9307 0.3628 0.0473
vn -0.9195 0.3930 -0.0079
vn -0.9436 0.3303 0.0236
vn -0.9530 0.2992 -0.0473
vn -0.9194 0.3929 0.0157
vn -0.7744 0.0238 0.6322
vn -0.9263 0.3768 -0.0000
vn -0.8185 -0.0944 0.5667
vn -0.9590 0.1965 -0.2043
vn -0.8102 -0.1180 0.5742
vn -0.8898 -0.1654 0.4252
vn -0.7843 -0.1725 0.5960
vn -0.8827 -0.1813 0.4335
vn -0.6831 0.0157 0.7302
vn -0.6621 0.7252 0.1892
vn -0.8562 -0.2435 0.4556
vn -0.6925 0.4564 0.5587
vn -0.0868 0.6471 0.7575
vn -0.6668 0.0077 0.7452
vn -0.4391 0.1490 0.8860
vn -0.6446 -0.0550 0.7625
vn -0.8061 -0.3320 0.4900
vn -0.6675 -0.3140 0.6752
vn -0.3942 0.1498 0.9067
vn -0.5959 -0.1333 0.7919
vn -0.3466 0.1261 0.9295
vn -0.7358 -0.4114 0.5380
vn -0.5373 -0.2212 0.8139
vn -0.6801 -0.4982 0.5378
vn -0.3060 0.0706 0.9494
vn -0.4744 -0.2925 0.8302
vn -0.2518 0.0079 0.9678
vn -0.4717 -0.0472 0.8805
vn -0.4160 -0.1099 0.9027
vn -0.1884 -0.0471 0.9810
vn -0.3546 -0.1970 0.9140
vn -0.4646 -0.0788 0.8820
vn -0.4341 -0.1737 0.8840
vn -0.5178 0.0235 0.8552
vn -0.5451 -0.0395 0.8374
vn -0.5506 0.0393 0.8338
vn -0.5692 -0.0079 0.8222
vn -0.4816 -0.0158 0.8763
vn -0.5745 -0.0079 0.8185
vn -0.5830 0.0395 0.8115
vn -0.3700 -0.0079 0.9290
vn -0.2369 0.6870 0.6870
vn -0.3713 -0.0869 0.9244
vn -0.2603 0.7022 0.6627
vn -0.3471 -0.2051 0.9151
vn -0.6549 0.0947 0.7497
vn -0.3158 -0.2763 0.9077
vn -0.7100 0.0552 0.7021
vn -0.2763 -0.2368 0.9314
vn -0.2591 -0.2120 0.9423
vn -0.1341 -0.0947 0.9864
vn -0.2673 -0.0943 0.9590
vn -0.4092 -0.3698 0.8341
vn -0.1177 -0.1963 0.9734
vn -0.6085 -0.5690 0.5532
vn -0.3548 -0.4494 0.8199
vn -0.5769 -0.3872 0.7192
vn -0.5042 -0.6223 0.5987
vn -0.6048 -0.2984 0.7384
vn -0.4960 -0.4409 0.7480
vn -0.6852 -0.2678 0.6773
vn -0.5753 -0.3468 0.7408
vn -0.4877 -0.3619 0.7945
vn -0.4660 -0.3476 0.8136
vn -0.3788 -0.3788 0.8444
vn -0.4871 -0.1257 0.8642
vn -0.3785 -0.1419 0.9147
vn -0.4098 -0.4728 0.7801
vn -0.3236 -0.4420 0.8366
vn -0.2597 -0.2361 0.9364
vn -0.3133 -0.5250 0.7913
vn -0.2044 -0.3932 0.8964
vn -0.2907 -0.4713 0.8327
vn -0.1888 -0.4642 0.8654
vn -0.1815 -0.3787 0.9075
vn -0.1575 -0.3937 0.9056
vn -0.2128 -0.2995 0.9301
vn -0.2369 -0.3001 0.9240
vn -0.1965 -0.3614 0.9115
vn -0.2368 -0.3237 0.9160
vn -0.1733 -0.3861 0.9060
vn -0.1489 -0.3291 0.9325
vn -0.1335 -0.4083 0.9030
vn -0.1649 -0.0942 0.9818
vn -0.1332 -0.3762 0.9169
vn -0.1027 -0.2133 0.9716
vn -0.1500 -0.4263 0.8921
vn -0.1178 -0.3769 0.9187
vn -0.0000 -0.1105 0.9939
vn 0.1027 -0.2133 0.9716
vn -0.0000 -0.3863 0.9224
vn 0.1178 -0.3769 0.9187
vn -0.2353 -0.4315 0.8709
vn -0.0000 -0.4409 0.8976
vn 0.1500 -0.4263 0.8921
vn -0.3466 -0.3780 0.8585
vn -0.0000 -0.4504 0.8928
vn 0.2353 -0.4315 0.8709
vn 0.1332 -0.3762 0.9169
vn 0.1335 -0.4083 0.9030
vn 0.1649 -0.0942 0.9818
vn 0.1489 -0.3291 0.9325
vn 0.2597 -0.2361 0.9364
vn 0.2045 -0.3932 0.8964
vn 0.1575 -0.3937 0.9056
vn 0.3784 -0.1420 0.9147
vn 0.3236 -0.4420 0.8366
vn 0.4871 -0.1257 0.8642
vn 0.3788 -0.3788 0.8444
vn 0.1888 -0.4642 0.8654
vn 0.4098 -0.4728 0.7801
vn 0.3133 -0.5250 0.7913
vn 0.1815 -0.3788 0.9075
vn 0.5042 -0.6223 0.5987
vn 0.2906 -0.4713 0.8327
vn 0.4960 -0.4409 0.7480
vn 0.1178 -0.1962 0.9735
vn 0.3548 -0.4494 0.8199
vn 0.6085 -0.5690 0.5532
vn 0.2128 -0.2995 0.9301
vn 0.1341 -0.0947 0.9864
vn 0.1965 -0.3614 0.9115
vn 0.4092 -0.3698 0.8341
vn 0.2763 -0.2368 0.9314
vn 0.1884 -0.0471 0.9810
vn 0.4744 -0.2926 0.8303
vn 0.3158 -0.2763 0.9077
vn 0.3546 -0.1970 0.9140
vn 0.2518 0.0079 0.9678
vn 0.2369 -0.3001 0.9240
vn 0.3471 -0.2051 0.9151
vn 0.2591 -0.2120 0.9423
vn 0.2368 -0.3237 0.9160
vn 0.1733 -0.3860 0.9060
vn 0.3466 -0.3780 0.8585
vn -0.0000 -0.4189 0.9080
vn 0.4163 -0.3063 0.8561
vn -0.4162 -0.3063 0.8561
vn -0.0000 -0.3537 0.9354
vn 0.2753 -0.2202 0.9358
vn 0.4488 -0.2205 0.8660
vn -0.4488 -0.2205 0.8660
vn -0.0000 -0.2518 0.9678
vn -0.2752 -0.2202 0.9358
vn -0.4713 -0.1335 0.8718
vn -0.2911 -0.0944 0.9520
vn 0.4713 -0.1335 0.8718
vn -0.0000 -0.1491 0.9888
vn -0.4656 -0.0474 0.8838
vn -0.2684 -0.0000 0.9633
vn -0.2924 0.0079 0.9563
vn -0.0000 -0.0550 0.9985
vn -0.4565 0.0236 0.8894
vn 0.4655 -0.0473 0.8838
vn 0.2911 -0.0944 0.9520
vn 0.4565 0.0236 0.8894
vn 0.2673 -0.0943 0.9590
vn 0.2925 0.0079 0.9562
vn 0.2684 -0.0000 0.9633
vn 0.3714 -0.0869 0.9244
vn -0.0000 0.0236 0.9997
vn -0.0000 0.1026 0.9947
vn 0.4395 0.0785 0.8948
vn -0.4395 0.0785 0.8948
vn -0.0000 0.1734 0.9849
vn 0.2672 0.0943 0.9590
vn 0.4009 0.1493 0.9039
vn -0.4009 0.1493 0.9039
vn -0.2673 0.0943 0.9590
vn -0.0000 0.2370 0.9715
vn -0.2676 0.0787 0.9603
vn 0.3560 0.2136 0.9097
vn -0.3397 0.0237 0.9402
vn -0.1974 0.1342 0.9711
vn -0.2208 0.1973 0.9551
vn -0.3560 0.2136 0.9097
vn -0.0000 0.2902 0.9570
vn -0.1811 0.2991 0.9369
vn -0.3229 0.2993 0.8979
vn 0.3229 0.2993 0.8979
vn -0.0000 0.3537 0.9354
vn -0.1883 0.3688 0.9102
vn -0.3220 0.3691 0.8718
vn -0.1101 0.2595 0.9594
vn -0.1181 0.3701 0.9214
vn -0.3538 0.4088 0.8412
vn 0.3220 0.3691 0.8718
vn -0.1653 0.4252 0.8898
vn 0.1883 0.3688 0.9102
vn 0.3538 0.4088 0.8412
vn -0.0000 0.4409 0.8975
vn 0.1811 0.2991 0.9369
vn 0.1653 0.4253 0.8899
vn 0.2209 0.1973 0.9551
vn 0.1181 0.3701 0.9214
vn 0.1101 0.2595 0.9594
vn 0.1973 0.1342 0.9711
vn 0.2676 0.0787 0.9603
vn 0.3397 0.0237 0.9402
vn 0.3700 -0.0079 0.9290
vn 0.4647 -0.0788 0.8820
vn 0.4341 -0.1736 0.8840
vn 0.4160 -0.1099 0.9027
vn 0.4816 -0.0158 0.8763
vn 0.3060 0.0706 0.9494
vn 0.4717 -0.0472 0.8805
vn 0.5451 -0.0395 0.8374
vn 0.5372 -0.2212 0.8139
vn 0.3466 0.1261 0.9295
vn 0.6801 -0.4982 0.5378
vn 0.5959 -0.1333 0.7919
vn 0.7358 -0.4114 0.5380
vn 0.5769 -0.3872 0.7192
vn 0.6675 -0.3140 0.6752
vn 0.8061 -0.3320 0.4900
vn 0.4877 -0.3619 0.7945
vn 0.6048 -0.2985 0.7383
vn 0.4660 -0.3476 0.8136
vn 0.5720 -0.3448 0.7443
vn 0.5753 -0.3468 0.7408
vn 0.6693 -0.3386 0.6614
vn 0.6675 -0.3455 0.6596
vn 0.7631 -0.3383 0.5507
vn 0.7544 -0.3458 0.5579
vn 0.6852 -0.2678 0.6773
vn 0.8351 -0.3388 0.4333
vn 0.8253 -0.3537 0.4402
vn 0.7691 -0.2826 0.5732
vn 0.7179 -0.2130 0.6627
vn 0.8368 -0.3000 0.4579
vn 0.7479 -0.2519 0.6141
vn 0.7842 -0.1726 0.5960
vn 0.8562 -0.2435 0.4556
vn 0.7463 -0.1336 0.6521
vn 0.6446 -0.0550 0.7625
vn 0.8827 -0.1813 0.4335
vn 0.6668 0.0079 0.7452
vn 0.3942 0.1498 0.9067
vn 0.8102 -0.1180 0.5742
vn 0.4391 0.1490 0.8860
vn 0.8185 -0.0944 0.5667
vn 0.6831 0.0157 0.7302
vn 0.8898 -0.1654 0.4252
vn 0.9590 0.1965 -0.2043
vn 0.7507 -0.0790 0.6559
vn 0.9530 0.2992 -0.0473
vn 0.6621 0.7252 0.1892
vn 0.0868 0.6471 0.7575
vn 0.6925 0.4564 0.5587
vn 0.9263 0.3768 -0.0000
vn 0.2369 0.6870 0.6870
vn 0.2604 0.7022 0.6627
vn 0.7100 0.0552 0.7021
vn 0.6549 0.0947 0.7497
vn 0.2748 0.7538 0.5968
vn 0.5830 0.0395 0.8115
vn 0.2921 0.7183 0.6314
vn 0.3320 0.7272 0.6008
vn 0.6082 0.0790 0.7899
vn 0.3072 0.7641 0.5672
vn 0.3850 0.7229 0.5737
vn 0.3605 0.7601 0.5407
vn 0.4250 0.7241 0.5431
vn 0.5745 -0.0079 0.8185
vn 0.5506 0.0393 0.8338
vn 0.4010 0.7706 0.4954
vn 0.5178 0.0235 0.8552
vn 0.5692 -0.0079 0.8221
vn 0.4735 0.7103 0.5209
vn 0.4632 0.7457 0.4789
vn 0.5049 0.6943 0.5128
vn 0.4782 -0.0157 0.8781
vn 0.4711 0.7458 0.4711
vn 0.5590 0.0630 0.8267
vn 0.5284 0.6940 0.4890
vn 0.4872 0.7543 0.4400
vn 0.5501 0.6837 0.4794
vn 0.5685 0.6553 0.4974
vn 0.5195 0.7320 0.4408
vn 0.5987 0.6224 0.5042
vn 0.5413 0.7217 0.4314
vn 0.4660 0.1185 0.8768
vn 0.5662 0.7157 0.4089
vn 0.6291 0.6055 0.4875
vn 0.6137 0.6845 0.3934
vn 0.6538 0.5908 0.4727
vn 0.6559 0.5532 0.5136
vn 0.6364 0.6442 0.4242
vn 0.6831 0.5889 0.4318
vn 0.2985 0.1492 0.9427
vn 0.6853 0.5671 0.4569
vn 0.6603 0.5110 0.5503
vn 0.6766 0.5586 0.4799
vn 0.6533 0.5274 0.5432
vn 0.6310 0.5285 0.5679
vn 0.6381 0.5120 0.5750
vn 0.6845 0.5272 0.5036
vn 0.2518 0.2440 0.9365
vn 0.7076 0.5189 0.4796
vn 0.6461 0.5358 0.5437
vn 0.6532 0.5194 0.5509
vn 0.7172 0.5044 0.4808
vn 0.6845 0.5271 0.5036
vn 0.7267 0.4897 0.4818
vn 0.2215 0.3320 0.9169
vn 0.6940 0.5284 0.4890
vn 0.7173 0.4966 0.4887
vn 0.7168 0.5199 0.4647
vn 0.1101 0.4095 0.9056
vn 0.7145 0.4947 0.4947
vn 0.7264 0.5053 0.4658
vn 0.2369 0.4501 0.8610
vn 0.7105 0.4816 0.5131
vn 0.7572 0.4812 0.4417
vn 0.4238 0.4238 0.8005
vn 0.3545 0.4648 0.8114
vn 0.7199 0.5064 0.4747
vn 0.8291 0.4501 0.3316
vn 0.7327 0.5043 0.4570
vn 0.8888 0.3539 0.2910
vn -0.0000 0.4816 0.8764
vn -0.0000 0.4814 0.8765
vn -0.4238 0.4238 0.8005
vn -0.3545 0.4648 0.8114
vn -0.2369 0.4501 0.8610
vn -0.0000 0.9737 0.2277
vn -0.7264 0.5053 0.4658
vn -0.8888 0.3540 0.2910
vn -0.0000 0.5888 0.8083
vn -0.7572 0.4812 0.4417
vn -0.8291 0.4501 0.3316
vn -0.7327 0.5043 0.4570
vn -0.7199 0.5064 0.4747
vn -0.7105 0.4815 0.5132
vn -0.1101 0.4095 0.9057
vn -0.7145 0.4947 0.4947
vn -0.7168 0.5199 0.4647
vn -0.7076 0.5189 0.4796
vn -0.6940 0.5284 0.4890
vn -0.7173 0.4966 0.4887
vn -0.6845 0.5271 0.5036
vn -0.6532 0.5194 0.5509
vn -0.7267 0.4897 0.4818
vn -0.2218 0.3321 0.9168
vn -0.7172 0.5044 0.4808
vn -0.6461 0.5358 0.5437
vn -0.6381 0.5120 0.5751
vn -0.2518 0.2440 0.9365
vn -0.6845 0.5272 0.5036
vn -0.6310 0.5285 0.5679
vn -0.6766 0.5585 0.4798
vn -0.6533 0.5274 0.5431
vn -0.6603 0.5110 0.5503
vn -0.6559 0.5532 0.5136
vn -0.6853 0.5671 0.4569
vn -0.2985 0.1492 0.9427
vn -0.6831 0.5889 0.4318
vn -0.6538 0.5909 0.4727
vn -0.6364 0.6442 0.4242
vn -0.3543 0.2598 0.8983
vn -0.6137 0.6845 0.3934
vn -0.4016 0.1812 0.8977
vn -0.6291 0.6055 0.4875
vn -0.5662 0.7156 0.4089
vn -0.5987 0.6224 0.5042
vn -0.4660 0.1185 0.8768
vn -0.5413 0.7217 0.4314
vn -0.4782 -0.0157 0.8781
vn -0.5685 0.6553 0.4974
vn -0.5195 0.7320 0.4408
vn -0.5501 0.6837 0.4794
vn -0.4872 0.7543 0.4400
vn -0.5284 0.6940 0.4890
vn -0.5049 0.6943 0.5128
vn -0.4710 0.7458 0.4711
vn -0.5590 0.0630 0.8267
vn -0.4631 0.7458 0.4788
vn -0.4735 0.7103 0.5209
vn -0.4010 0.7706 0.4954
vn -0.4250 0.7242 0.5431
vn -0.3850 0.7229 0.5737
vn -0.3605 0.7601 0.5407
vn -0.6082 0.0790 0.7899
vn -0.3072 0.7641 0.5672
vn -0.3320 0.7272 0.6008
vn -0.2921 0.7183 0.6315
vn -0.2749 0.7539 0.5968
vn -0.5442 0.1341 0.8282
vn -0.5982 0.1496 0.7872
vn -0.4813 0.2052 0.8522
vn -0.5412 0.2039 0.8158
vn -0.4319 0.2591 0.8639
vn -0.3149 0.3307 0.8896
vn -0.4886 0.2522 0.8353
vn -0.2046 0.4092 0.8892
vn -0.3868 0.3316 0.8605
vn -0.2919 0.4023 0.8677
vn -0.1970 0.4728 0.8589
vn -0.3537 0.3930 0.8488
vn -0.1021 0.4791 0.8718
vn -0.2681 0.4652 0.8436
vn -0.4402 0.3144 0.8411
vn 0.1021 0.4791 0.8718
vn -0.0000 0.5420 0.8404
vn -0.1022 0.5427 0.8337
vn 0.1022 0.5427 0.8337
vn -0.1809 0.5346 0.8255
vn -0.0000 0.5924 0.8056
vn -0.0943 0.5898 0.8020
vn 0.2046 0.4092 0.8892
vn -0.1731 0.5821 0.7945
vn 0.2919 0.4023 0.8677
vn 0.3149 0.3307 0.8896
vn 0.3868 0.3316 0.8605
vn 0.4402 0.3144 0.8411
vn 0.4886 0.2522 0.8353
vn 0.4319 0.2592 0.8639
vn 0.5412 0.2039 0.8158
vn 0.3544 0.2599 0.8983
vn 0.4813 0.2052 0.8522
vn 0.4016 0.1811 0.8977
vn 0.5442 0.1341 0.8282
vn 0.5983 0.1496 0.7872
vn 0.6468 0.1420 0.7494
vn 0.7744 0.0238 0.6322
vn 0.8344 -0.0079 0.5510
vn 0.9194 0.3929 0.0157
vn 0.9436 0.3303 0.0236
vn 0.9195 0.3930 -0.0079
vn 0.8041 -0.0629 0.5911
vn 0.9306 0.3628 0.0473
vn 0.9152 0.4023 0.0237
vn 0.9201 0.3853 0.0708
vn 0.8916 0.4495 0.0555
vn 0.8966 0.4326 0.0944
vn 0.8651 0.4955 0.0786
vn 0.8741 0.4646 0.1417
vn 0.8612 0.4978 0.1027
vn 0.8605 0.4816 0.1658
vn 0.8408 0.5265 0.1257
vn 0.8578 -0.1022 0.5036
vn 0.8495 0.4956 0.1809
vn 0.7899 -0.1580 0.5925
vn 0.8157 0.5568 0.1568
vn 0.8440 0.5048 0.1814
vn 0.8176 0.5582 0.1415
vn 0.8448 0.4974 0.1973
vn 0.8217 0.5452 0.1659
vn 0.8510 -0.2285 0.4728
vn 0.8575 -0.2045 0.4720
vn 0.8418 0.5114 0.1731
vn 0.8718 -0.3692 0.3220
vn 0.8830 -0.3547 0.3074
vn 0.9060 -0.3703 0.2048
vn 0.9145 -0.2207 0.3390
vn 0.8507 0.4963 0.1733
vn 0.8573 0.4876 0.1652
vn 0.8440 0.5127 0.1577
vn 0.8109 0.5590 0.1732
vn 0.8160 0.5492 0.1804
vn 0.9004 -0.1185 0.4186
vn 0.8030 0.5747 0.1575
vn 0.9210 -0.0551 0.3857
vn 0.9355 -0.1258 0.3302
vn 0.8130 0.5604 0.1578
vn 0.8055 0.5689 0.1660
vn 0.8416 0.5191 0.1494
vn 0.8337 0.5270 0.1652
vn 0.8278 0.5361 0.1656
vn 0.9267 -0.1649 -0.3378
vn 0.9610 -0.0236 -0.2757
vn 0.8197 -0.3232 -0.4729
vn 0.9783 0.0631 -0.1972
vn 0.9834 0.0157 -0.1810
vn 0.9647 0.1423 -0.2214
vn 0.9819 0.1414 -0.1257
vn 0.9876 0.1027 -0.1185
vn 0.6511 0.7216 0.2353
vn 0.5667 0.7793 0.2676
vn 0.5597 0.7726 0.2996
vn -0.6156 0.6471 0.4499
vn -0.7070 0.5342 0.4635
vn -0.6061 0.6218 0.4959
vn 0.5444 0.8047 0.2367
vn 0.9434 0.1965 -0.2673
vn -0.6983 0.5022 0.5100
vn -0.6943 0.5128 0.5050
vn -0.2518 0.7789 0.5744
vn -0.2510 0.8078 0.5333
vn 0.5339 0.8165 0.2199
vn 0.9285 0.2203 -0.2990
vn -0.2586 0.7604 0.5957
vn 0.3786 0.8046 0.4575
vn 0.5117 0.8345 0.2047
vn 0.9082 0.2448 -0.3396
vn -0.6908 0.4789 0.5417
vn -0.6786 0.4655 0.5681
vn 0.4896 0.8528 0.1816
vn 0.8808 0.2752 -0.3853
vn -0.6714 0.4345 0.6003
vn 0.4567 0.8741 0.1654
vn 0.8431 0.3073 -0.4412
vn -0.6530 0.4092 0.6373
vn 0.4400 0.8880 0.1336
vn 0.8029 0.3306 -0.4959
vn -0.6286 0.3850 0.6758
vn 0.4030 0.9085 0.1106
vn 0.7556 0.3542 -0.5510
vn -0.5993 0.3548 0.7176
vn 0.3783 0.9223 0.0788
vn 0.6908 0.3846 -0.6123
vn -0.5576 0.3298 0.7618
vn 0.3299 0.9424 0.0550
vn 0.6225 0.4176 -0.6619
vn -0.5114 0.3069 0.8026
vn 0.2995 0.9538 0.0237
vn 0.5511 0.4408 -0.7085
vn -0.4663 0.2845 0.8377
vn 0.2444 0.9696 0.0158
vn -0.4182 0.2682 0.8679
vn -0.2601 0.2287 0.9381
vn -0.3466 0.2441 0.9057
vn -0.2606 0.2211 0.9398
vn -0.3390 0.2207 0.9145
vn -0.4099 0.2286 0.8830
vn -0.4649 0.2443 0.8510
vn -0.2281 0.5741 0.7864
vn -0.1573 0.5975 0.7863
vn -0.5129 0.2525 0.8205
vn -0.2351 0.5642 0.7915
vn -0.5566 0.2744 0.7841
vn -0.2830 0.5818 0.7625
vn -0.5963 0.2982 0.7453
vn -0.3148 0.6138 0.7240
vn -0.6433 0.3138 0.6983
vn -0.6533 0.3542 0.6691
vn -0.6681 0.3852 0.6366
vn -0.3068 0.6530 0.6924
vn -0.6845 0.4170 0.5980
vn -0.2981 0.6981 0.6510
vn -0.6904 0.4315 0.5806
vn -0.6930 0.4646 0.5512
vn -0.2757 0.7326 0.6223
vn 0.5119 0.7324 0.4489
vn 0.8863 0.4549 0.0863
vn 0.5178 0.6983 0.4943
vn 0.7660 0.5765 0.2843
vn -0.1101 0.7942 0.5976
vn 0.5357 0.6774 0.5041
vn 0.7717 0.5433 0.3307
vn -0.1099 0.7769 0.6200
vn -0.9919 -0.1181 0.0472
vn -0.9883 -0.1490 0.0313
vn -0.4588 -0.7356 -0.4983
vn -0.4720 -0.7237 -0.5035
vn -0.9934 -0.1105 0.0316
vn -0.4728 -0.6934 -0.5437
vn -0.1179 0.7622 0.6365
vn -0.9939 -0.1104 0.0079
vn -0.9947 -0.1027 -0.0000
vn -0.4724 -0.6614 -0.5826
vn -0.1181 0.7478 0.6533
vn 0.7876 0.5199 0.3308
vn 0.5206 0.6705 0.5285
vn 0.7698 0.5263 0.3613
vn 0.4970 0.6627 0.5602
vn 0.4809 0.6544 0.5835
vn 0.7541 0.5263 0.3928
vn -0.1336 0.7390 0.6604
vn 0.7382 0.5183 0.4318
vn -0.9946 -0.1026 -0.0158
vn -0.1415 0.7232 0.6760
vn -0.9959 -0.0870 -0.0237
vn -0.4792 -0.6206 -0.6206
vn -0.1501 0.7109 0.6871
vn -0.9961 -0.0791 -0.0395
vn -0.9970 -0.0550 -0.0550
vn -0.4799 -0.5586 -0.6765
vn -0.1569 0.6905 0.7061
vn 0.7392 0.4954 0.4562
vn 0.4792 0.6206 0.6206
vn 0.7485 0.4569 0.4806
vn 0.4980 0.5849 0.6402
vn -0.2916 0.6147 0.7329
vn -0.1576 0.6701 0.7253
vn 0.5127 0.5364 0.6704
vn -0.9964 -0.0471 -0.0706
vn 0.7649 0.4101 0.4968
vn -0.1574 0.6453 0.7476
vn -0.9961 -0.0157 -0.0863
vn -0.4809 -0.4809 -0.7331
vn 0.5510 0.4880 0.6769
vn 0.7936 0.3536 0.4951
vn -0.1578 0.6150 0.7726
vn -0.9939 0.0079 -0.1104
vn -0.9922 0.0394 -0.1181
vn -0.4792 -0.3927 -0.7850
vn -0.1654 0.5829 0.7955
vn 0.8124 0.2918 0.5048
vn 0.5754 0.4335 0.6936
vn -0.3001 0.5686 0.7660
vn 0.6058 0.3776 0.7003
vn 0.8263 0.2363 0.5112
vn -0.3075 0.6158 0.7255
vn -0.3005 0.5773 0.7592
vn -0.3147 0.5192 0.7946
vn -0.3140 0.5339 0.7851
vn -0.2830 0.5500 0.7857
vn 0.6076 0.3393 0.7181
vn -0.2990 0.5036 0.8105
vn 0.5604 0.3157 0.7657
vn -0.2515 0.5186 0.8172
vn -0.3225 0.4483 0.8337
vn -0.3389 0.4887 0.8039
vn -0.3618 0.4325 0.8258
vn -0.4026 0.3710 0.8368
vn -0.3476 0.4661 0.8136
vn -0.3858 0.4094 0.8268
vn -0.4257 0.3469 0.8357
vn -0.4785 0.2824 0.8314
vn -0.5363 0.2287 0.8124
vn 0.4500 0.0394 0.8921
vn -0.5901 0.1809 0.7868
vn 0.5047 0.0789 0.8597
vn -0.6468 0.1420 0.7494
vn 0.5351 0.1338 0.8341
vn -0.7073 0.1022 0.6994
vn 0.5117 0.2047 0.8344
vn -0.7652 0.0789 0.6390
vn 0.5059 0.2609 0.8222
vn 0.7731 0.0631 0.6311
vn 0.7868 0.1809 0.5901
vn 0.7607 0.1332 0.6353
vn 0.8192 0.2048 0.5356
vn -0.1735 0.4810 0.8594
vn -0.1647 0.5178 0.8395
vn -0.1652 0.5507 0.8182
vn -0.9895 0.0550 -0.1335
vn -0.9854 0.0945 -0.1419
vn -0.4652 -0.2917 -0.8358
vn -0.9790 0.1184 -0.1658
vn -0.1813 0.4335 0.8827
vn -0.9737 0.1573 -0.1650
vn -0.4405 -0.1730 -0.8809
vn -0.1810 0.3855 0.9048
vn -0.9648 0.1898 -0.1819
vn -0.9549 0.2288 -0.1894
vn -0.1966 0.3382 0.9203
vn -0.3954 -0.0474 -0.9173
vn 0.7885 -0.0000 0.6150
vn -0.2042 0.2906 0.9348
vn 0.7621 -0.0627 0.6444
vn 0.7342 -0.1027 0.6711
vn -0.9438 0.2595 -0.2045
vn -0.2283 0.2361 0.9445
vn -0.9348 0.2907 -0.2042
vn -0.3457 0.0786 -0.9350
vn -0.2366 0.1814 0.9545
vn 0.7061 -0.1570 0.6905
vn -0.2607 0.1343 0.9560
vn -0.9111 0.3535 -0.2121
vn -0.2834 0.2047 -0.9369
vn 0.4090 -0.0157 0.9124
vn 0.6820 -0.2195 0.6977
vn 0.3781 -0.0867 0.9217
vn 0.3549 -0.1499 0.9228
vn 0.6599 -0.2750 0.6992
vn -0.2843 0.0790 0.9555
vn 0.6373 -0.3383 0.6924
vn 0.3150 -0.2284 0.9212
vn -0.3137 0.0313 0.9490
vn 0.2914 -0.2835 0.9136
vn 0.6137 -0.3934 0.6845
vn 0.2599 -0.3546 0.8982
vn -0.8903 0.3939 -0.2285
vn -0.3467 -0.0236 0.9377
vn 0.5911 -0.4492 0.6699
vn -0.8817 0.4172 -0.2204
vn -0.2047 0.3307 -0.9213
vn -0.3784 -0.0788 0.9223
vn -0.8578 0.4565 -0.2361
vn -0.8457 0.4821 -0.2291
vn -0.1181 0.4409 -0.8897
vn -0.4091 -0.1181 0.9048
vn 0.5744 -0.5037 0.6453
vn 0.2516 -0.4012 0.8807
vn 0.5609 -0.5529 0.6161
vn 0.2203 -0.4643 0.8578
vn 0.1735 -0.4810 0.8594
vn 0.5290 -0.5921 0.6079
vn -0.4474 -0.1648 0.8790
vn 0.4815 -0.6315 0.6078
vn -0.8204 0.5206 -0.2365
vn -0.4806 -0.2127 0.8508
vn -0.8075 0.5410 -0.2352
vn -0.0316 0.5453 -0.8376
vn -0.5186 -0.2515 0.8172
vn -0.7784 0.5818 -0.2359
vn -0.7648 0.5992 -0.2365
vn 0.0631 0.6311 -0.7731
vn -0.5588 -0.2833 0.7794
vn 0.4023 -0.6706 0.6232
vn 0.0944 -0.5191 0.8495
vn 0.0158 -0.5363 0.8439
vn 0.3309 -0.7092 0.6225
vn -0.5969 -0.3141 0.7383
vn -0.0790 -0.5764 0.8133
vn 0.2748 -0.7539 0.5968
vn -0.1259 -0.6139 0.7792
vn -0.7327 0.6382 -0.2363
vn -0.6326 -0.3401 0.6958
vn -0.7216 0.6510 -0.2353
vn 0.1578 0.7022 -0.6943
vn 0.2509 -0.7919 0.5567
vn -0.6706 -0.3629 0.6470
vn -0.6845 0.6924 -0.2282
vn -0.6685 0.7078 -0.2281
vn 0.2516 0.7550 -0.6055
vn -0.6982 -0.3844 0.6040
vn 0.2132 -0.8213 0.5291
vn -0.1577 -0.6701 0.7253
vn -0.8209 0.0553 0.5684
vn -0.2044 -0.6682 0.7153
vn -0.8344 -0.0079 0.5510
vn -0.8639 0.0314 0.5026
vn -0.8843 -0.0316 0.4658
vn -0.2590 -0.6590 0.7061
vn -0.9210 -0.0551 0.3857
vn 0.1733 -0.8507 0.4963
vn -0.9378 -0.0157 0.3468
vn -0.9052 -0.0000 0.4251
vn -0.8290 -0.4185 0.3710
vn -0.6941 -0.4102 0.5916
vn -0.7341 -0.3947 0.5526
vn -0.7472 -0.4247 0.5112
vn -0.6379 0.7402 -0.2126
vn -0.7643 -0.4018 0.5043
vn -0.6150 0.7570 -0.2208
vn 0.3391 0.7887 -0.5127
vn -0.7940 -0.3930 0.4638
vn -0.7778 -0.4244 0.4637
vn -0.5770 0.7904 -0.2055
vn -0.8165 -0.4004 0.4161
vn -0.8056 -0.4344 0.4028
vn -0.5601 0.8046 -0.1973
vn 0.4173 0.8032 -0.4252
vn -0.8444 -0.3867 0.3709
vn -0.5205 0.8360 -0.1735
vn -0.8651 -0.3775 0.3303
vn -0.4963 0.8507 -0.1733
vn -0.4646 0.8741 -0.1417
vn 0.9462 -0.3233 -0.0158
vn 0.9462 -0.3232 -0.0157
vn 0.9515 -0.3067 -0.0236
vn 0.9460 -0.3232 -0.0236
vn 0.9462 -0.3232 -0.0158
vn 0.9552 -0.2920 -0.0473
vn 0.9372 -0.3465 -0.0394
vn 0.9490 -0.3005 -0.0949
vn 0.9498 -0.2982 -0.0941
vn 0.9452 -0.3072 -0.1103
vn 0.9437 -0.3146 -0.1022
vn 0.6004 -0.3160 -0.7347
vn 0.5918 -0.3156 -0.7417
vn -0.6935 0.1261 -0.7093
vn -0.7014 0.1261 -0.7015
vn -0.9420 0.3297 -0.0628
vn -0.9390 0.3393 -0.0552
vn -0.9365 0.3463 -0.0551
vn -0.9260 0.3768 -0.0236
vn -0.9611 0.2757 -0.0158
vn -0.9438 0.3303 0.0079
vn -0.9317 0.3632 0.0079
vn -0.9462 0.3233 0.0158
vn -0.9462 0.3232 0.0158
vn -0.9462 -0.3233 -0.0158
vn -0.9461 -0.3234 -0.0158
vn -0.9515 -0.3067 -0.0236
vn -0.9460 -0.3232 -0.0236
vn -0.9552 -0.2920 -0.0473
vn -0.9372 -0.3465 -0.0394
vn -0.9490 -0.3005 -0.0949
vn -0.9498 -0.2983 -0.0942
vn -0.9452 -0.3072 -0.1103
vn -0.9437 -0.3146 -0.1022
vn -0.6004 -0.3160 -0.7347
vn -0.5918 -0.3156 -0.7417
vn 0.6935 0.1261 -0.7093
vn 0.7014 0.1261 -0.7015
vn 0.9420 0.3297 -0.0628
vn 0.9390 0.3393 -0.0552
vn 0.9365 0.3463 -0.0551
vn 0.9260 0.3767 -0.0236
vn 0.9611 0.2758 -0.0158
vn 0.9438 0.3303 0.0079
vn 0.9317 0.3632 0.0079
vn 0.9462 0.3233 0.0158
vn 0.1492 -0.9583 -0.2436
vn 0.1491 -0.9584 -0.2435
vn 0.1493 -0.9583 -0.2435
vn 0.1492 -0.9584 -0.2435
vn 0.1492 -0.9583 -0.2435
vn 0.1495 -0.9519 -0.2674
vn 0.1416 -0.9594 -0.2438
vn 0.1490 -0.9584 -0.2435
vn 0.1342 -0.9470 -0.2920
vn 0.1179 -0.9665 -0.2279
vn 0.0866 -0.9527 -0.2913
vn 0.0864 -0.9505 -0.2985
vn 0.0709 -0.9539 -0.2917
vn 0.0711 -0.9561 -0.2844
vn -0.6073 -0.7257 -0.3234
vn -0.6123 -0.7222 -0.3218
vn -0.8119 0.5833 0.0236
vn -0.8082 0.5885 0.0235
vn -0.2203 0.9520 0.2124
vn -0.2131 0.9552 0.2052
vn -0.2118 0.9574 0.1962
vn -0.1732 0.9681 0.1810
vn -0.1971 0.9384 0.2839
vn -0.1569 0.9572 0.2432
vn -0.1495 0.9674 0.2045
vn -0.1492 0.9583 0.2435
vn -0.1493 0.9583 0.2435
vn -0.1495 0.9583 0.2435
vn -0.1492 0.9583 0.2436
vn -0.1494 0.9583 0.2435
vn -0.1730 -0.0629 0.9829
vn 0.4403 0.5425 0.7154
vn -0.1896 -0.0632 0.9798
vn 0.4875 -0.6055 0.6291
vn -0.0234 0.9972 0.0707
vn 0.0943 0.9911 0.0944
vn 0.7574 0.6391 0.1341
vn 0.0549 0.9885 0.1412
vn 0.0789 -0.9944 -0.0710
vn 0.0157 -0.9988 -0.0472
vn 0.7622 0.6443 0.0629
vn 0.0788 0.9844 0.1575
vn 0.7491 -0.6623 -0.0158
vn 0.7081 -0.6845 -0.1731
vn -0.0078 -0.9910 -0.1337
vn 0.7707 0.6371 0.0079
vn 0.1341 0.9783 0.1578
vn 0.6237 -0.7342 -0.2684
vn -0.1106 -0.9799 -0.1660
vn 0.8019 0.5975 -0.0000
vn 0.1657 0.9708 0.1736
vn 0.5990 -0.7488 -0.2838
vn -0.1262 -0.9781 -0.1656
vn 0.8245 0.5654 -0.0235
vn 0.2125 0.9602 0.1810
vn 0.5516 -0.7723 -0.3152
vn -0.1811 -0.9681 -0.1731
vn 0.8459 0.5296 -0.0633
vn 0.2685 0.9475 0.1737
vn 0.5113 -0.7866 -0.3461
vn -0.2202 -0.9600 -0.1731
vn 0.8571 0.5033 -0.1101
vn 0.2996 0.9382 0.1735
vn 0.4562 -0.8021 -0.3853
vn -0.2757 -0.9455 -0.1733
vn 0.8647 0.4795 -0.1493
vn 0.3381 0.9279 0.1573
vn 0.4174 -0.8031 -0.4252
vn -0.2996 -0.9382 -0.1734
vn 0.8641 0.4635 -0.1964
vn 0.3785 0.9147 0.1419
vn 0.3710 -0.8209 -0.4341
vn -0.3307 -0.9291 -0.1654
vn -0.3702 -0.9214 -0.1181
vn 0.3386 -0.8269 -0.4489
vn 0.8576 0.4484 -0.2518
vn 0.3852 0.9119 0.1415
vn 0.2834 -0.8110 -0.5118
vn -0.4021 -0.9069 -0.1262
vn 0.8411 0.4560 -0.2909
vn 0.4022 0.9068 0.1262
vn 0.2593 -0.8096 -0.5267
vn -0.3857 -0.9129 -0.1338
vn 0.8269 0.4489 -0.3386
vn 0.4083 0.9030 0.1335
vn 0.2123 -0.8020 -0.5583
vn 0.8097 0.4559 -0.3695
vn 0.4413 0.8905 0.1103
vn -0.4088 -0.9039 -0.1257
vn 0.7865 0.4483 -0.4248
vn 0.4566 0.8818 0.1181
vn 0.1725 -0.7842 -0.5960
vn -0.4178 -0.8986 -0.1340
vn 0.7575 0.4576 -0.4655
vn 0.4787 0.8711 0.1099
vn 0.1177 -0.7692 -0.6280
vn -0.4468 -0.8858 -0.1254
vn 0.7301 0.4632 -0.5025
vn 0.5191 0.8495 0.0944
vn 0.0708 -0.7398 -0.6691
vn -0.4489 -0.8822 -0.1418
vn -0.4717 -0.8647 -0.1729
vn 0.6889 0.4671 -0.5543
vn 0.5435 0.8349 0.0866
vn 0.0079 -0.6871 -0.7266
vn -0.0788 -0.6304 -0.7723
vn -0.5041 -0.8427 -0.1890
vn 0.6368 0.4874 -0.5975
vn -0.1813 -0.5989 -0.7801
vn -0.5497 -0.8246 -0.1335
vn 0.5841 0.5289 -0.6158
vn 0.5522 0.8283 0.0947
vn 0.5526 0.8289 0.0868
vn -0.2432 -0.5807 -0.7769
vn -0.5508 -0.8262 -0.1180
vn 0.5338 0.5574 -0.6359
vn 0.5502 0.8332 0.0551
vn -0.2839 -0.5677 -0.7727
vn -0.5568 -0.8234 -0.1097
vn 0.4892 0.5760 -0.6549
vn 0.5590 0.8267 0.0630
vn -0.5502 -0.8332 -0.0550
vn 0.4703 0.5878 -0.6583
vn 0.5647 0.8235 0.0548
vn -0.3237 -0.5765 -0.7502
vn -0.5564 -0.8308 -0.0156
vn 0.4345 0.6004 -0.6714
vn 0.5824 0.8105 0.0629
vn -0.3621 -0.5667 -0.7400
vn 0.4175 0.6143 -0.6696
vn 0.6143 0.7876 0.0473
vn -0.4397 -0.5338 -0.7223
vn -0.5885 -0.8081 0.0236
vn 0.4254 0.5909 -0.6855
vn 0.6147 0.7881 0.0315
vn -0.4629 -0.5256 -0.7138
vn -0.6062 -0.7951 0.0158
vn 0.4102 0.5916 -0.6941
vn 0.6232 0.7810 0.0394
vn -0.4889 -0.5284 -0.6940
vn -0.6141 -0.7873 0.0551
vn 0.4170 0.5979 -0.6845
vn 0.6194 0.7841 0.0392
vn -0.4890 -0.5284 -0.6940
vn -0.6230 -0.7808 0.0473
vn -0.6236 -0.7815 0.0158
vn -0.4722 -0.5352 -0.7004
vn -0.6196 -0.7843 0.0313
vn 0.4186 0.5844 -0.6951
vn 0.6235 0.7814 0.0236
vn -0.4564 -0.5587 -0.6925
vn -0.6222 -0.7797 0.0709
vn 0.4247 0.5741 -0.7000
vn 0.6324 0.7746 0.0079
vn -0.4574 -0.5755 -0.6779
vn -0.6461 -0.7564 0.1024
vn 0.4394 0.5650 -0.6984
vn 0.6539 0.7562 0.0237
vn -0.4820 -0.5531 -0.6795
vn -0.6617 -0.7483 0.0472
vn 0.4651 0.5597 -0.6859
vn 0.6623 0.7490 0.0158
vn -0.4895 -0.5053 -0.7106
vn -0.6540 -0.7564 0.0079
vn 0.4419 0.5680 -0.6943
vn -0.4976 -0.4739 -0.7265
vn 0.4260 0.6074 -0.6705
vn 0.6535 0.7559 0.0394
vn 0.6537 0.7561 0.0315
vn -0.5112 -0.4247 -0.7472
vn -0.6533 -0.7556 -0.0472
vn 0.3938 0.6300 -0.6694
vn -0.5590 -0.4173 -0.7165
vn -0.6540 -0.7565 -0.0000
vn 0.3785 0.6545 -0.6545
vn 0.6614 0.7480 0.0551
vn -0.5765 -0.4028 -0.7109
vn 0.3697 0.6687 -0.6451
vn 0.6607 0.7473 0.0708
vn 0.3627 0.6860 -0.6308
vn 0.6686 0.7394 0.0787
vn -0.5822 -0.3855 -0.7159
vn -0.6540 -0.7563 -0.0158
vn 0.3470 0.6940 -0.6308
vn 0.6690 0.7399 0.0708
vn -0.5926 -0.3634 -0.7189
vn -0.6621 -0.7488 -0.0315
vn 0.3462 0.7162 -0.6060
vn 0.6793 0.7267 0.1026
vn -0.6010 -0.3479 -0.7196
vn -0.6702 -0.7411 -0.0394
vn -0.6706 -0.7416 -0.0158
vn 0.3459 0.7234 -0.5975
vn 0.6915 0.7151 0.1021
vn -0.6206 -0.3221 -0.7149
vn 0.3537 0.7388 -0.5737
vn 0.6989 0.7067 0.1099
vn 0.7100 0.6942 0.1183
vn -0.6585 -0.2823 -0.6977
vn -0.6867 -0.7262 -0.0316
vn 0.3393 0.7497 -0.5682
vn -0.6697 -0.2443 -0.7013
vn -0.7009 -0.7089 -0.0788
vn -0.7166 -0.6930 -0.0787
vn 0.3157 0.7657 -0.5604
vn 0.7184 0.6868 0.1105
vn -0.6869 -0.2131 -0.6948
vn -0.7170 -0.6934 -0.0709
vn 0.3069 0.7870 -0.5352
vn 0.7336 0.6705 0.1104
vn -0.7186 -0.1816 -0.6713
vn 0.3069 0.8026 -0.5115
vn 0.7404 0.6617 0.1182
vn 0.7417 0.6628 0.1026
vn -0.7393 -0.1652 -0.6528
vn -0.7215 -0.6902 -0.0550
vn -0.7394 -0.6686 -0.0787
vn 0.2828 0.8169 -0.5027
vn -0.7536 -0.1334 -0.6437
vn -0.7398 -0.6691 -0.0710
vn 0.2686 0.8294 -0.4898
vn 0.7468 0.6603 0.0786
vn -0.7706 -0.1022 -0.6291
vn -0.7512 -0.6563 -0.0711
vn 0.2754 0.8418 -0.4642
vn 0.7641 0.6381 0.0946
vn -0.7970 -0.0710 -0.5997
vn -0.7550 -0.6527 -0.0629
vn 0.2765 0.8531 -0.4424
vn 0.7776 0.6204 0.1021
vn -0.8176 -0.0472 -0.5739
vn -0.7727 -0.6308 -0.0710
vn 0.2674 0.8650 -0.4246
vn 0.7887 0.6074 0.0946
vn -0.8308 -0.0078 -0.5564
vn -0.7797 -0.6222 -0.0709
vn 0.2525 0.8836 -0.3944
vn 0.7966 0.5994 0.0789
vn -0.8495 0.0236 -0.5270
vn -0.8091 -0.5813 -0.0864
vn 0.2600 0.8982 -0.3545
vn 0.8191 0.5670 0.0866
vn -0.8632 0.1020 -0.4944
vn -0.8379 -0.5375 -0.0949
vn 0.2749 0.9190 -0.2828
vn 0.8437 0.5284 0.0946
vn -0.8821 0.1655 -0.4411
vn -0.8585 -0.5041 -0.0945
vn 0.2768 0.9332 -0.2294
vn 0.8567 0.5109 0.0707
vn -0.8973 0.2283 -0.3778
vn -0.8814 -0.4643 -0.0866
vn 0.2671 0.9508 -0.1572
vn 0.8698 0.4903 0.0553
vn -0.9057 0.2835 -0.3151
vn -0.8879 -0.4557 -0.0629
vn 0.3316 0.9394 -0.0868
vn 0.9131 0.4014 0.0708
vn -0.9016 0.3136 -0.2979
vn 0.5277 0.8347 -0.1575
vn 0.9457 0.2995 0.1261
vn 0.9269 0.3535 0.1257
vn -0.9048 0.1967 -0.3777
vn -0.8677 -0.4969 -0.0158
vn -0.8928 -0.4346 -0.1185
vn 0.4495 0.8358 -0.3154
vn 0.9302 0.3547 0.0946
vn -0.7972 0.2605 -0.5446
vn -0.9056 -0.3938 -0.1575
vn 0.4243 0.8721 -0.2436
vn 0.9381 0.3390 0.0709
vn -0.8120 0.3627 -0.4572
vn -0.9380 -0.3311 -0.1025
vn 0.3926 0.9185 -0.0472
vn -0.8582 0.4803 -0.1811
vn -0.9608 -0.2756 -0.0315
vn 0.3932 0.9045 0.1652
vn 0.9372 0.3465 0.0394
vn -0.8639 0.4948 0.0942
vn 0.4083 0.8481 0.3377
vn 0.9353 0.3538 -0.0000
vn -0.8470 0.4234 0.3215
vn -0.9568 -0.2902 0.0157
vn 0.9217 0.3860 0.0394
vn -0.8050 0.2839 0.5210
vn -0.9476 -0.3159 0.0473
vn 0.4244 0.7309 0.5344
vn -0.7745 0.1423 0.6164
vn -0.9437 -0.3303 0.0157
vn 0.4730 0.6070 0.6386
vn 0.9280 0.3696 0.0472
vn -0.8948 0.0785 0.4395
vn -0.8910 -0.4258 -0.1577
vn -0.8669 -0.4729 0.1576
vn 0.6243 0.6085 0.4899
vn 0.9714 0.2290 -0.0632
vn 0.9680 0.1653 0.1889
vn -0.8254 0.1258 0.5503
vn -0.7309 -0.5973 0.3301
vn -0.4264 -0.1500 0.8920
vn 0.5371 0.6082 0.5845
vn 0.1337 -0.6686 0.7315
vn 0.3708 0.1026 0.9230
vn 0.9434 0.0314 0.3301
vn 0.1897 -0.0632 0.9798
vn -0.4403 0.5425 0.7155
vn 0.1730 -0.0629 0.9829
vn -0.4875 -0.6055 0.6291
vn -0.0944 0.9910 0.0944
vn 0.0236 0.9972 0.0707
vn -0.7582 0.6397 0.1263
vn -0.0471 0.9899 0.1336
vn -0.0157 -0.9988 -0.0472
vn -0.0631 -0.9942 -0.0868
vn -0.7413 -0.6704 -0.0315
vn -0.7592 0.6485 0.0553
vn -0.0552 0.9859 0.1577
vn -0.6984 -0.6905 -0.1883
vn 0.0236 -0.9897 -0.1414
vn -0.6141 -0.7479 -0.2519
vn 0.1265 -0.9805 -0.1502
vn -0.7636 0.6455 0.0157
vn -0.1186 0.9803 0.1581
vn -0.5817 -0.7626 -0.2830
vn 0.1650 -0.9737 -0.1570
vn -0.8019 0.5975 -0.0079
vn -0.1580 0.9720 0.1739
vn -0.5441 -0.7806 -0.3076
vn 0.2042 -0.9662 -0.1571
vn -0.8183 0.5743 -0.0236
vn -0.2129 0.9616 0.1734
vn -0.4946 -0.8008 -0.3376
vn 0.2525 -0.9546 -0.1578
vn -0.8423 0.5353 -0.0630
vn -0.2589 0.9489 0.1803
vn -0.4470 -0.8078 -0.3843
vn 0.3075 -0.9384 -0.1577
vn -0.8516 0.5125 -0.1104
vn -0.3143 0.9349 0.1650
vn -0.4082 -0.8085 -0.4239
vn 0.3147 -0.9361 -0.1573
vn -0.8647 0.4795 -0.1494
vn -0.3302 0.9279 0.1730
vn -0.3616 -0.8176 -0.4480
vn 0.3480 -0.9254 -0.1503
vn -0.8621 0.4666 -0.1977
vn -0.3784 0.9147 0.1419
vn -0.3310 -0.8119 -0.4808
vn -0.8520 0.4497 -0.2682
vn -0.3923 0.9101 0.1334
vn -0.2835 -0.8110 -0.5118
vn 0.3923 -0.9101 -0.1334
vn -0.8422 0.4487 -0.2991
vn -0.4186 0.9004 0.1185
vn -0.2511 -0.8078 -0.5333
vn 0.3928 -0.9110 -0.1257
vn -0.8276 0.4413 -0.3468
vn -0.4413 0.8905 0.1103
vn -0.2042 -0.7934 -0.5734
vn 0.4017 -0.9059 -0.1339
vn -0.8026 0.4485 -0.3934
vn -0.4578 0.8840 0.0947
vn 0.4243 -0.8956 -0.1336
vn -0.7696 0.4476 -0.4554
vn -0.1569 -0.7689 -0.6198
vn -0.7331 0.4729 -0.4888
vn -0.4636 0.8801 0.1022
vn -0.4824 0.8699 0.1029
vn -0.0864 -0.7537 -0.6516
vn 0.4566 -0.8818 -0.1181
vn 0.4787 -0.8711 -0.1099
vn -0.6978 0.4783 -0.5332
vn -0.5129 0.8523 0.1026
vn -0.0157 -0.7226 -0.6911
vn 0.0471 -0.6905 -0.7218
vn 0.5023 -0.8555 -0.1256
vn -0.6697 0.4885 -0.5594
vn -0.5336 0.8395 0.1021
vn 0.0865 -0.6682 -0.7390
vn 0.5168 -0.8457 -0.1331
vn -0.6449 0.4955 -0.5819
vn -0.5486 0.8308 0.0940
vn 0.1504 -0.6329 -0.7595
vn 0.5422 -0.8330 -0.1100
vn -0.6047 0.5183 -0.6047
vn -0.5518 0.8277 0.1025
vn 0.2205 -0.6064 -0.7639
vn 0.5581 -0.8253 -0.0865
vn -0.5660 0.5423 -0.6209
vn -0.5576 0.8247 0.0943
vn 0.2684 -0.5843 -0.7659
vn -0.5282 0.5597 -0.6385
vn -0.5681 0.8205 0.0631
vn 0.3071 -0.5673 -0.7641
vn 0.5530 -0.8294 -0.0790
vn -0.4889 0.5677 -0.6623
vn -0.5600 0.8282 0.0237
vn 0.3632 -0.5527 -0.7501
vn 0.5650 -0.8238 -0.0471
vn -0.4255 0.5908 -0.6855
vn -0.5833 0.8119 0.0237
vn 0.4326 -0.5270 -0.7315
vn 0.5922 -0.8054 -0.0237
vn -0.4105 0.5999 -0.6867
vn -0.6149 0.7883 0.0236
vn 0.4658 -0.5053 -0.7264
vn 0.6147 -0.7881 -0.0315
vn -0.4102 0.5916 -0.6941
vn -0.6199 0.7847 -0.0000
vn 0.4720 -0.5034 -0.7237
vn 0.6197 -0.7845 -0.0236
vn 0.6150 -0.7885 0.0079
vn -0.4013 0.5902 -0.7004
vn -0.6151 0.7885 -0.0000
vn 0.4876 -0.5112 -0.7078
vn -0.3929 0.5972 -0.6993
vn -0.6150 0.7885 0.0079
vn 0.4963 -0.5120 -0.7011
vn 0.6198 -0.7846 0.0157
vn -0.3862 0.5990 -0.7014
vn -0.6282 0.7774 0.0314
vn 0.4970 -0.5207 -0.6942
vn 0.6236 -0.7815 0.0158
vn 0.6323 -0.7746 0.0158
vn -0.4017 0.5985 -0.6931
vn 0.5049 -0.5128 -0.6943
vn 0.6538 -0.7563 0.0236
vn -0.4101 0.5916 -0.6941
vn -0.6368 0.7704 0.0315
vn 0.5186 -0.5029 -0.6915
vn -0.6454 0.7635 0.0236
vn 0.5170 -0.4855 -0.7050
vn 0.6585 -0.7526 -0.0000
vn 0.6540 -0.7564 -0.0158
vn -0.6540 0.7565 0.0079
vn 0.4947 -0.4947 -0.7145
vn 0.6540 -0.7565 -0.0000
vn -0.4271 0.5773 -0.6959
vn -0.6667 0.7452 0.0157
vn 0.5102 -0.4788 -0.7144
vn -0.4167 0.5896 -0.6919
vn -0.6622 0.7489 0.0236
vn 0.5264 -0.4478 -0.7228
vn 0.6537 -0.7561 -0.0315
vn 0.6566 -0.7516 -0.0633
vn -0.3849 0.6205 -0.6833
vn -0.6539 0.7564 0.0158
vn -0.6617 0.7483 0.0473
vn 0.5183 -0.4319 -0.7382
vn 0.6566 -0.7516 -0.0632
vn -0.3938 0.6299 -0.6694
vn 0.5348 -0.4090 -0.7394
vn 0.6694 -0.7403 -0.0630
vn -0.3698 0.6530 -0.6609
vn -0.6614 0.7480 0.0551
vn 0.5581 -0.3774 -0.7390
vn 0.6694 -0.7402 -0.0630
vn -0.3542 0.6691 -0.6534
vn -0.6621 0.7488 0.0315
vn 0.5823 -0.3541 -0.7318
vn 0.6849 -0.7243 -0.0787
vn -0.3470 0.6939 -0.6309
vn -0.6694 0.7402 0.0630
vn 0.5969 -0.3142 -0.7383
vn 0.6850 -0.7243 -0.0787
vn -0.3535 0.7068 -0.6128
vn -0.6845 0.7238 0.0865
vn 0.6231 -0.2918 -0.7256
vn 0.7034 -0.7034 -0.1027
vn -0.3615 0.7226 -0.5892
vn -0.7027 0.7028 0.1106
vn 0.6440 -0.2513 -0.7225
vn 0.7177 -0.6863 -0.1179
vn -0.3402 0.7358 -0.5856
vn -0.7079 0.7000 0.0944
vn 0.6719 -0.2056 -0.7115
vn -0.3148 0.7555 -0.5745
vn -0.7166 0.6930 0.0788
vn 0.7329 -0.6699 -0.1182
vn -0.2990 0.7791 -0.5509
vn -0.7238 0.6845 0.0865
vn 0.7013 -0.1655 -0.6934
vn -0.2991 0.7952 -0.5275
vn -0.7309 0.6759 0.0943
vn -0.7389 0.6682 0.0865
vn 0.7337 -0.1499 -0.6627
vn 0.7353 -0.6721 -0.0870
vn 0.7391 -0.6681 -0.0863
vn -0.2841 0.8050 -0.5209
vn 0.7502 -0.1342 -0.6475
vn 0.7502 -0.6555 -0.0869
vn -0.2759 0.8277 -0.4887
vn -0.7491 0.6545 0.1025
vn 0.7712 -0.0945 -0.6296
vn 0.7641 -0.6381 -0.0945
vn -0.2752 0.8333 -0.4795
vn -0.7712 0.6295 0.0944
vn 0.7975 -0.0632 -0.6001
vn -0.2756 0.8582 -0.4330
vn -0.7807 0.6151 0.1104
vn 0.8120 -0.0158 -0.5834
vn 0.7800 -0.6145 -0.1182
vn 0.7875 -0.6064 -0.1102
vn -0.2435 0.8797 -0.4084
vn -0.7781 0.6210 0.0943
vn 0.8246 0.0157 -0.5655
vn 0.8045 -0.5836 -0.1104
vn -0.2364 0.8983 -0.3704
vn -0.7855 0.6127 0.0864
vn 0.8458 0.0633 -0.5297
vn 0.8400 -0.5259 -0.1334
vn -0.2358 0.9195 -0.3144
vn -0.8085 0.5809 0.0941
vn 0.8561 0.1492 -0.4948
vn 0.8604 -0.4894 -0.1421
vn -0.2763 0.9314 -0.2368
vn -0.8508 0.5120 0.1182
vn 0.8630 0.2197 -0.4550
vn 0.8891 -0.4327 -0.1495
vn -0.3072 0.9372 -0.1653
vn -0.8866 0.4473 0.1177
vn 0.8724 0.2908 -0.3930
vn 0.9175 -0.3797 -0.1186
vn -0.3542 0.9287 -0.1102
vn -0.9182 0.3847 0.0942
vn 0.8786 0.3530 -0.3216
vn 0.9189 -0.3849 -0.0864
vn -0.4332 0.8979 -0.0788
vn -0.9467 0.3078 0.0947
vn 0.8805 0.3616 -0.3066
vn -0.5761 0.7970 -0.1815
vn -0.9570 0.2610 0.1265
vn -0.9320 0.3475 0.1027
vn 0.8686 0.2526 -0.4264
vn 0.9029 -0.4240 -0.0707
vn 0.9163 -0.3714 -0.1501
vn -0.4800 0.8026 -0.3541
vn -0.9308 0.3550 0.0868
vn 0.7787 0.3146 -0.5428
vn 0.9279 -0.3303 -0.1730
vn -0.4424 0.8531 -0.2765
vn -0.9361 0.3461 0.0629
vn 0.8003 0.4080 -0.4394
vn 0.9594 -0.2595 -0.1101
vn -0.4007 0.9114 -0.0943
vn 0.8345 0.5116 -0.2047
vn 0.9728 -0.2294 -0.0316
vn -0.4025 0.9077 0.1184
vn -0.9431 0.3301 0.0393
vn 0.8516 0.5204 0.0631
vn 0.8348 0.4568 0.3072
vn 0.9694 -0.2444 0.0236
vn -0.4252 0.8425 0.3307
vn -0.9437 0.3303 0.0157
vn 0.8013 0.2985 0.5185
vn 0.9504 -0.3063 0.0550
vn -0.4253 0.7410 0.5197
vn -0.9147 0.4021 0.0394
vn 0.7736 0.1499 0.6156
vn 0.9437 -0.3304 0.0157
vn -0.4646 0.6142 0.6379
vn -0.9206 0.3855 0.0629
vn 0.8948 0.0783 0.4396
vn 0.8909 -0.4259 -0.1578
vn 0.8669 -0.4729 0.1576
vn -0.6219 0.6062 0.4959
vn -0.9714 0.2290 -0.0632
vn -0.9665 0.1650 0.1964
vn 0.8254 0.1258 0.5503
vn 0.4264 -0.1499 0.8920
vn 0.7309 -0.5973 0.3301
vn -0.5370 0.6082 0.5845
vn -0.1337 -0.6686 0.7315
vn -0.3708 0.1026 0.9230
vn -0.9434 0.0315 0.3302
vn -0.7787 0.0865 -0.6214
vn -0.1741 0.7674 -0.6171
vn -0.0079 -0.3233 -0.9463
vn -0.1420 0.9550 0.2604
vn -0.1492 0.9499 0.2748
vn 0.1344 -0.9560 -0.2607
vn 0.1415 -0.9509 -0.2751
vn 0.3546 0.8745 -0.3309
vn -0.1415 0.9594 0.2438
vn 0.5587 -0.4564 -0.6925
vn 0.5990 -0.4729 -0.6462
vn 0.3862 0.8669 -0.3152
vn 0.6290 -0.4876 -0.6055
vn 0.1423 -0.9647 -0.2214
vn 0.4099 0.8588 -0.3073
vn -0.1421 0.9630 0.2289
vn -0.1414 0.9669 0.2122
vn 0.6456 -0.5117 -0.5669
vn 0.1340 -0.9696 -0.2049
vn 0.4394 0.8474 -0.2981
vn -0.1257 0.9740 0.1885
vn 0.6606 -0.5269 -0.5347
vn 0.1257 -0.9740 -0.1885
vn 0.4652 0.8358 -0.2917
vn -0.1105 0.9786 0.1736
vn 0.6700 -0.5518 -0.4967
vn 0.1106 -0.9799 -0.1659
vn 0.4968 0.8201 -0.2839
vn -0.0944 0.9830 0.1572
vn 0.6756 -0.5734 -0.4634
vn 0.0867 -0.9849 -0.1497
vn 0.5265 0.8017 -0.2829
vn -0.0628 0.9891 0.1334
vn 0.6803 -0.6012 -0.4192
vn 0.0629 -0.9901 -0.1257
vn 0.5589 0.7793 -0.2834
vn -0.0315 0.9925 0.1182
vn 0.6744 -0.6352 -0.3764
vn 0.0237 -0.9944 -0.1026
vn 0.5891 0.7540 -0.2906
vn 0.0080 0.9962 0.0870
vn 0.6517 -0.6752 -0.3455
vn -0.0235 -0.9966 -0.0784
vn 0.6285 0.7149 -0.3064
vn 0.0627 0.9965 0.0549
vn 0.6237 -0.7185 -0.3079
vn -0.0868 -0.9947 -0.0553
vn 0.6596 0.6754 -0.3298
vn 0.1336 0.9908 0.0236
vn 0.5765 -0.7660 -0.2843
vn -0.1579 -0.9869 -0.0316
vn 0.7010 0.6143 -0.3623
vn 0.1976 0.9802 -0.0158
vn 0.5186 -0.8172 -0.2514
vn -0.2277 -0.9736 -0.0157
vn 0.7489 0.5440 -0.3784
vn 0.2609 0.9646 -0.0395
vn 0.4713 -0.8561 -0.2121
vn -0.2924 -0.9562 -0.0158
vn 0.8192 0.4569 -0.3466
vn 0.3161 0.9482 -0.0316
vn 0.4332 -0.8901 -0.1417
vn -0.3396 -0.9397 -0.0395
vn 0.8962 0.3852 -0.2201
vn 0.3536 0.9352 0.0157
vn 0.4179 -0.9068 -0.0552
vn -0.3620 -0.9288 -0.0787
vn 0.9353 0.3537 -0.0000
vn 0.6753 0.3141 0.6674
vn 0.3791 0.9241 0.0474
vn 0.2749 -0.7776 0.5655
vn -0.3707 -0.9231 -0.1026
vn -0.1181 -0.0315 0.9925
vn -0.1182 -0.0315 0.9925
vn -0.1579 0.9546 0.2525
vn -0.1578 0.9527 0.2598
vn -0.1575 0.9527 0.2598
vn 0.1420 0.8605 0.4893
vn 0.1421 0.8604 0.4894
vn 0.6453 0.3226 0.6925
vn 0.7706 -0.4011 0.4954
vn 0.7681 -0.4076 0.4938
vn 0.4472 -0.8944 0.0078
vn 0.4409 -0.8975 -0.0000
vn 0.1655 -0.9534 -0.2521
vn 0.1578 -0.9547 -0.2525
vn 0.1576 -0.9547 -0.2525
vn 0.1581 -0.9546 -0.2525
vn 0.1576 -0.9527 -0.2598
vn -0.0000 -0.2445 -0.9696
vn -0.0000 -0.2445 -0.9697
vn -0.0000 -0.2444 -0.9697
vn -0.0000 -0.2446 -0.9696
vn -0.9494 0.3139 0.0078
vn -0.9487 0.3162 0.0079
vn -0.9494 0.3138 0.0078
vn -0.9494 0.3139 0.0079
vn -0.9486 0.3162 0.0079
vn -0.9499 0.0628 0.3062
vn -0.5348 -0.4090 0.7394
vn -0.5292 -0.4107 0.7425
vn 0.1974 -0.6399 0.7426
vn 0.2050 -0.6389 0.7414
vn 0.8118 -0.4966 0.3074
vn 0.8118 -0.4965 0.3074
vn 0.9463 -0.3233 -0.0079
vn 0.9487 -0.3162 -0.0079
vn 0.9494 -0.3138 -0.0078
vn 0.9494 -0.3139 -0.0078
vn 0.9494 -0.3139 -0.0079
vn 0.9494 0.3138 0.0078
vn 0.9487 0.3162 0.0079
vn 0.9494 0.3139 0.0078
vn 0.9494 0.3139 0.0079
vn 0.9499 0.0628 0.3062
vn 0.5348 -0.4090 0.7394
vn 0.5291 -0.4107 0.7426
vn -0.1975 -0.6399 0.7426
vn -0.2051 -0.6389 0.7415
vn -0.8118 -0.4965 0.3074
vn -0.9463 -0.3233 -0.0079
vn -0.9486 -0.3162 -0.0078
vn -0.9494 -0.3139 -0.0078
vn -0.9494 -0.3139 -0.0079
vn -0.6217 -0.2990 0.7239
vn -0.6048 -0.2985 0.7383
vn -0.6132 -0.2988 0.7312
vn -0.6217 -0.2990 0.7240
vn -0.6998 -0.2909 0.6525
vn -0.6997 -0.2909 0.6525
vn -0.9218 -0.2364 0.3073
vn -0.9743 -0.1100 -0.1964
vn -0.7628 0.0472 -0.6449
vn -0.6997 -0.2909 0.6526
vn -0.7629 0.0472 -0.6448
vn -0.3457 0.1886 -0.9192
vn -0.9218 -0.2363 0.3072
vn 0.1577 0.2837 -0.9458
vn 0.1576 0.2837 -0.9459
vn 0.6216 0.2990 -0.7240
vn -0.7629 0.0471 -0.6448
vn 0.6217 0.2990 -0.7240
vn 0.9290 0.2283 -0.2913
vn 0.8035 0.2757 -0.5277
vn 0.1577 0.2837 -0.9459
vn 0.8762 0.2526 -0.4105
vn 0.6217 0.2990 -0.7239
vn 0.9311 0.2288 -0.2840
vn 0.8034 0.2757 -0.5277
vn 0.8808 0.2517 -0.4011
vn -0.9475 0.1737 -0.2685
vn -0.9474 0.0868 -0.3079
vn -0.9665 0.1650 -0.1965
vn -0.9708 0.1105 -0.2131
vn -0.8540 -0.4981 -0.1503
vn -0.9616 0.2128 -0.1734
vn 0.0315 -0.2995 -0.9536
vn 0.0473 -0.2921 -0.9552
vn 0.0552 -0.2920 -0.9548
vn 0.0705 -0.2823 -0.9567
vn 0.0079 -0.2996 -0.9540
vn 0.0787 -0.2676 -0.9603
vn 0.0867 -0.2601 -0.9617
vn -0.0079 -0.2924 -0.9563
vn 0.0943 -0.2359 -0.9672
vn -0.0236 -0.2829 -0.9588
vn 0.0864 -0.2119 -0.9735
vn 0.0941 -0.2118 -0.9728
vn -0.0394 -0.2756 -0.9605
vn 0.0789 -0.1894 -0.9787
vn -0.0470 -0.2588 -0.9648
vn 0.0551 -0.1731 -0.9834
vn -0.0472 -0.2515 -0.9667
vn 0.0629 -0.1730 -0.9829
vn -0.0552 -0.2366 -0.9700
vn 0.0316 -0.1579 -0.9869
vn -0.0472 -0.2200 -0.9744
vn 0.0078 -0.1657 -0.9862
vn -0.0550 -0.2199 -0.9740
vn 0.0079 -0.1580 -0.9874
vn -0.0474 -0.1974 -0.9792
vn -0.0158 -0.1657 -0.9861
vn -0.0392 -0.1884 -0.9813
vn -0.0315 -0.1808 -0.9830
vn -0.0000 0.2446 0.9696
vn -0.0000 0.2445 0.9696
vn -0.0000 0.2445 0.9697
vn -0.5701 -0.3642 -0.7364
vn -0.7572 -0.3944 -0.5206
vn -0.6774 -0.1260 -0.7247
vn -0.5041 -0.5907 -0.6300
vn -0.8814 -0.0157 -0.4722
vn -0.7291 0.1176 -0.6742
vn -0.8026 0.3069 -0.5115
vn -0.6209 -0.7073 -0.3380
vn -0.3935 -0.7791 -0.4880
vn -0.3476 -0.9007 -0.2607
vn -0.9491 -0.2980 -0.1020
vn -0.9394 0.2684 -0.2131
vn -0.8109 0.4881 -0.3228
vn -0.8258 0.5585 -0.0786
vn -0.9918 -0.0945 0.0865
vn -0.9168 0.3557 0.1818
vn -0.7774 0.6047 0.1728
vn -0.7400 0.5275 0.4173
vn -0.8199 0.2207 0.5282
vn -0.6464 0.4178 0.6385
vn -0.5849 0.2135 0.7825
vn -0.8529 -0.5212 0.0315
vn -0.9203 -0.1966 0.3382
vn -0.6786 -0.1104 0.7261
vn -0.4722 0.0079 0.8815
vn -0.4113 -0.2452 0.8779
vn -0.8368 -0.4579 0.3000
vn -0.5606 -0.4738 0.6792
vn -0.3078 -0.4814 0.8207
vn -0.2910 -0.6843 0.6686
vn -0.4984 -0.7674 0.4035
vn -0.2286 -0.8510 0.4728
vn -0.2675 -0.9362 0.2281
vn -0.5212 -0.8529 0.0316
vn -0.2610 -0.9650 -0.0237
vn -0.6773 -0.1969 -0.7088
vn -0.8584 -0.1575 -0.4882
vn -0.7057 0.0627 -0.7057
vn -0.6854 -0.4255 -0.5909
vn -0.8524 0.2525 -0.4578
vn -0.6709 0.3158 -0.6709
vn -0.6705 0.5285 -0.5207
vn -0.8271 -0.4806 -0.2914
vn -0.6385 -0.6305 -0.4414
vn -0.6247 -0.7511 -0.2135
vn -0.9966 0.0235 -0.0785
vn -0.8117 0.5439 -0.2127
vn -0.6160 0.7108 -0.3397
vn -0.6036 0.7917 -0.0941
vn -0.9664 0.2357 0.1021
vn -0.7483 0.6381 0.1812
vn -0.5340 0.8322 0.1492
vn -0.5189 0.7549 0.4011
vn -0.6913 0.4949 0.5264
vn -0.4562 0.6371 0.6213
vn -0.4636 0.4243 0.7778
vn -0.9730 -0.2197 0.0706
vn -0.9270 0.1257 0.3535
vn -0.6544 0.1498 0.7412
vn -0.4162 0.1965 0.8878
vn -0.4400 -0.0629 0.8958
vn -0.9290 -0.1496 0.3385
vn -0.6629 -0.2368 0.7103
vn -0.4246 -0.3144 0.8490
vn -0.4716 -0.5266 0.7073
vn -0.7091 -0.5436 0.4491
vn -0.4796 -0.7076 0.5189
vn -0.5445 -0.7892 0.2840
vn -0.7652 -0.6390 0.0789
vn -0.5599 -0.8282 0.0237
vn -0.8031 0.5747 -0.1574
vn -0.7084 0.7005 0.0865
vn -0.6238 0.7422 -0.2448
vn -0.9017 0.4312 0.0313
vn -0.3952 0.9169 -0.0554
vn -0.4017 0.8508 -0.3387
vn -0.1658 0.9394 -0.3000
vn -0.8199 0.4494 0.3548
vn -0.9476 0.2448 0.2053
vn -0.8935 0.1254 0.4311
vn -0.3937 0.8269 0.4016
vn -0.0236 0.9997 -0.0000
vn 0.0945 0.9610 -0.2599
vn 0.3000 0.9475 -0.1105
vn -0.1181 0.8897 0.4409
vn 0.3001 0.9240 0.2369
vn 0.4965 0.8671 0.0394
vn 0.5907 0.7639 0.2599
vn 0.4186 0.7266 0.5449
vn 0.6623 0.5994 0.4495
vn 0.6003 0.4581 0.6556
vn -0.4728 0.6463 0.5990
vn -0.0314 0.7449 0.6665
vn 0.3060 0.4630 0.8318
vn 0.5141 0.2689 0.8145
vn 0.3225 0.1416 0.9359
vn -0.2513 0.5969 0.7619
vn 0.0078 0.2591 0.9658
vn 0.1182 -0.0079 0.9930
vn -0.1335 -0.0550 0.9895
vn -0.3861 0.1734 0.9060
vn -0.3769 -0.1177 0.9187
vn -0.6001 -0.0632 0.7975
vn -0.6898 0.2430 0.6820
vn -0.7845 -0.0235 0.6197
vn -0.5108 0.2122 -0.8331
vn -0.4894 0.0790 -0.8684
vn -0.0156 0.3139 -0.9493
vn -0.2359 0.7472 -0.6214
vn -0.0000 0.2052 -0.9787
vn -0.0474 -0.3791 -0.9242
vn 0.4320 0.4948 -0.7540
vn 0.6614 0.7480 -0.0551
vn 0.8513 0.2837 -0.4414
vn 0.5041 0.0945 -0.8585
vn 0.8490 -0.3852 -0.3616
vn 0.8562 0.2435 -0.4556
vn 0.7608 0.1335 -0.6351
vn 0.7079 0.4326 -0.5584
vn 0.8579 -0.1023 -0.5036
vn 0.9884 0.1502 0.0237
vn 0.9869 0.1579 0.0316
vn 0.8883 -0.2830 -0.3616
vn 0.1492 -0.2435 -0.9583
vn 0.7487 0.5832 -0.3152
vn 0.7304 0.6754 -0.1021
vn -0.0079 0.7110 -0.7031
vn 0.2055 0.6085 -0.7665
vn 0.3226 -0.0630 -0.9444
vn 0.8894 0.0236 0.4566
vn 0.9802 0.1818 -0.0789
vn 0.8262 0.2675 0.4957
vn 0.9046 -0.2124 0.3697
vn 0.9343 0.3532 -0.0472
vn 0.7145 0.4947 0.4948
vn 0.9898 0.0157 -0.1414
vn 0.8673 -0.4337 0.2444
vn 0.6785 0.2998 -0.6706
vn 0.8520 0.5207 -0.0552
vn 0.7503 0.6554 -0.0869
vn 0.5661 0.6919 0.4481
vn 0.9630 -0.1421 -0.2289
vn 0.7819 -0.6161 0.0948
vn 0.6206 0.7698 -0.1492
vn 0.3863 0.8514 0.3547
vn 0.1893 0.9549 0.2289
vn 0.9051 -0.2676 -0.3305
vn 0.4812 0.8441 -0.2367
vn -0.0078 0.9969 0.0785
vn 0.6355 0.3609 -0.6826
vn 0.3458 0.8723 -0.3458
vn 0.2204 0.8578 -0.4643
vn -0.1891 0.9774 -0.0946
vn 0.0944 0.8021 -0.5897
vn -0.3538 0.8963 -0.2673
vn 0.5823 0.3541 -0.7318
vn -0.0000 0.7031 -0.7110
vn -0.4889 0.7569 -0.4337
vn -0.5721 0.5721 -0.5877
vn -0.0552 0.5683 -0.8209
vn -0.0788 0.4173 -0.9054
vn -0.6077 0.3551 -0.7103
vn 0.5665 0.2911 -0.7710
vn -0.0786 0.2436 -0.9667
vn -0.5970 0.1179 -0.7935
vn -0.5300 -0.1265 -0.8385
vn -0.0314 0.0785 -0.9964
vn -0.4181 -0.3550 -0.8362
vn 0.0552 -0.0868 -0.9947
vn 0.1577 -0.2209 -0.9625
vn -0.2683 -0.5524 -0.7892
vn 0.6128 0.2357 -0.7542
vn 0.2832 -0.3385 -0.8973
vn -0.0945 -0.7079 -0.7000
vn 0.4161 -0.4160 -0.8086
vn 0.1024 -0.8116 -0.5752
vn 0.2992 -0.8581 -0.4172
vn 0.5650 -0.4394 -0.6984
vn 0.6927 -0.4252 -0.5825
vn 0.4886 -0.8353 -0.2521
vn 0.6673 0.2355 -0.7066
vn 0.8097 -0.3695 -0.4560
vn 0.6524 -0.7546 -0.0707
vn 0.1343 0.6475 -0.7502
vn 0.2606 0.6079 -0.7500
vn 0.2443 0.9143 -0.3231
vn -0.3396 0.8608 -0.3791
vn 0.3461 0.8810 -0.3225
vn 0.7792 0.4879 -0.3934
vn 0.1026 0.9780 0.1814
vn 0.2205 0.7167 0.6616
vn 0.5056 0.8451 0.1737
vn -0.1412 0.8947 0.4238
vn -0.6463 0.4413 0.6226
vn 0.2604 0.7021 0.6627
vn 0.6543 0.6304 0.4177
vn 0.7946 -0.0394 0.6058
vn -0.1177 0.7693 0.6280
vn 0.1181 0.3069 0.9444
vn 0.1103 0.3072 0.9452
vn -0.3083 0.6485 0.6960
vn -0.5839 0.7812 0.2209
vn 0.5659 0.5423 0.6210
vn 0.6471 0.3315 0.6866
vn 0.9390 0.2762 0.2052
vn 0.6865 0.6550 0.3157
vn -0.1493 0.9349 0.3221
vn 0.6282 0.7774 -0.0314
vn 0.7365 0.6425 -0.2116
vn 0.1107 0.9312 0.3473
vn -0.0393 0.9989 -0.0236
vn -0.2116 0.9559 -0.2037
vn -0.1179 0.9665 0.2279
vn 0.1257 0.8555 0.5023
vn 0.4240 0.7536 0.5024
vn -0.4026 0.6393 0.6551
vn -0.5507 0.7631 -0.3383
vn 0.7158 0.2674 0.6450
vn 0.0236 0.9288 -0.3699
vn -0.0708 0.6690 -0.7399
vn 0.6776 0.7015 0.2207
vn 0.8908 0.2838 -0.3547
vn 0.4722 0.8106 0.3463
vn 0.5279 0.7643 -0.3703
vn 0.4409 0.4960 -0.7481
vn 0.4088 0.3538 0.8412
vn 0.2604 -0.0710 0.9629
vn -0.2284 0.0945 0.9690
vn 0.4012 0.8574 0.3225
vn 0.1963 0.9262 0.3219
vn -0.0944 0.5191 0.8495
vn 0.1581 -0.3004 -0.9406
vn 0.2363 -0.7327 -0.6382
vn 0.0706 -0.3295 -0.9415
vn -0.4490 -0.5828 -0.6773
vn 0.2600 -0.7247 -0.6381
vn 0.7176 -0.1892 -0.6703
vn 0.0314 -0.8726 -0.4874
vn 0.5102 -0.7144 -0.4789
vn -0.1177 -0.9665 -0.2279
vn -0.5506 -0.7632 0.3382
vn 0.3388 -0.8747 0.3467
vn 0.6234 -0.7812 0.0315
vn 0.2515 -0.9039 0.3459
vn 0.2441 -0.6535 0.7165
vn 0.6961 -0.6803 0.2294
vn 0.1807 -0.6756 0.7148
vn 0.9389 -0.2762 -0.2052
vn -0.0315 -0.9992 0.0237
vn -0.1578 -0.9625 0.2209
vn -0.5839 -0.7812 -0.2209
vn 0.6866 -0.6550 -0.3156
vn 0.5569 -0.5256 -0.6431
vn 0.6367 -0.3066 -0.7075
vn 0.1106 -0.9312 -0.3473
vn -0.1181 -0.7478 -0.6533
vn -0.3132 -0.6187 -0.7205
vn -0.1411 -0.8947 -0.4238
vn 0.1649 -0.9665 -0.1964
vn -0.1493 -0.9349 -0.3221
vn 0.4480 -0.8722 -0.1965
vn 0.6777 -0.7014 -0.2207
vn 0.8908 -0.2838 0.3548
vn 0.6542 -0.6305 -0.4177
vn 0.4722 -0.8106 -0.3463
vn 0.5279 -0.7643 0.3703
vn 0.4410 -0.4960 0.7480
vn 0.8109 -0.5590 0.1732
vn -0.3143 -0.9349 0.1650
vn 0.7946 0.0394 -0.6058
vn -0.6462 -0.4414 -0.6226
vn 0.4088 -0.3538 -0.8412
vn 0.2531 0.0711 -0.9648
vn -0.0944 -0.5192 -0.8495
vn -0.2285 -0.0945 -0.9690
vn 0.4012 -0.8574 -0.3225
vn 0.1963 -0.9262 -0.3218
vn 0.0236 -0.9288 0.3699
vn -0.0708 -0.6690 0.7399
vn 0.4803 0.1811 -0.8582
vn 0.4713 -0.1336 -0.8718
vn 0.2361 0.1495 -0.9602
vn 0.6993 0.1021 -0.7075
vn 0.0627 -0.1882 -0.9801
vn -0.0315 0.1182 -0.9925
vn -0.2685 -0.0157 -0.9632
vn 0.7564 -0.2443 -0.6067
vn 0.8639 0.0314 -0.5026
vn 0.9457 -0.1261 -0.2995
vn 0.2834 -0.5904 -0.7557
vn -0.2833 -0.3778 -0.8815
vn -0.4959 -0.1338 -0.8580
vn -0.6241 -0.3239 -0.7110
vn 0.0473 -0.7181 -0.6944
vn -0.4583 -0.6479 -0.6084
vn -0.7173 -0.4807 -0.5044
vn -0.6940 -0.6546 -0.2997
vn 0.4806 -0.6619 -0.5752
vn 0.0940 -0.8776 -0.4701
vn -0.3853 -0.8808 -0.2753
vn -0.6222 -0.7797 -0.0708
vn -0.4477 -0.8874 0.1099
vn -0.0863 -0.9963 -0.0000
vn -0.2437 -0.9276 0.2830
vn 0.0237 -0.9315 0.3631
vn 0.3629 -0.8442 -0.3945
vn 0.3072 -0.9452 0.1103
vn 0.2756 -0.8660 0.4172
vn 0.5262 -0.7698 0.3613
vn 0.6707 -0.7417 -0.0000
vn 0.7345 -0.6161 0.2843
vn 0.8794 -0.4632 0.1099
vn 0.8336 -0.4876 -0.2595
vn 0.9593 -0.2752 -0.0629
vn 0.2604 -0.6708 0.6944
vn 0.0078 -0.4783 0.8782
vn -0.0078 -0.7342 0.6789
vn -0.2678 -0.6773 0.6852
vn 0.3930 -0.3537 0.8488
vn 0.5059 -0.5691 0.6482
vn 0.6935 -0.3625 0.6226
vn -0.4034 -0.3480 0.8463
vn -0.5204 -0.5756 0.6308
vn -0.7023 -0.3709 0.6076
vn -0.0707 0.0157 0.9974
vn 0.6370 -0.0157 0.7707
vn 0.8273 -0.1418 0.5436
vn 0.8534 0.1264 0.5057
vn 0.1890 0.1024 0.9766
vn 0.6386 0.3784 0.6701
vn 0.8265 0.3779 0.4172
vn 0.6867 0.6156 0.3867
vn 0.1897 0.3714 0.9089
vn 0.3859 0.7087 0.5906
vn 0.5044 0.8039 0.3152
vn 0.2603 0.9152 0.3077
vn -0.2357 0.2357 0.9428
vn -0.0706 0.4555 0.8874
vn -0.0000 0.8308 0.5565
vn -0.0079 0.9633 0.2684
vn -0.2683 0.9155 0.2999
vn -0.4010 0.7076 0.5818
vn -0.5185 0.8013 0.2985
vn -0.6990 0.6126 0.3691
vn -0.6446 0.3852 0.6604
vn -0.8343 0.3778 0.4014
vn -0.8684 0.1184 0.4815
vn -0.6453 -0.0314 0.7633
vn -0.8358 -0.1498 0.5282
vn 0.6774 -0.1260 -0.7247
vn 0.7572 -0.3944 -0.5206
vn 0.5701 -0.3643 -0.7364
vn 0.5040 -0.5907 -0.6301
vn 0.8814 -0.0157 -0.4722
vn 0.7291 0.1176 -0.6742
vn 0.8026 0.3069 -0.5115
vn 0.6209 -0.7073 -0.3379
vn 0.3935 -0.7791 -0.4880
vn 0.3476 -0.9007 -0.2607
vn 0.9491 -0.2980 -0.1020
vn 0.9394 0.2684 -0.2131
vn 0.8109 0.4881 -0.3228
vn 0.8258 0.5584 -0.0786
vn 0.9918 -0.0945 0.0865
vn 0.9168 0.3556 0.1818
vn 0.7775 0.6047 0.1728
vn 0.7401 0.5275 0.4173
vn 0.8199 0.2208 0.5282
vn 0.6464 0.4178 0.6385
vn 0.5849 0.2135 0.7825
vn 0.8529 -0.5212 0.0315
vn 0.9203 -0.1966 0.3382
vn 0.6786 -0.1105 0.7261
vn 0.4722 0.0079 0.8815
vn 0.4113 -0.2452 0.8779
vn 0.8368 -0.4579 0.3000
vn 0.5606 -0.4738 0.6791
vn 0.3078 -0.4813 0.8207
vn 0.2910 -0.6843 0.6686
vn 0.4984 -0.7674 0.4035
vn 0.2286 -0.8510 0.4728
vn 0.2675 -0.9362 0.2281
vn 0.5212 -0.8529 0.0315
vn 0.2611 -0.9650 -0.0237
vn 0.7057 0.0627 -0.7057
vn 0.8584 -0.1575 -0.4882
vn 0.6773 -0.1969 -0.7089
vn 0.6854 -0.4255 -0.5909
vn 0.8524 0.2525 -0.4578
vn 0.6709 0.3158 -0.6710
vn 0.6705 0.5285 -0.5207
vn 0.8271 -0.4805 -0.2915
vn 0.6384 -0.6305 -0.4414
vn 0.6246 -0.7512 -0.2134
vn 0.9966 0.0235 -0.0785
vn 0.8118 0.5439 -0.2127
vn 0.6161 0.7107 -0.3396
vn 0.6036 0.7917 -0.0941
vn 0.9664 0.2357 0.1021
vn 0.7483 0.6381 0.1812
vn 0.5339 0.8322 0.1492
vn 0.5190 0.7549 0.4010
vn 0.6913 0.4949 0.5264
vn 0.4562 0.6370 0.6213
vn 0.4636 0.4243 0.7779
vn 0.9730 -0.2197 0.0706
vn 0.9269 0.1257 0.3535
vn 0.6544 0.1498 0.7411
vn 0.4163 0.1965 0.8878
vn 0.4400 -0.0628 0.8958
vn 0.9290 -0.1496 0.3385
vn 0.6629 -0.2368 0.7103
vn 0.4245 -0.3145 0.8490
vn 0.4716 -0.5266 0.7073
vn 0.7091 -0.5437 0.4491
vn 0.4796 -0.7076 0.5189
vn 0.5445 -0.7892 0.2840
vn 0.7651 -0.6390 0.0789
vn 0.5599 -0.8282 0.0237
vn 0.6238 0.7423 -0.2448
vn 0.7084 0.7005 0.0866
vn 0.8030 0.5748 -0.1575
vn 0.9017 0.4313 0.0313
vn 0.3952 0.9169 -0.0554
vn 0.4017 0.8508 -0.3387
vn 0.1658 0.9394 -0.3000
vn 0.8199 0.4494 0.3548
vn 0.9476 0.2448 0.2053
vn 0.8936 0.1254 0.4311
vn 0.3937 0.8269 0.4016
vn 0.0236 0.9997 -0.0000
vn -0.0945 0.9610 -0.2599
vn -0.3000 0.9475 -0.1105
vn 0.1181 0.8897 0.4410
vn -0.3001 0.9240 0.2369
vn -0.4967 0.8671 0.0394
vn -0.5907 0.7639 0.2599
vn -0.4186 0.7266 0.5449
vn -0.6623 0.5994 0.4495
vn -0.6003 0.4581 0.6556
vn 0.4729 0.6463 0.5990
vn 0.0314 0.7449 0.6665
vn -0.3060 0.4631 0.8318
vn -0.5141 0.2689 0.8145
vn -0.3225 0.1416 0.9359
vn 0.2513 0.5969 0.7619
vn -0.0078 0.2590 0.9658
vn -0.1182 -0.0079 0.9930
vn 0.1335 -0.0550 0.9895
vn 0.3861 0.1733 0.9060
vn 0.3769 -0.1178 0.9187
vn 0.6001 -0.0632 0.7974
vn 0.6898 0.2430 0.6820
vn 0.7845 -0.0235 0.6197
vn -0.8346 -0.2834 0.4724
vn -0.6623 -0.7490 -0.0158
vn -0.9938 -0.1105 -0.0079
vn -0.9782 -0.2051 -0.0316
vn -0.6748 -0.5179 0.5257
vn 0.0079 -0.7847 0.6199
vn -0.8408 -0.2515 0.4793
vn -0.8553 0.4237 0.2982
vn 0.0236 -0.2127 0.9768
vn -0.4633 -0.4397 0.7695
vn -0.1814 0.3392 0.9230
vn -0.3228 0.0551 0.9449
vn -0.7561 -0.0315 0.6537
vn -0.5127 -0.1577 0.8440
vn 0.0394 -0.2994 0.9533
vn 0.4499 -0.1263 0.8841
vn 0.4580 -0.1895 0.8685
vn -0.1334 0.1884 0.9730
vn -0.9035 0.2828 0.3221
vn -0.2128 -0.5988 0.7721
vn 0.0079 -0.6707 0.7417
vn -0.7472 -0.6608 0.0708
vn -0.7643 -0.5752 0.2915
vn -0.8718 0.1021 0.4791
vn -0.0706 -0.3295 -0.9415
vn -0.2363 -0.7327 -0.6382
vn -0.1581 -0.3003 -0.9406
vn 0.4490 -0.5828 -0.6773
vn -0.2599 -0.7248 -0.6381
vn -0.7176 -0.1893 -0.6703
vn -0.0315 -0.8726 -0.4874
vn -0.5102 -0.7144 -0.4789
vn -0.3388 -0.8746 0.3467
vn -0.2515 -0.9039 0.3459
vn -0.6778 -0.7013 -0.2206
vn -0.8908 -0.2838 0.3548
vn 0.0314 -0.9992 0.0237
vn -0.2441 -0.6535 0.7165
vn -0.1807 -0.6756 0.7148
vn 0.1578 -0.9624 0.2209
vn 0.5839 -0.7812 -0.2209
vn -0.6234 -0.7812 0.0316
vn -0.6961 -0.6803 0.2294
vn -0.9389 -0.2762 -0.2052
vn 0.1178 -0.9665 -0.2279
vn 0.5506 -0.7631 0.3383
vn -0.6866 -0.6550 -0.3156
vn -0.5569 -0.5255 -0.6432
vn -0.6367 -0.3066 -0.7075
vn -0.1105 -0.9312 -0.3473
vn -0.0236 -0.9288 0.3699
vn 0.0708 -0.6690 0.7399
vn -0.4410 -0.4960 0.7480
vn 0.1412 -0.8947 -0.4238
vn -0.5335 -0.7611 0.3688
vn -0.1962 -0.9262 -0.3219
vn -0.4012 -0.8574 -0.3225
vn -0.4722 -0.8106 -0.3463
vn 0.0944 -0.5192 -0.8495
vn -0.4088 -0.3538 -0.8412
vn 0.1493 -0.9349 -0.3221
vn -0.6542 -0.6305 -0.4177
vn 0.1181 -0.7478 -0.6533
vn 0.3132 -0.6187 -0.7205
vn -0.7946 0.0394 -0.6059
vn -0.2531 0.0712 -0.9648
vn -0.8109 -0.5590 0.1732
vn 0.2285 -0.0945 -0.9690
vn 0.6463 -0.4413 -0.6226
vn 0.3143 -0.9349 0.1649
vn -0.4480 -0.8722 -0.1965
vn -0.1649 -0.9665 -0.1964
vn -0.2443 0.9143 -0.3231
vn -0.2606 0.6079 -0.7500
vn -0.1343 0.6475 -0.7502
vn 0.3395 0.8609 -0.3790
vn -0.3461 0.8810 -0.3225
vn -0.7792 0.4879 -0.3935
vn -0.1025 0.9780 0.1814
vn -0.5055 0.8451 0.1738
vn -0.2205 0.7167 0.6616
vn -0.2604 0.7021 0.6627
vn -0.6540 0.6307 0.4177
vn -0.7946 -0.0394 0.6058
vn 0.1177 0.7693 0.6280
vn -0.1180 0.3069 0.9444
vn -0.1103 0.3072 0.9452
vn 0.3083 0.6485 0.6960
vn 0.5840 0.7811 0.2211
vn -0.5659 0.5423 0.6210
vn -0.6471 0.3314 0.6866
vn -0.9390 0.2762 0.2052
vn 0.1493 0.9349 0.3221
vn 0.1413 0.8947 0.4238
vn 0.6462 0.4413 0.6226
vn -0.6865 0.6550 0.3157
vn -0.6282 0.7774 -0.0314
vn -0.7365 0.6425 -0.2116
vn -0.1107 0.9312 0.3473
vn 0.0944 0.5191 0.8495
vn 0.2284 0.0945 0.9690
vn 0.1179 0.9665 0.2279
vn -0.1963 0.9262 0.3219
vn 0.0393 0.9989 -0.0236
vn 0.2116 0.9559 -0.2037
vn -0.1256 0.8555 0.5024
vn -0.6777 0.7014 0.2207
vn -0.4239 0.7536 0.5024
vn 0.4026 0.6393 0.6552
vn -0.7158 0.2675 0.6450
vn 0.5508 0.7630 -0.3383
vn -0.8909 0.2838 -0.3547
vn -0.0236 0.9288 -0.3699
vn 0.0709 0.6690 -0.7399
vn -0.5279 0.7643 -0.3703
vn -0.4410 0.4960 -0.7480
vn -0.4011 0.8574 0.3225
vn -0.4722 0.8106 0.3463
vn -0.4088 0.3538 0.8412
vn -0.2604 -0.0710 0.9629
vn -0.2361 0.1495 -0.9602
vn -0.4713 -0.1335 -0.8718
vn -0.4803 0.1811 -0.8582
vn -0.6995 0.1022 -0.7072
vn -0.0627 -0.1882 -0.9801
vn 0.0315 0.1182 -0.9925
vn 0.2685 -0.0157 -0.9632
vn -0.7564 -0.2443 -0.6067
vn -0.8639 0.0314 -0.5027
vn -0.9457 -0.1261 -0.2995
vn -0.2834 -0.5904 -0.7557
vn 0.2833 -0.3778 -0.8815
vn 0.4959 -0.1338 -0.8580
vn 0.6241 -0.3239 -0.7110
vn -0.0473 -0.7181 -0.6944
vn 0.4583 -0.6479 -0.6084
vn 0.7172 -0.4808 -0.5044
vn 0.6941 -0.6546 -0.2997
vn -0.4806 -0.6619 -0.5752
vn -0.0940 -0.8776 -0.4701
vn 0.3854 -0.8808 -0.2753
vn 0.6221 -0.7797 -0.0708
vn 0.4476 -0.8874 0.1099
vn 0.0863 -0.9963 -0.0000
vn 0.2437 -0.9276 0.2830
vn -0.0237 -0.9315 0.3631
vn -0.3629 -0.8442 -0.3945
vn -0.3072 -0.9452 0.1103
vn -0.2756 -0.8660 0.4173
vn -0.5263 -0.7697 0.3613
vn -0.6707 -0.7417 -0.0000
vn -0.7346 -0.6160 0.2843
vn -0.8794 -0.4633 0.1099
vn -0.8336 -0.4876 -0.2595
vn -0.9593 -0.2752 -0.0629
vt 0.987305 0.904724
vt 0.986328 0.904785
vt 0.988281 0.904724
vt 0.988281 0.780273
vt 0.986328 0.780273
vt 0.987305 0.780273
vt 0.468994 0.817139
vt 0.468262 0.832642
vt 0.461182 0.822998
vt 0.476074 0.826904
vt 0.472656 0.814941
vt 0.479736 0.824585
vt 0.476562 0.812622
vt 0.483398 0.822388
vt 0.480713 0.810303
vt 0.487549 0.820068
vt 0.484863 0.807983
vt 0.491455 0.817871
vt 0.489014 0.805786
vt 0.495361 0.815796
vt 0.493164 0.803589
vt 0.499512 0.813721
vt 0.497559 0.801514
vt 0.503418 0.811768
vt 0.501953 0.799316
vt 0.507812 0.809814
vt 0.506348 0.797241
vt 0.511719 0.807861
vt 0.510742 0.795166
vt 0.516113 0.805908
vt 0.514648 0.793091
vt 0.520020 0.803955
vt 0.519531 0.790894
vt 0.524414 0.801880
vt 0.523926 0.788940
vt 0.528809 0.800049
vt 0.533203 0.798096
vt 0.528320 0.786865
vt 0.537598 0.796143
vt 0.532715 0.784912
vt 0.537598 0.783081
vt 0.541992 0.794312
vt 0.542480 0.781250
vt 0.546875 0.792603
vt 0.547363 0.779663
vt 0.551758 0.791016
vt 0.552246 0.778076
vt 0.556641 0.789429
vt 0.557617 0.776367
vt 0.561523 0.787842
vt 0.562500 0.774780
vt 0.566406 0.786255
vt 0.567383 0.773193
vt 0.571289 0.784790
vt 0.576172 0.783203
vt 0.572754 0.771606
vt 0.578125 0.770264
vt 0.581055 0.781860
vt 0.583008 0.769043
vt 0.586426 0.780640
vt 0.588379 0.767700
vt 0.591309 0.779419
vt 0.593750 0.766479
vt 0.596680 0.778076
vt 0.598633 0.765259
vt 0.601562 0.776855
vt 0.604004 0.764038
vt 0.606934 0.775635
vt 0.609375 0.762939
vt 0.611816 0.774658
vt 0.614258 0.761963
vt 0.617188 0.773682
vt 0.619629 0.760986
vt 0.622070 0.772705
vt 0.624512 0.759888
vt 0.626953 0.771851
vt 0.629883 0.759033
vt 0.631836 0.770874
vt 0.636719 0.769897
vt 0.634766 0.758057
vt 0.641602 0.768921
vt 0.639648 0.756958
vt 0.646484 0.768066
vt 0.644531 0.756104
vt 0.651367 0.767212
vt 0.649414 0.755127
vt 0.655762 0.766357
vt 0.654297 0.754395
vt 0.660645 0.765625
vt 0.659180 0.753662
vt 0.664551 0.765015
vt 0.663574 0.752930
vt 0.668945 0.764526
vt 0.667969 0.752319
vt 0.673340 0.764038
vt 0.672363 0.751831
vt 0.677246 0.763550
vt 0.676758 0.751343
vt 0.681152 0.763184
vt 0.680664 0.750977
vt 0.684570 0.762939
vt 0.684570 0.750732
vt 0.687988 0.762695
vt 0.687988 0.750488
vt 0.691406 0.762451
vt 0.691895 0.750244
vt 0.694824 0.762329
vt 0.695312 0.750122
vt 0.698242 0.762207
vt 0.699219 0.750000
vt 0.703125 0.762085
vt 0.704102 0.749756
vt 0.708008 0.762085
vt 0.709473 0.749756
vt 0.710938 0.762085
vt 0.712891 0.749756
vt 0.714355 0.762329
vt 0.716309 0.750000
vt 0.718750 0.762695
vt 0.720703 0.750366
vt 0.721191 0.762939
vt 0.723633 0.750610
vt 0.723633 0.763184
vt 0.726074 0.750732
vt 0.724609 0.763306
vt 0.727051 0.750732
vt 0.726074 0.763428
vt 0.728027 0.750732
vt 0.728516 0.763794
vt 0.730469 0.751099
vt 0.732910 0.751587
vt 0.730957 0.764282
vt 0.735352 0.752197
vt 0.733398 0.765015
vt 0.738281 0.753052
vt 0.736328 0.765869
vt 0.743164 0.754272
vt 0.741211 0.766724
vt 0.751465 0.755737
vt 0.749512 0.768433
vt 0.760254 0.763550
vt 0.759766 0.766113
vt 0.457764 0.636963
vt 0.473877 0.612061
vt 0.474854 0.636719
vt 0.457275 0.612305
vt 0.449219 0.636963
vt 0.448730 0.612305
vt 0.440674 0.636719
vt 0.440430 0.612061
vt 0.432129 0.636475
vt 0.432129 0.611816
vt 0.424072 0.636230
vt 0.423828 0.611572
vt 0.415771 0.635742
vt 0.415771 0.611328
vt 0.407715 0.635498
vt 0.407959 0.610840
vt 0.399902 0.634766
vt 0.399902 0.610352
vt 0.392578 0.634277
vt 0.392334 0.609863
vt 0.385010 0.633789
vt 0.385010 0.609375
vt 0.378174 0.633301
vt 0.377930 0.608887
vt 0.370850 0.632568
vt 0.370117 0.608398
vt 0.363525 0.632324
vt 0.362549 0.607666
vt 0.355469 0.632080
vt 0.354248 0.606934
vt 0.347900 0.632080
vt 0.346436 0.606445
vt 0.340332 0.632568
vt 0.338867 0.606445
vt 0.307129 0.608643
vt 0.309814 0.636719
vt 1.746094 0.055664
vt 1.742188 0.052246
vt 1.746094 0.052246
vt 1.742188 0.055664
vt 1.746094 0.059082
vt 1.742188 0.059082
vt 1.741211 0.079590
vt 1.747070 0.079590
vt 1.747070 0.081543
vt 1.741211 0.081543
vt 1.747070 0.083496
vt 1.741211 0.083496
vt 1.747070 0.085449
vt 1.741211 0.085449
vt 1.747070 0.087402
vt 1.741211 0.087402
vt 1.747070 0.089355
vt 1.741211 0.089355
vt 1.747070 0.091309
vt 1.741211 0.091309
vt 1.746094 0.093262
vt 1.741211 0.093262
vt 1.741211 0.095215
vt 1.746094 0.095215
vt 1.741211 0.097168
vt 1.746094 0.097168
vt 1.741211 0.099121
vt 1.746094 0.099121
vt 1.746094 0.100586
vt 1.741211 0.100586
vt 1.742188 0.119141
vt 1.747070 0.119141
vt 1.746094 0.122070
vt 1.743164 0.122070
vt 1.743164 0.125000
vt 1.746094 0.124512
vt 0.703125 0.591797
vt 0.695312 0.582275
vt 0.707520 0.582031
vt 0.700195 0.572998
vt 0.693848 0.578613
vt 0.694336 0.573730
vt 0.695801 0.564697
vt 0.701172 0.565430
vt 0.702637 0.551514
vt 0.697266 0.550781
vt 0.703613 0.533203
vt 0.697754 0.532959
vt 0.703613 0.512695
vt 0.698242 0.512695
vt 0.703125 0.503174
vt 0.697266 0.492676
vt 0.707520 0.491699
vt 0.708496 0.502686
vt 0.696777 0.476074
vt 0.706543 0.474609
vt 0.695801 0.462891
vt 0.703613 0.452148
vt 0.698730 0.453125
vt 0.694824 0.453613
vt 0.699219 0.429199
vt 0.694336 0.430176
vt 0.692871 0.406738
vt 0.687988 0.408203
vt 0.686523 0.387207
vt 0.681641 0.388672
vt 0.681152 0.373047
vt 0.676270 0.374023
vt 0.679688 0.369141
vt 0.674805 0.369629
vt 0.679199 0.365723
vt 0.674316 0.365234
vt 0.675781 0.360840
vt 0.680664 0.362305
vt 0.678223 0.356934
vt 0.682129 0.359375
vt 0.691895 0.339355
vt 0.695801 0.342285
vt 0.707520 0.326660
vt 0.703613 0.323242
vt 0.096741 0.354004
vt 0.084473 0.354004
vt 0.092407 0.344727
vt 0.089417 0.363281
vt 0.083313 0.357422
vt 0.083801 0.362793
vt 0.085083 0.371582
vt 0.090454 0.371094
vt 0.091858 0.384766
vt 0.086426 0.385254
vt 0.092773 0.403320
vt 0.087341 0.403320
vt 0.092957 0.423828
vt 0.087463 0.423828
vt 0.092651 0.433105
vt 0.086853 0.443848
vt 0.096924 0.444336
vt 0.097656 0.433594
vt 0.085876 0.460449
vt 0.095703 0.461426
vt 0.084900 0.473633
vt 0.092957 0.484375
vt 0.087952 0.483398
vt 0.083984 0.482422
vt 0.088379 0.507324
vt 0.083435 0.506104
vt 0.082275 0.529541
vt 0.077454 0.528076
vt 0.075623 0.549072
vt 0.070862 0.547607
vt 0.070557 0.563477
vt 0.065674 0.562012
vt 0.069153 0.567139
vt 0.064087 0.566650
vt 0.068726 0.570557
vt 0.063721 0.571289
vt 0.065002 0.575684
vt 0.069763 0.573975
vt 0.067383 0.579590
vt 0.071655 0.576904
vt 0.080994 0.597168
vt 0.085022 0.594238
vt 0.096802 0.609863
vt 0.092712 0.613037
vt 0.576660 0.808716
vt 0.590332 0.809814
vt 0.576660 0.819824
vt 0.590332 0.820557
vt 0.593750 0.809814
vt 0.593750 0.820557
vt 0.597656 0.820190
vt 0.597168 0.809692
vt 0.601074 0.819702
vt 0.601074 0.809326
vt 0.605469 0.819092
vt 0.604980 0.808716
vt 0.609863 0.818481
vt 0.608887 0.808105
vt 0.613770 0.817993
vt 0.612793 0.807495
vt 0.617676 0.817505
vt 0.616699 0.807007
vt 0.621582 0.817139
vt 0.620117 0.806519
vt 0.625000 0.816772
vt 0.624023 0.806152
vt 0.628906 0.816406
vt 0.627930 0.805786
vt 0.632812 0.816040
vt 0.631836 0.805542
vt 0.636719 0.815796
vt 0.635742 0.805298
vt 0.639648 0.805054
vt 0.640137 0.815552
vt 0.644043 0.815308
vt 0.643555 0.804810
vt 0.647461 0.804688
vt 0.647949 0.815186
vt 0.651367 0.804565
vt 0.651367 0.815186
vt 0.655273 0.804565
vt 0.655273 0.815063
vt 0.658691 0.804565
vt 0.659180 0.815063
vt 0.662598 0.804565
vt 0.662598 0.815063
vt 0.666504 0.804688
vt 0.666504 0.815186
vt 0.670410 0.804688
vt 0.670410 0.815186
vt 0.674316 0.804810
vt 0.673828 0.815308
vt 0.677734 0.815430
vt 0.678223 0.804932
vt 0.681152 0.815552
vt 0.681641 0.805054
vt 0.685059 0.815674
vt 0.685547 0.805176
vt 0.688965 0.815796
vt 0.689453 0.805298
vt 0.692871 0.816040
vt 0.693359 0.805420
vt 0.696777 0.816162
vt 0.697266 0.805664
vt 0.700684 0.816406
vt 0.701172 0.805908
vt 0.704590 0.816650
vt 0.705078 0.806030
vt 0.708496 0.816772
vt 0.709473 0.806274
vt 0.712891 0.817017
vt 0.713379 0.806641
vt 0.716797 0.817261
vt 0.717773 0.806885
vt 0.720703 0.817505
vt 0.721680 0.807129
vt 0.724609 0.817871
vt 0.726074 0.807495
vt 0.728516 0.818115
vt 0.729980 0.807739
vt 0.732910 0.818604
vt 0.733887 0.808228
vt 0.736816 0.819092
vt 0.738281 0.808716
vt 0.740723 0.819580
vt 0.742188 0.809204
vt 0.746582 0.809937
vt 0.744629 0.820312
vt 0.749023 0.810425
vt 0.747070 0.820801
vt 0.749023 0.821167
vt 0.750977 0.810791
vt 0.752441 0.811035
vt 0.750000 0.821411
vt 0.754395 0.811523
vt 0.752441 0.821777
vt 0.755371 0.822388
vt 0.757324 0.812012
vt 0.758789 0.822998
vt 0.760742 0.812622
vt 0.768066 0.819824
vt 0.768066 0.817505
vt 0.462402 0.803223
vt 0.461182 0.800903
vt 0.472900 0.801636
vt 0.466797 0.790527
vt 0.479980 0.797119
vt 0.474121 0.786255
vt 0.484131 0.794556
vt 0.478027 0.783447
vt 0.486816 0.792725
vt 0.480469 0.781616
vt 0.489258 0.791016
vt 0.482666 0.780029
vt 0.491211 0.789673
vt 0.484863 0.778809
vt 0.486816 0.777588
vt 0.493408 0.788330
vt 0.487793 0.777100
vt 0.494385 0.787842
vt 0.488770 0.776733
vt 0.495361 0.787354
vt 0.490967 0.775757
vt 0.497314 0.786255
vt 0.493164 0.774414
vt 0.499756 0.785034
vt 0.497070 0.772583
vt 0.503418 0.783325
vt 0.500000 0.771118
vt 0.506348 0.781738
vt 0.503418 0.769653
vt 0.509277 0.780396
vt 0.508301 0.767700
vt 0.513672 0.778442
vt 0.512695 0.765747
vt 0.518066 0.776611
vt 0.516113 0.764404
vt 0.521484 0.775391
vt 0.519531 0.763184
vt 0.524902 0.774170
vt 0.523438 0.761963
vt 0.527832 0.772949
vt 0.526855 0.760742
vt 0.531250 0.771851
vt 0.530273 0.759644
vt 0.534668 0.770752
vt 0.534180 0.758423
vt 0.538086 0.769653
vt 0.538086 0.757202
vt 0.541992 0.768433
vt 0.542480 0.755981
vt 0.545898 0.767334
vt 0.546387 0.754761
vt 0.550293 0.766235
vt 0.550781 0.753662
vt 0.554199 0.765137
vt 0.555664 0.752441
vt 0.559082 0.763916
vt 0.560547 0.751343
vt 0.563477 0.762939
vt 0.565430 0.750122
vt 0.568359 0.761841
vt 0.570312 0.749023
vt 0.573242 0.760742
vt 0.575195 0.748047
vt 0.577637 0.759644
vt 0.580078 0.747070
vt 0.582520 0.758667
vt 0.587402 0.757690
vt 0.585449 0.745850
vt 0.592285 0.756592
vt 0.590332 0.744873
vt 0.597168 0.755615
vt 0.595215 0.743896
vt 0.602051 0.754517
vt 0.600098 0.742676
vt 0.607422 0.753540
vt 0.605469 0.741699
vt 0.612793 0.752686
vt 0.610840 0.740967
vt 0.617676 0.751831
vt 0.616211 0.739990
vt 0.623047 0.750977
vt 0.621582 0.739258
vt 0.627930 0.750244
vt 0.626953 0.738281
vt 0.633301 0.749512
vt 0.631836 0.737549
vt 0.638672 0.748779
vt 0.637207 0.736816
vt 0.642578 0.736328
vt 0.644043 0.748291
vt 0.648926 0.747803
vt 0.647949 0.735840
vt 0.654297 0.747314
vt 0.653320 0.735352
vt 0.659180 0.747070
vt 0.658691 0.734863
vt 0.664551 0.746582
vt 0.664062 0.734375
vt 0.669434 0.746338
vt 0.668945 0.733887
vt 0.674316 0.745850
vt 0.673828 0.733887
vt 0.679199 0.745850
vt 0.679199 0.733643
vt 0.684082 0.733887
vt 0.684082 0.745850
vt 0.688965 0.733887
vt 0.688477 0.746094
vt 0.693359 0.746094
vt 0.693848 0.734131
vt 0.698242 0.746338
vt 0.698730 0.734375
vt 0.702637 0.746582
vt 0.703613 0.734619
vt 0.707520 0.746826
vt 0.708496 0.734863
vt 0.711914 0.746826
vt 0.713379 0.735107
vt 0.716797 0.747070
vt 0.718262 0.735352
vt 0.721191 0.747314
vt 0.722656 0.735596
vt 0.725586 0.747559
vt 0.727539 0.735840
vt 0.729980 0.748047
vt 0.732422 0.736328
vt 0.734375 0.748291
vt 0.736816 0.736572
vt 0.738770 0.748779
vt 0.741699 0.737061
vt 0.743164 0.749512
vt 0.746094 0.737549
vt 0.747559 0.750122
vt 0.750000 0.738525
vt 0.759766 0.740723
vt 0.756836 0.752319
vt 1.635742 0.424316
vt 1.638672 0.424316
vt 1.635742 0.437012
vt 1.638672 0.437012
vt 1.641602 0.424316
vt 1.641602 0.437012
vt 1.644531 0.424316
vt 1.644531 0.437012
vt 1.647461 0.437012
vt 1.647461 0.424316
vt 1.650391 0.424316
vt 1.650391 0.437012
vt 1.653320 0.424316
vt 1.653320 0.437012
vt 1.656250 0.424316
vt 1.656250 0.437012
vt 1.659180 0.424316
vt 1.659180 0.437012
vt 1.662109 0.424316
vt 1.662109 0.437012
vt 1.665039 0.437012
vt 1.665039 0.424316
vt 2.746094 0.052246
vt 2.742188 0.052246
vt 2.746094 0.055664
vt 2.742188 0.055664
vt 2.746094 0.059082
vt 2.742188 0.059082
vt 2.740234 0.079590
vt 2.746094 0.079590
vt 2.746094 0.081543
vt 2.740234 0.081543
vt 2.746094 0.083496
vt 2.740234 0.083496
vt 2.746094 0.085449
vt 2.740234 0.085449
vt 2.746094 0.087402
vt 2.740234 0.087402
vt 2.746094 0.089355
vt 2.740234 0.089355
vt 2.746094 0.091309
vt 2.740234 0.091309
vt 2.746094 0.093262
vt 2.740234 0.093262
vt 2.740234 0.095215
vt 2.746094 0.095215
vt 2.740234 0.097168
vt 2.746094 0.097168
vt 2.740234 0.099121
vt 2.746094 0.099121
vt 2.746094 0.100586
vt 2.740234 0.100586
vt 2.742188 0.119141
vt 2.746094 0.119141
vt 2.746094 0.122070
vt 2.742188 0.122070
vt 2.742188 0.125000
vt 2.746094 0.124512
vt 0.338623 0.992634
vt 0.347168 0.992634
vt 0.338623 0.997852
vt 0.347168 0.997852
vt 0.355225 0.997852
vt 0.355225 0.992634
vt 0.371338 0.997852
vt 0.371338 0.992634
vt 0.394287 0.992634
vt 0.394287 0.997852
vt 0.407227 0.992634
vt 0.407227 0.997852
vt 0.426025 0.992634
vt 0.426025 0.997852
vt 0.450928 0.992634
vt 0.450928 0.997852
vt 0.465332 0.992634
vt 0.465332 0.997852
vt 0.484619 0.992634
vt 0.484619 0.997852
vt 0.506836 0.992634
vt 0.506836 0.997852
vt 0.521973 0.992634
vt 0.521973 0.997852
vt 0.543457 0.992634
vt 0.543457 0.997852
vt 0.562012 0.992634
vt 0.562012 0.997852
vt 0.590332 0.997852
vt 0.590332 0.992634
vt 0.613281 0.997852
vt 0.613281 0.992634
vt 0.631348 0.997852
vt 0.631348 0.992634
vt 0.657227 0.997852
vt 0.657227 0.992634
vt 0.683594 0.992634
vt 0.683594 0.997852
vt 0.701660 0.992634
vt 0.701660 0.997852
vt 0.724609 0.992634
vt 0.724609 0.997852
vt 0.752930 0.992634
vt 0.752930 0.997852
vt 0.771484 0.997852
vt 0.771484 0.992634
vt 0.792969 0.997852
vt 0.792969 0.992634
vt 0.808105 0.997852
vt 0.808105 0.992634
vt 0.830078 0.997852
vt 0.830078 0.992634
vt 0.849609 0.997852
vt 0.849609 0.992634
vt 0.863770 0.997852
vt 0.863770 0.992634
vt 0.889160 0.997852
vt 0.889160 0.992634
vt 0.907715 0.997852
vt 0.907715 0.992634
vt 0.920410 0.997852
vt 0.920410 0.992634
vt 0.943359 0.997852
vt 0.943359 0.992634
vt 0.959473 0.992634
vt 0.959473 0.997852
vt 0.967773 0.992634
vt 0.967773 0.997852
vt 0.976074 0.997852
vt 0.976074 0.992634
vt 0.972656 0.059082
vt 0.969238 0.067871
vt 0.959961 0.058594
vt 0.964844 0.050293
vt 0.962891 0.051270
vt 0.958496 0.055176
vt 0.958008 0.052734
vt 0.957520 0.048340
vt 0.961914 0.034668
vt 0.956543 0.035156
vt 0.960938 0.021973
vt 0.955566 0.022461
vt 0.960449 0.016113
vt 0.955078 0.015625
vt 0.955566 0.013672
vt 0.956543 0.011719
vt 0.958496 0.010254
vt 0.962891 0.016602
vt 0.964355 0.022461
vt 0.972656 0.010742
vt 0.966309 0.008789
vt 0.962402 0.006836
vt 0.966797 0.003418
vt 0.655762 0.410156
vt 0.649414 0.412109
vt 0.648438 0.402832
vt 0.646973 0.401855
vt 0.646484 0.419434
vt 0.649902 0.412109
vt 0.650391 0.412109
vt 0.653809 0.411621
vt 0.650391 0.388184
vt 0.652344 0.387207
vt 0.656738 0.386230
vt 0.664551 0.411133
vt 0.665527 0.384766
vt 0.665527 0.410645
vt 0.680664 0.419434
vt 0.674805 0.407715
vt 0.678711 0.400391
vt 0.678711 0.398926
vt 0.724121 0.058594
vt 0.714844 0.067871
vt 0.711426 0.059082
vt 0.719238 0.050293
vt 0.721191 0.051270
vt 0.725586 0.055176
vt 0.726074 0.052734
vt 0.726562 0.048340
vt 0.722168 0.034668
vt 0.727539 0.035156
vt 0.723145 0.021973
vt 0.728516 0.022461
vt 0.723633 0.016113
vt 0.729004 0.015625
vt 0.728516 0.013672
vt 0.727539 0.011719
vt 0.725586 0.009766
vt 0.721191 0.016602
vt 0.719727 0.022461
vt 0.711426 0.010742
vt 0.717773 0.008789
vt 0.721680 0.006836
vt 0.716797 0.003418
vt 0.018768 0.574951
vt 0.009933 0.573975
vt 0.011757 0.567871
vt 0.019867 0.576172
vt 0.002445 0.576660
vt 0.009811 0.573242
vt 0.009804 0.573242
vt 0.010002 0.569336
vt 0.033661 0.573242
vt 0.034454 0.570801
vt 0.035492 0.566650
vt 0.010872 0.558838
vt 0.036926 0.557861
vt 0.010918 0.557861
vt 0.002445 0.542725
vt 0.014053 0.548828
vt 0.021637 0.544922
vt 0.022934 0.544678
vt 0.409912 0.964935
vt 0.414307 0.965668
vt 0.409668 0.970459
vt 0.414062 0.971161
vt 0.432129 0.954865
vt 0.412109 0.961914
vt 0.430908 0.950623
vt 0.439453 0.949768
vt 0.435791 0.980820
vt 0.412354 0.975204
vt 0.435059 0.985115
vt 0.443115 0.984978
vt 0.439697 0.954224
vt 0.447510 0.949951
vt 0.442627 0.980560
vt 0.450928 0.983292
vt 0.447266 0.954346
vt 0.453613 0.950226
vt 0.449951 0.979034
vt 0.456787 0.981705
vt 0.453613 0.954590
vt 0.455811 0.977478
vt 0.459961 0.980881
vt 0.457031 0.950317
vt 0.460693 0.976593
vt 0.458496 0.954163
vt 0.465088 0.978195
vt 0.464111 0.983170
vt 0.470459 0.981659
vt 0.462402 0.951691
vt 0.460693 0.947144
vt 0.467285 0.947021
vt 0.469482 0.977509
vt 0.467285 0.951294
vt 0.477295 0.947357
vt 0.477539 0.951416
vt 0.487061 0.946838
vt 0.479736 0.976196
vt 0.480225 0.980377
vt 0.489746 0.979385
vt 0.487305 0.950958
vt 0.489258 0.975250
vt 0.499268 0.978653
vt 0.497070 0.950317
vt 0.496826 0.946198
vt 0.499023 0.974533
vt 0.508789 0.978058
vt 0.506836 0.949829
vt 0.506348 0.945740
vt 0.508301 0.973923
vt 0.516602 0.949402
vt 0.516113 0.945312
vt 0.518066 0.973495
vt 0.518066 0.977600
vt 0.527344 0.977234
vt 0.525879 0.949036
vt 0.525879 0.944946
vt 0.527344 0.973114
vt 0.535645 0.948639
vt 0.535645 0.944550
vt 0.544922 0.944214
vt 0.536621 0.972855
vt 0.536621 0.976944
vt 0.546387 0.976685
vt 0.545410 0.948334
vt 0.545898 0.972565
vt 0.554688 0.947998
vt 0.554688 0.943909
vt 0.555664 0.972336
vt 0.555664 0.976425
vt 0.564453 0.947632
vt 0.564453 0.943542
vt 0.565430 0.972198
vt 0.565430 0.976288
vt 0.574219 0.947266
vt 0.574219 0.943176
vt 0.583496 0.942993
vt 0.575195 0.972000
vt 0.575195 0.976105
vt 0.583984 0.975662
vt 0.583496 0.947083
vt 0.583984 0.971573
vt 0.593262 0.975281
vt 0.592285 0.942810
vt 0.593262 0.971191
vt 0.602051 0.975006
vt 0.592285 0.946930
vt 0.602051 0.970917
vt 0.611328 0.974915
vt 0.601562 0.946777
vt 0.601562 0.942688
vt 0.611328 0.970795
vt 0.610840 0.946625
vt 0.610840 0.942535
vt 0.620117 0.974792
vt 0.619629 0.942505
vt 0.620117 0.970642
vt 0.619629 0.946594
vt 0.628418 0.942444
vt 0.628906 0.970657
vt 0.628906 0.974762
vt 0.628418 0.946594
vt 0.637695 0.970734
vt 0.637695 0.974823
vt 0.637695 0.946564
vt 0.637695 0.942474
vt 0.646484 0.970901
vt 0.646484 0.974991
vt 0.655273 0.975098
vt 0.646484 0.946594
vt 0.646484 0.942505
vt 0.655762 0.942719
vt 0.655273 0.970978
vt 0.655762 0.946808
vt 0.664551 0.942932
vt 0.664062 0.971146
vt 0.663574 0.975266
vt 0.664551 0.947021
vt 0.673828 0.943115
vt 0.672852 0.971436
vt 0.672363 0.975540
vt 0.673828 0.947235
vt 0.681641 0.971786
vt 0.681152 0.975891
vt 0.690430 0.976074
vt 0.682617 0.947418
vt 0.682617 0.943329
vt 0.691895 0.943726
vt 0.690430 0.971970
vt 0.699219 0.976395
vt 0.691895 0.947815
vt 0.701172 0.944061
vt 0.699707 0.972275
vt 0.708008 0.976791
vt 0.700684 0.948242
vt 0.708496 0.972641
vt 0.709961 0.948639
vt 0.709961 0.944519
vt 0.717285 0.973206
vt 0.717285 0.977310
vt 0.726074 0.977890
vt 0.718750 0.949036
vt 0.719238 0.944946
vt 0.728516 0.945526
vt 0.726562 0.973724
vt 0.728027 0.949646
vt 0.737793 0.946075
vt 0.735352 0.974411
vt 0.734863 0.978531
vt 0.737305 0.950256
vt 0.744141 0.975143
vt 0.744141 0.979248
vt 0.746582 0.950867
vt 0.746582 0.946777
vt 0.753418 0.975967
vt 0.752930 0.980057
vt 0.762207 0.980835
vt 0.755371 0.951477
vt 0.755859 0.947418
vt 0.765137 0.948242
vt 0.762695 0.976730
vt 0.770996 0.981628
vt 0.764648 0.952393
vt 0.773926 0.953217
vt 0.774414 0.949127
vt 0.771484 0.977493
vt 0.782715 0.954041
vt 0.783691 0.949982
vt 0.780762 0.978424
vt 0.780273 0.982559
vt 0.789551 0.983353
vt 0.791992 0.954773
vt 0.792480 0.950714
vt 0.790039 0.979202
vt 0.800293 0.983459
vt 0.801270 0.955780
vt 0.801758 0.951752
vt 0.800781 0.979401
vt 0.810059 0.983780
vt 0.810547 0.956421
vt 0.811035 0.952393
vt 0.810547 0.979797
vt 0.818848 0.984177
vt 0.819336 0.956757
vt 0.819824 0.952667
vt 0.819336 0.980179
vt 0.828125 0.984566
vt 0.828125 0.956757
vt 0.828613 0.952667
vt 0.828125 0.980438
vt 0.835449 0.980591
vt 0.835938 0.984550
vt 0.836426 0.956512
vt 0.836426 0.952423
vt 0.867676 0.981033
vt 0.867676 0.985092
vt 0.868652 0.954559
vt 0.868164 0.950470
vt 0.872559 0.954773
vt 0.872070 0.981247
vt 1.616211 0.004883
vt 1.612305 0.004883
vt 1.616211 0.002441
vt 1.612305 0.002441
vt 1.607422 0.002441
vt 1.607422 0.004883
vt 1.602539 0.004883
vt 1.602539 0.002441
vt 1.597656 0.002441
vt 1.597656 0.004883
vt 1.592773 0.004883
vt 1.592773 0.002441
vt 1.588867 0.002441
vt 1.588867 0.004883
vt 1.583984 0.004883
vt 1.583984 0.002441
vt 1.579102 0.004883
vt 1.579102 0.002441
vt 1.574219 0.004883
vt 1.574219 0.002441
vt 1.569336 0.002441
vt 1.569336 0.004883
vt 1.361328 0.985451
vt 1.364258 0.988113
vt 1.362305 0.987236
vt 1.366211 0.987862
vt 1.361328 0.981216
vt 1.360352 0.983246
vt 1.365234 0.979645
vt 1.363281 0.979889
vt 1.369141 0.985939
vt 1.369141 0.980331
vt 1.376953 0.980347
vt 1.376953 0.985962
vt 1.379883 0.979645
vt 1.378906 0.987869
vt 1.383789 0.981201
vt 1.381836 0.979889
vt 1.380859 0.988113
vt 1.384766 0.985443
vt 1.384766 0.983231
vt 1.383789 0.987228
vt 1.334961 0.762451
vt 1.328125 0.795166
vt 1.328125 0.769409
vt 1.334961 0.802124
vt 1.372070 0.802246
vt 1.372070 0.762451
vt 1.375000 0.802246
vt 1.375000 0.762451
vt 1.377930 0.802246
vt 1.377930 0.762451
vt 1.380859 0.762451
vt 1.380859 0.802246
vt 1.384766 0.802246
vt 1.384766 0.762451
vt 1.387695 0.802246
vt 1.387695 0.762451
vt 1.390625 0.802246
vt 1.390625 0.762451
vt 1.393555 0.802246
vt 1.393555 0.762451
vt 1.397461 0.762451
vt 1.397461 0.802246
vt 1.401367 0.802124
vt 1.401367 0.762451
vt 1.431641 0.802124
vt 1.431641 0.762451
vt 1.438477 0.769409
vt 1.438477 0.795166
vt 2.328125 0.769409
vt 2.328125 0.795166
vt 2.335938 0.762451
vt 2.335938 0.802124
vt 2.371094 0.802246
vt 2.371094 0.762451
vt 2.375000 0.802246
vt 2.375000 0.762451
vt 2.378906 0.802246
vt 2.378906 0.762451
vt 2.380859 0.762451
vt 2.380859 0.802246
vt 2.384766 0.802246
vt 2.384766 0.762451
vt 2.386719 0.802246
vt 2.386719 0.762451
vt 2.390625 0.802246
vt 2.390625 0.762451
vt 2.394531 0.802246
vt 2.394531 0.762451
vt 2.398438 0.762451
vt 2.398438 0.802246
vt 2.400391 0.802124
vt 2.400391 0.762451
vt 2.431641 0.802124
vt 2.431641 0.762451
vt 2.437500 0.769409
vt 2.437500 0.795166
vt 0.945801 0.775024
vt 0.946289 0.775024
vt 0.945801 0.776489
vt 0.946289 0.776611
vt 0.947266 0.775269
vt 0.945312 0.778809
vt 0.948242 0.776978
vt 0.949219 0.775635
vt 0.946289 0.778931
vt 0.944824 0.781738
vt 0.951660 0.776001
vt 0.945801 0.781982
vt 0.944336 0.784790
vt 0.947754 0.779419
vt 0.956055 0.778442
vt 0.955078 0.776611
vt 0.958984 0.777222
vt 0.947266 0.782593
vt 0.964355 0.779663
vt 0.962891 0.777710
vt 0.955566 0.782837
vt 0.965820 0.778076
vt 0.944824 0.785034
vt 0.943359 0.787842
vt 0.946777 0.785889
vt 0.943848 0.788086
vt 0.941895 0.790771
vt 0.945801 0.789185
vt 0.942871 0.791138
vt 0.940430 0.793579
vt 0.954590 0.790649
vt 0.944336 0.792358
vt 0.941406 0.794067
vt 0.938965 0.796265
vt 0.942871 0.795410
vt 0.939453 0.796753
vt 0.937012 0.798706
vt 0.951660 0.799438
vt 0.941406 0.798462
vt 0.937500 0.799316
vt 0.934570 0.801025
vt 0.939453 0.801147
vt 0.935547 0.801758
vt 0.932617 0.803101
vt 0.947266 0.807251
vt 0.937012 0.803711
vt 0.933105 0.803833
vt 0.929688 0.805054
vt 0.934570 0.805908
vt 0.930176 0.805786
vt 0.927246 0.806641
vt 0.932129 0.807861
vt 0.940918 0.814209
vt 0.928711 0.809570
vt 0.927734 0.807373
vt 0.924805 0.808838
vt 0.924316 0.807983
vt 0.925781 0.810913
vt 0.931641 0.819458
vt 0.922363 0.812012
vt 0.921387 0.809937
vt 0.921387 0.809204
vt 0.918457 0.812866
vt 0.917969 0.810913
vt 0.917969 0.810059
vt 0.917969 0.822021
vt 0.915039 0.813354
vt 0.914551 0.811523
vt 0.914551 0.810669
vt 0.910645 0.811035
vt 0.910645 0.811890
vt 0.906738 0.811157
vt 0.910645 0.813599
vt 0.906738 0.812012
vt 0.902832 0.811035
vt 0.906738 0.813477
vt 0.902344 0.811768
vt 0.898438 0.810547
vt 0.908203 0.821655
vt 0.898438 0.811279
vt 0.894043 0.809937
vt 0.902344 0.813110
vt 0.894043 0.810669
vt 0.890625 0.809204
vt 0.897949 0.812500
vt 0.898438 0.817993
vt 0.893555 0.811646
vt 0.890625 0.809937
vt 0.887695 0.808594
vt 0.887695 0.809326
vt 0.885254 0.807983
vt 0.885254 0.808716
vt 0.890137 0.810913
vt 0.887207 0.810181
vt 0.884766 0.809204
vt 0.884766 0.809937
vt 0.889648 0.814697
vt 0.885742 0.813232
vt 0.883789 0.812256
vt 0.884277 0.815186
vt 0.882324 0.814453
vt 0.881836 0.815674
vt 0.883789 0.816772
vt 0.881836 0.816040
vt 0.885742 0.817749
vt 0.888672 0.816895
vt 0.887207 0.818604
vt 0.888672 0.819336
vt 0.890625 0.820435
vt 0.895996 0.821289
vt 0.892090 0.821533
vt 0.894043 0.822876
vt 0.895508 0.824219
vt 0.896973 0.825684
vt 0.901855 0.826050
vt 0.898438 0.827271
vt 0.899414 0.828979
vt 0.904297 0.829956
vt 0.900391 0.830688
vt 0.901367 0.832520
vt 0.914551 0.835083
vt 0.905762 0.836182
vt 0.902344 0.834473
vt 0.902832 0.836426
vt 0.903320 0.838501
vt 0.915039 0.842529
vt 0.903320 0.840454
vt 0.903320 0.842529
vt 0.903320 0.844604
vt 0.903320 0.846558
vt 0.932617 0.834351
vt 0.930664 0.842529
vt 0.905762 0.848877
vt 0.902832 0.848633
vt 0.902344 0.850586
vt 0.901367 0.852539
vt 0.914551 0.849976
vt 0.904297 0.855103
vt 0.900391 0.854370
vt 0.899414 0.856079
vt 0.901855 0.859009
vt 0.898438 0.857788
vt 0.896973 0.859375
vt 0.908203 0.863403
vt 0.895996 0.863770
vt 0.895508 0.860840
vt 0.894043 0.862183
vt 0.892090 0.863403
vt 0.890625 0.864624
vt 0.898438 0.867065
vt 0.888672 0.868164
vt 0.888672 0.865601
vt 0.887207 0.866455
vt 0.885742 0.867188
vt 0.889648 0.870361
vt 0.884277 0.869873
vt 0.883789 0.868286
vt 0.881836 0.869019
vt 0.881836 0.869385
vt 0.882324 0.870605
vt 0.883789 0.872803
vt 0.885742 0.871826
vt 0.884766 0.875122
vt 0.887207 0.874878
vt 0.884766 0.875854
vt 0.885254 0.876343
vt 0.890137 0.874146
vt 0.887695 0.875793
vt 0.885254 0.877014
vt 0.887695 0.876404
vt 0.890625 0.875122
vt 0.890625 0.875793
vt 0.893555 0.873413
vt 0.894043 0.874390
vt 0.894043 0.875061
vt 0.897949 0.872559
vt 0.898438 0.873657
vt 0.898438 0.874390
vt 0.902344 0.871948
vt 0.902344 0.873291
vt 0.902832 0.874023
vt 0.906738 0.871582
vt 0.906738 0.873047
vt 0.906738 0.873901
vt 0.910645 0.873169
vt 0.910645 0.873901
vt 0.910645 0.871460
vt 0.914551 0.873535
vt 0.914551 0.874390
vt 0.917969 0.875000
vt 0.915039 0.871704
vt 0.917969 0.874146
vt 0.921387 0.875854
vt 0.917969 0.863037
vt 0.918457 0.872192
vt 0.921387 0.875061
vt 0.924316 0.877014
vt 0.922363 0.873047
vt 0.924805 0.876221
vt 0.927246 0.878418
vt 0.925781 0.874023
vt 0.927734 0.877625
vt 0.930176 0.879272
vt 0.929688 0.880005
vt 0.928711 0.875427
vt 0.931641 0.865601
vt 0.932129 0.877136
vt 0.933105 0.881165
vt 0.932617 0.881897
vt 0.934570 0.879089
vt 0.935547 0.883301
vt 0.934570 0.883972
vt 0.937012 0.881348
vt 0.940918 0.870728
vt 0.939453 0.883850
vt 0.937500 0.885681
vt 0.937012 0.886292
vt 0.947266 0.877808
vt 0.941406 0.886658
vt 0.939453 0.888245
vt 0.938965 0.888794
vt 0.942871 0.889587
vt 0.941406 0.890991
vt 0.940430 0.891479
vt 0.951660 0.885620
vt 0.944336 0.892639
vt 0.942871 0.893921
vt 0.941895 0.894287
vt 0.945801 0.895813
vt 0.943848 0.896912
vt 0.943359 0.897217
vt 0.954590 0.894348
vt 0.946777 0.899170
vt 0.944824 0.899963
vt 0.944336 0.900269
vt 0.947266 0.902466
vt 0.945801 0.903137
vt 0.944824 0.903320
vt 0.955566 0.902161
vt 0.947754 0.905640
vt 0.946289 0.906128
vt 0.945312 0.906250
vt 0.946289 0.908386
vt 0.945801 0.908508
vt 0.945801 0.910034
vt 0.946289 0.909973
vt 0.947266 0.909790
vt 0.948242 0.908020
vt 0.949219 0.909485
vt 0.951660 0.908997
vt 0.956055 0.906555
vt 0.955078 0.908386
vt 0.958984 0.907837
vt 0.964355 0.905334
vt 0.962891 0.907349
vt 0.965820 0.906982
vt 0.963867 0.900696
vt 0.968262 0.904907
vt 0.968262 0.906738
vt 0.970215 0.906616
vt 0.968262 0.902039
vt 0.970215 0.904785
vt 0.970703 0.904724
vt 0.970703 0.906616
vt 0.975098 0.906006
vt 0.970215 0.901855
vt 0.975098 0.902771
vt 0.979492 0.905396
vt 0.968262 0.898071
vt 0.970215 0.897949
vt 0.981445 0.902039
vt 0.983398 0.904968
vt 0.967285 0.887695
vt 0.978027 0.897400
vt 0.978027 0.886963
vt 0.964355 0.875977
vt 0.976074 0.875305
vt 0.961426 0.863403
vt 0.974121 0.862549
vt 0.948242 0.857422
vt 0.932617 0.850708
vt 0.959473 0.851074
vt 0.942383 0.842529
vt 0.972656 0.850220
vt 0.958496 0.842529
vt 0.972168 0.842529
vt 0.959473 0.833984
vt 0.982422 0.842529
vt 0.948242 0.827637
vt 0.972656 0.834839
vt 0.961426 0.821655
vt 0.964355 0.809082
vt 0.974121 0.822388
vt 0.982422 0.834595
vt 0.967285 0.797363
vt 0.976074 0.809692
vt 0.987305 0.823120
vt 0.987305 0.815186
vt 0.986816 0.834839
vt 0.989746 0.823364
vt 0.987305 0.805786
vt 0.990234 0.815063
vt 0.978027 0.798096
vt 0.990234 0.805298
vt 0.987305 0.796875
vt 0.970215 0.787109
vt 0.978027 0.787598
vt 0.990234 0.796509
vt 0.987305 0.787964
vt 0.994629 0.805908
vt 0.990234 0.787598
vt 0.981445 0.782959
vt 0.994629 0.794556
vt 0.987305 0.783325
vt 0.975098 0.782227
vt 0.983398 0.780029
vt 0.979492 0.779663
vt 0.975098 0.779053
vt 0.970703 0.780273
vt 0.970703 0.778442
vt 0.970215 0.778442
vt 0.989746 0.783081
vt 0.988770 0.780273
vt 0.989746 0.780273
vt 0.994629 0.786743
vt 0.994141 0.782471
vt 0.994141 0.779785
vt 0.998047 0.779297
vt 0.998047 0.780884
vt 0.998047 0.783203
vt 0.998535 0.786255
vt 0.998535 0.789551
vt 0.998535 0.793091
vt 0.998535 0.796753
vt 0.998535 0.800659
vt 0.998535 0.804688
vt 0.998047 0.808838
vt 0.994141 0.814941
vt 0.998047 0.812866
vt 0.998047 0.817139
vt 0.997559 0.821289
vt 0.994141 0.823242
vt 0.997559 0.825562
vt 0.994141 0.831787
vt 0.997559 0.829834
vt 0.997559 0.834106
vt 0.989746 0.834961
vt 0.993652 0.838257
vt 0.997559 0.838257
vt 0.986816 0.842529
vt 0.989258 0.842529
vt 0.993652 0.842529
vt 0.997559 0.842529
vt 0.997559 0.846680
vt 0.993652 0.846802
vt 0.997559 0.850952
vt 0.989746 0.850098
vt 0.994141 0.853271
vt 0.997559 0.855225
vt 0.997559 0.859497
vt 0.986816 0.850098
vt 0.994141 0.861694
vt 0.997559 0.863647
vt 0.989746 0.861694
vt 0.994141 0.870117
vt 0.998047 0.867920
vt 0.998047 0.872070
vt 0.998047 0.876221
vt 0.990234 0.869995
vt 0.994629 0.879150
vt 0.998535 0.880310
vt 0.998535 0.884338
vt 0.987305 0.869873
vt 0.994629 0.890564
vt 0.998535 0.888245
vt 0.998535 0.891968
vt 0.998535 0.895508
vt 0.990234 0.879700
vt 0.994629 0.898315
vt 0.998535 0.898804
vt 0.998047 0.901855
vt 0.990234 0.888550
vt 0.990234 0.897461
vt 0.994141 0.902527
vt 0.998047 0.904114
vt 0.994141 0.905273
vt 0.998047 0.905701
vt 0.989746 0.904785
vt 0.989746 0.901917
vt 0.988770 0.904724
vt 0.987305 0.901794
vt 0.987305 0.897034
vt 0.987305 0.888184
vt 0.987305 0.879333
vt 0.987305 0.861938
vt 0.982422 0.850464
vt 0.552246 0.668701
vt 0.545898 0.661621
vt 0.553711 0.667480
vt 0.550293 0.657959
vt 0.556152 0.665527
vt 0.537598 0.652100
vt 0.554199 0.654785
vt 0.560059 0.662598
vt 0.564941 0.659424
vt 0.551270 0.641113
vt 0.559082 0.651123
vt 0.570801 0.654541
vt 0.565430 0.645996
vt 0.579590 0.644043
vt 0.545410 0.634521
vt 0.532227 0.646240
vt 0.557129 0.635742
vt 0.574707 0.635254
vt 0.580566 0.646240
vt 0.590332 0.638916
vt 0.539062 0.627686
vt 0.525879 0.640381
vt 0.585449 0.628906
vt 0.603516 0.629639
vt 0.566895 0.623535
vt 0.551270 0.628662
vt 0.598633 0.619141
vt 0.604492 0.628174
vt 0.578613 0.615723
vt 0.561035 0.615479
vt 0.544922 0.621826
vt 0.531738 0.620117
vt 0.518555 0.633545
vt 0.555176 0.607422
vt 0.523438 0.612549
vt 0.510742 0.627197
vt 0.537109 0.613770
vt 0.514648 0.605225
vt 0.501953 0.620850
vt 0.528809 0.605957
vt 0.547363 0.598145
vt 0.505371 0.598145
vt 0.493164 0.615234
vt 0.519531 0.598145
vt 0.539062 0.589111
vt 0.495361 0.591797
vt 0.483887 0.610352
vt 0.509766 0.591064
vt 0.529785 0.579834
vt 0.485107 0.585938
vt 0.474365 0.605713
vt 0.499512 0.584229
vt 0.519531 0.571045
vt 0.474365 0.580566
vt 0.464355 0.601562
vt 0.488770 0.578125
vt 0.508789 0.563232
vt 0.528320 0.556885
vt 0.497314 0.555908
vt 0.557129 0.573975
vt 0.477783 0.572510
vt 0.504395 0.527100
vt 0.485352 0.549072
vt 0.463135 0.575928
vt 0.453857 0.598145
vt 0.466064 0.567627
vt 0.451660 0.571777
vt 0.443604 0.595215
vt 0.472656 0.543213
vt 0.439453 0.568359
vt 0.433105 0.593018
vt 0.454102 0.562988
vt 0.441650 0.559814
vt 0.459717 0.537842
vt 0.471680 0.516357
vt 0.446045 0.533936
vt 0.428711 0.557129
vt 0.427246 0.565918
vt 0.422363 0.591064
vt 0.432129 0.531006
vt 0.414551 0.563965
vt 0.411377 0.589844
vt 0.415771 0.555176
vt 0.401855 0.562744
vt 0.400146 0.589111
vt 0.417969 0.528809
vt 0.388916 0.562500
vt 0.388916 0.589111
vt 0.402344 0.553955
vt 0.377686 0.589111
vt 0.403564 0.527100
vt 0.375977 0.562744
vt 0.366699 0.589844
vt 0.388916 0.553223
vt 0.375488 0.553955
vt 0.363281 0.563965
vt 0.355713 0.591064
vt 0.362305 0.555176
vt 0.350830 0.565918
vt 0.344971 0.593018
vt 0.360107 0.528809
vt 0.338379 0.568359
vt 0.334473 0.595215
vt 0.349121 0.557129
vt 0.345947 0.531006
vt 0.374512 0.527100
vt 0.361816 0.506836
vt 0.388916 0.526611
vt 0.388916 0.505859
vt 0.416016 0.506836
vt 0.443604 0.510498
vt 0.442871 0.488281
vt 0.470215 0.491211
vt 0.498047 0.492676
vt 0.415771 0.486328
vt 0.468750 0.462402
vt 0.442383 0.461914
vt 0.495605 0.462891
vt 0.524414 0.491211
vt 0.521484 0.462891
vt 0.495117 0.433105
vt 0.530762 0.520020
vt 0.520996 0.435547
vt 0.542969 0.547607
vt 0.550293 0.515137
vt 0.558105 0.541260
vt 0.545898 0.488770
vt 0.543945 0.462891
vt 0.544434 0.437988
vt 0.546875 0.413574
vt 0.571289 0.476074
vt 0.522949 0.408691
vt 0.571289 0.487305
vt 0.496582 0.403809
vt 0.571289 0.500000
vt 0.468750 0.431641
vt 0.571289 0.512451
vt 0.442871 0.430664
vt 0.572266 0.523438
vt 0.576660 0.510254
vt 0.577148 0.522217
vt 0.574219 0.536865
vt 0.576660 0.498535
vt 0.578125 0.534180
vt 0.576172 0.548340
vt 0.580078 0.546143
vt 0.578613 0.560547
vt 0.582031 0.558105
vt 0.592773 0.543945
vt 0.594727 0.555420
vt 0.584961 0.570312
vt 0.597168 0.566895
vt 0.582031 0.572266
vt 0.569336 0.597168
vt 0.587891 0.582520
vt 0.585449 0.583496
vt 0.592285 0.603760
vt 0.588867 0.593750
vt 0.591309 0.592529
vt 0.594727 0.602539
vt 0.595215 0.611816
vt 0.597656 0.610596
vt 0.600586 0.618408
vt 0.615234 0.624268
vt 0.610840 0.612793
vt 0.608398 0.605469
vt 0.620117 0.609619
vt 0.624023 0.621338
vt 0.632812 0.605713
vt 0.636719 0.617188
vt 0.617676 0.602539
vt 0.628906 0.591309
vt 0.615723 0.595215
vt 0.605957 0.597900
vt 0.612793 0.585693
vt 0.624023 0.572754
vt 0.603027 0.588379
vt 0.610352 0.576172
vt 0.600098 0.578369
vt 0.607910 0.565186
vt 0.620117 0.551514
vt 0.605469 0.553955
vt 0.603516 0.542969
vt 0.617188 0.530273
vt 0.602051 0.531738
vt 0.601074 0.520752
vt 0.591309 0.532227
vt 0.616211 0.509521
vt 0.590332 0.520996
vt 0.600586 0.510010
vt 0.589844 0.509766
vt 0.600586 0.499023
vt 0.617188 0.489258
vt 0.589355 0.498535
vt 0.600586 0.488281
vt 0.601074 0.478027
vt 0.589844 0.487305
vt 0.618652 0.469727
vt 0.576660 0.486816
vt 0.590332 0.476562
vt 0.602051 0.467773
vt 0.577148 0.475586
vt 0.572266 0.464844
vt 0.578125 0.464844
vt 0.573730 0.453613
vt 0.591309 0.466309
vt 0.579590 0.454102
vt 0.603516 0.458008
vt 0.592285 0.456055
vt 0.622070 0.452148
vt 0.604980 0.448730
vt 0.594238 0.446289
vt 0.606934 0.439453
vt 0.625977 0.435547
vt 0.581543 0.443359
vt 0.609375 0.430664
vt 0.596191 0.437012
vt 0.611816 0.421875
vt 0.631348 0.419434
vt 0.598633 0.427734
vt 0.583496 0.434082
vt 0.585938 0.424316
vt 0.601074 0.418457
vt 0.577637 0.432129
vt 0.575684 0.442871
vt 0.580078 0.421875
vt 0.588379 0.414551
vt 0.552734 0.391113
vt 0.583008 0.412598
vt 0.604004 0.409668
vt 0.591309 0.404785
vt 0.586426 0.402832
vt 0.594727 0.395996
vt 0.589844 0.394043
vt 0.614746 0.413086
vt 0.607422 0.400879
vt 0.617676 0.404785
vt 0.637207 0.403809
vt 0.598633 0.387207
vt 0.610840 0.392090
vt 0.621094 0.396484
vt 0.624512 0.388672
vt 0.644043 0.389160
vt 0.614746 0.384277
vt 0.603516 0.378418
vt 0.593750 0.384766
vt 0.559570 0.369141
vt 0.598145 0.375977
vt 0.607910 0.370117
vt 0.619141 0.376465
vt 0.628906 0.381348
vt 0.623047 0.368652
vt 0.632812 0.373535
vt 0.651855 0.375488
vt 0.612305 0.362305
vt 0.637207 0.366699
vt 0.603027 0.367188
vt 0.627930 0.361328
vt 0.617188 0.354492
vt 0.607910 0.358887
vt 0.567871 0.348633
vt 0.612793 0.351074
vt 0.622070 0.347168
vt 0.632324 0.354004
vt 0.618164 0.343750
vt 0.641602 0.359375
vt 0.660156 0.362305
vt 0.626953 0.339844
vt 0.637695 0.346680
vt 0.646484 0.352539
vt 0.651367 0.345703
vt 0.669922 0.349609
vt 0.642578 0.339844
vt 0.632324 0.332520
vt 0.623535 0.336426
vt 0.638184 0.324707
vt 0.629395 0.329102
vt 0.592285 0.312988
vt 0.648438 0.333008
vt 0.635742 0.322266
vt 0.656738 0.339355
vt 0.644531 0.317871
vt 0.654297 0.326172
vt 0.662109 0.333008
vt 0.680176 0.337891
vt 0.650879 0.311035
vt 0.667969 0.326660
vt 0.660156 0.319824
vt 0.674316 0.320801
vt 0.691406 0.326660
vt 0.666504 0.313477
vt 0.657227 0.304199
vt 0.642090 0.314941
vt 0.648926 0.308594
vt 0.607422 0.298340
vt 0.624512 0.286133
vt 0.655762 0.302734
vt 0.662598 0.296875
vt 0.642578 0.274902
vt 0.664062 0.297852
vt 0.670898 0.291504
vt 0.673340 0.307617
vt 0.680664 0.314941
vt 0.679688 0.301758
vt 0.687012 0.309570
vt 0.703613 0.316406
vt 0.678711 0.285645
vt 0.693848 0.304199
vt 0.687012 0.295898
vt 0.701172 0.299316
vt 0.716309 0.307129
vt 0.694336 0.291016
vt 0.686523 0.280762
vt 0.660645 0.264648
vt 0.694824 0.275391
vt 0.647949 0.246582
vt 0.702148 0.286133
vt 0.678711 0.255371
vt 0.708008 0.294922
vt 0.702637 0.270996
vt 0.709961 0.281738
vt 0.715332 0.290527
vt 0.729980 0.298828
vt 0.710449 0.266602
vt 0.723145 0.286621
vt 0.717773 0.277344
vt 0.730469 0.282715
vt 0.743652 0.291504
vt 0.725098 0.273438
vt 0.718750 0.262695
vt 0.697754 0.247559
vt 0.727051 0.259277
vt 0.687988 0.229004
vt 0.732910 0.270020
vt 0.716797 0.240723
vt 0.737793 0.279297
vt 0.734863 0.256348
vt 0.740723 0.266602
vt 0.745117 0.275879
vt 0.757324 0.285156
vt 0.742188 0.253418
vt 0.752441 0.272949
vt 0.748047 0.263184
vt 0.763184 0.268555
vt 0.768066 0.280762
vt 0.774902 0.277344
vt 0.770508 0.266113
vt 0.767578 0.256348
vt 0.759766 0.258789
vt 0.762207 0.246582
vt 0.753906 0.249023
vt 0.759277 0.239746
vt 0.746094 0.230469
vt 0.753906 0.227051
vt 0.747559 0.210938
vt 0.733887 0.234863
vt 0.739258 0.212891
vt 0.741211 0.192383
vt 0.726074 0.216797
vt 0.732422 0.194336
vt 0.737793 0.183594
vt 0.708008 0.222656
vt 0.719238 0.198242
vt 0.729492 0.184570
vt 0.737305 0.179199
vt 0.700684 0.203125
vt 0.729004 0.180176
vt 0.733887 0.168945
vt 0.715820 0.185547
vt 0.719238 0.170898
vt 0.716309 0.181641
vt 0.729492 0.153320
vt 0.707031 0.183105
vt 0.708008 0.187012
vt 0.710938 0.145020
vt 0.723633 0.132812
vt 0.699219 0.188965
vt 0.702148 0.113281
vt 0.718262 0.110840
vt 0.712891 0.089355
vt 0.694824 0.174805
vt 0.686035 0.148926
vt 0.695312 0.082031
vt 0.708496 0.070312
vt 0.677246 0.117188
vt 0.690918 0.057617
vt 0.705566 0.056152
vt 0.705078 0.052246
vt 0.670898 0.085449
vt 0.655762 0.154785
vt 0.689941 0.050293
vt 0.704590 0.048828
vt 0.704102 0.045410
vt 0.647949 0.121094
vt 0.689941 0.043457
vt 0.704102 0.041992
vt 0.667480 0.052734
vt 0.690430 0.022461
vt 0.703613 0.021484
vt 0.695801 0.002930
vt 0.703613 0.002441
vt 0.684570 0.003906
vt 0.669434 0.023926
vt 0.669434 0.004883
vt 0.652832 0.006836
vt 0.667969 0.045410
vt 0.644043 0.025879
vt 0.635254 0.008301
vt 0.641602 0.047852
vt 0.617676 0.028809
vt 0.617188 0.010742
vt 0.598145 0.012695
vt 0.640137 0.055664
vt 0.588867 0.032227
vt 0.579102 0.015137
vt 0.614258 0.050781
vt 0.559570 0.035156
vt 0.559082 0.017090
vt 0.538574 0.019043
vt 0.586426 0.053223
vt 0.529297 0.037598
vt 0.518066 0.020996
vt 0.557617 0.055664
vt 0.612793 0.058105
vt 0.584473 0.061035
vt 0.528320 0.058105
vt 0.498291 0.040039
vt 0.497070 0.021973
vt 0.476074 0.022949
vt 0.556152 0.062988
vt 0.466309 0.041504
vt 0.454346 0.023438
vt 0.498535 0.060059
vt 0.527344 0.065430
vt 0.422363 0.042480
vt 0.432373 0.023438
vt 0.410645 0.023926
vt 0.466797 0.062012
vt 0.388916 0.042480
vt 0.388916 0.023926
vt 0.367188 0.023926
vt 0.422607 0.062988
vt 0.388916 0.063477
vt 0.355713 0.042480
vt 0.345459 0.023438
vt 0.323486 0.023438
vt 0.311768 0.041504
vt 0.302002 0.022949
vt 0.355225 0.062988
vt 0.279541 0.040039
vt 0.280762 0.021973
vt 0.259766 0.020996
vt 0.311035 0.062012
vt 0.248657 0.037598
vt 0.239380 0.019043
vt 0.279541 0.060059
vt 0.249512 0.058105
vt 0.218384 0.035156
vt 0.219116 0.017090
vt 0.199097 0.015137
vt 0.220459 0.055664
vt 0.188965 0.032227
vt 0.179688 0.012695
vt 0.191772 0.053223
vt 0.160522 0.028809
vt 0.160767 0.010742
vt 0.142578 0.008301
vt 0.163574 0.050781
vt 0.133667 0.025879
vt 0.125122 0.006836
vt 0.136230 0.047852
vt 0.108459 0.023438
vt 0.108521 0.004883
vt 0.093445 0.003906
vt 0.109924 0.045410
vt 0.087708 0.022461
vt 0.082336 0.002930
vt 0.074524 0.002441
vt 0.074280 0.021484
vt 0.073853 0.041992
vt 0.087952 0.043457
vt 0.073730 0.045410
vt 0.087891 0.050293
vt 0.073425 0.048828
vt 0.072937 0.052246
vt 0.110718 0.052734
vt 0.087036 0.057617
vt 0.072266 0.056152
vt 0.069397 0.070312
vt 0.137695 0.055664
vt 0.110229 0.060059
vt 0.082703 0.082031
vt 0.065002 0.089355
vt 0.107056 0.085449
vt 0.137451 0.062988
vt 0.165405 0.058105
vt 0.193481 0.061035
vt 0.165283 0.065918
vt 0.221802 0.062988
vt 0.193604 0.068848
vt 0.135010 0.088867
vt 0.163330 0.092285
vt 0.221924 0.071289
vt 0.250488 0.065430
vt 0.192139 0.095215
vt 0.250488 0.073242
vt 0.220947 0.097656
vt 0.188843 0.127930
vt 0.159180 0.124512
vt 0.130127 0.121094
vt 0.182007 0.166992
vt 0.100891 0.117188
vt 0.151978 0.160645
vt 0.122437 0.154785
vt 0.075684 0.113281
vt 0.059784 0.110840
vt 0.054169 0.132812
vt 0.091980 0.148926
vt 0.066895 0.145020
vt 0.048492 0.153320
vt 0.114929 0.182617
vt 0.058777 0.170898
vt 0.043915 0.168945
vt 0.083374 0.174805
vt 0.049042 0.180176
vt 0.040680 0.179199
vt 0.061676 0.181641
vt 0.048492 0.184570
vt 0.040070 0.183594
vt 0.070740 0.183105
vt 0.062012 0.185547
vt 0.045532 0.194336
vt 0.036713 0.192383
vt 0.058868 0.198242
vt 0.070007 0.187012
vt 0.038910 0.212891
vt 0.030273 0.210938
vt 0.051849 0.216797
vt 0.031830 0.230469
vt 0.023987 0.227051
vt 0.018753 0.239746
vt 0.044250 0.234863
vt 0.024139 0.249023
vt 0.015701 0.246094
vt 0.035675 0.253418
vt 0.018463 0.258789
vt 0.010490 0.256348
vt 0.029907 0.263184
vt 0.014832 0.268555
vt 0.007664 0.266113
vt 0.003143 0.277344
vt 0.010025 0.280762
vt 0.020584 0.285156
vt 0.025787 0.272949
vt 0.032990 0.275879
vt 0.034180 0.291504
vt 0.037415 0.266602
vt 0.040131 0.279297
vt 0.047638 0.282715
vt 0.048126 0.298828
vt 0.044891 0.270020
vt 0.043335 0.256348
vt 0.052704 0.273438
vt 0.061249 0.240723
vt 0.051025 0.259277
vt 0.069763 0.222656
vt 0.059357 0.262695
vt 0.080017 0.247559
vt 0.077454 0.203125
vt 0.089905 0.229004
vt 0.067627 0.266602
vt 0.078979 0.188965
vt 0.060455 0.277344
vt 0.079834 0.184570
vt 0.090576 0.187012
vt 0.089539 0.191406
vt 0.101196 0.189941
vt 0.098572 0.209473
vt 0.099976 0.194336
vt 0.110474 0.197754
vt 0.112000 0.192871
vt 0.122620 0.196289
vt 0.145264 0.189453
vt 0.120911 0.202148
vt 0.132080 0.200195
vt 0.120239 0.217285
vt 0.129883 0.206055
vt 0.141235 0.204102
vt 0.139038 0.209961
vt 0.149170 0.208008
vt 0.177124 0.194824
vt 0.146851 0.213867
vt 0.156860 0.212402
vt 0.141357 0.227539
vt 0.154053 0.218262
vt 0.163574 0.216797
vt 0.160156 0.222168
vt 0.170044 0.221680
vt 0.205688 0.198730
vt 0.166382 0.226562
vt 0.212769 0.171387
vt 0.197388 0.221680
vt 0.175659 0.226074
vt 0.171753 0.230957
vt 0.162842 0.238770
vt 0.181030 0.231445
vt 0.176758 0.235840
vt 0.185547 0.236816
vt 0.181030 0.240723
vt 0.189575 0.242188
vt 0.185059 0.246582
vt 0.193726 0.248047
vt 0.197266 0.253418
vt 0.188965 0.251953
vt 0.170166 0.267578
vt 0.193481 0.258789
vt 0.206665 0.237793
vt 0.199097 0.255859
vt 0.211182 0.226074
vt 0.208496 0.238770
vt 0.222290 0.201660
vt 0.213867 0.227051
vt 0.210083 0.239746
vt 0.200562 0.257324
vt 0.226685 0.202637
vt 0.198608 0.264160
vt 0.202026 0.257324
vt 0.216309 0.228027
vt 0.212769 0.239746
vt 0.234619 0.177734
vt 0.230347 0.203613
vt 0.240601 0.179199
vt 0.250000 0.151367
vt 0.219360 0.228516
vt 0.244995 0.180664
vt 0.234131 0.205078
vt 0.256348 0.156250
vt 0.260742 0.158691
vt 0.275146 0.133301
vt 0.248901 0.182129
vt 0.278564 0.135742
vt 0.264648 0.160645
vt 0.254395 0.187500
vt 0.270264 0.166016
vt 0.282227 0.137695
vt 0.288574 0.144043
vt 0.275879 0.195801
vt 0.286377 0.163574
vt 0.239502 0.209473
vt 0.253662 0.207031
vt 0.225830 0.229492
vt 0.244141 0.228516
vt 0.274170 0.229980
vt 0.242676 0.240723
vt 0.219971 0.239746
vt 0.311523 0.229004
vt 0.206665 0.256836
vt 0.312256 0.194824
vt 0.206909 0.263184
vt 0.313232 0.162109
vt 0.208008 0.296387
vt 0.314209 0.130859
vt 0.191284 0.280273
vt 0.307373 0.121094
vt 0.342285 0.163086
vt 0.301025 0.116211
vt 0.342041 0.195312
vt 0.297119 0.114258
vt 0.318604 0.097168
vt 0.294434 0.111328
vt 0.314209 0.096191
vt 0.270264 0.126953
vt 0.312988 0.093262
vt 0.245239 0.130859
vt 0.290283 0.105469
vt 0.218506 0.130859
vt 0.249146 0.099609
vt 0.275635 0.098633
vt 0.278809 0.074707
vt 0.304443 0.074707
vt 0.279297 0.066895
vt 0.310303 0.068359
vt 0.310303 0.087891
vt 0.325928 0.075195
vt 0.336182 0.069336
vt 0.327637 0.080566
vt 0.337646 0.072266
vt 0.325684 0.085449
vt 0.337402 0.076172
vt 0.332031 0.083496
vt 0.345215 0.080566
vt 0.326172 0.100098
vt 0.343262 0.130371
vt 0.344727 0.101074
vt 0.367188 0.130859
vt 0.368652 0.099121
vt 0.356445 0.072266
vt 0.369141 0.082520
vt 0.356689 0.069824
vt 0.379150 0.074707
vt 0.380859 0.070801
vt 0.386230 0.078613
vt 0.386963 0.072266
vt 0.388916 0.068359
vt 0.396973 0.070801
vt 0.388916 0.071777
vt 0.391113 0.072266
vt 0.384033 0.094238
vt 0.388916 0.080078
vt 0.391602 0.078613
vt 0.383301 0.119141
vt 0.388916 0.097656
vt 0.393799 0.094238
vt 0.398682 0.074707
vt 0.408936 0.082520
vt 0.421387 0.069824
vt 0.421631 0.072266
vt 0.441895 0.069336
vt 0.440430 0.072266
vt 0.432861 0.080566
vt 0.467773 0.068359
vt 0.452148 0.075195
vt 0.498535 0.066895
vt 0.473389 0.074707
vt 0.440674 0.076172
vt 0.467773 0.087891
vt 0.450439 0.080566
vt 0.446045 0.083496
vt 0.465088 0.093262
vt 0.452393 0.085449
vt 0.487549 0.105469
vt 0.459473 0.097168
vt 0.463867 0.096191
vt 0.483398 0.111328
vt 0.451904 0.100098
vt 0.477051 0.116211
vt 0.433350 0.101074
vt 0.480713 0.114258
vt 0.470703 0.121094
vt 0.495850 0.137695
vt 0.499512 0.135742
vt 0.463867 0.130859
vt 0.489502 0.144043
vt 0.513672 0.160645
vt 0.434814 0.130371
vt 0.464844 0.162109
vt 0.435547 0.163086
vt 0.410645 0.130859
vt 0.409424 0.099121
vt 0.394531 0.119141
vt 0.388916 0.120117
vt 0.395264 0.142578
vt 0.382568 0.142578
vt 0.388916 0.143066
vt 0.411621 0.164062
vt 0.395752 0.165039
vt 0.382080 0.165039
vt 0.388916 0.165527
vt 0.366211 0.164062
vt 0.381836 0.187012
vt 0.365479 0.197266
vt 0.396240 0.187012
vt 0.388916 0.187012
vt 0.381592 0.208496
vt 0.341553 0.228516
vt 0.365234 0.228516
vt 0.388916 0.208496
vt 0.381348 0.229980
vt 0.396484 0.208496
vt 0.412354 0.197266
vt 0.396484 0.229980
vt 0.436035 0.195312
vt 0.412598 0.228516
vt 0.436523 0.228516
vt 0.465820 0.194824
vt 0.388916 0.229980
vt 0.388916 0.250977
vt 0.396240 0.250977
vt 0.381836 0.250977
vt 0.388916 0.271484
vt 0.412598 0.262207
vt 0.395752 0.271973
vt 0.382324 0.271973
vt 0.365479 0.262207
vt 0.388916 0.291992
vt 0.341309 0.262695
vt 0.395020 0.292480
vt 0.311523 0.259277
vt 0.342285 0.293945
vt 0.366943 0.293945
vt 0.382812 0.292480
vt 0.388916 0.312500
vt 0.371094 0.324219
vt 0.384033 0.323242
vt 0.393799 0.323242
vt 0.388916 0.333496
vt 0.376709 0.354492
vt 0.385498 0.354492
vt 0.355713 0.324707
vt 0.368896 0.354492
vt 0.386475 0.374512
vt 0.388916 0.354492
vt 0.392334 0.354492
vt 0.376221 0.373535
vt 0.401123 0.354492
vt 0.391602 0.374512
vt 0.388916 0.375000
vt 0.406982 0.324219
vt 0.401855 0.373535
vt 0.410889 0.293945
vt 0.409180 0.354492
vt 0.422119 0.324707
vt 0.435791 0.293945
vt 0.436523 0.262695
vt 0.466553 0.259277
vt 0.466553 0.229004
vt 0.501953 0.195801
vt 0.491699 0.163574
vt 0.507812 0.166016
vt 0.503906 0.229980
vt 0.529297 0.182129
vt 0.523438 0.187500
vt 0.524414 0.207031
vt 0.517578 0.158691
vt 0.543945 0.205078
vt 0.502930 0.133301
vt 0.533203 0.180664
vt 0.521484 0.156250
vt 0.507812 0.126953
vt 0.527832 0.151367
vt 0.537598 0.179199
vt 0.502441 0.098633
vt 0.532715 0.130859
vt 0.499023 0.074707
vt 0.527344 0.073242
vt 0.528809 0.099609
vt 0.556152 0.071289
vt 0.557129 0.097656
vt 0.584473 0.068848
vt 0.585938 0.095215
vt 0.559570 0.130859
vt 0.612793 0.065918
vt 0.614746 0.092285
vt 0.589355 0.127930
vt 0.565430 0.171387
vt 0.618652 0.124512
vt 0.543457 0.177734
vt 0.596191 0.166992
vt 0.555664 0.201660
vt 0.551270 0.202637
vt 0.572266 0.198730
vt 0.547852 0.203613
vt 0.563965 0.227051
vt 0.561523 0.228027
vt 0.558594 0.228516
vt 0.566895 0.226074
vt 0.565430 0.239746
vt 0.571289 0.237793
vt 0.567871 0.239746
vt 0.569336 0.238770
vt 0.579102 0.255859
vt 0.580566 0.221680
vt 0.580566 0.253418
vt 0.577637 0.257324
vt 0.576172 0.257324
vt 0.579590 0.264160
vt 0.584473 0.258789
vt 0.571289 0.256836
vt 0.571289 0.263184
vt 0.586426 0.280273
vt 0.569824 0.296387
vt 0.559082 0.261230
vt 0.558105 0.239746
vt 0.560059 0.254883
vt 0.552246 0.253906
vt 0.547852 0.280762
vt 0.551758 0.260254
vt 0.544922 0.253906
vt 0.544434 0.259766
vt 0.537109 0.253906
vt 0.535156 0.240723
vt 0.552246 0.229492
vt 0.537109 0.260254
vt 0.538574 0.209473
vt 0.533691 0.228516
vt 0.529297 0.254883
vt 0.529785 0.261230
vt 0.520996 0.256348
vt 0.504395 0.245117
vt 0.522461 0.262695
vt 0.527832 0.266602
vt 0.513184 0.258301
vt 0.514648 0.264648
vt 0.505371 0.260742
vt 0.497070 0.263672
vt 0.507324 0.267090
vt 0.488770 0.267578
vt 0.499512 0.270508
vt 0.509277 0.288086
vt 0.492188 0.274414
vt 0.480225 0.272461
vt 0.484375 0.279297
vt 0.471680 0.278320
vt 0.463135 0.285156
vt 0.476807 0.285156
vt 0.469238 0.291504
vt 0.469238 0.301758
vt 0.461670 0.299316
vt 0.454834 0.292969
vt 0.454590 0.307617
vt 0.447021 0.301270
vt 0.439453 0.310547
vt 0.432373 0.321289
vt 0.447266 0.316895
vt 0.457275 0.331543
vt 0.440186 0.326660
vt 0.424805 0.334473
vt 0.419678 0.344238
vt 0.431885 0.339355
vt 0.414795 0.354492
vt 0.427002 0.348145
vt 0.449951 0.364258
vt 0.410156 0.364746
vt 0.421387 0.358398
vt 0.416260 0.368164
vt 0.405518 0.375000
vt 0.419922 0.395020
vt 0.411621 0.378418
vt 0.401855 0.384766
vt 0.395264 0.387207
vt 0.407471 0.387207
vt 0.398193 0.394043
vt 0.391113 0.391602
vt 0.390625 0.403320
vt 0.403564 0.396484
vt 0.392822 0.407227
vt 0.397217 0.410645
vt 0.390137 0.412598
vt 0.388916 0.393066
vt 0.388916 0.404785
vt 0.386963 0.391602
vt 0.387451 0.403320
vt 0.382568 0.387207
vt 0.388916 0.413574
vt 0.375977 0.384766
vt 0.387695 0.412598
vt 0.388916 0.421387
vt 0.379639 0.394043
vt 0.385254 0.407227
vt 0.380615 0.410645
vt 0.374512 0.396484
vt 0.370361 0.387207
vt 0.357910 0.395020
vt 0.366455 0.378418
vt 0.372314 0.375000
vt 0.361816 0.368164
vt 0.367920 0.364746
vt 0.356689 0.358398
vt 0.363037 0.354492
vt 0.358398 0.344238
vt 0.351074 0.348145
vt 0.328125 0.364258
vt 0.345947 0.339355
vt 0.353271 0.334473
vt 0.345703 0.321289
vt 0.337891 0.326660
vt 0.320801 0.331543
vt 0.330566 0.316895
vt 0.338379 0.310547
vt 0.323486 0.307617
vt 0.331055 0.301270
vt 0.323242 0.292969
vt 0.314941 0.285156
vt 0.316162 0.299316
vt 0.308838 0.301758
vt 0.308838 0.291504
vt 0.306396 0.278320
vt 0.301270 0.285156
vt 0.294922 0.339355
vt 0.293457 0.279297
vt 0.283936 0.312012
vt 0.297852 0.272461
vt 0.285645 0.274414
vt 0.289307 0.267578
vt 0.268799 0.288086
vt 0.278320 0.270508
vt 0.273438 0.245117
vt 0.281006 0.263672
vt 0.270752 0.267090
vt 0.272705 0.260742
vt 0.263184 0.264648
vt 0.264648 0.258301
vt 0.256836 0.256348
vt 0.255615 0.262695
vt 0.250244 0.266602
vt 0.248291 0.261230
vt 0.248901 0.254883
vt 0.240967 0.260254
vt 0.241089 0.253906
vt 0.233276 0.253906
vt 0.233521 0.259766
vt 0.229980 0.280762
vt 0.226074 0.260254
vt 0.225586 0.253906
vt 0.217896 0.254883
vt 0.218750 0.261230
vt 0.246582 0.300781
vt 0.223145 0.314941
vt 0.260010 0.323242
vt 0.235107 0.335449
vt 0.270020 0.348145
vt 0.302490 0.369141
vt 0.244263 0.358398
vt 0.332764 0.397461
vt 0.277100 0.375488
vt 0.307129 0.400391
vt 0.335205 0.430664
vt 0.281250 0.403809
vt 0.361084 0.429199
vt 0.309326 0.431641
vt 0.388916 0.426270
vt 0.250977 0.382812
vt 0.416992 0.429199
vt 0.388916 0.459961
vt 0.362061 0.460938
vt 0.415771 0.460938
vt 0.335693 0.461914
vt 0.388916 0.485840
vt 0.362305 0.486328
vt 0.445312 0.397461
vt 0.335205 0.488281
vt 0.470703 0.400391
vt 0.475342 0.369141
vt 0.500977 0.375488
vt 0.527344 0.382812
vt 0.533691 0.358398
vt 0.507812 0.348145
vt 0.542969 0.335449
vt 0.482910 0.339355
vt 0.518066 0.323242
vt 0.494141 0.312012
vt 0.531250 0.300781
vt 0.554688 0.314941
vt 0.579102 0.330078
vt 0.607910 0.267578
vt 0.627930 0.257324
vt 0.588867 0.251953
vt 0.584473 0.248047
vt 0.592773 0.246582
vt 0.615234 0.238770
vt 0.588379 0.242188
vt 0.597168 0.240723
vt 0.592285 0.236816
vt 0.601074 0.235840
vt 0.597168 0.231445
vt 0.606445 0.230957
vt 0.602051 0.226074
vt 0.611816 0.226562
vt 0.607910 0.221680
vt 0.617676 0.222168
vt 0.636719 0.227539
vt 0.614258 0.216797
vt 0.601074 0.194824
vt 0.624023 0.218262
vt 0.621094 0.212402
vt 0.631348 0.213867
vt 0.628906 0.208008
vt 0.639160 0.209961
vt 0.625977 0.160645
vt 0.632812 0.189453
vt 0.636719 0.204102
vt 0.643066 0.088867
vt 0.640625 0.062988
vt 0.667969 0.060059
vt 0.663086 0.182617
vt 0.655273 0.196289
vt 0.645996 0.200195
vt 0.666016 0.192871
vt 0.647949 0.206055
vt 0.657227 0.202148
vt 0.657715 0.217285
vt 0.667480 0.197754
vt 0.667480 0.236816
vt 0.679199 0.209473
vt 0.678223 0.194336
vt 0.688477 0.191406
vt 0.676758 0.189941
vt 0.687500 0.187012
vt 0.698242 0.184570
vt 0.224121 0.667480
vt 0.232056 0.661621
vt 0.225586 0.668701
vt 0.227905 0.657959
vt 0.221680 0.665527
vt 0.240234 0.652100
vt 0.223755 0.654785
vt 0.217773 0.662598
vt 0.213257 0.659424
vt 0.226807 0.641113
vt 0.218872 0.651123
vt 0.207031 0.654541
vt 0.212646 0.645996
vt 0.198486 0.644043
vt 0.232666 0.634521
vt 0.245972 0.646240
vt 0.220703 0.635742
vt 0.203247 0.635254
vt 0.187500 0.638916
vt 0.197388 0.646240
vt 0.238770 0.627686
vt 0.251953 0.640381
vt 0.192505 0.628906
vt 0.174683 0.629639
vt 0.246338 0.620117
vt 0.259521 0.633545
vt 0.226685 0.628662
vt 0.232910 0.621826
vt 0.254639 0.612549
vt 0.267334 0.627197
vt 0.240845 0.613770
vt 0.263428 0.605225
vt 0.275879 0.620850
vt 0.249268 0.605957
vt 0.272705 0.598145
vt 0.284912 0.615234
vt 0.258301 0.598145
vt 0.282715 0.591797
vt 0.293945 0.610352
vt 0.268066 0.591064
vt 0.292969 0.585938
vt 0.303711 0.605713
vt 0.278320 0.584229
vt 0.303711 0.580566
vt 0.313721 0.601562
vt 0.289062 0.578125
vt 0.314697 0.575928
vt 0.324219 0.598145
vt 0.300293 0.572510
vt 0.326416 0.571777
vt 0.311768 0.567627
vt 0.336426 0.559814
vt 0.323730 0.562988
vt 0.332031 0.533936
vt 0.318115 0.537842
vt 0.305176 0.543213
vt 0.292725 0.549072
vt 0.306396 0.516357
vt 0.334473 0.510498
vt 0.280762 0.555908
vt 0.307617 0.491211
vt 0.269287 0.563232
vt 0.273682 0.527100
vt 0.258545 0.571045
vt 0.249512 0.556885
vt 0.248413 0.579834
vt 0.239136 0.589111
vt 0.230713 0.598145
vt 0.221069 0.573975
vt 0.222778 0.607422
vt 0.208862 0.597168
vt 0.216675 0.615479
vt 0.210938 0.623535
vt 0.199219 0.615723
vt 0.179443 0.619141
vt 0.173462 0.628174
vt 0.182495 0.611816
vt 0.177368 0.618408
vt 0.162842 0.624268
vt 0.185669 0.603760
vt 0.180542 0.610596
vt 0.167114 0.612793
vt 0.157837 0.609619
vt 0.153687 0.621338
vt 0.141357 0.617188
vt 0.145142 0.605713
vt 0.160156 0.602539
vt 0.149292 0.591309
vt 0.169678 0.605469
vt 0.162476 0.595215
vt 0.165161 0.585693
vt 0.153931 0.572754
vt 0.172119 0.597900
vt 0.183472 0.602539
vt 0.189331 0.593750
vt 0.186768 0.592529
vt 0.192627 0.583496
vt 0.196167 0.572266
vt 0.189819 0.582520
vt 0.175049 0.588379
vt 0.193115 0.570312
vt 0.167603 0.576172
vt 0.177856 0.578369
vt 0.170288 0.565186
vt 0.158081 0.551514
vt 0.180664 0.566895
vt 0.172485 0.553955
vt 0.174438 0.542969
vt 0.160645 0.530273
vt 0.183105 0.555420
vt 0.195923 0.558105
vt 0.199219 0.560547
vt 0.198120 0.546143
vt 0.201904 0.548340
vt 0.219849 0.541260
vt 0.185181 0.543945
vt 0.203857 0.536865
vt 0.175781 0.531738
vt 0.199829 0.534180
vt 0.186768 0.532227
vt 0.176880 0.520752
vt 0.161499 0.509521
vt 0.205566 0.523438
vt 0.200928 0.522217
vt 0.187866 0.520996
vt 0.177368 0.510010
vt 0.177490 0.499023
vt 0.161011 0.489258
vt 0.188354 0.509766
vt 0.201538 0.510254
vt 0.206543 0.512451
vt 0.227539 0.515137
vt 0.206909 0.500000
vt 0.201538 0.498535
vt 0.234863 0.547607
vt 0.247192 0.520020
vt 0.232056 0.488770
vt 0.253662 0.491211
vt 0.280029 0.492676
vt 0.206909 0.487305
vt 0.282471 0.462891
vt 0.206543 0.476074
vt 0.309082 0.462402
vt 0.282959 0.433105
vt 0.256348 0.462891
vt 0.256836 0.435547
vt 0.255127 0.408691
vt 0.233887 0.462891
vt 0.233643 0.437988
vt 0.231201 0.413574
vt 0.225098 0.391113
vt 0.218628 0.369141
vt 0.197754 0.421875
vt 0.209961 0.348633
vt 0.200439 0.432129
vt 0.199097 0.330078
vt 0.202515 0.442871
vt 0.185913 0.312988
vt 0.204346 0.453613
vt 0.170654 0.298340
vt 0.205811 0.464844
vt 0.198364 0.454102
vt 0.200562 0.475586
vt 0.199585 0.464844
vt 0.201294 0.486816
vt 0.187866 0.476562
vt 0.188354 0.487305
vt 0.188477 0.498535
vt 0.177246 0.488281
vt 0.176758 0.478027
vt 0.159058 0.469727
vt 0.175781 0.467773
vt 0.186768 0.466309
vt 0.174561 0.458008
vt 0.156128 0.452148
vt 0.185547 0.456055
vt 0.172852 0.448730
vt 0.171143 0.439453
vt 0.183838 0.446289
vt 0.151978 0.435547
vt 0.196655 0.443359
vt 0.181885 0.437012
vt 0.194580 0.434082
vt 0.192261 0.424316
vt 0.168823 0.430664
vt 0.179565 0.427734
vt 0.166260 0.421875
vt 0.146851 0.419434
vt 0.177002 0.418457
vt 0.189575 0.414551
vt 0.173950 0.409668
vt 0.163452 0.413086
vt 0.160400 0.404785
vt 0.140747 0.403809
vt 0.194946 0.412598
vt 0.186523 0.404785
vt 0.191772 0.402832
vt 0.188110 0.394043
vt 0.183105 0.395996
vt 0.170654 0.400879
vt 0.179199 0.387207
vt 0.184204 0.384766
vt 0.166992 0.392090
vt 0.179688 0.375977
vt 0.174683 0.378418
vt 0.174927 0.367188
vt 0.156860 0.396484
vt 0.163086 0.384277
vt 0.170044 0.370117
vt 0.153320 0.388672
vt 0.133789 0.389160
vt 0.158936 0.376465
vt 0.149292 0.381348
vt 0.145264 0.373535
vt 0.126221 0.375488
vt 0.154663 0.368652
vt 0.165527 0.362305
vt 0.170044 0.358887
vt 0.160889 0.354492
vt 0.165039 0.351074
vt 0.159912 0.343750
vt 0.156128 0.347168
vt 0.150146 0.361328
vt 0.151245 0.339844
vt 0.140869 0.366699
vt 0.145386 0.354004
vt 0.136353 0.359375
vt 0.117615 0.362305
vt 0.140503 0.346680
vt 0.131592 0.352539
vt 0.126587 0.345703
vt 0.108215 0.349609
vt 0.135254 0.339844
vt 0.145630 0.332520
vt 0.154663 0.336426
vt 0.148682 0.329102
vt 0.139648 0.324707
vt 0.129639 0.333008
vt 0.142334 0.322266
vt 0.133545 0.317871
vt 0.135742 0.314941
vt 0.121216 0.339355
vt 0.123840 0.326172
vt 0.115662 0.333008
vt 0.097900 0.337891
vt 0.127197 0.311035
vt 0.117737 0.319824
vt 0.109802 0.326660
vt 0.103760 0.320801
vt 0.086670 0.326660
vt 0.111450 0.313477
vt 0.120544 0.304199
vt 0.128784 0.308594
vt 0.153442 0.286133
vt 0.122253 0.302734
vt 0.149902 0.257324
vt 0.135498 0.274902
vt 0.130249 0.246582
vt 0.115540 0.296875
vt 0.110413 0.236816
vt 0.113831 0.297852
vt 0.099060 0.255371
vt 0.117554 0.264648
vt 0.075378 0.270996
vt 0.107117 0.291016
vt 0.104858 0.307617
vt 0.099426 0.285645
vt 0.097412 0.314941
vt 0.098083 0.301758
vt 0.090881 0.309570
vt 0.074646 0.316406
vt 0.090881 0.295898
vt 0.091309 0.280762
vt 0.084045 0.304199
vt 0.083496 0.291016
vt 0.083130 0.275391
vt 0.077026 0.299316
vt 0.061707 0.307129
vt 0.075867 0.286133
vt 0.069824 0.294922
vt 0.068237 0.281738
vt 0.062500 0.290527
vt 0.055084 0.286621
vt 1.780273 0.204102
vt 1.783203 0.202637
vt 1.782227 0.203613
vt 1.781250 0.196289
vt 1.784180 0.200684
vt 1.784180 0.198730
vt 1.783203 0.197266
vt 1.778320 0.203125
vt 1.777344 0.197754
vt 1.779297 0.196777
vt 1.777344 0.202148
vt 1.776367 0.199219
vt 1.766602 0.217285
vt 1.767578 0.218262
vt 1.766602 0.220703
vt 1.764648 0.220215
vt 1.764648 0.223633
vt 1.766602 0.223633
vt 1.766602 0.226562
vt 1.764648 0.226562
vt 1.766602 0.229492
vt 1.764648 0.229980
vt 1.766602 0.232910
vt 1.767578 0.231934
vt 1.777344 0.248047
vt 1.776367 0.250977
vt 1.777344 0.251953
vt 1.778320 0.246582
vt 1.779297 0.253418
vt 1.783203 0.252930
vt 1.781250 0.253418
vt 1.784180 0.251465
vt 1.784180 0.249512
vt 1.783203 0.247559
vt 1.782227 0.246094
vt 1.780273 0.246094
vt 2.781250 0.203613
vt 2.783203 0.202637
vt 2.779297 0.204102
vt 2.781250 0.196289
vt 2.785156 0.200684
vt 2.783203 0.198730
vt 2.783203 0.197266
vt 2.777344 0.203125
vt 2.777344 0.197754
vt 2.779297 0.196777
vt 2.777344 0.202148
vt 2.777344 0.199219
vt 2.765625 0.217285
vt 2.767578 0.218262
vt 2.765625 0.220703
vt 2.763672 0.220215
vt 2.763672 0.223633
vt 2.767578 0.223633
vt 2.767578 0.226562
vt 2.763672 0.226562
vt 2.765625 0.229492
vt 2.763672 0.229980
vt 2.765625 0.232910
vt 2.767578 0.231934
vt 2.777344 0.248047
vt 2.777344 0.250977
vt 2.777344 0.251953
vt 2.777344 0.246582
vt 2.779297 0.253418
vt 2.781250 0.253418
vt 2.783203 0.252930
vt 2.783203 0.251465
vt 2.785156 0.249512
vt 2.783203 0.247559
vt 2.781250 0.246094
vt 2.779297 0.246094
vt 0.884277 0.002930
vt 0.855957 0.016113
vt 0.854492 0.012695
vt 0.885254 0.006348
vt 0.852539 0.017578
vt 0.860840 0.040527
vt 0.864258 0.039551
vt 0.863281 0.051270
vt 0.895020 0.029785
vt 0.888672 0.005371
vt 0.867188 0.050293
vt 0.865723 0.062012
vt 0.892090 0.030762
vt 0.895020 0.041016
vt 0.898926 0.040039
vt 0.869629 0.061523
vt 0.868164 0.073242
vt 0.898438 0.052246
vt 0.902344 0.051270
vt 0.872559 0.072754
vt 0.870605 0.084961
vt 0.901367 0.063477
vt 0.905273 0.062988
vt 0.875000 0.083984
vt 0.873047 0.096191
vt 0.903809 0.075195
vt 0.907715 0.074707
vt 0.877930 0.095215
vt 0.875488 0.107422
vt 0.906250 0.086914
vt 0.910645 0.086426
vt 0.879883 0.106445
vt 0.877930 0.118652
vt 0.908691 0.098633
vt 0.912598 0.098145
vt 0.882324 0.118164
vt 0.880371 0.130371
vt 0.911133 0.110840
vt 0.915039 0.109863
vt 0.884277 0.129395
vt 0.882324 0.141602
vt 0.913574 0.123047
vt 0.916992 0.122070
vt 0.920410 0.134277
vt 0.915527 0.134766
vt 0.886230 0.141113
vt 0.884766 0.153320
vt 0.917480 0.146973
vt 0.922363 0.146484
vt 0.888672 0.152832
vt 0.886719 0.165039
vt 0.919922 0.159180
vt 0.923828 0.158691
vt 0.890625 0.164551
vt 0.888672 0.177246
vt 0.921875 0.171875
vt 0.892578 0.176270
vt 0.890625 0.188965
vt 0.926270 0.170898
vt 0.894531 0.188477
vt 0.892578 0.201172
vt 0.924316 0.184082
vt 0.928223 0.183594
vt 0.896484 0.200684
vt 0.894043 0.213379
vt 0.925781 0.196777
vt 0.930176 0.196289
vt 0.898438 0.212891
vt 0.895996 0.225586
vt 0.927734 0.209473
vt 0.931641 0.208984
vt 0.933105 0.221680
vt 0.899902 0.225098
vt 0.896973 0.237793
vt 0.929199 0.221680
vt 0.930176 0.234375
vt 0.934082 0.233887
vt 0.901367 0.237793
vt 0.931152 0.247070
vt 0.935059 0.247070
vt 0.901855 0.250488
vt 0.897949 0.250488
vt 0.898926 0.263184
vt 0.932129 0.260254
vt 0.936035 0.260254
vt 0.902832 0.263184
vt 0.899902 0.276367
vt 0.933105 0.273926
vt 0.937012 0.273438
vt 0.903809 0.275879
vt 0.900879 0.289551
vt 0.937988 0.287109
vt 0.904297 0.289062
vt 0.900879 0.302734
vt 0.934082 0.287109
vt 0.939453 0.300781
vt 0.905273 0.302734
vt 0.901855 0.315918
vt 0.935059 0.300781
vt 0.905762 0.315918
vt 0.902344 0.329590
vt 0.936035 0.314453
vt 0.940430 0.313965
vt 0.906250 0.329590
vt 0.902344 0.342773
vt 0.937012 0.327637
vt 0.940918 0.327637
vt 0.906738 0.342773
vt 0.902344 0.356445
vt 0.937012 0.341309
vt 0.940918 0.341309
vt 0.906738 0.356445
vt 0.902832 0.369629
vt 0.937012 0.354980
vt 0.941406 0.354980
vt 0.940918 0.368652
vt 0.937500 0.368652
vt 0.941406 0.382324
vt 0.906738 0.369629
vt 0.902832 0.382812
vt 0.937500 0.382324
vt 0.941406 0.395996
vt 0.906738 0.382812
vt 0.902832 0.395996
vt 0.937500 0.395996
vt 0.941406 0.409180
vt 0.907227 0.396484
vt 0.902832 0.409668
vt 0.937012 0.409180
vt 0.940430 0.422363
vt 0.906738 0.409668
vt 0.902832 0.422363
vt 0.936523 0.421875
vt 0.939941 0.435547
vt 0.906738 0.422363
vt 0.936035 0.435059
vt 0.906250 0.435059
vt 0.902344 0.435059
vt 0.902344 0.447754
vt 0.935547 0.447754
vt 0.939453 0.448242
vt 0.906250 0.447754
vt 0.935547 0.460938
vt 0.939453 0.460938
vt 0.905762 0.459961
vt 0.901855 0.459961
vt 0.935059 0.473633
vt 0.905273 0.472656
vt 0.901367 0.472656
vt 0.939453 0.473633
vt 0.904785 0.484863
vt 0.900879 0.484863
vt 0.935059 0.486328
vt 0.938965 0.486328
vt 0.904785 0.497070
vt 0.900391 0.497070
vt 0.934570 0.499023
vt 0.938477 0.499023
vt 0.904297 0.509521
vt 0.900391 0.509277
vt 0.934082 0.511475
vt 0.937988 0.511475
vt 0.937500 0.523926
vt 0.903809 0.521240
vt 0.899902 0.521240
vt 0.933105 0.523682
vt 0.902832 0.533203
vt 0.899414 0.532959
vt 0.898438 0.543701
vt 0.932617 0.535889
vt 0.937012 0.536133
vt 0.902344 0.543945
vt 0.932129 0.546875
vt 0.935547 0.547363
vt 0.935059 0.558350
vt 0.901855 0.554688
vt 0.897949 0.554443
vt 0.931152 0.558105
vt 0.934082 0.569092
vt 0.900879 0.565186
vt 0.897461 0.564697
vt 0.930176 0.568848
vt 0.899902 0.575684
vt 0.896484 0.575195
vt 0.895508 0.584473
vt 0.929688 0.579834
vt 0.933105 0.580078
vt 0.932129 0.589600
vt 0.899414 0.584717
vt 0.928711 0.589355
vt 0.931152 0.599121
vt 0.898438 0.593506
vt 0.894531 0.593262
vt 0.927734 0.598633
vt 0.930176 0.608154
vt 0.897461 0.602539
vt 0.893555 0.602051
vt 0.926270 0.607910
vt 0.929199 0.617432
vt 0.895996 0.611084
vt 0.892578 0.610596
vt 0.925293 0.616943
vt 0.927734 0.626709
vt 0.895020 0.619873
vt 0.891113 0.619385
vt 0.924316 0.626221
vt 0.926758 0.635742
vt 0.893555 0.628662
vt 0.889648 0.628174
vt 0.922852 0.635254
vt 0.924316 0.648682
vt 0.891602 0.640869
vt 0.888184 0.640137
vt 0.920410 0.647949
vt 0.922363 0.661133
vt 0.889648 0.652832
vt 0.885742 0.652100
vt 0.918457 0.660645
vt 0.920410 0.670166
vt 0.887695 0.661133
vt 0.884277 0.660645
vt 0.916504 0.669434
vt 0.918945 0.678711
vt 0.885742 0.669678
vt 0.882324 0.668701
vt 0.915039 0.678223
vt 0.916992 0.689209
vt 0.882812 0.679199
vt 0.878906 0.677979
vt 0.913086 0.688721
vt 0.880371 0.685303
vt 0.876465 0.684570
vt 0.875977 0.690186
vt 0.911621 0.695068
vt 0.915527 0.695801
vt 0.913086 0.701416
vt 0.879883 0.690674
vt 0.875488 0.692871
vt 0.909668 0.700195
vt 0.912598 0.704102
vt 0.879395 0.693848
vt 0.874512 0.696289
vt 0.908203 0.703125
vt 0.911621 0.707520
vt 0.878418 0.697754
vt 0.907227 0.706787
vt 0.909668 0.714600
vt 0.875977 0.704590
vt 0.872559 0.703125
vt 0.905273 0.713379
vt 0.873535 0.711426
vt 0.870117 0.709961
vt 0.903320 0.720215
vt 0.907227 0.721436
vt 0.866699 0.717285
vt 0.900391 0.727539
vt 0.904297 0.729004
vt 0.870605 0.718994
vt 0.897949 0.736816
vt 0.901855 0.737793
vt 0.866211 0.727539
vt 0.862793 0.725830
vt 0.895020 0.749756
vt 0.897949 0.750854
vt 0.887695 0.770996
vt 0.859863 0.739014
vt 0.856934 0.737793
vt 0.852051 0.761108
vt 0.884766 0.768677
vt 0.866699 0.793701
vt 0.863770 0.791260
vt 0.855957 0.761353
vt 0.855469 0.792725
vt 0.862793 0.795044
vt 0.856934 0.788940
vt 0.853027 0.789185
vt 0.907227 0.780518
vt 0.908203 0.777222
vt 0.936035 0.790161
vt 0.937500 0.786865
vt 0.913574 0.753296
vt 0.905273 0.776001
vt 0.916504 0.754150
vt 0.916016 0.742920
vt 0.940918 0.787598
vt 0.946777 0.764038
vt 0.943848 0.763184
vt 0.919434 0.743652
vt 0.917969 0.731934
vt 0.946777 0.752686
vt 0.950195 0.753662
vt 0.950195 0.741699
vt 0.953613 0.742676
vt 0.921875 0.732666
vt 0.920898 0.720947
vt 0.952637 0.730469
vt 0.956543 0.731201
vt 0.924805 0.721680
vt 0.923340 0.709717
vt 0.955566 0.718994
vt 0.958984 0.719482
vt 0.927246 0.710449
vt 0.925781 0.698730
vt 0.958008 0.707275
vt 0.961426 0.708008
vt 0.929688 0.699463
vt 0.928223 0.687744
vt 0.959961 0.695801
vt 0.963867 0.696533
vt 0.932129 0.688232
vt 0.930176 0.676514
vt 0.962402 0.684326
vt 0.966309 0.684814
vt 0.934082 0.677002
vt 0.932129 0.665283
vt 0.964844 0.672363
vt 0.968262 0.673096
vt 0.936035 0.665771
vt 0.934082 0.654053
vt 0.966797 0.660645
vt 0.970215 0.661133
vt 0.937988 0.654541
vt 0.936523 0.642578
vt 0.968750 0.648682
vt 0.972168 0.649170
vt 0.939941 0.643066
vt 0.938477 0.631104
vt 0.970703 0.636719
vt 0.974609 0.637451
vt 0.941895 0.631836
vt 0.939941 0.619629
vt 0.972656 0.624756
vt 0.976562 0.625244
vt 0.943848 0.620117
vt 0.941895 0.607910
vt 0.978516 0.613281
vt 0.945801 0.608643
vt 0.974609 0.612549
vt 0.947754 0.596680
vt 0.943848 0.596191
vt 0.945312 0.583984
vt 0.976562 0.600342
vt 0.980469 0.601074
vt 0.982422 0.588623
vt 0.949219 0.584473
vt 0.946777 0.571777
vt 0.978516 0.588135
vt 0.979980 0.575439
vt 0.983887 0.575684
vt 0.950684 0.572266
vt 0.947754 0.559082
vt 0.980957 0.562500
vt 0.984863 0.562744
vt 0.951660 0.559570
vt 0.948730 0.546387
vt 0.981934 0.549561
vt 0.986328 0.549805
vt 0.952637 0.546631
vt 0.949707 0.533691
vt 0.982910 0.536621
vt 0.986816 0.536865
vt 0.953613 0.533936
vt 0.950684 0.520752
vt 0.983887 0.523438
vt 0.987793 0.523438
vt 0.954590 0.520996
vt 0.951660 0.507812
vt 0.984863 0.510010
vt 0.988770 0.510254
vt 0.955566 0.508057
vt 0.952148 0.494629
vt 0.985840 0.496582
vt 0.989746 0.497070
vt 0.956543 0.495117
vt 0.953125 0.481445
vt 0.986816 0.483398
vt 0.990723 0.483887
vt 0.957031 0.481934
vt 0.953613 0.468262
vt 0.987305 0.470215
vt 0.990723 0.470215
vt 0.957520 0.468262
vt 0.953613 0.455078
vt 0.987793 0.457031
vt 0.991211 0.457031
vt 0.991699 0.443359
vt 0.957520 0.455078
vt 0.953613 0.441895
vt 0.987793 0.443359
vt 0.958008 0.441895
vt 0.954102 0.428711
vt 0.988281 0.430176
vt 0.992188 0.430176
vt 0.958008 0.428711
vt 0.954102 0.415527
vt 0.988281 0.416504
vt 0.992188 0.416504
vt 0.992188 0.403320
vt 0.958008 0.415527
vt 0.988281 0.403320
vt 0.992188 0.389648
vt 0.958008 0.402344
vt 0.954102 0.402344
vt 0.988281 0.390137
vt 0.958008 0.389160
vt 0.954102 0.389160
vt 0.987793 0.376953
vt 0.991699 0.376465
vt 0.991211 0.363281
vt 0.958008 0.376465
vt 0.954102 0.376465
vt 0.987793 0.363770
vt 0.991211 0.350586
vt 0.957520 0.363770
vt 0.954102 0.363770
vt 0.987305 0.350586
vt 0.957520 0.351074
vt 0.953125 0.351074
vt 0.987305 0.337891
vt 0.990723 0.337891
vt 0.990723 0.325195
vt 0.957031 0.338379
vt 0.953125 0.338379
vt 0.953125 0.326172
vt 0.986816 0.325195
vt 0.990234 0.312500
vt 0.957031 0.326172
vt 0.986328 0.312500
vt 0.990234 0.299805
vt 0.957031 0.313965
vt 0.952637 0.313965
vt 0.986328 0.300293
vt 0.989746 0.287598
vt 0.956543 0.301758
vt 0.952637 0.301758
vt 0.985840 0.287598
vt 0.989258 0.275391
vt 0.956055 0.289551
vt 0.952148 0.289551
vt 0.985352 0.275391
vt 0.988770 0.263184
vt 0.955566 0.277344
vt 0.952148 0.277832
vt 0.984863 0.263184
vt 0.987793 0.251953
vt 0.955078 0.265625
vt 0.951172 0.265625
vt 0.984375 0.251953
vt 0.987305 0.240723
vt 0.954590 0.254883
vt 0.950684 0.254883
vt 0.983887 0.240723
vt 0.954102 0.244141
vt 0.950195 0.244141
vt 0.986816 0.229492
vt 0.953125 0.233398
vt 0.949219 0.233887
vt 0.982910 0.229980
vt 0.952148 0.223145
vt 0.948242 0.223145
vt 0.947754 0.214355
vt 0.982422 0.218750
vt 0.986328 0.218750
vt 0.984863 0.208984
vt 0.951660 0.213867
vt 0.981445 0.209473
vt 0.983887 0.199707
vt 0.950684 0.204590
vt 0.946777 0.205078
vt 0.980469 0.199707
vt 0.982910 0.189941
vt 0.949707 0.195801
vt 0.945801 0.196289
vt 0.979492 0.190430
vt 0.948730 0.187012
vt 0.944336 0.187500
vt 0.978027 0.181152
vt 0.981934 0.180664
vt 0.980469 0.171387
vt 0.947754 0.178223
vt 0.943359 0.178711
vt 0.977051 0.171875
vt 0.979492 0.162598
vt 0.946289 0.169922
vt 0.942383 0.170410
vt 0.975586 0.163086
vt 0.977051 0.149902
vt 0.944824 0.157715
vt 0.940918 0.158203
vt 0.973633 0.150391
vt 0.975098 0.137207
vt 0.942383 0.145996
vt 0.938965 0.146484
vt 0.971191 0.137695
vt 0.973633 0.128418
vt 0.940918 0.137695
vt 0.937012 0.138184
vt 0.969727 0.128906
vt 0.971680 0.119141
vt 0.938477 0.129395
vt 0.934570 0.130371
vt 0.967773 0.120117
vt 0.969727 0.108887
vt 0.935059 0.119141
vt 0.931152 0.120605
vt 0.965820 0.109375
vt 0.932617 0.112793
vt 0.929199 0.113770
vt 0.928711 0.107422
vt 0.964844 0.103027
vt 0.968262 0.102051
vt 0.965820 0.096191
vt 0.932617 0.107422
vt 0.928223 0.104492
vt 0.962402 0.097656
vt 0.965332 0.093262
vt 0.932129 0.104004
vt 0.927246 0.101562
vt 0.961426 0.094727
vt 0.964355 0.090332
vt 0.931152 0.100098
vt 0.960449 0.091309
vt 0.962402 0.083008
vt 0.929199 0.093262
vt 0.925293 0.094727
vt 0.958496 0.084473
vt 0.956055 0.077637
vt 0.959961 0.076172
vt 0.926270 0.086426
vt 0.922852 0.087891
vt 0.953613 0.070312
vt 0.957520 0.068848
vt 0.923340 0.079102
vt 0.919434 0.080566
vt 0.950684 0.061035
vt 0.954590 0.060059
vt 0.918945 0.070801
vt 0.915527 0.072754
vt 0.947754 0.048340
vt 0.951172 0.047363
vt 0.940430 0.027344
vt 0.912598 0.059570
vt 0.909668 0.060547
vt 0.904297 0.037598
vt 0.937500 0.029297
vt 0.916016 0.006836
vt 0.918945 0.004395
vt 0.908203 0.037109
vt 0.915039 0.002930
vt 0.907715 0.005371
vt 0.909180 0.009277
vt 0.905273 0.009277
vt 0.724609 0.489746
vt 0.724609 0.487305
vt 0.750000 0.489746
vt 0.750000 0.487305
vt 0.721680 0.470215
vt 0.721680 0.487305
vt 0.751953 0.469727
vt 0.752441 0.486816
vt 0.724609 0.469727
vt 0.721191 0.461426
vt 0.749023 0.469727
vt 0.749023 0.460938
vt 0.752441 0.460938
vt 0.724609 0.461426
vt 0.748535 0.452148
vt 0.752930 0.452148
vt 0.724121 0.452637
vt 0.720215 0.453125
vt 0.719727 0.444336
vt 0.748047 0.443848
vt 0.752441 0.443359
vt 0.723633 0.444336
vt 0.719238 0.436035
vt 0.748047 0.435547
vt 0.751953 0.435059
vt 0.723145 0.436035
vt 0.718750 0.427734
vt 0.747559 0.427246
vt 0.751465 0.426758
vt 0.723145 0.427734
vt 0.718262 0.419922
vt 0.747070 0.418945
vt 0.750977 0.418457
vt 0.722656 0.419434
vt 0.717773 0.411621
vt 0.746582 0.411133
vt 0.750488 0.410645
vt 0.722168 0.411133
vt 0.717773 0.404297
vt 0.746094 0.403320
vt 0.750000 0.403320
vt 0.721680 0.403809
vt 0.717285 0.396484
vt 0.745605 0.395996
vt 0.749512 0.395508
vt 0.721191 0.395996
vt 0.716797 0.389648
vt 0.745605 0.389160
vt 0.749512 0.388672
vt 0.721191 0.389160
vt 0.716797 0.381836
vt 0.745117 0.381348
vt 0.749023 0.381348
vt 0.721191 0.381348
vt 0.716797 0.374023
vt 0.745117 0.374023
vt 0.749023 0.373535
vt 0.720703 0.373535
vt 0.716797 0.365723
vt 0.745117 0.365723
vt 0.749023 0.365723
vt 0.720703 0.365234
vt 0.716797 0.357422
vt 0.745117 0.357910
vt 0.749023 0.357910
vt 0.720703 0.356934
vt 0.716309 0.349609
vt 0.745605 0.350098
vt 0.749512 0.350098
vt 0.720703 0.349609
vt 0.719238 0.316895
vt 0.714844 0.316895
vt 0.748535 0.318359
vt 0.752441 0.318848
vt 0.748535 0.313965
vt 0.719238 0.312500
vt 1.576172 0.797363
vt 1.573242 0.794800
vt 1.575195 0.795532
vt 1.576172 0.799438
vt 1.575195 0.801392
vt 1.574219 0.802734
vt 1.569336 0.796265
vt 1.571289 0.795044
vt 1.568359 0.799072
vt 1.570312 0.803711
vt 1.551758 0.811279
vt 1.549805 0.806274
vt 1.542969 0.808716
vt 1.545898 0.813721
vt 1.527344 0.815308
vt 1.529297 0.820312
vt 1.521484 0.817749
vt 1.523438 0.822754
vt 1.502930 0.825073
vt 1.503906 0.830322
vt 1.500977 0.831665
vt 1.500000 0.823730
vt 1.498047 0.823975
vt 1.497070 0.831055
vt 1.499023 0.831909
vt 1.495117 0.827271
vt 1.496094 0.829346
vt 1.496094 0.825195
vt 1.767578 0.014160
vt 1.767578 0.005371
vt 1.768555 0.009766
vt 1.758789 0.002441
vt 1.763672 0.002441
vt 1.758789 0.016602
vt 1.763672 0.016602
vt 1.753906 0.009766
vt 1.754883 0.014160
vt 1.754883 0.005371
vt 1.990234 0.127441
vt 1.986328 0.122070
vt 1.989258 0.124512
vt 1.989258 0.130371
vt 1.987305 0.132812
vt 1.984375 0.133301
vt 1.981445 0.132812
vt 1.979492 0.130371
vt 1.978516 0.127441
vt 1.983398 0.121094
vt 1.978516 0.090820
vt 1.983398 0.090820
vt 1.983398 0.081055
vt 1.978516 0.081055
vt 1.983398 0.055176
vt 1.978516 0.055176
vt 1.983398 0.045410
vt 1.978516 0.045410
vt 1.983398 0.014648
vt 1.978516 0.008789
vt 1.986328 0.014160
vt 1.979492 0.005371
vt 1.981445 0.003418
vt 1.984375 0.002441
vt 1.987305 0.003418
vt 1.989258 0.005859
vt 1.990234 0.008789
vt 1.989258 0.011719
vt 2.990234 0.124512
vt 2.986328 0.122070
vt 2.990234 0.127441
vt 2.990234 0.130371
vt 2.988281 0.132812
vt 2.984375 0.133301
vt 2.980469 0.132812
vt 2.978516 0.130371
vt 2.978516 0.127441
vt 2.984375 0.121094
vt 2.978516 0.090820
vt 2.984375 0.090820
vt 2.984375 0.081055
vt 2.978516 0.081055
vt 2.982422 0.055176
vt 2.978516 0.055176
vt 2.982422 0.045410
vt 2.978516 0.045410
vt 2.984375 0.014648
vt 2.978516 0.008789
vt 2.986328 0.014160
vt 2.978516 0.005371
vt 2.980469 0.003418
vt 2.984375 0.002441
vt 2.988281 0.003418
vt 2.990234 0.005859
vt 2.990234 0.008789
vt 2.990234 0.011719
vt 1.318359 0.998204
vt 1.296875 0.998202
vt 1.296875 0.988167
vt 1.323242 0.993317
vt 1.292969 0.998202
vt 1.292969 0.988167
vt 1.291016 0.988167
vt 1.296875 0.980469
vt 1.291016 0.998202
vt 1.323242 0.975327
vt 1.289062 0.988167
vt 1.318359 0.970444
vt 1.289062 0.998202
vt 1.296875 0.970444
vt 1.287109 0.998202
vt 1.292969 0.980469
vt 1.287109 0.988167
vt 1.292969 0.970444
vt 1.284180 0.998202
vt 1.291016 0.970444
vt 1.284180 0.988167
vt 1.291016 0.980469
vt 1.282227 0.998202
vt 1.289062 0.970444
vt 1.282227 0.988167
vt 1.289062 0.980469
vt 1.280273 0.988167
vt 1.287109 0.980469
vt 1.280273 0.998202
vt 1.287109 0.970444
vt 1.277344 0.998202
vt 1.284180 0.970444
vt 1.277344 0.988167
vt 1.284180 0.980469
vt 1.274414 0.988190
vt 1.282227 0.980469
vt 1.274414 0.998221
vt 1.282227 0.970444
vt 1.253906 0.998257
vt 1.280273 0.980469
vt 1.249023 0.993370
vt 1.280273 0.970444
vt 1.249023 0.975388
vt 1.277344 0.980469
vt 1.274414 0.980499
vt 1.277344 0.970444
vt 1.253906 0.970505
vt 1.274414 0.970474
vt 0.963867 0.784302
vt 0.968262 0.786987
vt 0.968262 0.782959
vt 0.970215 0.783203
vt 0.970215 0.780273
vt 0.968262 0.780151
vt 0.968262 0.778320
vt 1.761719 0.485352
vt 1.762695 0.491211
vt 1.758789 0.487305
vt 1.756836 0.489746
vt 1.765625 0.489746
vt 1.761719 0.494141
vt 1.764648 0.484375
vt 1.755859 0.493164
vt 1.767578 0.484375
vt 1.755859 0.496094
vt 1.768555 0.490234
vt 1.761719 0.496582
vt 1.770508 0.485352
vt 1.756836 0.499512
vt 1.773438 0.487305
vt 1.758789 0.501953
vt 1.770508 0.492676
vt 1.763672 0.499023
vt 1.775391 0.489746
vt 1.761719 0.503906
vt 1.776367 0.493164
vt 1.764648 0.504883
vt 1.770508 0.495605
vt 1.766602 0.499512
vt 1.776367 0.496094
vt 1.767578 0.504883
vt 1.775391 0.499512
vt 1.770508 0.503906
vt 1.769531 0.498047
vt 1.773438 0.501953
vt 1.787109 0.219727
vt 1.782227 0.218262
vt 1.784180 0.215820
vt 1.780273 0.214355
vt 1.784180 0.220703
vt 1.780273 0.217285
vt 1.787109 0.224609
vt 1.777344 0.218262
vt 1.784180 0.223633
vt 1.775391 0.215820
vt 1.784180 0.228027
vt 1.772461 0.219727
vt 1.782227 0.226074
vt 1.775391 0.220703
vt 1.780273 0.229492
vt 1.775391 0.223633
vt 1.780273 0.227051
vt 1.772461 0.224609
vt 1.777344 0.226074
vt 1.775391 0.228027
vt 2.642578 0.798462
vt 2.642578 0.794922
vt 2.638672 0.797485
vt 2.646484 0.798462
vt 2.638672 0.792847
vt 2.636719 0.795532
vt 2.634766 0.792725
vt 2.648438 0.794067
vt 2.648438 0.797363
vt 2.652344 0.795288
vt 2.642578 0.790283
vt 2.636719 0.788818
vt 2.632812 0.789551
vt 2.632812 0.786011
vt 2.640625 0.787109
vt 2.636719 0.784302
vt 2.634766 0.782715
vt 2.636719 0.779907
vt 2.640625 0.781128
vt 2.638672 0.777832
vt 2.642578 0.776733
vt 2.646484 0.789673
vt 2.642578 0.784546
vt 2.644531 0.780273
vt 2.646484 0.776733
vt 2.648438 0.777710
vt 2.646484 0.786133
vt 2.648438 0.782349
vt 2.652344 0.779663
vt 2.654297 0.782471
vt 2.650391 0.786377
vt 2.654297 0.785767
vt 2.654297 0.789185
vt 2.650391 0.790894
vt 2.654297 0.792480
vt 1.446289 0.853149
vt 1.446289 0.819214
vt 1.450195 0.854370
vt 1.445312 0.855957
vt 1.450195 0.817993
vt 1.446289 0.816528
vt 1.449219 0.860474
vt 1.420898 0.854370
vt 1.454102 0.854980
vt 1.449219 0.812012
vt 1.420898 0.817505
vt 1.454102 0.817383
vt 1.415039 0.813843
vt 1.416016 0.857666
vt 1.452148 0.863281
vt 1.458984 0.855957
vt 1.458984 0.816528
vt 1.456055 0.868774
vt 1.407227 0.865356
vt 1.452148 0.809326
vt 1.456055 0.803833
vt 1.407227 0.806152
vt 1.412109 0.811523
vt 1.413086 0.860107
vt 1.727539 0.804688
vt 1.726562 0.802002
vt 1.733398 0.801636
vt 1.723633 0.805786
vt 1.731445 0.799194
vt 1.736328 0.798584
vt 1.723633 0.802856
vt 1.716797 0.805786
vt 1.724609 0.791382
vt 1.734375 0.796631
vt 1.737305 0.791626
vt 1.740234 0.792725
vt 1.717773 0.802734
vt 1.712891 0.804688
vt 1.738281 0.788086
vt 1.741211 0.788574
vt 1.741211 0.781982
vt 1.713867 0.801758
vt 1.738281 0.782349
vt 1.740234 0.777710
vt 1.727539 0.785034
vt 1.737305 0.778809
vt 1.734375 0.773682
vt 1.737305 0.771729
vt 1.732422 0.771118
vt 1.734375 0.768677
vt 1.724609 0.778687
vt 1.727539 0.768066
vt 1.728516 0.765381
vt 1.724609 0.764160
vt 1.723633 0.767212
vt 1.717773 0.767090
vt 1.717773 0.764160
vt 1.716797 0.778564
vt 1.713867 0.767944
vt 1.712891 0.765259
vt 1.707031 0.768311
vt 1.708984 0.770752
vt 1.704102 0.771362
vt 1.707031 0.773315
vt 1.704102 0.778320
vt 1.701172 0.777344
vt 1.712891 0.784912
vt 1.703125 0.781982
vt 1.700195 0.781494
vt 1.702148 0.787720
vt 1.699219 0.788086
vt 1.701172 0.792358
vt 1.703125 0.791260
vt 1.706055 0.796265
vt 1.704102 0.798218
vt 1.716797 0.791260
vt 1.708984 0.798950
vt 1.707031 0.801147
vt 1.760742 0.537598
vt 1.726562 0.536865
vt 1.761719 0.533203
vt 1.763672 0.537598
vt 1.725586 0.532715
vt 1.723633 0.536865
vt 1.767578 0.534180
vt 1.761719 0.530029
vt 1.719727 0.533691
vt 1.767578 0.556152
vt 1.763672 0.554688
vt 1.724609 0.529297
vt 1.719727 0.555664
vt 1.723633 0.554199
vt 1.716797 0.530762
vt 1.762695 0.524902
vt 1.724609 0.524414
vt 1.711914 0.526367
vt 1.710938 0.560791
vt 1.769531 0.531250
vt 1.774414 0.526855
vt 1.776367 0.560791
vt 1.770508 0.560791
vt 1.716797 0.560547
vt 1.767578 0.597900
vt 1.771484 0.603271
vt 1.767578 0.560547
vt 1.718750 0.598389
vt 1.714844 0.603271
vt 1.767578 0.565186
vt 1.764648 0.594727
vt 1.721680 0.595459
vt 1.761719 0.590332
vt 1.762695 0.566406
vt 1.724609 0.590332
vt 1.763672 0.563477
vt 1.761719 0.565674
vt 1.719727 0.565186
vt 1.724609 0.566650
vt 1.719727 0.560547
vt 1.723633 0.563232
vt 1.725586 0.565918
vt 1.723633 0.557617
vt 1.724609 0.554932
vt 1.762695 0.555420
vt 1.723633 0.560547
vt 1.763672 0.560547
vt 1.763672 0.557861
vt 2.642578 0.507812
vt 2.640625 0.512207
vt 2.677734 0.507080
vt 2.638672 0.507080
vt 2.677734 0.511475
vt 2.679688 0.506104
vt 2.634766 0.510254
vt 2.683594 0.509277
vt 2.634766 0.488770
vt 2.638672 0.490234
vt 2.640625 0.515625
vt 2.632812 0.513184
vt 2.679688 0.514648
vt 2.640625 0.520752
vt 2.626953 0.517822
vt 2.679688 0.519775
vt 2.626953 0.483398
vt 2.687500 0.512207
vt 2.691406 0.516357
vt 2.691406 0.482910
vt 2.632812 0.483887
vt 2.634766 0.445801
vt 2.630859 0.440430
vt 2.634766 0.483887
vt 2.683594 0.446777
vt 2.687500 0.442383
vt 2.634766 0.479004
vt 2.636719 0.449219
vt 2.685547 0.483398
vt 2.681641 0.449707
vt 2.683594 0.488281
vt 2.679688 0.489746
vt 2.683594 0.479004
vt 2.683594 0.483398
vt 2.679688 0.486328
vt 2.677734 0.488770
vt 2.677734 0.454102
vt 2.640625 0.454590
vt 2.679688 0.477539
vt 2.638672 0.478027
vt 2.679688 0.480957
vt 2.677734 0.478516
vt 2.638672 0.480957
vt 2.640625 0.478516
vt 2.679688 0.483887
vt 2.638672 0.483887
vt 2.638672 0.486816
vt 2.640625 0.489258
vt 2.628906 0.792847
vt 2.625000 0.791992
vt 2.626953 0.796753
vt 2.628906 0.788818
vt 2.621094 0.796509
vt 2.625000 0.799927
vt 2.621094 0.802368
vt 2.623047 0.786987
vt 2.626953 0.784912
vt 2.625000 0.781494
vt 2.619141 0.792114
vt 2.617188 0.798706
vt 2.617188 0.803467
vt 2.613281 0.803467
vt 2.615234 0.793945
vt 2.611328 0.797852
vt 2.609375 0.802124
vt 2.607422 0.799683
vt 2.619141 0.788208
vt 2.613281 0.791138
vt 2.609375 0.794189
vt 2.603516 0.796265
vt 2.603516 0.792358
vt 2.607422 0.789185
vt 2.603516 0.788330
vt 2.603516 0.784424
vt 2.615234 0.787598
vt 2.611328 0.784668
vt 2.607422 0.781250
vt 2.609375 0.778809
vt 2.615234 0.782471
vt 2.615234 0.777710
vt 2.619141 0.777710
vt 2.619141 0.783325
vt 2.623047 0.779053
vt 1.694336 0.793213
vt 1.689453 0.786377
vt 1.696289 0.787476
vt 1.696289 0.781494
vt 1.685547 0.792969
vt 1.691406 0.797974
vt 1.686523 0.801514
vt 1.688477 0.778931
vt 1.695312 0.775757
vt 1.691406 0.770752
vt 1.682617 0.783691
vt 1.679688 0.796387
vt 1.680664 0.803223
vt 1.673828 0.803223
vt 1.679688 0.788818
vt 1.671875 0.795044
vt 1.668945 0.801147
vt 1.664062 0.797607
vt 1.673828 0.787720
vt 1.666992 0.789551
vt 1.660156 0.792603
vt 1.658203 0.786865
vt 1.678711 0.779419
vt 1.672852 0.781860
vt 1.666016 0.782104
vt 1.659180 0.780884
vt 1.660156 0.775146
vt 1.668945 0.775513
vt 1.664062 0.770386
vt 1.668945 0.766846
vt 1.675781 0.772339
vt 1.674805 0.765137
vt 1.680664 0.765137
vt 1.683594 0.773560
vt 1.686523 0.767212
vt 1.639648 0.797485
vt 1.642578 0.794922
vt 1.642578 0.798462
vt 1.645508 0.798462
vt 1.638672 0.792847
vt 1.636719 0.795532
vt 1.633789 0.792725
vt 1.647461 0.794067
vt 1.649414 0.797363
vt 1.652344 0.795288
vt 1.642578 0.790283
vt 1.636719 0.788818
vt 1.632812 0.789551
vt 1.632812 0.786011
vt 1.640625 0.787109
vt 1.637695 0.784302
vt 1.633789 0.782715
vt 1.635742 0.779907
vt 1.640625 0.781128
vt 1.638672 0.777832
vt 1.642578 0.776733
vt 1.646484 0.789673
vt 1.643555 0.784546
vt 1.645508 0.780273
vt 1.645508 0.776733
vt 1.649414 0.777710
vt 1.646484 0.786133
vt 1.649414 0.782349
vt 1.651367 0.779663
vt 1.654297 0.782471
vt 1.651367 0.786377
vt 1.655273 0.785767
vt 1.655273 0.789185
vt 1.650391 0.790894
vt 1.654297 0.792480
vt 1.389648 0.821655
vt 1.391602 0.826782
vt 1.388672 0.826172
vt 1.354492 0.827148
vt 1.395508 0.823853
vt 1.391602 0.852051
vt 1.353516 0.822754
vt 1.351562 0.828003
vt 1.389648 0.818359
vt 1.394531 0.857300
vt 1.353516 0.853271
vt 1.398438 0.820801
vt 1.347656 0.825195
vt 1.350586 0.857910
vt 1.352539 0.819458
vt 1.390625 0.813232
vt 1.351562 0.814453
vt 1.403320 0.816406
vt 1.403320 0.866089
vt 1.344727 0.822388
vt 1.339844 0.818359
vt 1.342773 0.866089
vt 1.347656 0.860962
vt 1.397461 0.860474
vt 1.677734 0.507080
vt 1.640625 0.512207
vt 1.641602 0.507812
vt 1.638672 0.507080
vt 1.678711 0.511475
vt 1.680664 0.506104
vt 1.634766 0.510254
vt 1.683594 0.509277
vt 1.640625 0.515625
vt 1.678711 0.514648
vt 1.683594 0.488281
vt 1.678711 0.489746
vt 1.686523 0.512207
vt 1.639648 0.520752
vt 1.679688 0.519775
vt 1.691406 0.516357
vt 1.691406 0.482910
vt 1.632812 0.513184
vt 1.627930 0.517822
vt 1.625977 0.483398
vt 1.634766 0.488770
vt 1.639648 0.490234
vt 1.631836 0.483887
vt 1.634766 0.445801
vt 1.629883 0.440430
vt 1.634766 0.483887
vt 1.639648 0.486816
vt 1.640625 0.489258
vt 1.677734 0.488770
vt 1.634766 0.479004
vt 1.678711 0.486328
vt 1.638672 0.483887
vt 1.679688 0.483887
vt 1.683594 0.483398
vt 1.639648 0.480957
vt 1.678711 0.480957
vt 1.686523 0.483398
vt 1.682617 0.479004
vt 1.682617 0.446777
vt 1.687500 0.442383
vt 1.678711 0.477539
vt 1.677734 0.478516
vt 1.677734 0.454102
vt 1.640625 0.478516
vt 1.639648 0.478027
vt 1.640625 0.454590
vt 1.680664 0.449707
vt 1.636719 0.449219
vt 2.761719 0.533203
vt 2.726562 0.536865
vt 2.759766 0.537598
vt 2.763672 0.537598
vt 2.724609 0.532715
vt 2.722656 0.536865
vt 2.767578 0.534180
vt 2.718750 0.533691
vt 2.761719 0.530029
vt 2.724609 0.529297
vt 2.718750 0.555664
vt 2.724609 0.554199
vt 2.716797 0.530762
vt 2.763672 0.524902
vt 2.724609 0.524414
vt 2.712891 0.526367
vt 2.710938 0.560791
vt 2.769531 0.531250
vt 2.775391 0.526855
vt 2.775391 0.560791
vt 2.716797 0.560547
vt 2.767578 0.556152
vt 2.763672 0.554688
vt 2.769531 0.560791
vt 2.767578 0.597900
vt 2.771484 0.603271
vt 2.767578 0.560547
vt 2.763672 0.557861
vt 2.761719 0.555420
vt 2.767578 0.565186
vt 2.763672 0.560547
vt 2.718750 0.598389
vt 2.714844 0.603271
vt 2.765625 0.594727
vt 2.718750 0.565186
vt 2.720703 0.595459
vt 2.761719 0.590332
vt 2.724609 0.590332
vt 2.763672 0.566406
vt 2.724609 0.566650
vt 2.763672 0.563477
vt 2.761719 0.565674
vt 2.724609 0.563232
vt 2.724609 0.565918
vt 2.722656 0.560547
vt 2.718750 0.560547
vt 2.724609 0.557617
vt 2.724609 0.554932
vt 1.627930 0.796753
vt 1.624023 0.791992
vt 1.628906 0.792847
vt 1.628906 0.788818
vt 1.622070 0.796509
vt 1.625000 0.799927
vt 1.622070 0.802368
vt 1.624023 0.786987
vt 1.627930 0.784912
vt 1.625000 0.781494
vt 1.619141 0.792114
vt 1.617188 0.798706
vt 1.618164 0.803467
vt 1.613281 0.803467
vt 1.615234 0.793945
vt 1.612305 0.797852
vt 1.610352 0.802124
vt 1.606445 0.799683
vt 1.618164 0.788208
vt 1.612305 0.791138
vt 1.608398 0.794189
vt 1.604492 0.796265
vt 1.603516 0.792358
vt 1.608398 0.789185
vt 1.603516 0.788330
vt 1.604492 0.784424
vt 1.614258 0.787598
vt 1.610352 0.784668
vt 1.607422 0.781250
vt 1.610352 0.778809
vt 1.615234 0.782471
vt 1.614258 0.777710
vt 1.618164 0.777710
vt 1.620117 0.783325
vt 1.622070 0.779053
s 1
usemtl MI_Armor_Chest_Breastplate_005
f 3/1/1 1/2/2 2/3/3
f 6/4/4 4/5/5 5/6/6
f 9/7/7 7/8/8 8/9/9
f 10/10/10 7/8/8 9/7/7
f 11/11/11 10/10/10 9/7/7
f 12/12/12 10/10/10 11/11/11
f 13/13/13 12/12/12 11/11/11
f 14/14/14 12/12/12 13/13/13
f 15/15/15 14/14/14 13/13/13
f 16/16/16 14/14/14 15/15/15
f 17/17/17 16/16/16 15/15/15
f 18/18/18 16/16/16 17/17/17
f 19/19/19 18/18/18 17/17/17
f 20/20/20 18/18/18 19/19/19
f 21/21/21 20/20/20 19/19/19
f 22/22/22 20/20/20 21/21/21
f 23/23/23 22/22/22 21/21/21
f 24/24/24 22/22/22 23/23/23
f 25/25/25 24/24/24 23/23/23
f 26/26/26 24/24/24 25/25/25
f 27/27/27 26/26/26 25/25/25
f 28/28/28 26/26/26 27/27/27
f 29/29/29 28/28/28 27/27/27
f 30/30/30 28/28/28 29/29/29
f 31/31/31 30/30/30 29/29/29
f 32/32/32 30/30/30 31/31/31
f 33/33/33 32/32/32 31/31/31
f 34/34/34 32/32/32 33/33/33
f 35/35/35 34/34/34 33/33/33
f 36/36/36 34/34/34 35/35/35
f 35/35/35 37/37/37 36/36/36
f 38/38/38 37/37/37 35/35/35
f 38/38/38 39/39/39 37/37/37
f 40/40/40 39/39/39 38/38/38
f 41/41/41 39/39/39 40/40/40
f 42/42/42 39/39/39 41/41/41
f 43/43/43 42/42/42 41/41/41
f 44/44/44 42/42/42 43/43/43
f 45/45/45 44/44/44 43/43/43
f 46/46/46 44/44/44 45/45/45
f 47/47/47 46/46/46 45/45/45
f 48/48/48 46/46/46 47/47/47
f 49/49/49 48/48/48 47/47/47
f 50/50/50 48/48/48 49/49/49
f 51/51/51 50/50/50 49/49/49
f 52/52/52 50/50/50 51/51/51
f 53/53/53 52/52/52 51/51/51
f 54/54/54 52/52/52 53/53/53
f 53/53/53 55/55/55 54/54/54
f 56/56/56 55/55/55 53/53/53
f 57/57/57 55/55/55 56/56/56
f 58/58/58 55/55/55 57/57/57
f 59/59/59 58/58/58 57/57/57
f 60/60/60 58/58/58 59/59/59
f 61/61/61 60/60/60 59/59/59
f 62/62/62 60/60/60 61/61/61
f 63/63/63 62/62/62 61/61/61
f 64/64/64 62/62/62 63/63/63
f 65/65/65 64/64/64 63/63/63
f 66/66/66 64/64/64 65/65/65
f 67/67/65 66/66/66 65/65/65
f 68/68/67 66/66/66 67/67/65
f 69/69/68 68/68/67 67/67/65
f 70/70/69 68/68/67 69/69/68
f 71/71/70 70/70/69 69/69/68
f 72/72/71 70/70/69 71/71/70
f 73/73/72 72/72/71 71/71/70
f 74/74/73 72/72/71 73/73/72
f 75/75/74 74/74/73 73/73/72
f 76/76/75 74/74/73 75/75/74
f 77/77/76 76/76/75 75/75/74
f 78/78/77 76/76/75 77/77/76
f 77/77/76 79/79/78 78/78/77
f 80/80/79 79/79/78 77/77/76
f 80/80/79 81/81/80 79/79/78
f 82/82/81 81/81/80 80/80/79
f 82/82/81 83/83/82 81/81/80
f 84/84/83 83/83/82 82/82/81
f 84/84/83 85/85/84 83/83/82
f 86/86/85 85/85/84 84/84/83
f 86/86/85 87/87/86 85/85/84
f 88/88/87 87/87/86 86/86/85
f 88/88/87 89/89/88 87/87/86
f 90/90/89 89/89/88 88/88/87
f 90/90/89 91/91/90 89/89/88
f 92/92/91 91/91/90 90/90/89
f 92/92/91 93/93/92 91/91/90
f 94/94/93 93/93/92 92/92/91
f 94/94/93 95/95/94 93/93/92
f 96/96/95 95/95/94 94/94/93
f 96/96/95 97/97/96 95/95/94
f 98/98/97 97/97/96 96/96/95
f 98/98/97 99/99/98 97/97/96
f 100/100/99 99/99/98 98/98/97
f 100/100/99 101/101/100 99/99/98
f 102/102/101 101/101/100 100/100/99
f 102/102/101 103/103/102 101/101/100
f 104/104/103 103/103/102 102/102/101
f 104/104/103 105/105/104 103/103/102
f 106/106/105 105/105/104 104/104/103
f 106/106/105 107/107/106 105/105/104
f 108/108/107 107/107/106 106/106/105
f 108/108/107 109/109/108 107/107/106
f 110/110/109 109/109/108 108/108/107
f 110/110/109 111/111/110 109/109/108
f 112/112/111 111/111/110 110/110/109
f 112/112/111 113/113/112 111/111/110
f 114/114/113 113/113/112 112/112/111
f 114/114/113 115/115/114 113/113/112
f 116/116/115 115/115/114 114/114/113
f 116/116/115 117/117/116 115/115/114
f 118/118/117 117/117/116 116/116/115
f 118/118/117 119/119/118 117/117/116
f 120/120/119 119/119/118 118/118/117
f 120/120/119 121/121/120 119/119/118
f 122/122/121 121/121/120 120/120/119
f 122/122/121 123/123/122 121/121/120
f 124/124/123 123/123/122 122/122/121
f 123/123/122 124/124/123 125/125/124
f 125/125/124 124/124/123 126/126/125
f 125/125/124 126/126/125 127/127/126
f 127/127/126 126/126/125 128/128/127
f 128/128/127 129/129/128 127/127/126
f 130/130/129 129/129/128 128/128/127
f 131/131/130 129/129/128 130/130/129
f 132/132/131 129/129/128 131/131/130
f 133/133/132 132/132/131 131/131/130
f 134/134/133 132/132/131 133/133/132
f 135/135/134 134/134/133 133/133/132
f 136/136/134 134/134/133 135/135/134
f 137/137/135 136/136/134 135/135/134
f 138/138/136 136/136/134 137/137/135
f 137/137/135 139/139/137 138/138/136
f 138/138/136 139/139/137 140/140/137
f 139/139/137 141/141/138 140/140/137
f 140/140/137 141/141/138 142/142/139
f 145/143/140 143/144/141 144/145/142
f 146/146/143 143/144/141 145/143/140
f 147/147/144 146/146/143 145/143/140
f 148/148/145 146/146/143 147/147/144
f 147/147/144 149/149/146 148/148/145
f 148/148/145 149/149/146 150/150/147
f 151/151/148 150/150/147 149/149/146
f 152/152/149 150/150/147 151/151/148
f 151/151/148 153/153/150 152/152/149
f 152/152/149 153/153/150 154/154/151
f 155/155/152 154/154/151 153/153/150
f 156/156/153 154/154/151 155/155/152
f 155/155/152 157/157/154 156/156/153
f 156/156/153 157/157/154 158/158/155
f 159/159/156 158/158/155 157/157/154
f 160/160/157 158/158/155 159/159/156
f 159/159/156 161/161/158 160/160/157
f 160/160/157 161/161/158 162/162/159
f 163/163/160 162/162/159 161/161/158
f 164/164/161 162/162/159 163/163/160
f 163/163/160 165/165/162 164/164/161
f 164/164/161 165/165/162 166/166/163
f 167/167/164 166/166/163 165/165/162
f 168/168/165 166/166/163 167/167/164
f 167/167/164 169/169/166 168/168/165
f 168/168/165 169/169/166 170/170/167
f 171/171/168 170/170/167 169/169/166
f 172/172/169 170/170/167 171/171/168
f 171/171/168 173/173/170 172/172/169
f 172/172/169 173/173/170 174/174/171
f 175/175/172 174/174/171 173/173/170
f 176/176/173 174/174/171 175/175/172
f 175/175/172 177/177/174 176/176/173
f 178/178/175 177/177/174 175/175/172
f 181/179/176 179/180/177 180/181/178
f 182/182/179 179/180/177 181/179/176
f 183/183/180 182/182/179 181/179/176
f 184/184/180 182/182/179 183/183/180
f 183/183/180 185/185/181 184/184/180
f 186/186/181 185/185/181 183/183/180
f 187/187/182 185/185/181 186/186/181
f 188/188/183 185/185/181 187/187/182
f 189/189/184 188/188/183 187/187/182
f 190/190/184 188/188/183 189/189/184
f 191/191/185 190/190/184 189/189/184
f 192/192/186 190/190/184 191/191/185
f 193/193/187 192/192/186 191/191/185
f 194/194/188 192/192/186 193/193/187
f 195/195/189 194/194/188 193/193/187
f 196/196/190 194/194/188 195/195/189
f 197/197/191 196/196/190 195/195/189
f 198/198/192 196/196/190 197/197/191
f 199/199/193 198/198/192 197/197/191
f 200/200/193 198/198/192 199/199/193
f 200/200/193 199/199/193 201/201/194
f 201/201/194 199/199/193 202/202/194
f 201/201/194 202/202/194 203/203/195
f 203/203/195 202/202/194 204/204/196
f 203/203/195 204/204/196 205/205/197
f 205/205/197 204/204/196 206/206/198
f 206/206/198 207/207/199 205/205/197
f 205/205/197 207/207/199 208/208/200
f 208/208/200 207/207/199 209/209/201
f 209/209/201 207/207/199 210/210/202
f 211/211/203 209/209/201 210/210/202
f 212/212/204 209/209/201 211/211/203
f 211/211/203 213/213/205 212/212/204
f 214/214/206 213/213/205 211/211/203
f 217/179/207 215/180/208 216/181/209
f 218/182/210 215/180/208 217/179/207
f 219/183/211 218/182/210 217/179/207
f 220/184/211 218/182/210 219/183/211
f 219/183/211 221/185/212 220/184/211
f 222/186/212 221/185/212 219/183/211
f 223/187/213 221/185/212 222/186/212
f 224/188/213 221/185/212 223/187/213
f 225/189/214 224/188/213 223/187/213
f 226/190/214 224/188/213 225/189/214
f 227/191/215 226/190/214 225/189/214
f 228/192/215 226/190/214 227/191/215
f 229/193/216 228/192/215 227/191/215
f 230/194/217 228/192/215 229/193/216
f 231/195/218 230/194/217 229/193/216
f 232/196/218 230/194/217 231/195/218
f 233/197/219 232/196/218 231/195/218
f 234/198/219 232/196/218 233/197/219
f 235/199/220 234/198/219 233/197/219
f 236/200/220 234/198/219 235/199/220
f 236/200/220 235/199/220 237/201/221
f 237/201/221 235/199/220 238/202/222
f 237/201/221 238/202/222 239/203/223
f 239/203/223 238/202/222 240/204/223
f 239/203/223 240/204/223 241/205/224
f 241/205/224 240/204/223 242/206/225
f 242/206/225 243/207/226 241/205/224
f 241/205/224 243/207/226 244/208/227
f 244/208/227 243/207/226 245/209/228
f 245/209/228 243/207/226 246/210/228
f 247/211/229 245/209/228 246/210/228
f 248/212/229 245/209/228 247/211/229
f 247/211/229 249/213/230 248/212/229
f 250/214/230 249/213/230 247/211/229
f 253/215/231 251/216/232 252/217/233
f 252/217/233 251/216/232 254/218/234
f 251/216/232 255/219/235 254/218/234
f 255/219/235 256/220/236 254/218/234
f 257/221/237 254/218/234 256/220/236
f 258/222/238 254/218/234 257/221/237
f 257/221/237 259/223/239 258/222/238
f 260/224/240 259/223/239 257/221/237
f 260/224/240 261/225/241 259/223/239
f 262/226/242 261/225/241 260/224/240
f 262/226/242 263/227/243 261/225/241
f 264/228/244 263/227/243 262/226/242
f 263/227/243 264/228/244 265/229/245
f 264/228/244 266/230/235 265/229/245
f 266/230/235 267/231/246 265/229/245
f 267/231/246 268/232/247 265/229/245
f 269/233/248 267/231/246 266/230/235
f 270/234/249 267/231/246 269/233/248
f 271/235/250 270/234/249 269/233/248
f 271/235/250 272/236/251 270/234/249
f 271/235/250 273/237/252 272/236/251
f 273/237/252 271/235/250 274/238/253
f 272/236/251 273/237/252 275/239/254
f 275/239/254 273/237/252 276/240/255
f 275/239/254 276/240/255 277/241/256
f 277/241/256 276/240/255 278/242/257
f 277/241/256 278/242/257 279/243/258
f 279/243/258 278/242/257 280/244/259
f 279/243/258 280/244/259 281/245/260
f 281/245/260 280/244/259 282/246/261
f 281/245/260 282/246/261 283/247/262
f 283/247/262 282/246/261 284/248/263
f 283/247/262 284/248/263 285/249/264
f 285/249/264 284/248/263 286/250/265
f 287/251/266 285/249/264 286/250/265
f 288/252/267 285/249/264 287/251/266
f 289/253/268 288/252/267 287/251/266
f 290/254/269 288/252/267 289/253/268
f 291/255/270 290/254/269 289/253/268
f 292/256/271 290/254/269 291/255/270
f 292/256/271 291/255/270 293/257/272
f 293/257/272 291/255/270 294/258/270
f 297/259/273 295/260/274 296/261/275
f 298/262/276 295/260/274 297/259/273
f 298/262/276 299/263/277 295/260/274
f 298/262/276 300/264/278 299/263/277
f 298/262/276 301/265/279 300/264/278
f 302/266/279 301/265/279 298/262/276
f 302/266/279 303/267/280 301/265/279
f 301/265/279 303/267/280 304/268/281
f 303/267/280 305/269/282 304/268/281
f 304/268/281 305/269/282 306/270/283
f 305/269/282 307/271/284 306/270/283
f 306/270/283 307/271/284 308/272/285
f 309/273/286 308/272/285 307/271/284
f 309/273/286 310/274/277 308/272/285
f 309/273/286 311/275/287 310/274/277
f 309/273/286 312/276/288 311/275/287
f 310/274/277 311/275/287 313/277/289
f 313/277/289 311/275/287 314/278/290
f 314/278/290 315/279/291 313/277/289
f 315/279/291 314/278/290 316/280/292
f 315/279/291 316/280/292 317/281/293
f 315/279/291 317/281/293 318/282/294
f 316/280/292 319/283/292 317/281/293
f 317/281/293 319/283/292 320/284/295
f 319/283/292 321/285/296 320/284/295
f 320/284/295 321/285/296 322/286/297
f 321/285/296 323/287/298 322/286/297
f 322/286/297 323/287/298 324/288/299
f 323/287/298 325/289/300 324/288/299
f 324/288/299 325/289/300 326/290/301
f 325/289/300 327/291/302 326/290/301
f 326/290/301 327/291/302 328/292/303
f 327/291/302 329/293/304 328/292/303
f 328/292/303 329/293/304 330/294/305
f 330/294/305 329/293/304 331/295/306
f 331/295/306 329/293/304 332/296/307
f 331/295/306 332/296/307 333/297/308
f 333/297/308 332/296/307 334/298/309
f 333/297/308 334/298/309 335/299/310
f 335/299/310 334/298/309 336/300/311
f 336/300/311 337/301/310 335/299/310
f 335/299/310 337/301/310 338/302/310
f 341/303/312 339/304/313 340/305/314
f 340/305/314 339/304/313 342/306/315
f 339/304/313 343/307/316 342/306/315
f 342/306/315 343/307/316 344/308/317
f 344/308/317 343/307/316 345/309/318
f 345/309/318 343/307/316 346/310/319
f 345/309/318 346/310/319 347/311/320
f 347/311/320 346/310/319 348/312/321
f 347/311/320 348/312/321 349/313/322
f 349/313/322 348/312/321 350/314/323
f 349/313/322 350/314/323 351/315/324
f 351/315/324 350/314/323 352/316/325
f 351/315/324 352/316/325 353/317/326
f 353/317/326 352/316/325 354/318/327
f 353/317/326 354/318/327 355/319/328
f 355/319/328 354/318/327 356/320/329
f 355/319/328 356/320/329 357/321/330
f 357/321/330 356/320/329 358/322/331
f 357/321/330 358/322/331 359/323/332
f 359/323/332 358/322/331 360/324/333
f 359/323/332 360/324/333 361/325/334
f 361/325/334 360/324/333 362/326/335
f 361/325/334 362/326/335 363/327/336
f 363/327/336 362/326/335 364/328/337
f 363/327/336 364/328/337 365/329/338
f 365/329/338 364/328/337 366/330/339
f 366/330/339 367/331/340 365/329/338
f 365/329/338 367/331/340 368/332/341
f 368/332/341 367/331/340 369/333/342
f 369/333/342 367/331/340 370/334/343
f 370/334/343 371/335/344 369/333/342
f 369/333/342 371/335/344 372/336/345
f 371/335/344 373/337/346 372/336/345
f 372/336/345 373/337/346 374/338/347
f 373/337/346 375/339/348 374/338/347
f 374/338/347 375/339/348 376/340/349
f 375/339/348 377/341/350 376/340/349
f 376/340/349 377/341/350 378/342/351
f 377/341/350 379/343/352 378/342/351
f 378/342/351 379/343/352 380/344/353
f 379/343/352 381/345/354 380/344/353
f 380/344/353 381/345/354 382/346/355
f 381/345/354 383/347/356 382/346/355
f 382/346/355 383/347/356 384/348/357
f 383/347/356 385/349/358 384/348/357
f 384/348/357 385/349/358 386/350/359
f 386/350/359 385/349/358 387/351/360
f 387/351/360 385/349/358 388/352/361
f 387/351/360 388/352/361 389/353/362
f 389/353/362 388/352/361 390/354/363
f 389/353/362 390/354/363 391/355/364
f 391/355/364 390/354/363 392/356/365
f 391/355/364 392/356/365 393/357/366
f 393/357/366 392/356/365 394/358/367
f 393/357/366 394/358/367 395/359/368
f 395/359/368 394/358/367 396/360/369
f 395/359/368 396/360/369 397/361/370
f 397/361/370 396/360/369 398/362/371
f 397/361/370 398/362/371 399/363/372
f 399/363/372 398/362/371 400/364/373
f 399/363/372 400/364/373 401/365/374
f 401/365/374 400/364/373 402/366/375
f 401/365/374 402/366/375 403/367/376
f 403/367/376 402/366/375 404/368/377
f 403/367/376 404/368/377 405/369/378
f 405/369/378 404/368/377 406/370/379
f 405/369/378 406/370/379 407/371/380
f 407/371/380 406/370/379 408/372/381
f 407/371/380 408/372/381 409/373/382
f 409/373/382 408/372/381 410/374/383
f 409/373/382 410/374/383 411/375/384
f 411/375/384 410/374/383 412/376/385
f 411/375/384 412/376/385 413/377/386
f 413/377/386 412/376/385 414/378/387
f 413/377/386 414/378/387 415/379/388
f 415/379/388 414/378/387 416/380/389
f 415/379/388 416/380/389 417/381/390
f 417/381/390 416/380/389 418/382/390
f 417/381/390 418/382/390 419/383/391
f 419/383/391 418/382/390 420/384/392
f 420/384/392 421/385/393 419/383/391
f 419/383/391 421/385/393 422/386/394
f 421/385/393 423/387/395 422/386/394
f 422/386/394 423/387/395 424/388/396
f 424/388/396 423/387/395 425/389/397
f 425/389/397 423/387/395 426/390/398
f 426/390/398 427/391/399 425/389/397
f 425/389/397 427/391/399 428/392/400
f 427/391/399 429/393/401 428/392/400
f 428/392/400 429/393/401 430/394/401
f 430/394/401 429/393/401 431/395/402
f 431/395/402 429/393/401 432/396/403
f 431/395/402 432/396/403 433/397/404
f 433/397/404 432/396/403 434/398/405
f 433/397/404 434/398/405 435/399/406
f 435/399/406 434/398/405 436/400/407
f 439/401/408 437/402/409 438/403/410
f 438/403/410 437/402/409 440/404/410
f 438/403/410 440/404/410 441/405/411
f 441/405/411 440/404/410 442/406/412
f 441/405/411 442/406/412 443/407/413
f 443/407/413 442/406/412 444/408/414
f 443/407/413 444/408/414 445/409/415
f 445/409/415 444/408/414 446/410/416
f 445/409/415 446/410/416 447/411/417
f 447/411/417 446/410/416 448/412/418
f 447/411/417 448/412/418 449/413/419
f 449/413/419 448/412/418 450/414/420
f 451/415/421 449/413/419 450/414/420
f 452/416/422 449/413/419 451/415/421
f 453/417/423 452/416/422 451/415/421
f 454/418/424 452/416/422 453/417/423
f 455/419/425 454/418/424 453/417/423
f 456/420/426 454/418/424 455/419/425
f 457/421/427 456/420/426 455/419/425
f 458/422/428 456/420/426 457/421/427
f 457/421/427 459/423/429 458/422/428
f 458/422/428 459/423/429 460/424/430
f 459/423/429 461/425/431 460/424/430
f 460/424/430 461/425/431 462/426/432
f 461/425/431 463/427/433 462/426/432
f 462/426/432 463/427/433 464/428/434
f 465/429/435 464/428/434 463/427/433
f 466/430/436 464/428/434 465/429/435
f 467/431/437 466/430/436 465/429/435
f 468/432/438 466/430/436 467/431/437
f 469/433/439 468/432/438 467/431/437
f 470/434/440 468/432/438 469/433/439
f 471/435/441 470/434/440 469/433/439
f 472/436/442 470/434/440 471/435/441
f 471/435/441 473/437/443 472/436/442
f 472/436/442 473/437/443 474/438/444
f 473/437/443 475/439/445 474/438/444
f 474/438/444 475/439/445 476/440/446
f 475/439/445 477/441/447 476/440/446
f 476/440/446 477/441/447 478/442/448
f 479/443/449 478/442/448 477/441/447
f 480/444/450 478/442/448 479/443/449
f 479/443/449 481/445/451 480/444/450
f 480/444/450 481/445/451 482/446/452
f 481/445/451 483/447/453 482/446/452
f 482/446/452 483/447/453 484/448/454
f 483/447/453 485/449/455 484/448/454
f 484/448/454 485/449/455 486/450/456
f 487/451/457 486/450/456 485/449/455
f 488/452/458 486/450/456 487/451/457
f 487/451/457 489/453/459 488/452/458
f 488/452/458 489/453/459 490/454/460
f 489/453/459 491/455/461 490/454/460
f 490/454/460 491/455/461 492/456/462
f 491/455/461 493/457/463 492/456/462
f 492/456/462 493/457/463 494/458/464
f 495/459/465 494/458/464 493/457/463
f 496/460/466 494/458/464 495/459/465
f 495/459/465 497/461/467 496/460/466
f 496/460/466 497/461/467 498/462/468
f 497/461/467 499/463/469 498/462/468
f 498/462/468 499/463/469 500/464/469
f 499/463/469 501/465/470 500/464/469
f 500/464/469 501/465/470 502/466/470
f 502/466/470 501/465/470 503/467/471
f 503/467/471 501/465/470 504/468/471
f 503/467/471 504/468/471 505/469/472
f 505/469/472 504/468/471 506/470/473
f 505/469/472 506/470/473 507/471/474
f 507/471/474 506/470/473 508/472/475
f 507/471/474 508/472/475 509/473/476
f 509/473/476 508/472/475 510/474/477
f 509/473/476 510/474/477 511/475/478
f 511/475/478 510/474/477 512/476/479
f 511/475/478 512/476/479 513/477/480
f 513/477/480 512/476/479 514/478/481
f 513/477/480 514/478/481 515/479/482
f 515/479/482 514/478/481 516/480/482
f 515/479/482 516/480/482 517/481/483
f 517/481/483 516/480/482 518/482/484
f 517/481/483 518/482/484 519/483/485
f 519/483/485 518/482/484 520/484/486
f 519/483/485 520/484/486 521/485/55
f 521/485/55 520/484/486 522/486/487
f 521/485/55 522/486/487 523/487/488
f 523/487/488 522/486/487 524/488/489
f 524/488/489 525/489/490 523/487/488
f 523/487/488 525/489/490 526/490/491
f 526/490/491 525/489/490 527/491/492
f 527/491/492 525/489/490 528/492/493
f 527/491/492 528/492/493 529/493/494
f 529/493/494 528/492/493 530/494/495
f 529/493/494 530/494/495 531/495/496
f 531/495/496 530/494/495 532/496/497
f 531/495/496 532/496/497 533/497/498
f 533/497/498 532/496/497 534/498/499
f 533/497/498 534/498/499 535/499/500
f 535/499/500 534/498/499 536/500/501
f 535/499/500 536/500/501 537/501/502
f 537/501/502 536/500/501 538/502/503
f 537/501/502 538/502/503 539/503/504
f 539/503/504 538/502/503 540/504/505
f 540/504/505 541/505/506 539/503/504
f 539/503/504 541/505/506 542/506/507
f 543/507/508 542/506/507 541/505/506
f 544/508/509 542/506/507 543/507/508
f 544/508/509 543/507/508 545/509/510
f 545/509/510 543/507/508 546/510/511
f 545/509/510 546/510/511 547/511/512
f 547/511/512 546/510/511 548/512/513
f 547/511/512 548/512/513 549/513/514
f 549/513/514 548/512/513 550/514/515
f 549/513/514 550/514/515 551/515/516
f 551/515/516 550/514/515 552/516/517
f 551/515/516 552/516/517 553/517/518
f 553/517/518 552/516/517 554/518/519
f 553/517/518 554/518/519 555/519/520
f 555/519/520 554/518/519 556/520/521
f 555/519/520 556/520/521 557/521/522
f 557/521/522 556/520/521 558/522/523
f 557/521/522 558/522/523 559/523/524
f 559/523/524 558/522/523 560/524/525
f 559/523/524 560/524/525 561/525/526
f 561/525/526 560/524/525 562/526/527
f 561/525/526 562/526/527 563/527/528
f 563/527/528 562/526/527 564/528/529
f 563/527/528 564/528/529 565/529/530
f 565/529/530 564/528/529 566/530/531
f 565/529/530 566/530/531 567/531/532
f 567/531/532 566/530/531 568/532/533
f 567/531/532 568/532/533 569/533/534
f 569/533/534 568/532/533 570/534/535
f 570/534/535 571/535/536 569/533/534
f 569/533/534 571/535/536 572/536/537
f 575/537/538 573/538/539 574/539/538
f 574/539/538 573/538/539 576/540/539
f 577/541/540 576/540/539 573/538/539
f 578/542/541 576/540/539 577/541/540
f 579/543/542 578/542/541 577/541/540
f 580/544/542 578/542/541 579/543/542
f 580/544/542 579/543/542 581/545/543
f 581/545/543 579/543/542 582/546/544
f 582/546/544 583/547/545 581/545/543
f 581/545/543 583/547/545 584/548/545
f 583/547/545 585/549/546 584/548/545
f 584/548/545 585/549/546 586/550/546
f 585/549/546 587/551/547 586/550/546
f 586/550/546 587/551/547 588/552/548
f 589/553/549 588/552/548 587/551/547
f 590/554/550 588/552/548 589/553/549
f 589/553/549 591/555/551 590/554/550
f 590/554/550 591/555/551 592/556/552
f 592/556/552 591/555/551 593/557/553
f 593/557/553 591/555/551 594/558/554
f 597/559/555 595/560/555 596/561/556
f 596/561/556 595/560/555 598/562/557
f 596/561/556 598/562/557 599/563/558
f 599/563/558 598/562/557 600/564/558
f 600/564/558 601/565/559 599/563/558
f 599/563/558 601/565/559 602/566/560
f 602/566/560 601/565/559 603/567/561
f 603/567/561 601/565/559 604/568/562
f 603/567/561 604/568/562 605/569/563
f 605/569/563 604/568/562 606/570/563
f 605/569/563 606/570/563 607/571/564
f 607/571/564 606/570/563 608/572/565
f 607/571/564 608/572/565 609/573/566
f 609/573/566 608/572/565 610/574/567
f 609/573/566 610/574/567 611/575/568
f 611/575/568 610/574/567 612/576/569
f 611/575/568 612/576/569 613/577/570
f 613/577/570 612/576/569 614/578/570
f 613/577/570 614/578/570 615/579/571
f 615/579/571 614/578/570 616/580/572
f 617/581/573 615/579/571 616/580/572
f 618/582/573 615/579/571 617/581/573
f 619/583/574 618/582/573 617/581/573
f 620/584/575 618/582/573 619/583/574
f 621/585/576 620/584/575 619/583/574
f 622/586/577 620/584/575 621/585/576
f 621/585/576 623/587/578 622/586/577
f 624/588/579 623/587/578 621/585/576
f 625/589/580 623/587/578 624/588/579
f 626/590/580 623/587/578 625/589/580
f 626/590/580 625/589/580 627/591/581
f 627/591/581 625/589/580 628/592/582
f 628/592/582 629/593/583 627/591/581
f 627/591/581 629/593/583 630/594/584
f 633/595/585 631/596/586 632/597/587
f 632/597/587 631/596/586 634/598/586
f 634/598/586 631/596/586 635/599/588
f 635/599/588 631/596/586 636/600/588
f 635/599/588 636/600/588 637/601/589
f 637/601/589 636/600/588 638/602/589
f 638/602/589 639/603/590 637/601/589
f 637/601/589 639/603/590 640/604/591
f 639/603/590 641/605/592 640/604/591
f 640/604/591 641/605/592 642/606/593
f 641/605/592 643/607/594 642/606/593
f 642/606/593 643/607/594 644/608/595
f 643/607/594 645/609/596 644/608/595
f 644/608/595 645/609/596 646/610/597
f 645/609/596 647/611/598 646/610/597
f 646/610/597 647/611/598 648/612/598
f 647/611/598 649/613/599 648/612/598
f 648/612/598 649/613/599 650/614/600
f 649/613/599 651/615/601 650/614/600
f 650/614/600 651/615/601 652/616/601
f 651/615/601 653/617/602 652/616/601
f 652/616/601 653/617/602 654/618/602
f 653/617/602 655/619/603 654/618/602
f 654/618/602 655/619/603 656/620/603
f 655/619/603 657/621/604 656/620/603
f 656/620/603 657/621/604 658/622/604
f 658/622/604 657/621/604 659/623/605
f 659/623/605 657/621/604 660/624/606
f 659/623/605 660/624/606 661/625/607
f 661/625/607 660/624/606 662/626/608
f 661/625/607 662/626/608 663/627/609
f 663/627/609 662/626/608 664/628/610
f 663/627/609 664/628/610 665/629/611
f 665/629/611 664/628/610 666/630/612
f 666/630/612 667/631/613 665/629/611
f 665/629/611 667/631/613 668/632/614
f 667/631/613 669/633/615 668/632/614
f 668/632/614 669/633/615 670/634/616
f 669/633/615 671/635/617 670/634/616
f 670/634/616 671/635/617 672/636/617
f 671/635/617 673/637/618 672/636/617
f 672/636/617 673/637/618 674/638/619
f 673/637/618 675/639/620 674/638/619
f 676/640/620 675/639/620 673/637/618
f 676/640/620 677/641/621 675/639/620
f 678/642/621 677/641/621 676/640/620
f 678/642/621 679/643/622 677/641/621
f 680/644/622 679/643/622 678/642/621
f 680/644/622 681/645/623 679/643/622
f 682/646/623 681/645/623 680/644/622
f 682/646/623 683/647/624 681/645/623
f 684/648/624 683/647/624 682/646/623
f 684/648/624 685/649/625 683/647/624
f 686/650/626 685/649/625 684/648/624
f 686/650/626 687/651/627 685/649/625
f 688/652/628 687/651/627 686/650/626
f 688/652/628 689/653/629 687/651/627
f 690/654/630 689/653/629 688/652/628
f 690/654/630 691/655/631 689/653/629
f 692/656/632 691/655/631 690/654/630
f 692/656/632 693/657/633 691/655/631
f 694/658/633 693/657/633 692/656/632
f 694/658/633 695/659/634 693/657/633
f 693/657/633 695/659/634 696/660/634
f 695/659/634 697/661/635 696/660/634
f 696/660/634 697/661/635 698/662/635
f 697/661/635 699/663/636 698/662/635
f 700/664/637 699/663/636 697/661/635
f 703/665/638 701/666/639 702/667/640
f 702/667/640 704/668/641 703/665/638
f 704/668/641 702/667/640 705/669/642
f 705/669/642 702/667/640 706/670/643
f 705/669/642 706/670/643 707/671/644
f 705/669/642 707/671/644 708/672/645
f 705/669/642 708/672/645 709/673/646
f 709/673/646 708/672/645 710/674/647
f 709/673/646 710/674/647 711/675/648
f 711/675/648 710/674/647 712/676/649
f 711/675/648 712/676/649 713/677/650
f 713/677/650 712/676/649 714/678/651
f 715/679/652 713/677/650 714/678/651
f 716/680/653 713/677/650 715/679/652
f 717/681/654 713/677/650 716/680/653
f 718/682/655 711/675/648 713/677/650
f 719/683/656 711/675/648 718/682/655
f 718/682/655 720/684/657 719/683/656
f 717/681/654 721/685/658 713/677/650
f 713/677/650 721/685/658 718/682/655
f 721/685/658 720/684/657 718/682/655
f 721/685/658 717/681/654 722/686/659
f 720/684/657 721/685/658 723/687/660
f 721/685/658 722/686/659 723/687/660
f 726/688/661 724/689/662 725/690/663
f 725/690/663 724/689/662 727/691/664
f 724/689/662 728/692/665 727/691/664
f 729/693/666 728/692/665 724/689/662
f 730/694/667 728/692/665 729/693/666
f 731/695/668 728/692/665 730/694/667
f 732/696/669 731/695/668 730/694/667
f 731/695/668 732/696/669 733/697/669
f 731/695/668 733/697/669 734/698/669
f 728/692/665 731/695/668 735/699/670
f 734/698/669 735/699/670 731/695/668
f 735/699/670 734/698/669 736/700/671
f 735/699/670 736/700/671 737/701/672
f 735/699/670 738/702/673 728/692/665
f 738/702/673 735/699/670 737/701/672
f 738/702/673 737/701/672 739/703/673
f 738/702/673 739/703/673 740/704/674
f 738/702/673 740/704/674 741/705/674
f 744/706/675 742/707/676 743/708/677
f 743/708/677 745/709/678 744/706/675
f 746/710/679 744/706/675 745/709/678
f 747/711/680 744/706/675 746/710/679
f 748/712/681 747/711/680 746/710/679
f 749/713/682 748/712/681 746/710/679
f 750/714/683 749/713/682 746/710/679
f 751/715/684 749/713/682 750/714/683
f 750/714/683 752/716/685 751/715/684
f 751/715/684 752/716/685 753/717/686
f 752/716/685 754/718/687 753/717/686
f 753/717/686 754/718/687 755/719/688
f 755/719/688 754/718/687 756/720/689
f 756/720/689 754/718/687 757/721/690
f 757/721/690 754/718/687 758/722/691
f 754/718/687 752/716/685 759/723/692
f 759/723/692 752/716/685 760/724/693
f 761/725/694 759/723/692 760/724/693
f 754/718/687 762/726/695 758/722/691
f 759/723/692 762/726/695 754/718/687
f 762/726/695 759/723/692 761/725/694
f 763/727/696 758/722/691 762/726/695
f 764/728/697 762/726/695 761/725/694
f 764/728/697 763/727/696 762/726/695
f 767/729/698 765/730/699 766/731/700
f 768/732/701 765/730/699 767/729/698
f 769/733/702 765/730/699 768/732/701
f 770/734/703 765/730/699 769/733/702
f 771/735/704 770/734/703 769/733/702
f 772/736/705 771/735/704 769/733/702
f 772/736/705 773/737/706 771/735/704
f 772/736/705 774/738/706 773/737/706
f 772/736/705 775/739/706 774/738/706
f 769/733/702 776/740/707 772/736/705
f 775/739/706 772/736/705 776/740/707
f 777/741/708 775/739/706 776/740/707
f 777/741/708 776/740/707 778/742/709
f 776/740/707 769/733/702 779/743/710
f 779/743/710 778/742/709 776/740/707
f 778/742/709 779/743/710 780/744/710
f 780/744/710 779/743/710 781/745/710
f 781/745/710 779/743/710 782/746/710
f 785/747/711 783/748/712 784/749/713
f 784/749/713 783/748/712 786/750/714
f 783/748/712 787/751/715 786/750/714
f 783/748/712 788/752/716 787/751/715
f 787/751/715 788/752/716 789/753/717
f 790/754/718 787/751/715 789/753/717
f 786/750/714 787/751/715 791/755/719
f 786/750/714 791/755/719 792/756/720
f 792/756/720 791/755/719 793/757/721
f 793/757/721 791/755/719 794/758/722
f 795/759/723 787/751/715 790/754/718
f 787/751/715 795/759/723 791/755/719
f 796/760/724 795/759/723 790/754/718
f 794/758/722 791/755/719 797/761/725
f 791/755/719 795/759/723 797/761/725
f 794/758/722 797/761/725 798/762/726
f 799/763/727 795/759/723 796/760/724
f 795/759/723 799/763/727 797/761/725
f 800/764/728 799/763/727 796/760/724
f 798/762/726 797/761/725 801/765/729
f 797/761/725 799/763/727 801/765/729
f 798/762/726 801/765/729 802/766/730
f 803/767/731 799/763/727 800/764/728
f 802/766/730 801/765/729 804/768/732
f 801/765/729 799/763/727 804/768/732
f 804/768/732 799/763/727 803/767/731
f 802/766/730 804/768/732 805/769/730
f 806/770/733 803/767/731 800/764/728
f 805/769/730 804/768/732 807/771/734
f 804/768/732 803/767/731 807/771/734
f 808/772/735 803/767/731 806/770/733
f 807/771/734 803/767/731 808/772/735
f 807/771/734 809/773/736 805/769/730
f 807/771/734 808/772/735 809/773/736
f 805/769/730 809/773/736 810/774/737
f 810/774/737 809/773/736 811/775/738
f 806/770/733 812/776/739 808/772/735
f 809/773/736 808/772/735 812/776/739
f 813/777/740 812/776/739 806/770/733
f 814/778/740 812/776/739 813/777/740
f 811/775/738 809/773/736 815/779/741
f 809/773/736 812/776/739 815/779/741
f 816/780/742 812/776/739 814/778/740
f 815/779/741 812/776/739 816/780/742
f 817/781/743 816/780/742 814/778/740
f 818/782/744 816/780/742 817/781/743
f 816/780/742 818/782/744 815/779/741
f 819/783/745 818/782/744 817/781/743
f 815/779/741 820/784/746 811/775/738
f 815/779/741 818/782/744 820/784/746
f 811/775/738 820/784/746 821/785/747
f 821/785/747 820/784/746 822/786/748
f 823/787/749 818/782/744 819/783/745
f 818/782/744 823/787/749 820/784/746
f 822/786/748 820/784/746 824/788/750
f 820/784/746 823/787/749 824/788/750
f 822/786/748 824/788/750 825/789/751
f 819/783/745 826/790/752 823/787/749
f 823/787/749 826/790/752 824/788/750
f 827/791/753 826/790/752 819/783/745
f 825/789/751 824/788/750 828/792/754
f 824/788/750 826/790/752 828/792/754
f 825/789/751 828/792/754 829/793/755
f 827/791/753 830/794/756 826/790/752
f 826/790/752 830/794/756 828/792/754
f 831/795/757 830/794/756 827/791/753
f 829/793/755 828/792/754 832/796/758
f 828/792/754 830/794/756 832/796/758
f 831/795/757 833/797/759 830/794/756
f 830/794/756 833/797/759 832/796/758
f 834/798/760 833/797/759 831/795/757
f 832/796/758 835/799/761 829/793/755
f 832/796/758 833/797/759 835/799/761
f 829/793/755 835/799/761 836/800/762
f 836/800/762 835/799/761 837/801/763
f 834/798/760 838/802/764 833/797/759
f 833/797/759 838/802/764 835/799/761
f 839/803/765 838/802/764 834/798/760
f 837/801/763 835/799/761 840/804/766
f 835/799/761 838/802/764 840/804/766
f 839/803/765 841/805/767 838/802/764
f 838/802/764 841/805/767 840/804/766
f 842/806/768 841/805/767 839/803/765
f 843/807/768 841/805/767 842/806/768
f 840/804/766 844/808/769 837/801/763
f 840/804/766 841/805/767 844/808/769
f 837/801/763 844/808/769 845/809/770
f 845/809/770 844/808/769 846/810/770
f 847/811/771 841/805/767 843/807/768
f 841/805/767 847/811/771 844/808/769
f 846/810/770 844/808/769 848/812/772
f 844/808/769 847/811/771 848/812/772
f 843/807/768 849/813/773 847/811/771
f 847/811/771 849/813/773 848/812/772
f 850/814/774 849/813/773 843/807/768
f 848/812/772 851/815/775 846/810/770
f 848/812/772 849/813/773 851/815/775
f 846/810/770 851/815/775 852/816/776
f 850/814/774 853/817/777 849/813/773
f 849/813/773 853/817/777 851/815/775
f 854/818/778 853/817/777 850/814/774
f 851/815/775 855/819/779 852/816/776
f 851/815/775 853/817/777 855/819/779
f 852/816/776 855/819/779 856/820/780
f 854/818/778 857/821/781 853/817/777
f 853/817/777 857/821/781 855/819/779
f 858/822/782 857/821/781 854/818/778
f 859/823/783 857/821/781 858/822/782
f 855/819/779 860/824/784 856/820/780
f 855/819/779 857/821/781 860/824/784
f 856/820/780 860/824/784 861/825/785
f 861/825/785 860/824/784 862/826/786
f 863/827/787 857/821/781 859/823/783
f 862/826/786 860/824/784 864/828/788
f 860/824/784 857/821/781 864/828/788
f 864/828/788 857/821/781 863/827/787
f 862/826/786 864/828/788 865/829/789
f 866/830/790 863/827/787 859/823/783
f 865/829/789 864/828/788 867/831/791
f 865/829/789 867/831/791 868/832/792
f 863/827/787 869/833/793 864/828/788
f 864/828/788 869/833/793 867/831/791
f 869/833/793 863/827/787 866/830/790
f 868/832/792 867/831/791 870/834/794
f 868/832/792 870/834/794 871/835/795
f 869/833/793 872/836/796 867/831/791
f 866/830/790 872/836/796 869/833/793
f 867/831/791 872/836/796 870/834/794
f 873/837/797 872/836/796 866/830/790
f 871/835/795 870/834/794 874/838/798
f 873/837/797 875/839/799 872/836/796
f 872/836/796 875/839/799 870/834/794
f 870/834/794 875/839/799 874/838/798
f 876/840/800 875/839/799 873/837/797
f 871/835/795 874/838/798 877/841/801
f 878/842/802 875/839/799 876/840/800
f 877/841/801 874/838/798 879/843/803
f 880/844/804 875/839/799 878/842/802
f 875/839/799 880/844/804 874/838/798
f 874/838/798 880/844/804 879/843/803
f 881/845/805 880/844/804 878/842/802
f 879/843/803 882/846/806 877/841/801
f 877/841/801 882/846/806 883/847/807
f 880/844/804 884/848/808 879/843/803
f 879/843/803 884/848/808 882/846/806
f 884/848/808 880/844/804 881/845/805
f 882/846/806 885/849/809 883/847/807
f 883/847/807 885/849/809 886/850/810
f 884/848/808 887/851/811 882/846/806
f 881/845/805 887/851/811 884/848/808
f 882/846/806 887/851/811 885/849/809
f 888/852/812 887/851/811 881/845/805
f 885/849/809 889/853/813 886/850/810
f 886/850/810 889/853/813 890/854/814
f 890/854/814 889/853/813 891/855/815
f 887/851/811 892/856/816 885/849/809
f 888/852/812 892/856/816 887/851/811
f 885/849/809 892/856/816 889/853/813
f 893/857/817 892/856/816 888/852/812
f 894/858/818 892/856/816 893/857/817
f 891/855/815 889/853/813 895/859/819
f 889/853/813 892/856/816 895/859/819
f 896/860/820 892/856/816 894/858/818
f 895/859/819 892/856/816 896/860/820
f 897/861/821 896/860/820 894/858/818
f 895/859/819 898/862/822 891/855/815
f 895/859/819 896/860/820 898/862/822
f 891/855/815 898/862/822 899/863/823
f 900/864/824 896/860/820 897/861/821
f 898/862/822 896/860/820 900/864/824
f 901/865/825 900/864/824 897/861/821
f 898/862/822 902/866/826 899/863/823
f 898/862/822 900/864/824 902/866/826
f 899/863/823 902/866/826 903/867/827
f 904/868/828 900/864/824 901/865/825
f 902/866/826 900/864/824 904/868/828
f 902/866/826 905/869/829 903/867/827
f 902/866/826 904/868/828 905/869/829
f 903/867/827 905/869/829 906/870/830
f 906/870/830 905/869/829 907/871/831
f 901/865/825 908/872/832 904/868/828
f 905/869/829 904/868/828 908/872/832
f 909/873/833 908/872/832 901/865/825
f 910/874/834 908/872/832 909/873/833
f 907/871/831 905/869/829 911/875/835
f 905/869/829 908/872/832 911/875/835
f 907/871/831 911/875/835 912/876/836
f 913/877/837 908/872/832 910/874/834
f 911/875/835 908/872/832 913/877/837
f 914/878/838 913/877/837 910/874/834
f 912/876/836 911/875/835 915/879/839
f 911/875/835 913/877/837 915/879/839
f 912/876/836 915/879/839 916/880/840
f 917/881/841 913/877/837 914/878/838
f 915/879/839 913/877/837 917/881/841
f 916/880/840 915/879/839 918/882/842
f 915/879/839 917/881/841 918/882/842
f 914/878/838 919/883/843 917/881/841
f 918/882/842 917/881/841 919/883/843
f 920/884/844 919/883/843 914/878/838
f 918/882/842 921/885/845 916/880/840
f 918/882/842 919/883/843 921/885/845
f 916/880/840 921/885/845 922/886/846
f 922/886/846 921/885/845 923/887/847
f 920/884/844 924/888/848 919/883/843
f 921/885/845 919/883/843 924/888/848
f 925/889/849 924/888/848 920/884/844
f 926/890/850 924/888/848 925/889/849
f 923/887/847 921/885/845 927/891/851
f 921/885/845 924/888/848 927/891/851
f 928/892/852 924/888/848 926/890/850
f 927/891/851 924/888/848 928/892/852
f 929/893/853 928/892/852 926/890/850
f 927/891/851 930/894/854 923/887/847
f 927/891/851 928/892/852 930/894/854
f 923/887/847 930/894/854 931/895/855
f 932/896/856 928/892/852 929/893/853
f 930/894/854 928/892/852 932/896/856
f 930/894/854 933/897/857 931/895/855
f 930/894/854 932/896/856 933/897/857
f 931/895/855 933/897/857 934/898/858
f 929/893/853 935/899/859 932/896/856
f 933/897/857 932/896/856 935/899/859
f 936/900/860 935/899/859 929/893/853
f 933/897/857 937/901/861 934/898/858
f 933/897/857 935/899/859 937/901/861
f 934/898/858 937/901/861 938/902/862
f 938/902/862 937/901/861 939/903/863
f 936/900/860 940/904/864 935/899/859
f 937/901/861 935/899/859 940/904/864
f 941/905/865 940/904/864 936/900/860
f 942/906/866 940/904/864 941/905/865
f 939/903/863 937/901/861 943/907/867
f 937/901/861 940/904/864 943/907/867
f 939/903/863 943/907/867 944/908/868
f 945/909/869 940/904/864 942/906/866
f 943/907/867 940/904/864 945/909/869
f 942/906/866 946/910/870 945/909/869
f 947/911/871 946/910/870 942/906/866
f 943/907/867 945/909/869 948/912/872
f 948/912/872 945/909/869 946/910/870
f 944/908/868 943/907/867 948/912/872
f 947/911/871 949/913/873 946/910/870
f 946/910/870 949/913/873 948/912/872
f 950/914/874 949/913/873 947/911/871
f 948/912/872 951/915/875 944/908/868
f 948/912/872 949/913/873 951/915/875
f 944/908/868 951/915/875 952/916/876
f 952/916/876 951/915/875 953/917/877
f 950/914/874 954/918/878 949/913/873
f 955/919/879 954/918/878 950/914/874
f 951/915/875 949/913/873 956/920/880
f 953/917/877 951/915/875 956/920/880
f 956/920/880 949/913/873 954/918/878
f 953/917/877 956/920/880 957/921/881
f 955/919/879 958/922/882 954/918/878
f 954/918/878 958/922/882 956/920/880
f 959/923/883 958/922/882 955/919/879
f 957/921/881 956/920/880 960/924/884
f 956/920/880 958/922/882 960/924/884
f 957/921/881 960/924/884 961/925/885
f 959/923/883 962/926/886 958/922/882
f 958/922/882 962/926/886 960/924/884
f 963/927/887 962/926/886 959/923/883
f 961/925/885 960/924/884 964/928/888
f 960/924/884 962/926/886 964/928/888
f 961/925/885 964/928/888 965/929/889
f 963/927/887 966/930/890 962/926/886
f 962/926/886 966/930/890 964/928/888
f 967/931/891 966/930/890 963/927/887
f 965/929/889 964/928/888 968/932/892
f 964/928/888 966/930/890 968/932/892
f 965/929/889 968/932/892 969/933/893
f 967/931/891 970/934/894 966/930/890
f 966/930/890 970/934/894 968/932/892
f 971/935/895 970/934/894 967/931/891
f 969/933/893 968/932/892 972/936/896
f 968/932/892 970/934/894 972/936/896
f 972/936/896 973/937/897 969/933/893
f 972/936/896 970/934/894 973/937/897
f 969/933/893 973/937/897 974/938/898
f 971/935/895 975/939/899 970/934/894
f 973/937/897 970/934/894 975/939/899
f 976/940/900 975/939/899 971/935/895
f 973/937/897 977/941/901 974/938/898
f 973/937/897 975/939/899 977/941/901
f 974/938/898 977/941/901 978/942/902
f 976/940/900 979/943/903 975/939/899
f 977/941/901 975/939/899 979/943/903
f 980/944/904 979/943/903 976/940/900
f 981/945/905 977/941/901 979/943/903
f 982/946/906 977/941/901 981/945/905
f 985/947/538 983/948/539 984/949/538
f 984/949/538 983/948/539 986/950/539
f 986/950/539 983/948/539 987/951/540
f 987/951/540 983/948/539 988/952/540
f 988/952/540 989/953/542 987/951/540
f 987/951/540 989/953/542 990/954/542
f 990/954/542 989/953/542 991/955/544
f 991/955/544 989/953/542 992/956/544
f 992/956/544 993/957/545 991/955/544
f 991/955/544 993/957/545 994/958/545
f 994/958/545 993/957/545 995/959/546
f 995/959/546 993/957/545 996/960/546
f 996/960/546 997/961/907 995/959/546
f 995/959/546 997/961/907 998/962/907
f 997/961/907 999/963/550 998/962/907
f 998/962/907 999/963/550 1000/964/550
f 999/963/550 1001/965/908 1000/964/550
f 1000/964/550 1001/965/908 1002/966/908
f 1002/966/908 1001/965/908 1003/967/554
f 1003/967/554 1001/965/908 1004/968/554
f 1007/969/909 1005/970/910 1006/971/911
f 1007/969/909 1008/972/910 1005/970/910
f 1010/973/910 1007/969/909 1009/974/912
f 1010/973/910 1008/972/910 1007/969/909
f 1008/972/910 1010/973/910 1011/975/910
f 1011/975/910 1010/973/910 1012/976/910
f 1011/975/910 1013/977/913 1008/972/910
f 1013/977/913 1011/975/910 1014/978/914
f 1015/979/915 1013/977/913 1014/978/914
f 1016/980/916 1013/977/913 1015/979/915
f 1017/981/917 1016/980/916 1015/979/915
f 1017/981/917 1018/982/918 1016/980/916
f 1017/981/917 1019/983/917 1018/982/918
f 1019/983/917 1017/981/917 1020/984/919
f 1019/983/917 1021/985/917 1018/982/918
f 1021/985/917 1019/983/917 1022/986/917
f 1022/986/917 1019/983/917 1023/987/918
f 1021/985/917 1022/986/917 1024/988/920
f 1027/989/921 1025/990/922 1026/991/923
f 1027/989/921 1028/992/921 1025/990/922
f 1027/989/921 1029/993/924 1028/992/921
f 1029/993/924 1027/989/921 1030/994/924
f 1029/993/924 1030/994/924 1031/995/925
f 1031/995/925 1030/994/924 1032/996/925
f 1031/995/925 1032/996/925 1033/997/926
f 1033/997/926 1032/996/925 1034/998/926
f 1035/999/927 1033/997/926 1034/998/926
f 1036/1000/928 1033/997/926 1035/999/927
f 1036/1000/928 1035/999/927 1037/1001/929
f 1037/1001/929 1035/999/927 1038/1002/930
f 1037/1001/929 1038/1002/930 1039/1003/931
f 1039/1003/931 1038/1002/930 1040/1004/931
f 1039/1003/931 1040/1004/931 1041/1005/932
f 1041/1005/932 1040/1004/931 1042/1006/933
f 1041/1005/932 1042/1006/933 1043/1007/934
f 1043/1007/934 1042/1006/933 1044/1008/935
f 1045/1009/936 1043/1007/934 1044/1008/935
f 1046/1010/936 1043/1007/934 1045/1009/936
f 1046/1010/936 1045/1009/936 1047/1011/937
f 1047/1011/937 1045/1009/936 1048/1012/938
f 1048/1012/938 1049/1013/939 1047/1011/937
f 1049/1013/939 1048/1012/938 1050/1014/933
f 1049/1013/939 1050/1014/933 1051/1015/940
f 1049/1013/939 1051/1015/940 1052/1016/940
f 1055/1017/941 1053/1018/942 1054/1019/943
f 1053/1018/942 1056/1020/944 1054/1019/943
f 1056/1020/944 1057/1021/945 1054/1019/943
f 1058/1022/946 1054/1019/943 1057/1021/945
f 1059/1023/947 1058/1022/946 1057/1021/945
f 1060/1024/947 1058/1022/946 1059/1023/947
f 1061/1025/948 1060/1024/947 1059/1023/947
f 1062/1026/948 1060/1024/947 1061/1025/948
f 1062/1026/948 1061/1025/948 1063/1027/949
f 1063/1027/949 1061/1025/948 1064/1028/950
f 1065/1029/951 1063/1027/949 1064/1028/950
f 1066/1030/951 1063/1027/949 1065/1029/951
f 1067/1031/952 1066/1030/951 1065/1029/951
f 1068/1032/952 1066/1030/951 1067/1031/952
f 1069/1033/953 1068/1032/952 1067/1031/952
f 1070/1034/954 1068/1032/952 1069/1033/953
f 1071/1035/955 1070/1034/954 1069/1033/953
f 1072/1036/956 1070/1034/954 1071/1035/955
f 1072/1036/956 1071/1035/955 1073/1037/957
f 1073/1037/957 1071/1035/955 1074/1038/957
f 1075/1039/958 1073/1037/957 1074/1038/957
f 1076/1040/959 1073/1037/957 1075/1039/958
f 1075/1039/958 1077/1041/960 1076/1040/959
f 1078/1042/960 1076/1040/959 1077/1041/960
f 1079/1043/960 1078/1042/960 1077/1041/960
f 1080/1044/961 1079/1043/960 1077/1041/960
f 1083/1045/962 1081/1046/963 1082/1047/964
f 1082/1047/964 1081/1046/963 1084/1048/965
f 1085/1049/966 1084/1048/965 1081/1046/963
f 1084/1048/965 1086/1050/967 1082/1047/964
f 1087/1051/968 1084/1048/965 1085/1049/966
f 1087/1051/968 1085/1049/966 1088/1052/969
f 1089/1053/970 1086/1050/967 1084/1048/965
f 1087/1051/968 1089/1053/970 1084/1048/965
f 1089/1053/970 1090/1054/971 1086/1050/967
f 1091/1055/972 1087/1051/968 1088/1052/969
f 1092/1056/973 1090/1054/971 1089/1053/970
f 1092/1056/973 1093/1057/974 1090/1054/971
f 1094/1058/975 1089/1053/970 1087/1051/968
f 1094/1058/975 1092/1056/973 1089/1053/970
f 1095/1059/976 1087/1051/968 1091/1055/972
f 1095/1059/976 1094/1058/975 1087/1051/968
f 1095/1059/976 1091/1055/972 1096/1060/977
f 1097/1061/978 1095/1059/976 1096/1060/977
f 1098/1062/979 1092/1056/973 1094/1058/975
f 1097/1061/978 1099/1063/980 1095/1059/976
f 1100/1064/981 1099/1063/980 1097/1061/978
f 1101/1065/982 1094/1058/975 1095/1059/976
f 1095/1059/976 1099/1063/980 1101/1065/982
f 1094/1058/975 1101/1065/982 1098/1062/979
f 1100/1064/981 1102/1066/983 1099/1063/980
f 1098/1062/979 1103/1067/984 1092/1056/973
f 1103/1067/984 1093/1057/974 1092/1056/973
f 1103/1067/984 1104/1068/985 1093/1057/974
f 1105/1069/986 1103/1067/984 1098/1062/979
f 1101/1065/982 1105/1069/986 1098/1062/979
f 1106/1070/987 1104/1068/985 1103/1067/984
f 1105/1069/986 1106/1070/987 1103/1067/984
f 1104/1068/985 1106/1070/987 1107/1071/988
f 1108/1072/989 1106/1070/987 1105/1069/986
f 1107/1071/988 1106/1070/987 1109/1073/990
f 1108/1072/989 1109/1073/990 1106/1070/987
f 1107/1071/988 1109/1073/990 1110/1074/991
f 1105/1069/986 1111/1075/992 1108/1072/989
f 1111/1075/992 1105/1069/986 1101/1065/982
f 1112/1076/993 1109/1073/990 1108/1072/989
f 1108/1072/989 1111/1075/992 1112/1076/993
f 1110/1074/991 1109/1073/990 1113/1077/994
f 1109/1073/990 1112/1076/993 1113/1077/994
f 1110/1074/991 1113/1077/994 1114/1078/995
f 1113/1077/994 1112/1076/993 1115/1079/996
f 1114/1078/995 1113/1077/994 1116/1080/997
f 1115/1079/996 1116/1080/997 1113/1077/994
f 1116/1080/997 1117/1081/998 1114/1078/995
f 1115/1079/996 1112/1076/993 1118/1082/999
f 1112/1076/993 1111/1075/992 1118/1082/999
f 1119/1083/1000 1116/1080/997 1115/1079/996
f 1115/1079/996 1118/1082/999 1119/1083/1000
f 1120/1084/1001 1117/1081/998 1116/1080/997
f 1116/1080/997 1119/1083/1000 1120/1084/1001
f 1117/1081/998 1120/1084/1001 1121/1085/1002
f 1120/1084/1001 1119/1083/1000 1122/1086/1003
f 1121/1085/1002 1120/1084/1001 1123/1087/1004
f 1122/1086/1003 1123/1087/1004 1120/1084/1001
f 1121/1085/1002 1123/1087/1004 1124/1088/1005
f 1122/1086/1003 1119/1083/1000 1125/1089/1006
f 1119/1083/1000 1118/1082/999 1125/1089/1006
f 1126/1090/1007 1123/1087/1004 1122/1086/1003
f 1122/1086/1003 1125/1089/1006 1126/1090/1007
f 1124/1088/1005 1123/1087/1004 1127/1091/1008
f 1123/1087/1004 1126/1090/1007 1127/1091/1008
f 1124/1088/1005 1127/1091/1008 1128/1092/1009
f 1127/1091/1008 1126/1090/1007 1129/1093/1010
f 1128/1092/1009 1127/1091/1008 1130/1094/1011
f 1128/1092/1009 1130/1094/1011 1131/1095/1012
f 1132/1096/1013 1127/1091/1008 1129/1093/1010
f 1130/1094/1011 1127/1091/1008 1132/1096/1013
f 1126/1090/1007 1133/1097/1014 1129/1093/1010
f 1129/1093/1010 1133/1097/1014 1132/1096/1013
f 1126/1090/1007 1125/1089/1006 1133/1097/1014
f 1134/1098/1015 1130/1094/1011 1132/1096/1013
f 1131/1095/1012 1130/1094/1011 1135/1099/1016
f 1135/1099/1016 1130/1094/1011 1134/1098/1015
f 1136/1100/1017 1131/1095/1012 1135/1099/1016
f 1137/1101/1018 1131/1095/1012 1136/1100/1017
f 1138/1102/1019 1135/1099/1016 1134/1098/1015
f 1136/1100/1017 1135/1099/1016 1138/1102/1019
f 1134/1098/1015 1132/1096/1013 1139/1103/1020
f 1138/1102/1019 1134/1098/1015 1139/1103/1020
f 1132/1096/1013 1133/1097/1014 1139/1103/1020
f 1140/1104/1021 1136/1100/1017 1138/1102/1019
f 1140/1104/1021 1138/1102/1019 1139/1103/1020
f 1141/1105/1022 1137/1101/1018 1136/1100/1017
f 1141/1105/1022 1136/1100/1017 1140/1104/1021
f 1142/1106/1023 1137/1101/1018 1141/1105/1022
f 1143/1107/1024 1141/1105/1022 1140/1104/1021
f 1144/1108/1025 1142/1106/1023 1141/1105/1022
f 1144/1108/1025 1141/1105/1022 1143/1107/1024
f 1145/1109/1026 1142/1106/1023 1144/1108/1025
f 1143/1107/1024 1140/1104/1021 1146/1110/1027
f 1146/1110/1027 1140/1104/1021 1139/1103/1020
f 1147/1111/1028 1144/1108/1025 1143/1107/1024
f 1147/1111/1028 1143/1107/1024 1146/1110/1027
f 1148/1112/1029 1145/1109/1026 1144/1108/1025
f 1148/1112/1029 1144/1108/1025 1147/1111/1028
f 1149/1113/1030 1145/1109/1026 1148/1112/1029
f 1149/1113/1030 1148/1112/1029 1150/1114/1031
f 1150/1114/1031 1148/1112/1029 1151/1115/1032
f 1150/1114/1031 1151/1115/1032 1152/1116/1033
f 1153/1117/1034 1148/1112/1029 1147/1111/1028
f 1151/1115/1032 1148/1112/1029 1153/1117/1034
f 1152/1116/1033 1151/1115/1032 1154/1118/1035
f 1152/1116/1033 1154/1118/1035 1155/1119/1036
f 1156/1120/1037 1151/1115/1032 1153/1117/1034
f 1154/1118/1035 1151/1115/1032 1156/1120/1037
f 1155/1119/1036 1154/1118/1035 1157/1121/1038
f 1156/1120/1037 1157/1121/1038 1154/1118/1035
f 1155/1119/1036 1157/1121/1038 1158/1122/1039
f 1153/1117/1034 1147/1111/1028 1159/1123/1040
f 1156/1120/1037 1153/1117/1034 1159/1123/1040
f 1159/1123/1040 1147/1111/1028 1146/1110/1027
f 1158/1122/1039 1157/1121/1038 1160/1124/1041
f 1158/1122/1039 1160/1124/1041 1161/1125/1042
f 1162/1126/1043 1157/1121/1038 1156/1120/1037
f 1157/1121/1038 1162/1126/1043 1160/1124/1041
f 1161/1125/1042 1160/1124/1041 1163/1127/1044
f 1161/1125/1042 1163/1127/1044 1164/1128/1045
f 1160/1124/1041 1162/1126/1043 1165/1129/1046
f 1160/1124/1041 1165/1129/1046 1163/1127/1044
f 1156/1120/1037 1166/1130/1047 1162/1126/1043
f 1162/1126/1043 1166/1130/1047 1165/1129/1046
f 1159/1123/1040 1166/1130/1047 1156/1120/1037
f 1163/1127/1044 1165/1129/1046 1167/1131/1048
f 1165/1129/1046 1166/1130/1047 1167/1131/1048
f 1164/1128/1045 1163/1127/1044 1168/1132/1049
f 1163/1127/1044 1167/1131/1048 1168/1132/1049
f 1164/1128/1045 1168/1132/1049 1169/1133/1050
f 1169/1133/1050 1168/1132/1049 1170/1134/1051
f 1169/1133/1050 1170/1134/1051 1171/1135/1052
f 1171/1135/1052 1170/1134/1051 1172/1136/1053
f 1168/1132/1049 1167/1131/1048 1173/1137/1054
f 1168/1132/1049 1173/1137/1054 1170/1134/1051
f 1170/1134/1051 1174/1138/1055 1172/1136/1053
f 1170/1134/1051 1173/1137/1054 1174/1138/1055
f 1172/1136/1053 1174/1138/1055 1175/1139/1056
f 1175/1139/1056 1174/1138/1055 1176/1140/1057
f 1173/1137/1054 1167/1131/1048 1177/1141/1058
f 1167/1131/1048 1166/1130/1047 1177/1141/1058
f 1173/1137/1054 1178/1142/1059 1174/1138/1055
f 1178/1142/1059 1176/1140/1057 1174/1138/1055
f 1177/1141/1058 1178/1142/1059 1173/1137/1054
f 1179/1143/1060 1176/1140/1057 1178/1142/1059
f 1178/1142/1059 1180/1144/1061 1179/1143/1060
f 1179/1143/1060 1180/1144/1061 1181/1145/1062
f 1180/1144/1061 1182/1146/1063 1181/1145/1062
f 1182/1146/1063 1183/1147/1064 1184/1148/1065
f 1183/1147/1064 1182/1146/1063 1180/1144/1061
f 1180/1144/1061 1185/1149/1066 1183/1147/1064
f 1178/1142/1059 1186/1150/1067 1180/1144/1061
f 1186/1150/1067 1185/1149/1066 1180/1144/1061
f 1177/1141/1058 1186/1150/1067 1178/1142/1059
f 1186/1150/1067 1187/1151/1068 1185/1149/1066
f 1187/1151/1068 1186/1150/1067 1188/1152/1069
f 1186/1150/1067 1189/1153/1070 1188/1152/1069
f 1177/1141/1058 1190/1154/1071 1186/1150/1067
f 1190/1154/1071 1189/1153/1070 1186/1150/1067
f 1166/1130/1047 1190/1154/1071 1177/1141/1058
f 1189/1153/1070 1190/1154/1071 1191/1155/1072
f 1190/1154/1071 1192/1156/1073 1191/1155/1072
f 1192/1156/1073 1190/1154/1071 1193/1157/1074
f 1190/1154/1071 1194/1158/1075 1193/1157/1074
f 1190/1154/1071 1166/1130/1047 1195/1159/1076
f 1195/1159/1076 1194/1158/1075 1190/1154/1071
f 1194/1158/1075 1195/1159/1076 1196/1160/1077
f 1195/1159/1076 1166/1130/1047 1159/1123/1040
f 1197/1161/1078 1196/1160/1077 1195/1159/1076
f 1197/1161/1078 1195/1159/1076 1198/1162/1079
f 1195/1159/1076 1159/1123/1040 1198/1162/1079
f 1197/1161/1078 1198/1162/1079 1199/1163/1080
f 1200/1164/1081 1199/1163/1080 1198/1162/1079
f 1198/1162/1079 1159/1123/1040 1201/1165/1082
f 1159/1123/1040 1146/1110/1027 1201/1165/1082
f 1200/1164/1081 1198/1162/1079 1202/1166/1083
f 1202/1166/1083 1198/1162/1079 1201/1165/1082
f 1200/1164/1081 1202/1166/1083 1203/1167/1084
f 1204/1168/1085 1203/1167/1084 1202/1166/1083
f 1204/1168/1085 1202/1166/1083 1205/1169/1086
f 1206/1170/1087 1205/1169/1086 1202/1166/1083
f 1206/1170/1087 1202/1166/1083 1201/1165/1082
f 1207/1171/1088 1205/1169/1086 1206/1170/1087
f 1207/1171/1088 1206/1170/1087 1208/1172/1089
f 1208/1172/1089 1206/1170/1087 1209/1173/1090
f 1210/1174/1091 1209/1173/1090 1206/1170/1087
f 1146/1110/1027 1211/1175/1092 1201/1165/1082
f 1146/1110/1027 1139/1103/1020 1211/1175/1092
f 1201/1165/1082 1212/1176/1093 1206/1170/1087
f 1211/1175/1092 1212/1176/1093 1201/1165/1082
f 1210/1174/1091 1206/1170/1087 1213/1177/1094
f 1210/1174/1091 1213/1177/1094 1214/1178/1095
f 1213/1177/1094 1215/1179/1096 1214/1178/1095
f 1215/1179/1096 1213/1177/1094 1216/1180/1097
f 1213/1177/1094 1206/1170/1087 1217/1181/1098
f 1212/1176/1093 1217/1181/1098 1206/1170/1087
f 1213/1177/1094 1218/1182/1099 1216/1180/1097
f 1217/1181/1098 1218/1182/1099 1213/1177/1094
f 1218/1182/1099 1219/1183/1100 1216/1180/1097
f 1219/1183/1100 1218/1182/1099 1220/1184/1101
f 1218/1182/1099 1221/1185/1102 1220/1184/1101
f 1221/1185/1102 1222/1186/1103 1220/1184/1101
f 1222/1186/1103 1221/1185/1102 1223/1187/1104
f 1224/1188/1105 1218/1182/1099 1217/1181/1098
f 1221/1185/1102 1218/1182/1099 1224/1188/1105
f 1225/1189/1106 1223/1187/1104 1221/1185/1102
f 1226/1190/1107 1223/1187/1104 1225/1189/1106
f 1226/1190/1107 1225/1189/1106 1227/1191/1108
f 1228/1192/1109 1227/1191/1108 1225/1189/1106
f 1228/1192/1109 1225/1189/1106 1229/1193/1110
f 1225/1189/1106 1221/1185/1102 1230/1194/1111
f 1230/1194/1111 1221/1185/1102 1224/1188/1105
f 1231/1195/1112 1229/1193/1110 1225/1189/1106
f 1232/1196/1113 1229/1193/1110 1231/1195/1112
f 1232/1196/1113 1231/1195/1112 1233/1197/1114
f 1234/1198/1115 1233/1197/1114 1231/1195/1112
f 1231/1195/1112 1225/1189/1106 1235/1199/1116
f 1235/1199/1116 1225/1189/1106 1230/1194/1111
f 1236/1200/1117 1234/1198/1115 1231/1195/1112
f 1237/1201/1118 1234/1198/1115 1236/1200/1117
f 1239/1202/1119 1237/1201/1118 1238/1203/1120
f 1237/1201/1118 1236/1200/1117 1238/1203/1120
f 1238/1203/1120 1236/1200/1117 1240/1204/1121
f 1240/1204/1121 1236/1200/1117 1241/1205/1122
f 1236/1200/1117 1231/1195/1112 1242/1206/1123
f 1241/1205/1122 1236/1200/1117 1242/1206/1123
f 1242/1206/1123 1231/1195/1112 1235/1199/1116
f 1241/1205/1122 1242/1206/1123 1243/1207/1124
f 1243/1207/1124 1242/1206/1123 1244/1208/1125
f 1243/1207/1124 1244/1208/1125 1245/1209/1126
f 1245/1209/1126 1244/1208/1125 1246/1210/1127
f 1247/1211/1128 1242/1206/1123 1235/1199/1116
f 1244/1208/1125 1242/1206/1123 1247/1211/1128
f 1246/1210/1127 1244/1208/1125 1248/1212/1129
f 1244/1208/1125 1247/1211/1128 1248/1212/1129
f 1246/1210/1127 1248/1212/1129 1249/1213/1130
f 1249/1213/1130 1248/1212/1129 1250/1214/1131
f 1248/1212/1129 1251/1215/1132 1250/1214/1131
f 1248/1212/1129 1247/1211/1128 1251/1215/1132
f 1250/1214/1131 1251/1215/1132 1252/1216/1133
f 1235/1199/1116 1253/1217/1134 1247/1211/1128
f 1247/1211/1128 1253/1217/1134 1251/1215/1132
f 1235/1199/1116 1230/1194/1111 1253/1217/1134
f 1251/1215/1132 1254/1218/1135 1252/1216/1133
f 1251/1215/1132 1253/1217/1134 1254/1218/1135
f 1252/1216/1133 1254/1218/1135 1255/1219/1136
f 1253/1217/1134 1256/1220/1137 1254/1218/1135
f 1253/1217/1134 1230/1194/1111 1256/1220/1137
f 1254/1218/1135 1257/1221/1041 1255/1219/1136
f 1254/1218/1135 1256/1220/1137 1257/1221/1041
f 1255/1219/1136 1257/1221/1041 1258/1222/1138
f 1256/1220/1137 1230/1194/1111 1259/1223/1139
f 1256/1220/1137 1259/1223/1139 1257/1221/1041
f 1257/1221/1041 1260/1224/1140 1258/1222/1138
f 1257/1221/1041 1259/1223/1139 1260/1224/1140
f 1258/1222/1138 1260/1224/1140 1261/1225/1141
f 1230/1194/1111 1262/1226/1142 1259/1223/1139
f 1259/1223/1139 1262/1226/1142 1260/1224/1140
f 1224/1188/1105 1262/1226/1142 1230/1194/1111
f 1260/1224/1140 1263/1227/1143 1261/1225/1141
f 1260/1224/1140 1262/1226/1142 1263/1227/1143
f 1261/1225/1141 1263/1227/1143 1264/1228/1144
f 1265/1229/1145 1264/1228/1144 1263/1227/1143
f 1263/1227/1143 1262/1226/1142 1265/1229/1145
f 1266/1230/1146 1264/1228/1144 1265/1229/1145
f 1265/1229/1145 1262/1226/1142 1267/1231/1147
f 1224/1188/1105 1267/1231/1147 1262/1226/1142
f 1268/1232/1148 1266/1230/1146 1265/1229/1145
f 1267/1231/1147 1268/1232/1148 1265/1229/1145
f 1269/1233/1149 1266/1230/1146 1268/1232/1148
f 1268/1232/1148 1270/1234/1150 1269/1233/1149
f 1224/1188/1105 1271/1235/1151 1267/1231/1147
f 1271/1235/1151 1268/1232/1148 1267/1231/1147
f 1272/1236/1152 1270/1234/1150 1268/1232/1148
f 1268/1232/1148 1271/1235/1151 1272/1236/1152
f 1272/1236/1152 1273/1237/1153 1270/1234/1150
f 1274/1238/1154 1271/1235/1151 1224/1188/1105
f 1217/1181/1098 1274/1238/1154 1224/1188/1105
f 1272/1236/1152 1271/1235/1151 1275/1239/1155
f 1274/1238/1154 1275/1239/1155 1271/1235/1151
f 1276/1240/1156 1273/1237/1153 1272/1236/1152
f 1272/1236/1152 1275/1239/1155 1276/1240/1156
f 1276/1240/1156 1277/1241/1157 1273/1237/1153
f 1276/1240/1156 1275/1239/1155 1278/1242/1158
f 1274/1238/1154 1278/1242/1158 1275/1239/1155
f 1279/1243/1159 1277/1241/1157 1276/1240/1156
f 1278/1242/1158 1279/1243/1159 1276/1240/1156
f 1279/1243/1159 1280/1244/1160 1277/1241/1157
f 1281/1245/1161 1279/1243/1159 1278/1242/1158
f 1282/1246/1162 1280/1244/1160 1279/1243/1159
f 1279/1243/1159 1281/1245/1161 1282/1246/1162
f 1283/1247/1163 1280/1244/1160 1282/1246/1162
f 1284/1248/1164 1280/1244/1160 1283/1247/1163
f 1282/1246/1162 1281/1245/1161 1285/1249/1165
f 1285/1249/1165 1283/1247/1163 1282/1246/1162
f 1286/1250/1166 1281/1245/1161 1278/1242/1158
f 1286/1250/1166 1285/1249/1165 1281/1245/1161
f 1286/1250/1166 1278/1242/1158 1274/1238/1154
f 1287/1251/1167 1283/1247/1163 1285/1249/1165
f 1286/1250/1166 1287/1251/1167 1285/1249/1165
f 1288/1252/1168 1284/1248/1164 1283/1247/1163
f 1283/1247/1163 1287/1251/1167 1288/1252/1168
f 1289/1253/1169 1284/1248/1164 1288/1252/1168
f 1288/1252/1168 1287/1251/1167 1290/1254/1170
f 1288/1252/1168 1291/1255/1171 1289/1253/1169
f 1289/1253/1169 1291/1255/1171 1292/1256/1172
f 1293/1257/1173 1288/1252/1168 1290/1254/1170
f 1291/1255/1171 1288/1252/1168 1293/1257/1173
f 1290/1254/1170 1287/1251/1167 1294/1258/1174
f 1290/1254/1170 1294/1258/1174 1293/1257/1173
f 1294/1258/1174 1287/1251/1167 1286/1250/1166
f 1293/1257/1173 1295/1259/1175 1291/1255/1171
f 1291/1255/1171 1296/1260/1176 1292/1256/1172
f 1291/1255/1171 1295/1259/1175 1296/1260/1176
f 1292/1256/1172 1296/1260/1176 1297/1261/1177
f 1293/1257/1173 1298/1262/1178 1295/1259/1175
f 1294/1258/1174 1298/1262/1178 1293/1257/1173
f 1299/1263/1179 1296/1260/1176 1295/1259/1175
f 1298/1262/1178 1299/1263/1179 1295/1259/1175
f 1300/1264/1180 1297/1261/1177 1296/1260/1176
f 1300/1264/1180 1296/1260/1176 1299/1263/1179
f 1301/1265/1181 1297/1261/1177 1300/1264/1180
f 1302/1266/1182 1300/1264/1180 1299/1263/1179
f 1303/1267/1183 1301/1265/1181 1300/1264/1180
f 1303/1267/1183 1300/1264/1180 1302/1266/1182
f 1304/1268/1184 1301/1265/1181 1303/1267/1183
f 1302/1266/1182 1299/1263/1179 1305/1269/1185
f 1305/1269/1185 1299/1263/1179 1298/1262/1178
f 1306/1270/1186 1303/1267/1183 1302/1266/1182
f 1305/1269/1185 1306/1270/1186 1302/1266/1182
f 1307/1271/1187 1304/1268/1184 1303/1267/1183
f 1307/1271/1187 1303/1267/1183 1306/1270/1186
f 1308/1272/1188 1304/1268/1184 1307/1271/1187
f 1309/1273/1189 1307/1271/1187 1306/1270/1186
f 1310/1274/1190 1308/1272/1188 1307/1271/1187
f 1310/1274/1190 1307/1271/1187 1309/1273/1189
f 1311/1275/1191 1308/1272/1188 1310/1274/1190
f 1309/1273/1189 1306/1270/1186 1312/1276/1192
f 1312/1276/1192 1306/1270/1186 1305/1269/1185
f 1309/1273/1189 1313/1277/1193 1310/1274/1190
f 1309/1273/1189 1312/1276/1192 1313/1277/1193
f 1310/1274/1190 1314/1278/1194 1311/1275/1191
f 1310/1274/1190 1313/1277/1193 1314/1278/1194
f 1311/1275/1191 1314/1278/1194 1315/1279/1195
f 1313/1277/1193 1316/1280/1196 1314/1278/1194
f 1314/1278/1194 1317/1281/1197 1315/1279/1195
f 1314/1278/1194 1316/1280/1196 1317/1281/1197
f 1315/1279/1195 1317/1281/1197 1318/1282/1198
f 1313/1277/1193 1319/1283/1199 1316/1280/1196
f 1312/1276/1192 1319/1283/1199 1313/1277/1193
f 1316/1280/1196 1320/1284/1200 1317/1281/1197
f 1316/1280/1196 1319/1283/1199 1320/1284/1200
f 1317/1281/1197 1321/1285/1201 1318/1282/1198
f 1317/1281/1197 1320/1284/1200 1321/1285/1201
f 1318/1282/1198 1321/1285/1201 1322/1286/1202
f 1321/1285/1201 1323/1287/1203 1322/1286/1202
f 1322/1286/1202 1323/1287/1203 1324/1288/1204
f 1326/1289/1205 1324/1288/1204 1325/1290/1206
f 1325/1290/1206 1324/1288/1204 1323/1287/1203
f 1325/1290/1206 1323/1287/1203 1327/1291/1207
f 1321/1285/1201 1328/1292/1208 1323/1287/1203
f 1327/1291/1207 1323/1287/1203 1328/1292/1208
f 1320/1284/1200 1328/1292/1208 1321/1285/1201
f 1329/1293/1208 1327/1291/1207 1328/1292/1208
f 1329/1293/1208 1328/1292/1208 1330/1294/1209
f 1320/1284/1200 1331/1295/1210 1328/1292/1208
f 1330/1294/1209 1328/1292/1208 1331/1295/1210
f 1319/1283/1199 1331/1295/1210 1320/1284/1200
f 1332/1296/1211 1330/1294/1209 1331/1295/1210
f 1332/1296/1211 1331/1295/1210 1333/1297/1212
f 1334/1298/1213 1333/1297/1212 1331/1295/1210
f 1319/1283/1199 1334/1298/1213 1331/1295/1210
f 1335/1299/1214 1333/1297/1212 1334/1298/1213
f 1334/1298/1213 1336/1300/1215 1335/1299/1214
f 1337/1301/1216 1334/1298/1213 1319/1283/1199
f 1312/1276/1192 1337/1301/1216 1319/1283/1199
f 1338/1302/1217 1336/1300/1215 1334/1298/1213
f 1339/1303/1218 1336/1300/1215 1338/1302/1217
f 1339/1303/1218 1338/1302/1217 1340/1304/1219
f 1338/1302/1217 1334/1298/1213 1341/1305/1220
f 1341/1305/1220 1334/1298/1213 1337/1301/1216
f 1340/1304/1219 1338/1302/1217 1342/1306/1221
f 1341/1305/1220 1342/1306/1221 1338/1302/1217
f 1342/1306/1221 1343/1307/1222 1340/1304/1219
f 1340/1304/1219 1343/1307/1222 1344/1308/1223
f 1344/1308/1223 1343/1307/1222 1345/1309/1224
f 1346/1310/1225 1342/1306/1221 1341/1305/1220
f 1342/1306/1221 1346/1310/1225 1343/1307/1222
f 1345/1309/1224 1343/1307/1222 1347/1311/1226
f 1346/1310/1225 1347/1311/1226 1343/1307/1222
f 1345/1309/1224 1347/1311/1226 1348/1312/1227
f 1349/1313/1228 1346/1310/1225 1341/1305/1220
f 1349/1313/1228 1341/1305/1220 1337/1301/1216
f 1347/1311/1226 1346/1310/1225 1350/1314/1229
f 1350/1314/1229 1346/1310/1225 1349/1313/1228
f 1348/1312/1227 1347/1311/1226 1351/1315/1230
f 1352/1316/1231 1348/1312/1227 1351/1315/1230
f 1353/1317/1232 1349/1313/1228 1337/1301/1216
f 1349/1313/1228 1353/1317/1232 1350/1314/1229
f 1353/1317/1232 1337/1301/1216 1312/1276/1192
f 1312/1276/1192 1305/1269/1185 1353/1317/1232
f 1347/1311/1226 1350/1314/1229 1354/1318/1233
f 1354/1318/1233 1351/1315/1230 1347/1311/1226
f 1355/1319/1234 1350/1314/1229 1353/1317/1232
f 1354/1318/1233 1350/1314/1229 1355/1319/1234
f 1305/1269/1185 1356/1320/1235 1353/1317/1232
f 1305/1269/1185 1298/1262/1178 1356/1320/1235
f 1355/1319/1234 1353/1317/1232 1357/1321/1236
f 1357/1321/1236 1353/1317/1232 1356/1320/1235
f 1298/1262/1178 1358/1322/1237 1356/1320/1235
f 1298/1262/1178 1294/1258/1174 1358/1322/1237
f 1356/1320/1235 1359/1323/1238 1357/1321/1236
f 1358/1322/1237 1359/1323/1238 1356/1320/1235
f 1294/1258/1174 1360/1324/1239 1358/1322/1237
f 1360/1324/1239 1294/1258/1174 1286/1250/1166
f 1361/1325/1240 1360/1324/1239 1286/1250/1166
f 1361/1325/1240 1286/1250/1166 1274/1238/1154
f 1217/1181/1098 1361/1325/1240 1274/1238/1154
f 1361/1325/1240 1217/1181/1098 1212/1176/1093
f 1362/1326/1241 1358/1322/1237 1360/1324/1239
f 1361/1325/1240 1362/1326/1241 1360/1324/1239
f 1363/1327/1242 1361/1325/1240 1212/1176/1093
f 1361/1325/1240 1363/1327/1242 1362/1326/1241
f 1212/1176/1093 1211/1175/1092 1363/1327/1242
f 1364/1328/1243 1358/1322/1237 1362/1326/1241
f 1359/1323/1238 1358/1322/1237 1364/1328/1243
f 1362/1326/1241 1363/1327/1242 1365/1329/1244
f 1362/1326/1241 1366/1330/1245 1364/1328/1243
f 1365/1329/1244 1366/1330/1245 1362/1326/1241
f 1365/1329/1244 1363/1327/1242 1367/1331/1246
f 1367/1331/1246 1366/1330/1245 1365/1329/1244
f 1367/1331/1246 1363/1327/1242 1211/1175/1092
f 1366/1330/1245 1368/1332/1247 1364/1328/1243
f 1369/1333/1248 1367/1331/1246 1211/1175/1092
f 1139/1103/1020 1369/1333/1248 1211/1175/1092
f 1139/1103/1020 1133/1097/1014 1369/1333/1248
f 1370/1334/1249 1366/1330/1245 1367/1331/1246
f 1366/1330/1245 1370/1334/1249 1368/1332/1247
f 1369/1333/1248 1371/1335/1250 1367/1331/1246
f 1371/1335/1250 1369/1333/1248 1133/1097/1014
f 1367/1331/1246 1371/1335/1250 1370/1334/1249
f 1371/1335/1250 1133/1097/1014 1125/1089/1006
f 1372/1336/1251 1371/1335/1250 1125/1089/1006
f 1372/1336/1251 1125/1089/1006 1118/1082/999
f 1370/1334/1249 1371/1335/1250 1373/1337/1252
f 1371/1335/1250 1372/1336/1251 1373/1337/1252
f 1374/1338/1253 1370/1334/1249 1373/1337/1252
f 1368/1332/1247 1370/1334/1249 1374/1338/1253
f 1375/1339/1254 1372/1336/1251 1118/1082/999
f 1375/1339/1254 1118/1082/999 1111/1075/992
f 1373/1337/1252 1372/1336/1251 1376/1340/1255
f 1372/1336/1251 1375/1339/1254 1376/1340/1255
f 1374/1338/1253 1373/1337/1252 1377/1341/1256
f 1376/1340/1255 1378/1342/1257 1373/1337/1252
f 1373/1337/1252 1378/1342/1257 1377/1341/1256
f 1374/1338/1253 1377/1341/1256 1379/1343/1258
f 1374/1338/1253 1379/1343/1258 1368/1332/1247
f 1377/1341/1256 1378/1342/1257 1380/1344/1259
f 1377/1341/1256 1380/1344/1259 1379/1343/1258
f 1376/1340/1255 1381/1345/1260 1378/1342/1257
f 1380/1344/1259 1378/1342/1257 1382/1346/1261
f 1378/1342/1257 1381/1345/1260 1382/1346/1261
f 1383/1347/1262 1381/1345/1260 1376/1340/1255
f 1376/1340/1255 1375/1339/1254 1383/1347/1262
f 1382/1346/1261 1381/1345/1260 1384/1348/1263
f 1385/1349/1264 1381/1345/1260 1383/1347/1262
f 1381/1345/1260 1385/1349/1264 1384/1348/1263
f 1386/1350/1265 1383/1347/1262 1375/1339/1254
f 1387/1351/1266 1385/1349/1264 1383/1347/1262
f 1387/1351/1266 1383/1347/1262 1386/1350/1265
f 1384/1348/1263 1385/1349/1264 1388/1352/1267
f 1389/1353/1268 1385/1349/1264 1387/1351/1266
f 1385/1349/1264 1389/1353/1268 1388/1352/1267
f 1388/1352/1267 1390/1354/1269 1384/1348/1263
f 1390/1354/1269 1382/1346/1261 1384/1348/1263
f 1388/1352/1267 1389/1353/1268 1391/1355/1270
f 1392/1356/1271 1389/1353/1268 1387/1351/1266
f 1391/1355/1270 1393/1357/1272 1388/1352/1267
f 1393/1357/1272 1390/1354/1269 1388/1352/1267
f 1389/1353/1268 1394/1358/1273 1391/1355/1270
f 1394/1358/1273 1389/1353/1268 1392/1356/1271
f 1395/1359/1274 1392/1356/1271 1387/1351/1266
f 1386/1350/1265 1395/1359/1274 1387/1351/1266
f 1392/1356/1271 1396/1360/1275 1394/1358/1273
f 1392/1356/1271 1397/1361/1276 1396/1360/1275
f 1395/1359/1274 1397/1361/1276 1392/1356/1271
f 1394/1358/1273 1396/1360/1275 4/5/5
f 1398/1362/1277 1397/1361/1276 1395/1359/1274
f 1394/1358/1273 4/5/5 6/4/4
f 1399/1363/1278 1398/1362/1277 1395/1359/1274
f 1400/1364/1279 1398/1362/1277 1399/1363/1278
f 1400/1364/1279 1399/1363/1278 1401/1365/1280
f 6/4/4 1402/1366/1281 1394/1358/1273
f 1391/1355/1270 1394/1358/1273 1402/1366/1281
f 1402/1366/1281 6/4/4 1403/1367/1282
f 1402/1366/1281 1403/1367/1282 1404/1368/1283
f 1402/1366/1281 1405/1369/1284 1391/1355/1270
f 1405/1369/1284 1393/1357/1272 1391/1355/1270
f 1402/1366/1281 1404/1368/1283 1406/1370/1285
f 1406/1370/1285 1405/1369/1284 1402/1366/1281
f 1406/1370/1285 1404/1368/1283 1407/1371/1286
f 1409/1372/1285 1408/1373/1287 1407/1371/1286
f 1407/1371/1286 1408/1373/1287 1406/1370/1285
f 1406/1370/1285 1408/1373/1287 1410/1374/1288
f 1410/1374/1288 1405/1369/1284 1406/1370/1285
f 1411/1375/1289 1405/1369/1284 1410/1374/1288
f 1411/1375/1289 1412/1376/1290 1405/1369/1284
f 1405/1369/1284 1412/1376/1290 1393/1357/1272
f 1413/1377/1291 1393/1357/1272 1412/1376/1290
f 1393/1357/1272 1413/1377/1291 1414/1378/1292
f 1415/1379/1293 1393/1357/1272 1414/1378/1292
f 1390/1354/1269 1393/1357/1272 1415/1379/1293
f 1390/1354/1269 1415/1379/1293 1416/1380/1294
f 1417/1381/1295 1390/1354/1269 1416/1380/1294
f 1390/1354/1269 1417/1381/1295 1418/1382/1296
f 1418/1382/1296 1417/1381/1295 1419/1383/1297
f 1420/1384/1298 1418/1382/1296 1419/1383/1297
f 1418/1382/1296 1382/1346/1261 1390/1354/1269
f 1420/1384/1298 1421/1385/1299 1418/1382/1296
f 1418/1382/1296 1422/1386/1300 1382/1346/1261
f 1418/1382/1296 1421/1385/1299 1422/1386/1300
f 1382/1346/1261 1422/1386/1300 1380/1344/1259
f 1423/1387/1301 1422/1386/1300 1421/1385/1299
f 1422/1386/1300 1423/1387/1301 1424/1388/1302
f 1422/1386/1300 1424/1388/1302 1380/1344/1259
f 1424/1388/1302 1423/1387/1301 1425/1389/1303
f 1426/1390/1304 1424/1388/1302 1425/1389/1303
f 1380/1344/1259 1424/1388/1302 1427/1391/1305
f 1379/1343/1258 1380/1344/1259 1427/1391/1305
f 1424/1388/1302 1426/1390/1304 1428/1392/1306
f 1427/1391/1305 1424/1388/1302 1428/1392/1306
f 1428/1392/1306 1426/1390/1304 1429/1393/1307
f 1427/1391/1305 1430/1394/1308 1379/1343/1258
f 1368/1332/1247 1379/1343/1258 1430/1394/1308
f 1427/1391/1305 1428/1392/1306 1431/1395/1309
f 1431/1395/1309 1430/1394/1308 1427/1391/1305
f 1429/1393/1307 1432/1396/1310 1428/1392/1306
f 1431/1395/1309 1428/1392/1306 1432/1396/1310
f 1433/1397/1311 1432/1396/1310 1429/1393/1307
f 1434/1398/1312 1432/1396/1310 1433/1397/1311
f 1435/1399/1313 1432/1396/1310 1434/1398/1312
f 1432/1396/1310 1435/1399/1313 1431/1395/1309
f 1434/1398/1312 1436/1400/1314 1435/1399/1313
f 1431/1395/1309 1437/1401/1315 1430/1394/1308
f 1431/1395/1309 1435/1399/1313 1437/1401/1315
f 1435/1399/1313 1436/1400/1314 1438/1402/1316
f 1435/1399/1313 1438/1402/1316 1437/1401/1315
f 1439/1403/1317 1438/1402/1316 1436/1400/1314
f 1439/1403/1317 1440/1404/1318 1438/1402/1316
f 1430/1394/1308 1437/1401/1315 1441/1405/1319
f 1430/1394/1308 1441/1405/1319 1368/1332/1247
f 1438/1402/1316 1440/1404/1318 1442/1406/1320
f 1443/1407/1321 1442/1406/1320 1440/1404/1318
f 1437/1401/1315 1438/1402/1316 1444/1408/1322
f 1444/1408/1322 1438/1402/1316 1442/1406/1320
f 1444/1408/1322 1441/1405/1319 1437/1401/1315
f 1443/1407/1321 1445/1409/1323 1442/1406/1320
f 1446/1410/1324 1445/1409/1323 1443/1407/1321
f 1447/1411/1325 1445/1409/1323 1446/1410/1324
f 1447/1411/1325 1448/1412/1326 1445/1409/1323
f 1445/1409/1323 1449/1413/1327 1442/1406/1320
f 1442/1406/1320 1449/1413/1327 1444/1408/1322
f 1445/1409/1323 1448/1412/1326 1450/1414/1328
f 1450/1414/1328 1449/1413/1327 1445/1409/1323
f 1451/1415/1329 1450/1414/1328 1448/1412/1326
f 1451/1415/1329 1452/1416/1330 1450/1414/1328
f 1449/1413/1327 1453/1417/1331 1444/1408/1322
f 1450/1414/1328 1452/1416/1330 1454/1418/1332
f 1454/1418/1332 1452/1416/1330 1455/1419/1333
f 1455/1419/1333 1456/1420/1334 1454/1418/1332
f 1457/1421/1335 1454/1418/1332 1456/1420/1334
f 1458/1422/1336 1449/1413/1327 1450/1414/1328
f 1457/1421/1335 1459/1423/1337 1454/1418/1332
f 1460/1424/1338 1459/1423/1337 1457/1421/1335
f 1461/1425/1339 1459/1423/1337 1460/1424/1338
f 1454/1418/1332 1462/1426/1340 1450/1414/1328
f 1450/1414/1328 1462/1426/1340 1458/1422/1336
f 1459/1423/1337 1463/1427/1341 1454/1418/1332
f 1454/1418/1332 1463/1427/1341 1462/1426/1340
f 1464/1428/1342 1459/1423/1337 1461/1425/1339
f 1461/1425/1339 1465/1429/1343 1464/1428/1342
f 1467/1430/1344 1465/1429/1343 1466/1431/1342
f 1464/1428/1342 1465/1429/1343 1467/1430/1344
f 1467/1430/1344 1468/1432/1345 1464/1428/1342
f 1464/1428/1342 1469/1433/1346 1459/1423/1337
f 1464/1428/1342 1468/1432/1345 1469/1433/1346
f 1459/1423/1337 1469/1433/1346 1463/1427/1341
f 1470/1434/1347 1469/1433/1346 1468/1432/1345
f 2/3/3 1469/1433/1346 1470/1434/1347
f 1469/1433/1346 2/3/3 1471/1435/1348
f 1469/1433/1346 1471/1435/1348 1463/1427/1341
f 2/3/3 1/2/2 1471/1435/1348
f 1/2/2 1352/1316/1231 1471/1435/1348
f 1471/1435/1348 1352/1316/1231 1351/1315/1230
f 1463/1427/1341 1471/1435/1348 1472/1436/1349
f 1471/1435/1348 1351/1315/1230 1472/1436/1349
f 1463/1427/1341 1472/1436/1349 1462/1426/1340
f 1472/1436/1349 1351/1315/1230 1354/1318/1233
f 1462/1426/1340 1472/1436/1349 1473/1437/1350
f 1472/1436/1349 1354/1318/1233 1473/1437/1350
f 1462/1426/1340 1473/1437/1350 1458/1422/1336
f 1473/1437/1350 1354/1318/1233 1355/1319/1234
f 1458/1422/1336 1473/1437/1350 1474/1438/1351
f 1473/1437/1350 1355/1319/1234 1474/1438/1351
f 1458/1422/1336 1474/1438/1351 1449/1413/1327
f 1474/1438/1351 1355/1319/1234 1357/1321/1236
f 1449/1413/1327 1474/1438/1351 1453/1417/1331
f 1453/1417/1331 1474/1438/1351 1357/1321/1236
f 1359/1323/1238 1453/1417/1331 1357/1321/1236
f 1475/1439/1352 1453/1417/1331 1359/1323/1238
f 1444/1408/1322 1453/1417/1331 1475/1439/1352
f 1475/1439/1352 1441/1405/1319 1444/1408/1322
f 1475/1439/1352 1359/1323/1238 1476/1440/1353
f 1441/1405/1319 1475/1439/1352 1476/1440/1353
f 1359/1323/1238 1364/1328/1243 1476/1440/1353
f 1368/1332/1247 1441/1405/1319 1476/1440/1353
f 1364/1328/1243 1368/1332/1247 1476/1440/1353
f 1479/1441/1354 1477/1442/1355 1478/1443/1356
f 1480/1444/1357 1478/1443/1356 1477/1442/1355
f 1481/1445/1358 1478/1443/1356 1480/1444/1357
f 1482/1446/1359 1480/1444/1357 1477/1442/1355
f 1483/1447/1360 1481/1445/1358 1480/1444/1357
f 1484/1448/1361 1481/1445/1358 1483/1447/1360
f 1484/1448/1361 1483/1447/1360 1485/1449/1362
f 1480/1444/1357 1482/1446/1359 1486/1450/1363
f 1480/1444/1357 1486/1450/1363 1483/1447/1360
f 1485/1449/1362 1483/1447/1360 1487/1451/1364
f 1483/1447/1360 1486/1450/1363 1487/1451/1364
f 1485/1449/1362 1487/1451/1364 1488/1452/1365
f 1488/1452/1365 1487/1451/1364 1489/1453/1366
f 1487/1451/1364 1486/1450/1363 1489/1453/1366
f 1489/1453/1366 1490/1454/1367 1488/1452/1365
f 1482/1446/1359 1491/1455/1368 1486/1450/1363
f 1492/1456/1369 1491/1455/1368 1482/1446/1359
f 1489/1453/1366 1486/1450/1363 1493/1457/1370
f 1486/1450/1363 1491/1455/1368 1493/1457/1370
f 1494/1458/1371 1490/1454/1367 1489/1453/1366
f 1489/1453/1366 1493/1457/1370 1494/1458/1371
f 1496/1459/1372 1490/1454/1367 1495/1460/1373
f 1490/1454/1367 1494/1458/1371 1495/1460/1373
f 1492/1456/1369 1497/1461/1374 1491/1455/1368
f 1498/1462/1375 1497/1461/1374 1492/1456/1369
f 1495/1460/1373 1494/1458/1371 1499/1463/1376
f 1499/1463/1376 1500/1464/1377 1495/1460/1373
f 1494/1458/1371 1493/1457/1370 1501/1465/1378
f 1494/1458/1371 1501/1465/1378 1499/1463/1376
f 1493/1457/1370 1491/1455/1368 1502/1466/1379
f 1502/1466/1379 1501/1465/1378 1493/1457/1370
f 1491/1455/1368 1497/1461/1374 1502/1466/1379
f 1503/1467/1380 1500/1464/1377 1499/1463/1376
f 1503/1467/1380 1504/1468/1381 1500/1464/1377
f 1499/1463/1376 1501/1465/1378 1505/1469/1382
f 1503/1467/1380 1499/1463/1376 1505/1469/1382
f 1506/1470/1383 1501/1465/1378 1502/1466/1379
f 1506/1470/1383 1505/1469/1382 1501/1465/1378
f 1502/1466/1379 1497/1461/1374 1507/1471/1384
f 1507/1471/1384 1506/1470/1383 1502/1466/1379
f 1498/1462/1375 1508/1472/1385 1497/1461/1374
f 1497/1461/1374 1508/1472/1385 1507/1471/1384
f 1509/1473/1386 1508/1472/1385 1498/1462/1375
f 1510/1474/1387 1506/1470/1383 1507/1471/1384
f 1509/1473/1386 1511/1475/1388 1508/1472/1385
f 1512/1476/1389 1511/1475/1388 1509/1473/1386
f 1507/1471/1384 1508/1472/1385 1513/1477/1390
f 1508/1472/1385 1511/1475/1388 1513/1477/1390
f 1507/1471/1384 1513/1477/1390 1510/1474/1387
f 1512/1476/1389 1514/1478/1391 1511/1475/1388
f 1515/1479/1392 1514/1478/1391 1512/1476/1389
f 1513/1477/1390 1511/1475/1388 1516/1480/1393
f 1511/1475/1388 1514/1478/1391 1516/1480/1393
f 1510/1474/1387 1513/1477/1390 1517/1481/1394
f 1513/1477/1390 1516/1480/1393 1517/1481/1394
f 1514/1478/1391 1515/1479/1392 1518/1482/1395
f 1518/1482/1395 1515/1479/1392 1519/1483/1396
f 1516/1480/1393 1514/1478/1391 1520/1484/1397
f 1514/1478/1391 1518/1482/1395 1520/1484/1397
f 1517/1481/1394 1516/1480/1393 1521/1485/1398
f 1520/1484/1397 1521/1485/1398 1516/1480/1393
f 1519/1483/1396 1522/1486/1399 1518/1482/1395
f 1523/1487/1400 1522/1486/1399 1519/1483/1396
f 1520/1484/1397 1518/1482/1395 1524/1488/1401
f 1518/1482/1395 1522/1486/1399 1524/1488/1401
f 1525/1489/1402 1521/1485/1398 1520/1484/1397
f 1524/1488/1401 1525/1489/1402 1520/1484/1397
f 1522/1486/1399 1523/1487/1400 1526/1490/1403
f 1526/1490/1403 1523/1487/1400 1527/1491/1404
f 1524/1488/1401 1522/1486/1399 1528/1492/1405
f 1522/1486/1399 1526/1490/1403 1528/1492/1405
f 1529/1493/1406 1525/1489/1402 1524/1488/1401
f 1524/1488/1401 1528/1492/1405 1529/1493/1406
f 1526/1490/1403 1527/1491/1404 1530/1494/1407
f 1530/1494/1407 1527/1491/1404 1531/1495/1408
f 1528/1492/1405 1526/1490/1403 1532/1496/1409
f 1526/1490/1403 1530/1494/1407 1532/1496/1409
f 1529/1493/1406 1528/1492/1405 1533/1497/1410
f 1528/1492/1405 1532/1496/1409 1533/1497/1410
f 1529/1493/1406 1534/1498/1411 1525/1489/1402
f 1533/1497/1410 1534/1498/1411 1529/1493/1406
f 1525/1489/1402 1534/1498/1411 1521/1485/1398
f 1533/1497/1410 1532/1496/1409 1535/1499/1412
f 1521/1485/1398 1534/1498/1411 1536/1500/1413
f 1536/1500/1413 1517/1481/1394 1521/1485/1398
f 1537/1501/1414 1535/1499/1412 1532/1496/1409
f 1532/1496/1409 1530/1494/1407 1537/1501/1414
f 1538/1502/1415 1533/1497/1410 1535/1499/1412
f 1533/1497/1410 1538/1502/1415 1534/1498/1411
f 1539/1503/1416 1535/1499/1412 1537/1501/1414
f 1539/1503/1416 1538/1502/1415 1535/1499/1412
f 1530/1494/1407 1540/1504/1417 1537/1501/1414
f 1530/1494/1407 1531/1495/1408 1540/1504/1417
f 1540/1504/1417 1531/1495/1408 1541/1505/1418
f 1537/1501/1414 1540/1504/1417 1542/1506/1419
f 1542/1506/1419 1539/1503/1416 1537/1501/1414
f 1540/1504/1417 1541/1505/1418 1543/1507/1420
f 1543/1507/1420 1542/1506/1419 1540/1504/1417
f 1543/1507/1420 1541/1505/1418 1544/1508/1421
f 1545/1509/1422 1539/1503/1416 1542/1506/1419
f 1543/1507/1420 1544/1508/1421 1546/1510/1423
f 1546/1510/1423 1544/1508/1421 1547/1511/1424
f 1548/1512/1425 1542/1506/1419 1543/1507/1420
f 1542/1506/1419 1548/1512/1425 1545/1509/1422
f 1543/1507/1420 1549/1513/1426 1548/1512/1425
f 1546/1510/1423 1549/1513/1426 1543/1507/1420
f 1545/1509/1422 1548/1512/1425 1550/1514/1427
f 1548/1512/1425 1549/1513/1426 1550/1514/1427
f 1551/1515/1428 1539/1503/1416 1545/1509/1422
f 1550/1514/1427 1551/1515/1428 1545/1509/1422
f 1551/1515/1428 1538/1502/1415 1539/1503/1416
f 1550/1514/1427 1549/1513/1426 1552/1516/1429
f 1551/1515/1428 1550/1514/1427 1552/1516/1429
f 1546/1510/1423 1553/1517/1430 1549/1513/1426
f 1553/1517/1430 1552/1516/1429 1549/1513/1426
f 1547/1511/1424 1554/1518/1431 1546/1510/1423
f 1554/1518/1431 1553/1517/1430 1546/1510/1423
f 1555/1519/1432 1554/1518/1431 1547/1511/1424
f 1556/1520/1430 1552/1516/1429 1553/1517/1430
f 1555/1519/1432 1557/1521/1433 1554/1518/1431
f 1558/1522/1434 1557/1521/1433 1555/1519/1432
f 1554/1518/1431 1559/1523/1435 1553/1517/1430
f 1557/1521/1433 1559/1523/1435 1554/1518/1431
f 1559/1523/1435 1556/1520/1430 1553/1517/1430
f 1558/1522/1434 1560/1524/1436 1557/1521/1433
f 1560/1524/1436 1559/1523/1435 1557/1521/1433
f 1561/1525/1437 1560/1524/1436 1558/1522/1434
f 1562/1526/1438 1556/1520/1430 1559/1523/1435
f 1561/1525/1437 1563/1527/1439 1560/1524/1436
f 1564/1528/1440 1563/1527/1439 1561/1525/1437
f 1565/1529/1441 1559/1523/1435 1560/1524/1436
f 1563/1527/1439 1565/1529/1441 1560/1524/1436
f 1559/1523/1435 1565/1529/1441 1562/1526/1438
f 1566/1530/1442 1563/1527/1439 1564/1528/1440
f 1562/1526/1438 1565/1529/1441 1567/1531/1443
f 1568/1532/1444 1563/1527/1439 1566/1530/1442
f 1569/1533/1445 1568/1532/1444 1566/1530/1442
f 1570/1534/1446 1565/1529/1441 1563/1527/1439
f 1565/1529/1441 1570/1534/1446 1567/1531/1443
f 1571/1535/1447 1563/1527/1439 1568/1532/1444
f 1570/1534/1446 1563/1527/1439 1571/1535/1447
f 1572/1536/1448 1568/1532/1444 1569/1533/1445
f 1573/1537/1449 1572/1536/1448 1569/1533/1445
f 1574/1538/1450 1568/1532/1444 1572/1536/1448
f 1571/1535/1447 1568/1532/1444 1574/1538/1450
f 1575/1539/1451 1572/1536/1448 1573/1537/1449
f 1572/1536/1448 1575/1539/1451 1574/1538/1450
f 1576/1540/1452 1575/1539/1451 1573/1537/1449
f 1577/1541/1453 1571/1535/1447 1574/1538/1450
f 1578/1542/1454 1575/1539/1451 1576/1540/1452
f 1579/1543/1455 1578/1542/1454 1576/1540/1452
f 1574/1538/1450 1575/1539/1451 1580/1544/1456
f 1575/1539/1451 1578/1542/1454 1580/1544/1456
f 1577/1541/1453 1574/1538/1450 1581/1545/1456
f 1581/1545/1456 1574/1538/1450 1580/1544/1456
f 1582/1546/1457 1571/1535/1447 1577/1541/1453
f 1582/1546/1457 1570/1534/1446 1571/1535/1447
f 1577/1541/1453 1581/1545/1456 1583/1547/1458
f 1577/1541/1453 1583/1547/1458 1582/1546/1457
f 1584/1548/1459 1570/1534/1446 1582/1546/1457
f 1567/1531/1443 1570/1534/1446 1584/1548/1459
f 1584/1548/1459 1582/1546/1457 1585/1549/1460
f 1585/1549/1460 1567/1531/1443 1584/1548/1459
f 1583/1547/1458 1585/1549/1460 1582/1546/1457
f 1567/1531/1443 1585/1549/1460 1586/1550/1461
f 1567/1531/1443 1586/1550/1461 1562/1526/1438
f 1586/1550/1461 1556/1520/1430 1562/1526/1438
f 1556/1520/1430 1586/1550/1461 1587/1551/1462
f 1556/1520/1430 1587/1551/1462 1552/1516/1429
f 1552/1516/1429 1587/1551/1462 1551/1515/1428
f 1586/1550/1461 1588/1552/1463 1587/1551/1462
f 1587/1551/1462 1589/1553/1464 1551/1515/1428
f 1588/1552/1463 1589/1553/1464 1587/1551/1462
f 1589/1553/1464 1590/1554/1465 1551/1515/1428
f 1551/1515/1428 1590/1554/1465 1538/1502/1415
f 1591/1555/1466 1588/1552/1463 1586/1550/1461
f 1585/1549/1460 1591/1555/1466 1586/1550/1461
f 1588/1552/1463 1592/1556/1467 1589/1553/1464
f 1591/1555/1466 1593/1557/1468 1588/1552/1463
f 1593/1557/1468 1592/1556/1467 1588/1552/1463
f 1589/1553/1464 1594/1558/1469 1590/1554/1465
f 1592/1556/1467 1594/1558/1469 1589/1553/1464
f 1590/1554/1465 1595/1559/1470 1538/1502/1415
f 1594/1558/1469 1596/1560/1471 1590/1554/1465
f 1590/1554/1465 1596/1560/1471 1595/1559/1470
f 1592/1556/1467 1597/1561/1472 1594/1558/1469
f 1538/1502/1415 1595/1559/1470 1598/1562/1473
f 1538/1502/1415 1598/1562/1473 1534/1498/1411
f 1597/1561/1472 1599/1563/1474 1594/1558/1469
f 1594/1558/1469 1599/1563/1474 1596/1560/1471
f 1534/1498/1411 1598/1562/1473 1600/1564/1475
f 1536/1500/1413 1534/1498/1411 1600/1564/1475
f 1598/1562/1473 1601/1565/1476 1600/1564/1475
f 1536/1500/1413 1600/1564/1475 1602/1566/1477
f 1600/1564/1475 1601/1565/1476 1602/1566/1477
f 1595/1559/1470 1603/1567/1478 1598/1562/1473
f 1598/1562/1473 1603/1567/1478 1601/1565/1476
f 1596/1560/1471 1604/1568/1479 1595/1559/1470
f 1595/1559/1470 1604/1568/1479 1603/1567/1478
f 1599/1563/1474 1605/1569/1480 1596/1560/1471
f 1596/1560/1471 1605/1569/1480 1604/1568/1479
f 1599/1563/1474 1606/1570/1481 1605/1569/1480
f 1604/1568/1479 1607/1571/1482 1603/1567/1478
f 1608/1572/1483 1606/1570/1481 1599/1563/1474
f 1597/1561/1472 1608/1572/1483 1599/1563/1474
f 1603/1567/1478 1607/1571/1482 1609/1573/1484
f 1610/1574/1485 1608/1572/1483 1597/1561/1472
f 1611/1575/1486 1603/1567/1478 1609/1573/1484
f 1603/1567/1478 1611/1575/1486 1601/1565/1476
f 1612/1576/1487 1610/1574/1485 1597/1561/1472
f 1612/1576/1487 1597/1561/1472 1592/1556/1467
f 1593/1557/1468 1612/1576/1487 1592/1556/1467
f 1601/1565/1476 1611/1575/1486 1613/1577/1488
f 1614/1578/1489 1612/1576/1487 1593/1557/1468
f 1615/1579/1490 1601/1565/1476 1613/1577/1488
f 1615/1579/1490 1602/1566/1477 1601/1565/1476
f 1611/1575/1486 1616/1580/1491 1613/1577/1488
f 1615/1579/1490 1613/1577/1488 1617/1581/1492
f 1617/1581/1492 1613/1577/1488 1616/1580/1491
f 1602/1566/1477 1615/1579/1490 1618/1582/1493
f 1619/1583/1494 1616/1580/1491 1611/1575/1486
f 1609/1573/1484 1619/1583/1494 1611/1575/1486
f 1618/1582/1493 1615/1579/1490 1620/1584/1495
f 1620/1584/1495 1615/1579/1490 1617/1581/1492
f 1621/1585/1496 1602/1566/1477 1618/1582/1493
f 1622/1586/1497 1618/1582/1493 1620/1584/1495
f 1621/1585/1496 1618/1582/1493 1622/1586/1497
f 1623/1587/1498 1602/1566/1477 1621/1585/1496
f 1623/1587/1498 1536/1500/1413 1602/1566/1477
f 1624/1588/1499 1621/1585/1496 1622/1586/1497
f 1623/1587/1498 1621/1585/1496 1624/1588/1499
f 1620/1584/1495 1625/1589/1500 1622/1586/1497
f 1622/1586/1497 1626/1590/1501 1624/1588/1499
f 1625/1589/1500 1626/1590/1501 1622/1586/1497
f 1627/1591/1502 1623/1587/1498 1624/1588/1499
f 1628/1592/1503 1624/1588/1499 1626/1590/1501
f 1627/1591/1502 1624/1588/1499 1628/1592/1503
f 1629/1593/1504 1536/1500/1413 1623/1587/1498
f 1629/1593/1504 1623/1587/1498 1627/1591/1502
f 1629/1593/1504 1630/1594/1505 1536/1500/1413
f 1517/1481/1394 1536/1500/1413 1630/1594/1505
f 1517/1481/1394 1630/1594/1505 1510/1474/1387
f 1630/1594/1505 1506/1470/1383 1510/1474/1387
f 1506/1470/1383 1630/1594/1505 1505/1469/1382
f 1631/1595/1506 1629/1593/1504 1627/1591/1502
f 1630/1594/1505 1629/1593/1504 1632/1596/1507
f 1632/1596/1507 1629/1593/1504 1631/1595/1506
f 1633/1597/1508 1505/1469/1382 1630/1594/1505
f 1634/1598/1509 1630/1594/1505 1632/1596/1507
f 1630/1594/1505 1634/1598/1509 1633/1597/1508
f 1634/1598/1509 1632/1596/1507 1635/1599/1510
f 1635/1599/1510 1632/1596/1507 1631/1595/1506
f 1633/1597/1508 1634/1598/1509 1636/1600/1511
f 1636/1600/1511 1634/1598/1509 1635/1599/1510
f 1637/1601/1512 1505/1469/1382 1633/1597/1508
f 1505/1469/1382 1637/1601/1512 1503/1467/1380
f 1637/1601/1512 1633/1597/1508 1638/1602/1513
f 1638/1602/1513 1633/1597/1508 1636/1600/1511
f 1503/1467/1380 1637/1601/1512 1639/1603/1514
f 1639/1603/1514 1637/1601/1512 1638/1602/1513
f 1639/1603/1514 1504/1468/1381 1503/1467/1380
f 1504/1468/1381 1639/1603/1514 1640/1604/1515
f 1639/1603/1514 1638/1602/1513 1641/1605/1516
f 1640/1604/1515 1639/1603/1514 1641/1605/1516
f 1638/1602/1513 1636/1600/1511 1642/1606/1517
f 1641/1605/1516 1638/1602/1513 1642/1606/1517
f 1643/1607/1518 1640/1604/1515 1641/1605/1516
f 1644/1608/1519 1640/1604/1515 1643/1607/1518
f 1644/1608/1519 1645/1609/1520 1646/1610/1521
f 1643/1607/1518 1645/1609/1520 1644/1608/1519
f 1643/1607/1518 1641/1605/1516 1647/1611/1522
f 1647/1611/1522 1645/1609/1520 1643/1607/1518
f 1647/1611/1522 1641/1605/1516 1642/1606/1517
f 1647/1611/1522 1648/1612/1523 1645/1609/1520
f 1647/1611/1522 1642/1606/1517 1649/1613/1524
f 1648/1612/1523 1647/1611/1522 1649/1613/1524
f 1642/1606/1517 1636/1600/1511 1650/1614/1525
f 1649/1613/1524 1642/1606/1517 1650/1614/1525
f 1635/1599/1510 1650/1614/1525 1636/1600/1511
f 1651/1615/1526 1648/1612/1523 1649/1613/1524
f 1649/1613/1524 1650/1614/1525 1651/1615/1526
f 1648/1612/1523 1651/1615/1526 1652/1616/1527
f 1653/1617/1528 1650/1614/1525 1635/1599/1510
f 1651/1615/1526 1650/1614/1525 1653/1617/1528
f 1631/1595/1506 1653/1617/1528 1635/1599/1510
f 1652/1616/1527 1651/1615/1526 1654/1618/1529
f 1651/1615/1526 1653/1617/1528 1654/1618/1529
f 1655/1619/1530 1653/1617/1528 1631/1595/1506
f 1654/1618/1529 1653/1617/1528 1655/1619/1530
f 1631/1595/1506 1627/1591/1502 1655/1619/1530
f 1655/1619/1530 1627/1591/1502 1628/1592/1503
f 1656/1620/1531 1652/1616/1527 1654/1618/1529
f 1654/1618/1529 1655/1619/1530 1656/1620/1531
f 1656/1620/1531 1655/1619/1530 1628/1592/1503
f 1656/1620/1531 1657/1621/1532 1652/1616/1527
f 1656/1620/1531 1628/1592/1503 1658/1622/1533
f 1656/1620/1531 1658/1622/1533 1657/1621/1532
f 1658/1622/1533 1628/1592/1503 1626/1590/1501
f 1659/1623/1534 1657/1621/1532 1658/1622/1533
f 1658/1622/1533 1626/1590/1501 1659/1623/1534
f 1659/1623/1534 1660/1624/1535 1657/1621/1532
f 1659/1623/1534 1626/1590/1501 1625/1589/1500
f 1659/1623/1534 1661/1625/1536 1660/1624/1535
f 1659/1623/1534 1625/1589/1500 1661/1625/1536
f 1662/1626/1537 1660/1624/1535 1661/1625/1536
f 1661/1625/1536 1625/1589/1500 1663/1627/1538
f 1661/1625/1536 1663/1627/1538 1662/1626/1537
f 1663/1627/1538 1625/1589/1500 1620/1584/1495
f 1662/1626/1537 1664/1628/1539 1660/1624/1535
f 1620/1584/1495 1617/1581/1492 1663/1627/1538
f 1663/1627/1538 1617/1581/1492 1665/1629/1540
f 1662/1626/1537 1663/1627/1538 1665/1629/1540
f 1617/1581/1492 1616/1580/1491 1665/1629/1540
f 1664/1628/1539 1662/1626/1537 1666/1630/1541
f 1662/1626/1537 1665/1629/1540 1666/1630/1541
f 1665/1629/1540 1616/1580/1491 1667/1631/1542
f 1666/1630/1541 1665/1629/1540 1667/1631/1542
f 1619/1583/1494 1667/1631/1542 1616/1580/1491
f 1668/1632/1543 1664/1628/1539 1666/1630/1541
f 1666/1630/1541 1667/1631/1542 1668/1632/1543
f 1668/1632/1543 1669/1633/1544 1664/1628/1539
f 1668/1632/1543 1667/1631/1542 1670/1634/1545
f 1670/1634/1545 1667/1631/1542 1619/1583/1494
f 1668/1632/1543 1671/1635/1546 1669/1633/1544
f 1668/1632/1543 1670/1634/1545 1671/1635/1546
f 1672/1636/1547 1669/1633/1544 1671/1635/1546
f 1671/1635/1546 1670/1634/1545 1673/1637/1548
f 1670/1634/1545 1619/1583/1494 1673/1637/1548
f 1671/1635/1546 1673/1637/1548 1672/1636/1547
f 1672/1636/1547 1674/1638/1549 1669/1633/1544
f 1673/1637/1548 1619/1583/1494 1675/1639/1550
f 1675/1639/1550 1619/1583/1494 1609/1573/1484
f 1607/1571/1482 1675/1639/1550 1609/1573/1484
f 1672/1636/1547 1673/1637/1548 1676/1640/1551
f 1673/1637/1548 1675/1639/1550 1676/1640/1551
f 1674/1638/1549 1672/1636/1547 1677/1641/1552
f 1672/1636/1547 1676/1640/1551 1677/1641/1552
f 1678/1642/1553 1675/1639/1550 1607/1571/1482
f 1676/1640/1551 1675/1639/1550 1678/1642/1553
f 1679/1643/1554 1678/1642/1553 1607/1571/1482
f 1607/1571/1482 1604/1568/1479 1679/1643/1554
f 1678/1642/1553 1680/1644/1555 1676/1640/1551
f 1680/1644/1555 1678/1642/1553 1679/1643/1554
f 1604/1568/1479 1681/1645/1556 1679/1643/1554
f 1681/1645/1556 1680/1644/1555 1679/1643/1554
f 1605/1569/1480 1681/1645/1556 1604/1568/1479
f 1676/1640/1551 1680/1644/1555 1682/1646/1557
f 1677/1641/1552 1676/1640/1551 1682/1646/1557
f 1683/1647/1558 1680/1644/1555 1681/1645/1556
f 1677/1641/1552 1682/1646/1557 1684/1648/1559
f 1684/1648/1559 1674/1638/1549 1677/1641/1552
f 1682/1646/1557 1680/1644/1555 1685/1649/1560
f 1684/1648/1559 1682/1646/1557 1685/1649/1560
f 1685/1649/1560 1680/1644/1555 1683/1647/1558
f 1684/1648/1559 1686/1650/1561 1674/1638/1549
f 1684/1648/1559 1685/1649/1560 1687/1651/1562
f 1684/1648/1559 1687/1651/1562 1686/1650/1561
f 1687/1651/1562 1685/1649/1560 1688/1652/1563
f 1685/1649/1560 1683/1647/1558 1688/1652/1563
f 1689/1653/1217 1686/1650/1561 1687/1651/1562
f 1687/1651/1562 1688/1652/1563 1689/1653/1217
f 1689/1653/1217 1690/1654/1564 1686/1650/1561
f 1688/1652/1563 1683/1647/1558 1691/1655/1565
f 1689/1653/1217 1692/1656/1566 1690/1654/1564
f 1689/1653/1217 1688/1652/1563 1693/1657/1567
f 1689/1653/1217 1693/1657/1567 1692/1656/1566
f 1688/1652/1563 1691/1655/1565 1693/1657/1567
f 1694/1658/1568 1690/1654/1564 1692/1656/1566
f 1694/1658/1568 1695/1659/1569 1690/1654/1564
f 1692/1656/1566 1693/1657/1567 1696/1660/1570
f 1692/1656/1566 1696/1660/1570 1694/1658/1568
f 1693/1657/1567 1691/1655/1565 1697/1661/1571
f 1693/1657/1567 1698/1662/1572 1696/1660/1570
f 1697/1661/1571 1698/1662/1572 1693/1657/1567
f 1694/1658/1568 1696/1660/1570 1699/1663/1573
f 1696/1660/1570 1698/1662/1572 1699/1663/1573
f 1697/1661/1571 1691/1655/1565 1700/1664/1574
f 1700/1664/1574 1698/1662/1572 1697/1661/1571
f 1691/1655/1565 1683/1647/1558 1701/1665/1575
f 1700/1664/1574 1691/1655/1565 1701/1665/1575
f 1701/1665/1575 1683/1647/1558 1681/1645/1556
f 1681/1645/1556 1605/1569/1480 1701/1665/1575
f 1605/1569/1480 1700/1664/1574 1701/1665/1575
f 1606/1570/1481 1700/1664/1574 1605/1569/1480
f 1702/1666/1576 1698/1662/1572 1700/1664/1574
f 1700/1664/1574 1606/1570/1481 1702/1666/1576
f 1699/1663/1573 1698/1662/1572 1703/1667/1577
f 1702/1666/1576 1703/1667/1577 1698/1662/1572
f 1606/1570/1481 1704/1668/1578 1702/1666/1576
f 1608/1572/1483 1704/1668/1578 1606/1570/1481
f 1705/1669/1579 1703/1667/1577 1702/1666/1576
f 1704/1668/1578 1705/1669/1579 1702/1666/1576
f 1699/1663/1573 1703/1667/1577 1706/1670/1580
f 1699/1663/1573 1706/1670/1580 1694/1658/1568
f 1705/1669/1579 1707/1671/1581 1703/1667/1577
f 1706/1670/1580 1703/1667/1577 1707/1671/1581
f 1708/1672/1582 1707/1671/1581 1705/1669/1579
f 1708/1672/1582 1705/1669/1579 1704/1668/1578
f 1708/1672/1582 1709/1673/1583 1707/1671/1581
f 1707/1671/1581 1709/1673/1583 1706/1670/1580
f 1704/1668/1578 1710/1674/1584 1708/1672/1582
f 1710/1674/1584 1709/1673/1583 1708/1672/1582
f 1694/1658/1568 1706/1670/1580 1711/1675/1585
f 1694/1658/1568 1711/1675/1585 1695/1659/1569
f 1706/1670/1580 1709/1673/1583 1712/1676/1586
f 1713/1677/1587 1695/1659/1569 1711/1675/1585
f 1711/1675/1585 1706/1670/1580 1713/1677/1587
f 1713/1677/1587 1706/1670/1580 1712/1676/1586
f 1713/1677/1587 1714/1678/1588 1695/1659/1569
f 1709/1673/1583 1715/1679/1589 1712/1676/1586
f 1710/1674/1584 1715/1679/1589 1709/1673/1583
f 1716/1680/1590 1713/1677/1587 1712/1676/1586
f 1712/1676/1586 1715/1679/1589 1716/1680/1590
f 1714/1678/1588 1713/1677/1587 1717/1681/1591
f 1717/1681/1591 1713/1677/1587 1716/1680/1590
f 1718/1682/1592 1714/1678/1588 1717/1681/1591
f 1718/1682/1592 1719/1683/1593 1714/1678/1588
f 1720/1684/1594 1717/1681/1591 1716/1680/1590
f 1718/1682/1592 1717/1681/1591 1720/1684/1594
f 1721/1685/1595 1716/1680/1590 1715/1679/1589
f 1720/1684/1594 1716/1680/1590 1721/1685/1595
f 1722/1686/1596 1715/1679/1589 1710/1674/1584
f 1722/1686/1596 1721/1685/1595 1715/1679/1589
f 1710/1674/1584 1723/1687/1597 1722/1686/1596
f 1723/1687/1597 1710/1674/1584 1704/1668/1578
f 1724/1688/1598 1721/1685/1595 1722/1686/1596
f 1723/1687/1597 1724/1688/1598 1722/1686/1596
f 1725/1689/1599 1720/1684/1594 1721/1685/1595
f 1724/1688/1598 1725/1689/1599 1721/1685/1595
f 1726/1690/1600 1718/1682/1592 1720/1684/1594
f 1726/1690/1600 1720/1684/1594 1725/1689/1599
f 1727/1691/1601 1718/1682/1592 1726/1690/1600
f 1719/1683/1593 1718/1682/1592 1727/1691/1601
f 1728/1692/1602 1727/1691/1601 1726/1690/1600
f 1726/1690/1600 1725/1689/1599 1728/1692/1602
f 1729/1693/1603 1719/1683/1593 1727/1691/1601
f 1729/1693/1603 1727/1691/1601 1728/1692/1602
f 1729/1693/1603 1730/1694/1604 1719/1683/1593
f 1728/1692/1602 1725/1689/1599 1731/1695/1605
f 1730/1694/1604 1729/1693/1603 1732/1696/1606
f 1733/1697/1607 1731/1695/1605 1725/1689/1599
f 1733/1697/1607 1725/1689/1599 1724/1688/1598
f 1734/1698/1608 1729/1693/1603 1728/1692/1602
f 1732/1696/1606 1729/1693/1603 1734/1698/1608
f 1731/1695/1605 1735/1699/1609 1728/1692/1602
f 1728/1692/1602 1735/1699/1609 1734/1698/1608
f 1736/1700/1610 1731/1695/1605 1733/1697/1607
f 1736/1700/1610 1735/1699/1609 1731/1695/1605
f 1724/1688/1598 1737/1701/1611 1733/1697/1607
f 1737/1701/1611 1736/1700/1610 1733/1697/1607
f 1737/1701/1611 1724/1688/1598 1723/1687/1597
f 1738/1702/1612 1735/1699/1609 1736/1700/1610
f 1739/1703/1613 1734/1698/1608 1735/1699/1609
f 1738/1702/1612 1739/1703/1613 1735/1699/1609
f 1740/1704/1614 1734/1698/1608 1739/1703/1613
f 1734/1698/1608 1740/1704/1614 1732/1696/1606
f 1741/1705/1615 1739/1703/1613 1738/1702/1612
f 1732/1696/1606 1740/1704/1614 1742/1706/1616
f 1742/1706/1616 1730/1694/1604 1732/1696/1606
f 1742/1706/1616 1743/1707/1617 1730/1694/1604
f 1744/1708/1618 1740/1704/1614 1739/1703/1613
f 1741/1705/1615 1744/1708/1618 1739/1703/1613
f 1740/1704/1614 1745/1709/1619 1742/1706/1616
f 1745/1709/1619 1740/1704/1614 1744/1708/1618
f 1742/1706/1616 1746/1710/1620 1743/1707/1617
f 1742/1706/1616 1745/1709/1619 1746/1710/1620
f 1747/1711/1621 1743/1707/1617 1746/1710/1620
f 1743/1707/1617 1747/1711/1621 1748/1712/1622
f 1749/1713/1623 1746/1710/1620 1745/1709/1619
f 1747/1711/1621 1746/1710/1620 1749/1713/1623
f 1744/1708/1618 1750/1714/1624 1745/1709/1619
f 1745/1709/1619 1750/1714/1624 1749/1713/1623
f 1751/1715/1625 1750/1714/1624 1744/1708/1618
f 1751/1715/1625 1744/1708/1618 1741/1705/1615
f 1750/1714/1624 1752/1716/1626 1749/1713/1623
f 1753/1717/1627 1750/1714/1624 1751/1715/1625
f 1753/1717/1627 1752/1716/1626 1750/1714/1624
f 1741/1705/1615 1754/1718/1628 1751/1715/1625
f 1754/1718/1628 1753/1717/1627 1751/1715/1625
f 1749/1713/1623 1752/1716/1626 1755/1719/1629
f 1755/1719/1629 1747/1711/1621 1749/1713/1623
f 1756/1720/1630 1752/1716/1626 1753/1717/1627
f 1757/1721/1631 1747/1711/1621 1755/1719/1629
f 1748/1712/1622 1747/1711/1621 1757/1721/1631
f 1758/1722/1632 1755/1719/1629 1752/1716/1626
f 1756/1720/1630 1758/1722/1632 1752/1716/1626
f 1755/1719/1629 1759/1723/1633 1757/1721/1631
f 1759/1723/1633 1755/1719/1629 1758/1722/1632
f 1760/1724/1634 1748/1712/1622 1757/1721/1631
f 1757/1721/1631 1759/1723/1633 1760/1724/1634
f 1760/1724/1634 1761/1725/1635 1748/1712/1622
f 1762/1726/1636 1759/1723/1633 1758/1722/1632
f 1760/1724/1634 1763/1727/1637 1761/1725/1635
f 1759/1723/1633 1764/1728/1638 1760/1724/1634
f 1760/1724/1634 1764/1728/1638 1763/1727/1637
f 1764/1728/1638 1759/1723/1633 1762/1726/1636
f 1765/1729/1639 1761/1725/1635 1763/1727/1637
f 1765/1729/1639 1766/1730/1640 1761/1725/1635
f 1767/1731/1641 1763/1727/1637 1764/1728/1638
f 1765/1729/1639 1763/1727/1637 1767/1731/1641
f 1762/1726/1636 1768/1732/1642 1764/1728/1638
f 1764/1728/1638 1768/1732/1642 1767/1731/1641
f 1769/1733/1643 1762/1726/1636 1758/1722/1632
f 1769/1733/1643 1758/1722/1632 1756/1720/1630
f 1770/1734/1644 1768/1732/1642 1762/1726/1636
f 1770/1734/1644 1762/1726/1636 1769/1733/1643
f 1771/1735/1645 1769/1733/1643 1756/1720/1630
f 1753/1717/1627 1771/1735/1645 1756/1720/1630
f 1753/1717/1627 1754/1718/1628 1771/1735/1645
f 1769/1733/1643 1772/1736/1646 1770/1734/1644
f 1772/1736/1646 1769/1733/1643 1771/1735/1645
f 1773/1737/1647 1768/1732/1642 1770/1734/1644
f 1772/1736/1646 1773/1737/1647 1770/1734/1644
f 1774/1738/1648 1768/1732/1642 1773/1737/1647
f 1775/1739/1649 1773/1737/1647 1772/1736/1646
f 1773/1737/1647 1775/1739/1649 1774/1738/1648
f 1776/1740/1650 1768/1732/1642 1774/1738/1648
f 1768/1732/1642 1776/1740/1650 1767/1731/1641
f 1774/1738/1648 1777/1741/1651 1776/1740/1650
f 1774/1738/1648 1775/1739/1649 1777/1741/1651
f 1767/1731/1641 1776/1740/1650 1778/1742/1652
f 1777/1741/1651 1778/1742/1652 1776/1740/1650
f 1778/1742/1652 1765/1729/1639 1767/1731/1641
f 1779/1743/1653 1765/1729/1639 1778/1742/1652
f 1765/1729/1639 1779/1743/1653 1766/1730/1640
f 1780/1744/1654 1779/1743/1653 1778/1742/1652
f 1780/1744/1654 1778/1742/1652 1777/1741/1651
f 1781/1745/1655 1766/1730/1640 1779/1743/1653
f 1781/1745/1655 1779/1743/1653 1780/1744/1654
f 1781/1745/1655 1782/1746/1656 1766/1730/1640
f 1783/1747/1657 1780/1744/1654 1777/1741/1651
f 1781/1745/1655 1784/1748/1658 1782/1746/1656
f 1785/1749/1659 1781/1745/1655 1780/1744/1654
f 1784/1748/1658 1781/1745/1655 1785/1749/1659
f 1785/1749/1659 1780/1744/1654 1783/1747/1657
f 1786/1750/1660 1782/1746/1656 1784/1748/1658
f 1786/1750/1660 1787/1751/1661 1782/1746/1656
f 1788/1752/1662 1784/1748/1658 1785/1749/1659
f 1786/1750/1660 1784/1748/1658 1788/1752/1662
f 1783/1747/1657 1789/1753/1663 1785/1749/1659
f 1785/1749/1659 1789/1753/1663 1788/1752/1662
f 1777/1741/1651 1790/1754/1664 1783/1747/1657
f 1790/1754/1664 1789/1753/1663 1783/1747/1657
f 1777/1741/1651 1775/1739/1649 1790/1754/1664
f 1789/1753/1663 1791/1755/1665 1788/1752/1662
f 1790/1754/1664 1775/1739/1649 1792/1756/1666
f 1788/1752/1662 1791/1755/1665 1793/1757/1667
f 1793/1757/1667 1786/1750/1660 1788/1752/1662
f 1789/1753/1663 1794/1758/1668 1791/1755/1665
f 1794/1758/1668 1789/1753/1663 1790/1754/1664
f 1795/1759/1669 1786/1750/1660 1793/1757/1667
f 1787/1751/1661 1786/1750/1660 1795/1759/1669
f 1796/1760/1670 1793/1757/1667 1791/1755/1665
f 1796/1760/1670 1791/1755/1665 1794/1758/1668
f 1797/1761/1671 1795/1759/1669 1793/1757/1667
f 1797/1761/1671 1793/1757/1667 1796/1760/1670
f 1798/1762/1672 1787/1751/1661 1795/1759/1669
f 1798/1762/1672 1795/1759/1669 1797/1761/1671
f 1798/1762/1672 1799/1763/1673 1787/1751/1661
f 1800/1764/1674 1797/1761/1671 1796/1760/1670
f 1798/1762/1672 1801/1765/1675 1799/1763/1673
f 1802/1766/1676 1798/1762/1672 1797/1761/1671
f 1801/1765/1675 1798/1762/1672 1802/1766/1676
f 1802/1766/1676 1797/1761/1671 1800/1764/1674
f 1803/1767/1677 1799/1763/1673 1801/1765/1675
f 1803/1767/1677 1804/1768/1678 1799/1763/1673
f 1805/1769/1679 1801/1765/1675 1802/1766/1676
f 1803/1767/1677 1801/1765/1675 1805/1769/1679
f 1800/1764/1674 1806/1770/1680 1802/1766/1676
f 1802/1766/1676 1806/1770/1680 1805/1769/1679
f 1796/1760/1670 1807/1771/1681 1800/1764/1674
f 1806/1770/1680 1800/1764/1674 1807/1771/1681
f 1796/1760/1670 1794/1758/1668 1807/1771/1681
f 1806/1770/1680 1808/1772/1682 1805/1769/1679
f 1794/1758/1668 1809/1773/1683 1807/1771/1681
f 1805/1769/1679 1808/1772/1682 1810/1774/1684
f 1810/1774/1684 1803/1767/1677 1805/1769/1679
f 1806/1770/1680 1811/1775/1685 1808/1772/1682
f 1806/1770/1680 1807/1771/1681 1811/1775/1685
f 1812/1776/1686 1803/1767/1677 1810/1774/1684
f 1803/1767/1677 1812/1776/1686 1804/1768/1678
f 1813/1777/1687 1810/1774/1684 1808/1772/1682
f 1813/1777/1687 1808/1772/1682 1811/1775/1685
f 1814/1778/1688 1812/1776/1686 1810/1774/1684
f 1814/1778/1688 1810/1774/1684 1813/1777/1687
f 1815/1779/1689 1804/1768/1678 1812/1776/1686
f 1815/1779/1689 1812/1776/1686 1814/1778/1688
f 1815/1779/1689 1816/1780/1690 1804/1768/1678
f 1817/1781/1691 1814/1778/1688 1813/1777/1687
f 1816/1780/1690 1815/1779/1689 1818/1782/1692
f 1819/1783/1693 1815/1779/1689 1814/1778/1688
f 1818/1782/1692 1815/1779/1689 1819/1783/1693
f 1819/1783/1693 1814/1778/1688 1817/1781/1691
f 1818/1782/1692 1820/1784/1694 1816/1780/1690
f 1818/1782/1692 1819/1783/1693 1820/1784/1694
f 1816/1780/1690 1820/1784/1694 1821/1785/1695
f 1821/1785/1695 1820/1784/1694 1822/1786/1696
f 1822/1786/1696 1820/1784/1694 1823/1787/1697
f 1820/1784/1694 1824/1788/1698 1823/1787/1697
f 1825/1789/1699 1824/1788/1698 1820/1784/1694
f 1820/1784/1694 1819/1783/1693 1825/1789/1699
f 1825/1789/1699 1826/1790/1700 1824/1788/1698
f 1819/1783/1693 1827/1791/1701 1825/1789/1699
f 1827/1791/1701 1826/1790/1700 1825/1789/1699
f 1817/1781/1691 1827/1791/1701 1819/1783/1693
f 1827/1791/1701 1828/1792/1702 1826/1790/1700
f 1829/1793/1703 1828/1792/1702 1827/1791/1701
f 1817/1781/1691 1829/1793/1703 1827/1791/1701
f 1829/1793/1703 1830/1794/1704 1828/1792/1702
f 1829/1793/1703 1831/1795/1705 1830/1794/1704
f 1832/1796/1706 1829/1793/1703 1817/1781/1691
f 1813/1777/1687 1832/1796/1706 1817/1781/1691
f 1813/1777/1687 1811/1775/1685 1832/1796/1706
f 1833/1797/1707 1831/1795/1705 1829/1793/1703
f 1832/1796/1706 1833/1797/1707 1829/1793/1703
f 1833/1797/1707 1834/1798/1708 1831/1795/1705
f 1811/1775/1685 1835/1799/1709 1832/1796/1706
f 1835/1799/1709 1833/1797/1707 1832/1796/1706
f 1836/1800/1710 1834/1798/1708 1833/1797/1707
f 1835/1799/1709 1836/1800/1710 1833/1797/1707
f 1834/1798/1708 1836/1800/1710 1837/1801/1711
f 1838/1802/1712 1835/1799/1709 1811/1775/1685
f 1807/1771/1681 1838/1802/1712 1811/1775/1685
f 1809/1773/1683 1838/1802/1712 1807/1771/1681
f 1839/1803/1713 1836/1800/1710 1835/1799/1709
f 1838/1802/1712 1839/1803/1713 1835/1799/1709
f 1837/1801/1711 1836/1800/1710 1840/1804/1714
f 1839/1803/1713 1840/1804/1714 1836/1800/1710
f 1837/1801/1711 1840/1804/1714 1841/1805/1715
f 1842/1806/1716 1839/1803/1713 1838/1802/1712
f 1809/1773/1683 1842/1806/1716 1838/1802/1712
f 1841/1805/1715 1840/1804/1714 1843/1807/1717
f 1841/1805/1715 1843/1807/1717 1844/1808/1718
f 1845/1809/1719 1840/1804/1714 1839/1803/1713
f 1844/1808/1718 1843/1807/1717 1846/1810/1720
f 1840/1804/1714 1847/1811/1721 1843/1807/1717
f 1845/1809/1719 1847/1811/1721 1840/1804/1714
f 1843/1807/1717 1847/1811/1721 1846/1810/1720
f 1844/1808/1718 1846/1810/1720 1848/1812/1722
f 1845/1809/1719 1849/1813/1723 1847/1811/1721
f 1846/1810/1720 1847/1811/1721 1849/1813/1723
f 1850/1814/1724 1845/1809/1719 1839/1803/1713
f 1850/1814/1724 1849/1813/1723 1845/1809/1719
f 1850/1814/1724 1839/1803/1713 1842/1806/1716
f 1848/1812/1722 1846/1810/1720 1851/1815/1725
f 1848/1812/1722 1851/1815/1725 1852/1816/1726
f 1850/1814/1724 1842/1806/1716 1853/1817/1727
f 1853/1817/1727 1849/1813/1723 1850/1814/1724
f 1854/1818/1728 1852/1816/1726 1851/1815/1725
f 1855/1819/1729 1852/1816/1726 1854/1818/1728
f 1855/1819/1729 1854/1818/1728 1856/1820/1730
f 1857/1821/1731 1851/1815/1725 1846/1810/1720
f 1846/1810/1720 1849/1813/1723 1857/1821/1731
f 1858/1822/1732 1854/1818/1728 1851/1815/1725
f 1858/1822/1732 1851/1815/1725 1857/1821/1731
f 1856/1820/1730 1854/1818/1728 1859/1823/1733
f 1860/1824/1734 1856/1820/1730 1859/1823/1733
f 1861/1825/1735 1854/1818/1728 1858/1822/1732
f 1861/1825/1735 1859/1823/1733 1854/1818/1728
f 1862/1826/1736 1860/1824/1734 1859/1823/1733
f 1863/1827/1737 1860/1824/1734 1862/1826/1736
f 1862/1826/1736 1864/1828/1738 1863/1827/1737
f 1865/1829/1739 1859/1823/1733 1861/1825/1735
f 1865/1829/1739 1862/1826/1736 1859/1823/1733
f 1866/1830/1740 1861/1825/1735 1858/1822/1732
f 1864/1828/1738 1862/1826/1736 1867/1831/1741
f 1864/1828/1738 1867/1831/1741 1868/1832/1742
f 1869/1833/1743 1868/1832/1742 1867/1831/1741
f 1870/1834/1744 1861/1825/1735 1866/1830/1740
f 1870/1834/1744 1865/1829/1739 1861/1825/1735
f 1869/1833/1743 1867/1831/1741 1871/1835/1745
f 1869/1833/1743 1871/1835/1745 1872/1836/1746
f 1867/1831/1741 1862/1826/1736 1873/1837/1747
f 1874/1838/1748 1872/1836/1746 1871/1835/1745
f 1875/1839/1749 1872/1836/1746 1874/1838/1748
f 1875/1839/1749 1876/1840/1750 1877/1841/1751
f 1874/1838/1748 1876/1840/1750 1875/1839/1749
f 1878/1842/1752 1876/1840/1750 1874/1838/1748
f 1874/1838/1748 1879/1843/1753 1878/1842/1752
f 1874/1838/1748 1871/1835/1745 1879/1843/1753
f 1878/1842/1752 1879/1843/1753 1880/1844/1754
f 1880/1844/1754 1879/1843/1753 1881/1845/1755
f 1871/1835/1745 1867/1831/1741 1882/1846/1756
f 1879/1843/1753 1871/1835/1745 1882/1846/1756
f 1882/1846/1756 1867/1831/1741 1873/1837/1747
f 1881/1845/1755 1879/1843/1753 1883/1847/1757
f 1879/1843/1753 1882/1846/1756 1883/1847/1757
f 1881/1845/1755 1883/1847/1757 1884/1848/1758
f 1883/1847/1757 1882/1846/1756 1885/1849/1759
f 1882/1846/1756 1873/1837/1747 1885/1849/1759
f 1886/1850/1760 1884/1848/1758 1883/1847/1757
f 1883/1847/1757 1885/1849/1759 1886/1850/1760
f 1887/1851/1761 1884/1848/1758 1886/1850/1760
f 1886/1850/1760 1888/1852/1762 1887/1851/1761
f 1885/1849/1759 1873/1837/1747 1889/1853/1763
f 1890/1854/1764 1888/1852/1762 1886/1850/1760
f 1891/1855/1765 1888/1852/1762 1890/1854/1764
f 1886/1850/1760 1885/1849/1759 1892/1856/1766
f 1886/1850/1760 1892/1856/1766 1890/1854/1764
f 1885/1849/1759 1889/1853/1763 1892/1856/1766
f 1890/1854/1764 1893/1857/1767 1891/1855/1765
f 1891/1855/1765 1893/1857/1767 1894/1858/1767
f 1894/1858/1767 1893/1857/1767 1895/1859/1768
f 1890/1854/1764 1892/1856/1766 1896/1860/1769
f 1890/1854/1764 1896/1860/1769 1893/1857/1767
f 1895/1859/1768 1893/1857/1767 1897/1861/1770
f 1895/1859/1768 1897/1861/1770 1898/1862/1771
f 1893/1857/1767 1896/1860/1769 1899/1863/1772
f 1899/1863/1772 1897/1861/1770 1893/1857/1767
f 1892/1856/1766 1900/1864/1773 1896/1860/1769
f 1892/1856/1766 1889/1853/1763 1900/1864/1773
f 1896/1860/1769 1901/1865/1774 1899/1863/1772
f 1896/1860/1769 1900/1864/1773 1901/1865/1774
f 1902/1866/1775 1897/1861/1770 1899/1863/1772
f 1903/1867/1776 1898/1862/1771 1897/1861/1770
f 1897/1861/1770 1902/1866/1775 1903/1867/1776
f 1904/1868/1777 1898/1862/1771 1903/1867/1776
f 1903/1867/1776 1905/1869/1778 1904/1868/1777
f 1899/1863/1772 1906/1870/1779 1902/1866/1775
f 1899/1863/1772 1901/1865/1774 1906/1870/1779
f 1907/1871/1780 1905/1869/1778 1903/1867/1776
f 1908/1872/1781 1905/1869/1778 1907/1871/1780
f 1903/1867/1776 1902/1866/1775 1909/1873/1782
f 1903/1867/1776 1909/1873/1782 1907/1871/1780
f 1902/1866/1775 1906/1870/1779 1910/1874/1783
f 1902/1866/1775 1910/1874/1783 1909/1873/1782
f 1907/1871/1780 1911/1875/1784 1908/1872/1781
f 1908/1872/1781 1911/1875/1784 1912/1876/1785
f 1913/1877/1786 1912/1876/1785 1911/1875/1784
f 1907/1871/1780 1909/1873/1782 1914/1878/1787
f 1911/1875/1784 1915/1879/1788 1913/1877/1786
f 1913/1877/1786 1915/1879/1788 1916/1880/1789
f 1916/1880/1789 1915/1879/1788 1917/1881/1790
f 1911/1875/1784 1907/1871/1780 1918/1882/1791
f 1918/1882/1791 1907/1871/1780 1914/1878/1787
f 1915/1879/1788 1911/1875/1784 1919/1883/1792
f 1919/1883/1792 1911/1875/1784 1918/1882/1791
f 1917/1881/1790 1915/1879/1788 1920/1884/1793
f 1919/1883/1792 1920/1884/1793 1915/1879/1788
f 1920/1884/1793 1921/1885/1794 1917/1881/1790
f 1921/1885/1794 1920/1884/1793 1922/1886/1795
f 1922/1886/1795 1920/1884/1793 1923/1887/1796
f 1923/1887/1796 1924/1888/1797 1922/1886/1795
f 1925/1889/1798 1920/1884/1793 1919/1883/1792
f 1925/1889/1798 1923/1887/1796 1920/1884/1793
f 1923/1887/1796 1926/1890/1799 1924/1888/1797
f 1924/1888/1797 1926/1890/1799 1927/1891/1800
f 1926/1890/1799 1928/1892/1801 1927/1891/1800
f 1929/1893/1802 1923/1887/1796 1925/1889/1798
f 1930/1894/1803 1928/1892/1801 1926/1890/1799
f 1928/1892/1801 1930/1894/1803 1931/1895/1804
f 1926/1890/1799 1923/1887/1796 1932/1896/1805
f 1932/1896/1805 1923/1887/1796 1929/1893/1802
f 1930/1894/1803 1926/1890/1799 1933/1897/1806
f 1933/1897/1806 1926/1890/1799 1932/1896/1805
f 1934/1898/1807 1931/1895/1804 1930/1894/1803
f 1935/1899/1807 1931/1895/1804 1934/1898/1807
f 1935/1899/1807 1934/1898/1807 1936/1900/1808
f 1933/1897/1806 1937/1901/1809 1930/1894/1803
f 1930/1894/1803 1937/1901/1809 1934/1898/1807
f 1936/1900/1808 1934/1898/1807 1938/1902/1810
f 1938/1902/1810 1939/1903/1811 1936/1900/1808
f 1940/1904/1812 1934/1898/1807 1937/1901/1809
f 1938/1902/1810 1934/1898/1807 1940/1904/1812
f 1938/1902/1810 1941/1905/1813 1939/1903/1811
f 1939/1903/1811 1941/1905/1813 1942/1906/1814
f 1941/1905/1813 1943/1907/1815 1942/1906/1814
f 1944/1908/1816 1938/1902/1810 1940/1904/1812
f 1941/1905/1813 1938/1902/1810 1944/1908/1816
f 1945/1909/1817 1943/1907/1815 1941/1905/1813
f 1943/1907/1815 1945/1909/1817 1946/1910/1818
f 1947/1911/1819 1941/1905/1813 1944/1908/1816
f 1945/1909/1817 1941/1905/1813 1947/1911/1819
f 1948/1912/1820 1946/1910/1818 1945/1909/1817
f 1949/1913/1821 1946/1910/1818 1948/1912/1820
f 1949/1913/1821 1948/1912/1820 1950/1914/1822
f 1951/1915/1823 1945/1909/1817 1947/1911/1819
f 1948/1912/1820 1945/1909/1817 1951/1915/1823
f 1950/1914/1822 1948/1912/1820 1952/1916/1824
f 1952/1916/1824 1953/1917/1825 1950/1914/1822
f 1955/1918/1826 1953/1917/1825 1954/1919/1827
f 1954/1919/1827 1953/1917/1825 1952/1916/1824
f 1952/1916/1824 1956/1920/1828 1954/1919/1827
f 1952/1916/1824 1948/1912/1820 1957/1921/1829
f 1957/1921/1829 1956/1920/1828 1952/1916/1824
f 1957/1921/1829 1948/1912/1820 1951/1915/1823
f 1957/1921/1829 1958/1922/1830 1956/1920/1828
f 1958/1922/1830 1957/1921/1829 1959/1923/1831
f 1951/1915/1823 1959/1923/1831 1957/1921/1829
f 1958/1922/1830 1959/1923/1831 1960/1924/1832
f 1959/1923/1831 1961/1925/1833 1960/1924/1832
f 1962/1926/1834 1959/1923/1831 1951/1915/1823
f 1947/1911/1819 1962/1926/1834 1951/1915/1823
f 1963/1927/1835 1961/1925/1833 1959/1923/1831
f 1962/1926/1834 1963/1927/1835 1959/1923/1831
f 1961/1925/1833 1963/1927/1835 1964/1928/1836
f 1963/1927/1835 1965/1929/1837 1964/1928/1836
f 1966/1930/1838 1962/1926/1834 1947/1911/1819
f 1944/1908/1816 1966/1930/1838 1947/1911/1819
f 1967/1931/1839 1963/1927/1835 1962/1926/1834
f 1966/1930/1838 1967/1931/1839 1962/1926/1834
f 1968/1932/1840 1965/1929/1837 1963/1927/1835
f 1968/1932/1840 1969/1933/1841 1965/1929/1837
f 1970/1934/1842 1963/1927/1835 1967/1931/1839
f 1968/1932/1840 1963/1927/1835 1970/1934/1842
f 1971/1935/1843 1967/1931/1839 1966/1930/1838
f 1967/1931/1839 1971/1935/1843 1970/1934/1842
f 1972/1936/1844 1966/1930/1838 1944/1908/1816
f 1972/1936/1844 1971/1935/1843 1966/1930/1838
f 1940/1904/1812 1972/1936/1844 1944/1908/1816
f 1973/1937/1845 1972/1936/1844 1940/1904/1812
f 1937/1901/1809 1973/1937/1845 1940/1904/1812
f 1974/1938/1846 1971/1935/1843 1972/1936/1844
f 1973/1937/1845 1974/1938/1846 1972/1936/1844
f 1975/1939/1847 1973/1937/1845 1937/1901/1809
f 1933/1897/1806 1975/1939/1847 1937/1901/1809
f 1976/1940/1848 1974/1938/1846 1973/1937/1845
f 1975/1939/1847 1976/1940/1848 1973/1937/1845
f 1971/1935/1843 1974/1938/1846 1977/1941/1849
f 1970/1934/1842 1971/1935/1843 1977/1941/1849
f 1974/1938/1846 1976/1940/1848 1978/1942/1850
f 1977/1941/1849 1974/1938/1846 1978/1942/1850
f 1979/1943/1851 1976/1940/1848 1975/1939/1847
f 1980/1944/1852 1975/1939/1847 1933/1897/1806
f 1980/1944/1852 1979/1943/1851 1975/1939/1847
f 1932/1896/1805 1980/1944/1852 1933/1897/1806
f 1976/1940/1848 1979/1943/1851 1981/1945/1853
f 1978/1942/1850 1976/1940/1848 1981/1945/1853
f 1982/1946/1854 1979/1943/1851 1980/1944/1852
f 1981/1945/1853 1979/1943/1851 1983/1947/1855
f 1979/1943/1851 1982/1946/1854 1983/1947/1855
f 1984/1948/1856 1978/1942/1850 1981/1945/1853
f 1981/1945/1853 1983/1947/1855 1984/1948/1856
f 1985/1949/1857 1977/1941/1849 1978/1942/1850
f 1985/1949/1857 1978/1942/1850 1984/1948/1856
f 1986/1950/1858 1977/1941/1849 1985/1949/1857
f 1986/1950/1858 1970/1934/1842 1977/1941/1849
f 1987/1951/1859 1985/1949/1857 1984/1948/1856
f 1988/1952/1860 1970/1934/1842 1986/1950/1858
f 1988/1952/1860 1968/1932/1840 1970/1934/1842
f 1989/1953/1861 1986/1950/1858 1985/1949/1857
f 1989/1953/1861 1985/1949/1857 1987/1951/1859
f 1990/1954/1862 1988/1952/1860 1986/1950/1858
f 1990/1954/1862 1986/1950/1858 1989/1953/1861
f 1991/1955/1863 1968/1932/1840 1988/1952/1860
f 1991/1955/1863 1969/1933/1841 1968/1932/1840
f 1992/1956/1864 1969/1933/1841 1991/1955/1863
f 1991/1955/1863 1993/1957/1865 1992/1956/1864
f 1994/1958/1866 1991/1955/1863 1988/1952/1860
f 1994/1958/1866 1988/1952/1860 1990/1954/1862
f 1995/1959/1867 1993/1957/1865 1991/1955/1863
f 1995/1959/1867 1991/1955/1863 1994/1958/1866
f 1993/1957/1865 1995/1959/1867 1996/1960/1868
f 1997/1961/1869 1994/1958/1866 1990/1954/1862
f 1998/1962/1870 1996/1960/1868 1995/1959/1867
f 1999/1963/1871 1996/1960/1868 1998/1962/1870
f 2000/1964/1872 1995/1959/1867 1994/1958/1866
f 1998/1962/1870 1995/1959/1867 2000/1964/1872
f 2000/1964/1872 1994/1958/1866 1997/1961/1869
f 1998/1962/1870 2001/1965/1873 1999/1963/1871
f 1999/1963/1871 2001/1965/1873 2002/1966/1874
f 1998/1962/1870 2003/1967/1875 2001/1965/1873
f 2001/1965/1873 2004/1968/1876 2002/1966/1874
f 2003/1967/1875 2004/1968/1876 2001/1965/1873
f 2002/1966/1874 2004/1968/1876 2005/1969/1877
f 2006/1970/1878 2003/1967/1875 1998/1962/1870
f 2000/1964/1872 2006/1970/1878 1998/1962/1870
f 2007/1971/1879 2004/1968/1876 2003/1967/1875
f 2006/1970/1878 2007/1971/1879 2003/1967/1875
f 2008/1972/1880 2005/1969/1877 2004/1968/1876
f 2009/1973/1881 2005/1969/1877 2008/1972/1880
f 2010/1974/1882 2004/1968/1876 2007/1971/1879
f 2008/1972/1880 2004/1968/1876 2010/1974/1882
f 2011/1975/1883 2007/1971/1879 2006/1970/1878
f 2010/1974/1882 2007/1971/1879 2011/1975/1883
f 2008/1972/1880 2012/1976/1884 2009/1973/1881
f 2009/1973/1881 2012/1976/1884 2013/1977/1885
f 2010/1974/1882 2014/1978/1886 2008/1972/1880
f 2008/1972/1880 2014/1978/1886 2012/1976/1884
f 2012/1976/1884 2015/1979/1887 2013/1977/1885
f 2013/1977/1885 2015/1979/1887 2016/1980/1888
f 2017/1981/1889 2016/1980/1888 2015/1979/1887
f 2014/1978/1886 2018/1982/1890 2012/1976/1884
f 2012/1976/1884 2018/1982/1890 2015/1979/1887
f 2019/1983/1891 2017/1981/1889 2015/1979/1887
f 2020/1984/1892 2017/1981/1889 2019/1983/1891
f 2021/1985/1893 2015/1979/1887 2018/1982/1890
f 2019/1983/1891 2015/1979/1887 2021/1985/1893
f 2022/1986/1894 2020/1984/1892 2019/1983/1891
f 2023/1987/1895 2020/1984/1892 2022/1986/1894
f 2019/1983/1891 2024/1988/1896 2022/1986/1894
f 2021/1985/1893 2024/1988/1896 2019/1983/1891
f 2025/1989/1897 2023/1987/1895 2022/1986/1894
f 2024/1988/1896 2025/1989/1897 2022/1986/1894
f 2026/1990/1898 2023/1987/1895 2025/1989/1897
f 2025/1989/1897 2027/1991/1899 2026/1990/1898
f 2028/1992/1900 2027/1991/1899 2025/1989/1897
f 2025/1989/1897 2029/1993/1901 2028/1992/1900
f 2030/1994/1902 2029/1993/1901 2025/1989/1897
f 2030/1994/1902 2025/1989/1897 2024/1988/1896
f 2031/1995/1903 2029/1993/1901 2030/1994/1902
f 2024/1988/1896 2031/1995/1903 2030/1994/1902
f 2031/1995/1903 2032/1996/1904 2029/1993/1901
f 2033/1997/1905 2031/1995/1903 2024/1988/1896
f 2021/1985/1893 2033/1997/1905 2024/1988/1896
f 2031/1995/1903 2034/1998/1906 2032/1996/1904
f 2033/1997/1905 2034/1998/1906 2031/1995/1903
f 2035/1999/1907 2032/1996/1904 2034/1998/1906
f 2035/1999/1907 2036/2000/1908 2032/1996/1904
f 2037/2001/1909 2034/1998/1906 2033/1997/1905
f 2037/2001/1909 2035/1999/1907 2034/1998/1906
f 2038/2002/1910 2033/1997/1905 2021/1985/1893
f 2038/2002/1910 2037/2001/1909 2033/1997/1905
f 2021/1985/1893 2018/1982/1890 2038/2002/1910
f 2039/2003/1911 2035/1999/1907 2037/2001/1909
f 2018/1982/1890 2040/2004/1912 2038/2002/1910
f 2014/1978/1886 2040/2004/1912 2018/1982/1890
f 2041/2005/1913 2037/2001/1909 2038/2002/1910
f 2040/2004/1912 2041/2005/1913 2038/2002/1910
f 2041/2005/1913 2039/2003/1911 2037/2001/1909
f 2042/2006/1914 2040/2004/1912 2014/1978/1886
f 2010/1974/1882 2042/2006/1914 2014/1978/1886
f 2041/2005/1913 2040/2004/1912 2043/2007/1915
f 2043/2007/1915 2039/2003/1911 2041/2005/1913
f 2042/2006/1914 2044/2008/1916 2040/2004/1912
f 2040/2004/1912 2044/2008/1916 2043/2007/1915
f 2045/2009/1917 2042/2006/1914 2010/1974/1882
f 2045/2009/1917 2010/1974/1882 2011/1975/1883
f 2046/2010/1918 2044/2008/1916 2042/2006/1914
f 2045/2009/1917 2046/2010/1918 2042/2006/1914
f 2044/2008/1916 2047/2011/1919 2043/2007/1915
f 2048/2012/1920 2045/2009/1917 2011/1975/1883
f 2006/1970/1878 2048/2012/1920 2011/1975/1883
f 2047/2011/1919 2049/2013/1921 2043/2007/1915
f 2043/2007/1915 2049/2013/1921 2039/2003/1911
f 2050/2014/1922 2048/2012/1920 2006/1970/1878
f 2000/1964/1872 2050/2014/1922 2006/1970/1878
f 2051/2015/1923 2048/2012/1920 2050/2014/1922
f 2000/1964/1872 2051/2015/1923 2050/2014/1922
f 2052/2016/1924 2048/2012/1920 2051/2015/1923
f 2045/2009/1917 2048/2012/1920 2052/2016/1924
f 2053/2017/1925 2051/2015/1923 2000/1964/1872
f 2051/2015/1923 2053/2017/1925 2052/2016/1924
f 1997/1961/1869 2053/2017/1925 2000/1964/1872
f 2045/2009/1917 2052/2016/1924 2054/2018/1926
f 2054/2018/1926 2046/2010/1918 2045/2009/1917
f 2052/2016/1924 2053/2017/1925 2055/2019/1927
f 2054/2018/1926 2052/2016/1924 2055/2019/1927
f 2053/2017/1925 2056/2020/1928 2055/2019/1927
f 2054/2018/1926 2055/2019/1927 2056/2020/1928
f 1997/1961/1869 2057/2021/1929 2053/2017/1925
f 2057/2021/1929 2056/2020/1928 2053/2017/1925
f 1997/1961/1869 2058/2022/1930 2057/2021/1929
f 2057/2021/1929 2058/2022/1930 2056/2020/1928
f 2059/2023/1931 2058/2022/1930 1997/1961/1869
f 1990/1954/1862 2059/2023/1931 1997/1961/1869
f 1989/1953/1861 2059/2023/1931 1990/1954/1862
f 2056/2020/1928 2058/2022/1930 2060/2024/1932
f 2059/2023/1931 2061/2025/1933 2058/2022/1930
f 2058/2022/1930 2061/2025/1933 2060/2024/1932
f 2060/2024/1932 2062/2026/1934 2056/2020/1928
f 2054/2018/1926 2056/2020/1928 2062/2026/1934
f 2060/2024/1932 2061/2025/1933 2063/2027/1935
f 2063/2027/1935 2062/2026/1934 2060/2024/1932
f 2061/2025/1933 2064/2028/1936 2063/2027/1935
f 2059/2023/1931 2064/2028/1936 2061/2025/1933
f 2063/2027/1935 2064/2028/1936 2065/2029/1937
f 2063/2027/1935 2065/2029/1937 2062/2026/1934
f 2059/2023/1931 2066/2030/1938 2064/2028/1936
f 2064/2028/1936 2066/2030/1938 2065/2029/1937
f 1989/1953/1861 2067/2031/1939 2059/2023/1931
f 2067/2031/1939 2066/2030/1938 2059/2023/1931
f 1987/1951/1859 2067/2031/1939 1989/1953/1861
f 2065/2029/1937 2066/2030/1938 2068/2032/1940
f 2067/2031/1939 2069/2033/1941 2066/2030/1938
f 2066/2030/1938 2069/2033/1941 2068/2032/1940
f 2068/2032/1940 2070/2034/1942 2065/2029/1937
f 2062/2026/1934 2065/2029/1937 2070/2034/1942
f 2068/2032/1940 2069/2033/1941 2071/2035/1943
f 2068/2032/1940 2071/2035/1943 2070/2034/1942
f 2069/2033/1941 2072/2036/1944 2071/2035/1943
f 2067/2031/1939 2072/2036/1944 2069/2033/1941
f 2071/2035/1943 2072/2036/1944 2073/2037/1945
f 2071/2035/1943 2073/2037/1945 2070/2034/1942
f 2067/2031/1939 2074/2038/1877 2072/2036/1944
f 2072/2036/1944 2074/2038/1877 2073/2037/1945
f 1987/1951/1859 2075/2039/1946 2067/2031/1939
f 2073/2037/1945 2074/2038/1877 2076/2040/1947
f 2077/2041/1948 2075/2039/1946 1987/1951/1859
f 1987/1951/1859 1984/1948/1856 2077/2041/1948
f 2067/2031/1939 2078/2042/1949 2074/2038/1877
f 2075/2039/1946 2078/2042/1949 2067/2031/1939
f 2074/2038/1877 2079/2043/1950 2076/2040/1947
f 2078/2042/1949 2079/2043/1950 2074/2038/1877
f 2076/2040/1947 2079/2043/1950 2080/2044/1951
f 2076/2040/1947 2081/2045/1952 2073/2037/1945
f 2081/2045/1952 2076/2040/1947 2080/2044/1951
f 2081/2045/1952 2070/2034/1942 2073/2037/1945
f 2079/2043/1950 2082/2046/1953 2080/2044/1951
f 2078/2042/1949 2082/2046/1953 2079/2043/1950
f 2080/2044/1951 2082/2046/1953 2083/2047/1954
f 2080/2044/1951 2083/2047/1954 2081/2045/1952
f 2082/2046/1953 2084/2048/1955 2083/2047/1954
f 2078/2042/1949 2084/2048/1955 2082/2046/1953
f 2083/2047/1954 2084/2048/1955 2085/2049/1956
f 2081/2045/1952 2083/2047/1954 2085/2049/1956
f 2084/2048/1955 2086/2050/1957 2085/2049/1956
f 2078/2042/1949 2086/2050/1957 2084/2048/1955
f 2085/2049/1956 2086/2050/1957 2087/2051/1958
f 2087/2051/1958 2081/2045/1952 2085/2049/1956
f 2078/2042/1949 2088/2052/1959 2086/2050/1957
f 2086/2050/1957 2088/2052/1959 2087/2051/1958
f 2078/2042/1949 2089/2053/1960 2088/2052/1959
f 2087/2051/1958 2088/2052/1959 2090/2054/1961
f 2088/2052/1959 2089/2053/1960 2090/2054/1961
f 2091/2055/1962 2081/2045/1952 2087/2051/1958
f 2091/2055/1962 2087/2051/1958 2090/2054/1961
f 2090/2054/1961 2089/2053/1960 2092/2056/1963
f 2090/2054/1961 2092/2056/1963 2091/2055/1962
f 2078/2042/1949 2093/2057/1964 2089/2053/1960
f 2089/2053/1960 2094/2058/1965 2092/2056/1963
f 2089/2053/1960 2093/2057/1964 2094/2058/1965
f 2095/2059/1966 2093/2057/1964 2078/2042/1949
f 2078/2042/1949 2075/2039/1946 2095/2059/1966
f 2093/2057/1964 2096/2060/1967 2094/2058/1965
f 2095/2059/1966 2075/2039/1946 2097/2061/1968
f 2077/2041/1948 2097/2061/1968 2075/2039/1946
f 2098/2062/1969 2093/2057/1964 2095/2059/1966
f 2096/2060/1967 2093/2057/1964 2098/2062/1969
f 2097/2061/1968 2098/2062/1969 2095/2059/1966
f 2096/2060/1967 2099/2063/1970 2094/2058/1965
f 2098/2062/1969 2099/2063/1970 2096/2060/1967
f 2094/2058/1965 2099/2063/1970 2100/2064/1971
f 2101/2065/1972 2098/2062/1969 2097/2061/1968
f 2094/2058/1965 2100/2064/1971 2102/2066/1973
f 2092/2056/1963 2094/2058/1965 2102/2066/1973
f 2099/2063/1970 2103/2067/1974 2100/2064/1971
f 2103/2067/1974 2102/2066/1973 2100/2064/1971
f 2104/2068/1975 2099/2063/1970 2098/2062/1969
f 2101/2065/1972 2104/2068/1975 2098/2062/1969
f 2105/2069/1976 2103/2067/1974 2099/2063/1970
f 2104/2068/1975 2105/2069/1976 2099/2063/1970
f 2106/2070/147 2101/2065/1972 2097/2061/1968
f 2106/2070/147 2097/2061/1968 2077/2041/1948
f 2107/2071/1977 2104/2068/1975 2101/2065/1972
f 2108/2072/1978 2101/2065/1972 2106/2070/147
f 2108/2072/1978 2107/2071/1977 2101/2065/1972
f 2106/2070/147 2077/2041/1948 2109/2073/1979
f 2109/2073/1979 2108/2072/1978 2106/2070/147
f 2107/2071/1977 2110/2074/1980 2104/2068/1975
f 2110/2074/1980 2105/2069/1976 2104/2068/1975
f 2111/2075/1981 2107/2071/1977 2108/2072/1978
f 2112/2076/1982 2110/2074/1980 2107/2071/1977
f 2111/2075/1981 2112/2076/1982 2107/2071/1977
f 2113/2077/1983 2111/2075/1981 2108/2072/1978
f 2113/2077/1983 2108/2072/1978 2109/2073/1979
f 2114/2078/1984 2111/2075/1981 2113/2077/1983
f 2113/2077/1983 2109/2073/1979 2115/2079/1985
f 2115/2079/1985 2114/2078/1984 2113/2077/1983
f 2114/2078/1984 2116/2080/1986 2111/2075/1981
f 2116/2080/1986 2112/2076/1982 2111/2075/1981
f 2117/2081/1987 2114/2078/1984 2115/2079/1985
f 2118/2082/1988 2116/2080/1986 2114/2078/1984
f 2117/2081/1987 2118/2082/1988 2114/2078/1984
f 2119/2083/1989 2112/2076/1982 2116/2080/1986
f 2120/2084/1990 2116/2080/1986 2118/2082/1988
f 2119/2083/1989 2116/2080/1986 2120/2084/1990
f 2121/2085/1991 2118/2082/1988 2117/2081/1987
f 2120/2084/1990 2118/2082/1988 2122/2086/1992
f 2122/2086/1992 2118/2082/1988 2121/2085/1991
f 2120/2084/1990 2123/2087/1993 2119/2083/1989
f 2124/2088/1994 2120/2084/1990 2122/2086/1992
f 2124/2088/1994 2123/2087/1993 2120/2084/1990
f 2125/2089/1995 2112/2076/1982 2119/2083/1989
f 2119/2083/1989 2123/2087/1993 2126/2090/1996
f 2119/2083/1989 2126/2090/1996 2125/2089/1995
f 2125/2089/1995 2127/2091/1997 2112/2076/1982
f 2112/2076/1982 2127/2091/1997 2110/2074/1980
f 2126/2090/1996 2128/2092/1998 2125/2089/1995
f 2125/2089/1995 2128/2092/1998 2127/2091/1997
f 2128/2092/1998 2126/2090/1996 2129/2093/1999
f 2129/2093/1999 2126/2090/1996 2123/2087/1993
f 2128/2092/1998 2130/2094/2000 2127/2091/1997
f 2129/2093/1999 2130/2094/2000 2128/2092/1998
f 2127/2091/1997 2131/2095/2001 2110/2074/1980
f 2127/2091/1997 2130/2094/2000 2131/2095/2001
f 2110/2074/1980 2131/2095/2001 2105/2069/1976
f 2129/2093/1999 2123/2087/1993 2132/2096/2002
f 2131/2095/2001 2133/2097/2003 2105/2069/1976
f 2105/2069/1976 2133/2097/2003 2103/2067/1974
f 2132/2096/2002 2123/2087/1993 2134/2098/2004
f 2123/2087/1993 2124/2088/1994 2134/2098/2004
f 2133/2097/2003 2135/2099/2005 2103/2067/1974
f 2135/2099/2005 2102/2066/1973 2103/2067/1974
f 2134/2098/2004 2124/2088/1994 2136/2100/2006
f 2122/2086/1992 2136/2100/2006 2124/2088/1994
f 2102/2066/1973 2135/2099/2005 2137/2101/2007
f 2138/2102/2008 2136/2100/2006 2122/2086/1992
f 2139/2103/2009 2102/2066/1973 2137/2101/2007
f 2102/2066/1973 2139/2103/2009 2092/2056/1963
f 2139/2103/2009 2091/2055/1962 2092/2056/1963
f 2122/2086/1992 2140/2104/2010 2138/2102/2008
f 2122/2086/1992 2121/2085/1991 2140/2104/2010
f 2136/2100/2006 2138/2102/2008 2141/2105/2011
f 2136/2100/2006 2141/2105/2011 2134/2098/2004
f 2140/2104/2010 2121/2085/1991 2142/2106/2012
f 2134/2098/2004 2141/2105/2011 2143/2107/2013
f 2142/2106/2012 2121/2085/1991 2144/2108/2014
f 2144/2108/2014 2121/2085/1991 2117/2081/1987
f 2145/2109/2015 2140/2104/2010 2142/2106/2012
f 2144/2108/2014 2117/2081/1987 2146/2110/2016
f 2146/2110/2016 2117/2081/1987 2115/2079/1985
f 2147/2111/2017 2142/2106/2012 2144/2108/2014
f 2144/2108/2014 2146/2110/2016 2147/2111/2017
f 2145/2109/2015 2142/2106/2012 2147/2111/2017
f 2115/2079/1985 2148/2112/2018 2146/2110/2016
f 2115/2079/1985 2109/2073/1979 2148/2112/2018
f 2147/2111/2017 2146/2110/2016 2149/2113/2019
f 2148/2112/2018 2109/2073/1979 2150/2114/2020
f 2077/2041/1948 2150/2114/2020 2109/2073/1979
f 2146/2110/2016 2148/2112/2018 2151/2115/2021
f 2146/2110/2016 2151/2115/2021 2149/2113/2019
f 2077/2041/1948 2152/2116/2022 2150/2114/2020
f 2077/2041/1948 1984/1948/1856 2152/2116/2022
f 1984/1948/1856 1983/1947/1855 2152/2116/2022
f 2152/2116/2022 1983/1947/1855 2150/2114/2020
f 2150/2114/2020 1983/1947/1855 2153/2117/2023
f 1983/1947/1855 1982/1946/1854 2153/2117/2023
f 2150/2114/2020 2153/2117/2023 2154/2118/2024
f 2148/2112/2018 2150/2114/2020 2154/2118/2024
f 2153/2117/2023 1982/1946/1854 2154/2118/2024
f 2154/2118/2024 2151/2115/2021 2148/2112/2018
f 2154/2118/2024 1982/1946/1854 2155/2119/2025
f 2154/2118/2024 2156/2120/2026 2151/2115/2021
f 2154/2118/2024 2155/2119/2025 2156/2120/2026
f 2155/2119/2025 1982/1946/1854 2157/2121/2027
f 2155/2119/2025 2157/2121/2027 2156/2120/2026
f 2157/2121/2027 1982/1946/1854 1980/1944/1852
f 2157/2121/2027 1980/1944/1852 1932/1896/1805
f 2157/2121/2027 1932/1896/1805 2158/2122/2028
f 2156/2120/2026 2157/2121/2027 2158/2122/2028
f 2158/2122/2028 1932/1896/1805 1929/1893/1802
f 2151/2115/2021 2156/2120/2026 2159/2123/2029
f 2149/2113/2019 2151/2115/2021 2159/2123/2029
f 2156/2120/2026 2158/2122/2028 2160/2124/2030
f 2156/2120/2026 2160/2124/2030 2159/2123/2029
f 2158/2122/2028 1929/1893/1802 2161/2125/2031
f 2158/2122/2028 2161/2125/2031 2160/2124/2030
f 1929/1893/1802 1925/1889/1798 2161/2125/2031
f 2162/2126/2032 2159/2123/2029 2160/2124/2030
f 2149/2113/2019 2159/2123/2029 2162/2126/2032
f 2163/2127/2033 2160/2124/2030 2161/2125/2031
f 2164/2128/2034 2149/2113/2019 2162/2126/2032
f 2147/2111/2017 2149/2113/2019 2164/2128/2034
f 2164/2128/2034 2145/2109/2015 2147/2111/2017
f 2162/2126/2032 2160/2124/2030 2165/2129/2035
f 2165/2129/2035 2160/2124/2030 2163/2127/2033
f 2164/2128/2034 2162/2126/2032 2166/2130/2036
f 2166/2130/2036 2162/2126/2032 2165/2129/2035
f 2166/2130/2036 2145/2109/2015 2164/2128/2034
f 2167/2131/2037 2166/2130/2036 2165/2129/2035
f 2165/2129/2035 2163/2127/2033 2167/2131/2037
f 2166/2130/2036 2168/2132/2038 2145/2109/2015
f 2167/2131/2037 2168/2132/2038 2166/2130/2036
f 2168/2132/2038 2140/2104/2010 2145/2109/2015
f 2140/2104/2010 2168/2132/2038 2138/2102/2008
f 2168/2132/2038 2169/2133/2039 2138/2102/2008
f 2141/2105/2011 2138/2102/2008 2169/2133/2039
f 2170/2134/2040 2169/2133/2039 2168/2132/2038
f 2168/2132/2038 2167/2131/2037 2170/2134/2040
f 2169/2133/2039 2171/2135/2041 2141/2105/2011
f 2169/2133/2039 2170/2134/2040 2171/2135/2041
f 2170/2134/2040 2167/2131/2037 2172/2136/2042
f 2171/2135/2041 2170/2134/2040 2172/2136/2042
f 2167/2131/2037 2163/2127/2033 2173/2137/2043
f 2172/2136/2042 2167/2131/2037 2174/2138/2044
f 2167/2131/2037 2173/2137/2043 2174/2138/2044
f 2173/2137/2043 2163/2127/2033 2175/2139/2045
f 2175/2139/2045 2163/2127/2033 2161/2125/2031
f 2175/2139/2045 2161/2125/2031 1925/1889/1798
f 2175/2139/2045 2176/2140/2046 2173/2137/2043
f 2174/2138/2044 2173/2137/2043 2176/2140/2046
f 1925/1889/1798 2177/2141/2047 2175/2139/2045
f 2177/2141/2047 2176/2140/2046 2175/2139/2045
f 2177/2141/2047 1925/1889/1798 1919/1883/1792
f 2176/2140/2046 2178/2142/2048 2174/2138/2044
f 2179/2143/2049 2176/2140/2046 2177/2141/2047
f 2178/2142/2048 2176/2140/2046 2179/2143/2049
f 2177/2141/2047 1919/1883/1792 2180/2144/2050
f 2177/2141/2047 2180/2144/2050 2179/2143/2049
f 1919/1883/1792 2181/2145/2051 2180/2144/2050
f 1918/1882/1791 2181/2145/2051 1919/1883/1792
f 2179/2143/2049 2180/2144/2050 2182/2146/2052
f 2182/2146/2052 2178/2142/2048 2179/2143/2049
f 2183/2147/2053 2180/2144/2050 2181/2145/2051
f 2182/2146/2052 2180/2144/2050 2183/2147/2053
f 2174/2138/2044 2178/2142/2048 2184/2148/2054
f 2172/2136/2042 2174/2138/2044 2184/2148/2054
f 2185/2149/2055 2178/2142/2048 2182/2146/2052
f 2178/2142/2048 2185/2149/2055 2184/2148/2054
f 2186/2150/2056 2182/2146/2052 2183/2147/2053
f 2185/2149/2055 2182/2146/2052 2186/2150/2056
f 2187/2151/2057 2172/2136/2042 2184/2148/2054
f 2171/2135/2041 2172/2136/2042 2187/2151/2057
f 2184/2148/2054 2185/2149/2055 2188/2152/2058
f 2188/2152/2058 2187/2151/2057 2184/2148/2054
f 2189/2153/2059 2185/2149/2055 2186/2150/2056
f 2188/2152/2058 2185/2149/2055 2189/2153/2059
f 2183/2147/2053 2190/2154/2060 2186/2150/2056
f 2181/2145/2051 2190/2154/2060 2183/2147/2053
f 2186/2150/2056 2191/2155/2061 2189/2153/2059
f 2190/2154/2060 2191/2155/2061 2186/2150/2056
f 2181/2145/2051 2192/2156/2062 2190/2154/2060
f 2181/2145/2051 1918/1882/1791 2192/2156/2062
f 2190/2154/2060 2193/2157/2063 2191/2155/2061
f 2190/2154/2060 2192/2156/2062 2193/2157/2063
f 1918/1882/1791 2194/2158/2064 2192/2156/2062
f 2194/2158/2064 1918/1882/1791 1914/1878/1787
f 2192/2156/2062 2195/2159/2065 2193/2157/2063
f 2194/2158/2064 2195/2159/2065 2192/2156/2062
f 2191/2155/2061 2193/2157/2063 2196/2160/2066
f 2195/2159/2065 2196/2160/2066 2193/2157/2063
f 2194/2158/2064 1914/1878/1787 2197/2161/2067
f 1909/1873/1782 2197/2161/2067 1914/1878/1787
f 2194/2158/2064 2198/2162/2068 2195/2159/2065
f 2198/2162/2068 2194/2158/2064 2197/2161/2067
f 2199/2163/2069 2197/2161/2067 1909/1873/1782
f 1909/1873/1782 1910/1874/1783 2199/2163/2069
f 2198/2162/2068 2197/2161/2067 2200/2164/2070
f 2199/2163/2069 2200/2164/2070 2197/2161/2067
f 2198/2162/2068 2201/2165/2071 2195/2159/2065
f 2201/2165/2071 2196/2160/2066 2195/2159/2065
f 2202/2166/2072 2198/2162/2068 2200/2164/2070
f 2203/2167/2073 2201/2165/2071 2198/2162/2068
f 2202/2166/2072 2203/2167/2073 2198/2162/2068
f 2201/2165/2071 2204/2168/2074 2196/2160/2066
f 2203/2167/2073 2204/2168/2074 2201/2165/2071
f 2205/2169/2075 2203/2167/2073 2202/2166/2072
f 2206/2170/2076 2204/2168/2074 2203/2167/2073
f 2205/2169/2075 2206/2170/2076 2203/2167/2073
f 2202/2166/2072 2200/2164/2070 2207/2171/2077
f 2207/2171/2077 2205/2169/2075 2202/2166/2072
f 2206/2170/2076 2208/2172/2078 2204/2168/2074
f 2209/2173/2079 2206/2170/2076 2205/2169/2075
f 2209/2173/2079 2208/2172/2078 2206/2170/2076
f 2210/2174/2080 2205/2169/2075 2207/2171/2077
f 2210/2174/2080 2209/2173/2079 2205/2169/2075
f 2208/2172/2078 2211/2175/2081 2204/2168/2074
f 2204/2168/2074 2211/2175/2081 2196/2160/2066
f 2209/2173/2079 2212/2176/2082 2208/2172/2078
f 2213/2177/2083 2196/2160/2066 2211/2175/2081
f 2214/2178/2084 2212/2176/2082 2209/2173/2079
f 2214/2178/2084 2209/2173/2079 2210/2174/2080
f 2212/2176/2082 2215/2179/2085 2208/2172/2078
f 2208/2172/2078 2215/2179/2085 2211/2175/2081
f 2214/2178/2084 2216/2180/2086 2212/2176/2082
f 2216/2180/2086 2215/2179/2085 2212/2176/2082
f 2210/2174/2080 2217/2181/2087 2214/2178/2084
f 2217/2181/2087 2216/2180/2086 2214/2178/2084
f 2218/2182/2088 2211/2175/2081 2215/2179/2085
f 2219/2183/2089 2215/2179/2085 2216/2180/2086
f 2218/2182/2088 2215/2179/2085 2219/2183/2089
f 2217/2181/2087 2220/2184/2090 2216/2180/2086
f 2220/2184/2090 2219/2183/2089 2216/2180/2086
f 2218/2182/2088 2221/2185/2091 2211/2175/2081
f 2211/2175/2081 2221/2185/2091 2213/2177/2083
f 2219/2183/2089 2222/2186/2092 2218/2182/2088
f 2221/2185/2091 2218/2182/2088 2223/2187/2093
f 2223/2187/2093 2218/2182/2088 2222/2186/2092
f 2224/2188/2094 2213/2177/2083 2221/2185/2091
f 2221/2185/2091 2223/2187/2093 2224/2188/2094
f 2225/2189/2095 2196/2160/2066 2213/2177/2083
f 2225/2189/2095 2213/2177/2083 2224/2188/2094
f 2191/2155/2061 2196/2160/2066 2225/2189/2095
f 2189/2153/2059 2191/2155/2061 2225/2189/2095
f 2225/2189/2095 2226/2190/2096 2189/2153/2059
f 2224/2188/2094 2226/2190/2096 2225/2189/2095
f 2226/2190/2096 2188/2152/2058 2189/2153/2059
f 2227/2191/2097 2188/2152/2058 2226/2190/2096
f 2227/2191/2097 2187/2151/2057 2188/2152/2058
f 2226/2190/2096 2224/2188/2094 2228/2192/2098
f 2226/2190/2096 2228/2192/2098 2227/2191/2097
f 2187/2151/2057 2227/2191/2097 2229/2193/2099
f 2229/2193/2099 2171/2135/2041 2187/2151/2057
f 2227/2191/2097 2228/2192/2098 2230/2194/2100
f 2229/2193/2099 2227/2191/2097 2230/2194/2100
f 2224/2188/2094 2231/2195/2101 2228/2192/2098
f 2224/2188/2094 2223/2187/2093 2231/2195/2101
f 2228/2192/2098 2232/2196/2102 2230/2194/2100
f 2228/2192/2098 2231/2195/2101 2232/2196/2102
f 2229/2193/2099 2230/2194/2100 2233/2197/2103
f 2230/2194/2100 2232/2196/2102 2234/2198/2104
f 2233/2197/2103 2230/2194/2100 2234/2198/2104
f 2171/2135/2041 2229/2193/2099 2235/2199/2105
f 2235/2199/2105 2229/2193/2099 2233/2197/2103
f 2141/2105/2011 2171/2135/2041 2235/2199/2105
f 2141/2105/2011 2235/2199/2105 2143/2107/2013
f 2236/2200/2106 2235/2199/2105 2233/2197/2103
f 2233/2197/2103 2234/2198/2104 2236/2200/2106
f 2143/2107/2013 2235/2199/2105 2237/2201/2107
f 2237/2201/2107 2235/2199/2105 2236/2200/2106
f 2232/2196/2102 2238/2202/2108 2234/2198/2104
f 2232/2196/2102 2231/2195/2101 2238/2202/2108
f 2236/2200/2106 2234/2198/2104 2239/2203/2109
f 2234/2198/2104 2238/2202/2108 2239/2203/2109
f 2240/2204/2110 2237/2201/2107 2236/2200/2106
f 2236/2200/2106 2239/2203/2109 2240/2204/2110
f 2143/2107/2013 2237/2201/2107 2241/2205/2111
f 2241/2205/2111 2134/2098/2004 2143/2107/2013
f 2132/2096/2002 2134/2098/2004 2241/2205/2111
f 2242/2206/2112 2237/2201/2107 2240/2204/2110
f 2241/2205/2111 2237/2201/2107 2242/2206/2112
f 2240/2204/2110 2239/2203/2109 2243/2207/2113
f 2244/2208/2114 2242/2206/2112 2240/2204/2110
f 2240/2204/2110 2243/2207/2113 2244/2208/2114
f 2238/2202/2108 2245/2209/2115 2239/2203/2109
f 2239/2203/2109 2245/2209/2115 2243/2207/2113
f 2238/2202/2108 2246/2210/2116 2245/2209/2115
f 2238/2202/2108 2231/2195/2101 2246/2210/2116
f 2245/2209/2115 2247/2211/2117 2243/2207/2113
f 2231/2195/2101 2248/2212/2118 2246/2210/2116
f 2223/2187/2093 2248/2212/2118 2231/2195/2101
f 2245/2209/2115 2246/2210/2116 2249/2213/2119
f 2245/2209/2115 2249/2213/2119 2247/2211/2117
f 2248/2212/2118 2250/2214/2120 2246/2210/2116
f 2246/2210/2116 2250/2214/2120 2249/2213/2119
f 2223/2187/2093 2251/2215/2121 2248/2212/2118
f 2248/2212/2118 2251/2215/2121 2250/2214/2120
f 2222/2186/2092 2251/2215/2121 2223/2187/2093
f 2243/2207/2113 2247/2211/2117 2252/2216/2122
f 2244/2208/2114 2243/2207/2113 2252/2216/2122
f 2252/2216/2122 2247/2211/2117 2253/2217/2123
f 2253/2217/2123 2244/2208/2114 2252/2216/2122
f 2254/2218/2124 2247/2211/2117 2249/2213/2119
f 2253/2217/2123 2247/2211/2117 2254/2218/2124
f 2255/2219/2125 2244/2208/2114 2253/2217/2123
f 2242/2206/2112 2244/2208/2114 2255/2219/2125
f 2253/2217/2123 2254/2218/2124 2256/2220/2126
f 2256/2220/2126 2255/2219/2125 2253/2217/2123
f 2254/2218/2124 2249/2213/2119 2257/2221/2127
f 2249/2213/2119 2250/2214/2120 2257/2221/2127
f 2256/2220/2126 2254/2218/2124 2258/2222/2128
f 2254/2218/2124 2257/2221/2127 2258/2222/2128
f 2259/2223/2129 2255/2219/2125 2256/2220/2126
f 2260/2224/2130 2242/2206/2112 2255/2219/2125
f 2259/2223/2129 2260/2224/2130 2255/2219/2125
f 2260/2224/2130 2241/2205/2111 2242/2206/2112
f 2261/2225/2131 2259/2223/2129 2256/2220/2126
f 2256/2220/2126 2258/2222/2128 2261/2225/2131
f 2262/2226/2132 2241/2205/2111 2260/2224/2130
f 2261/2225/2131 2258/2222/2128 2263/2227/2133
f 2264/2228/2134 2241/2205/2111 2262/2226/2132
f 2132/2096/2002 2241/2205/2111 2264/2228/2134
f 2262/2226/2132 2260/2224/2130 2265/2229/2135
f 2262/2226/2132 2265/2229/2135 2264/2228/2134
f 2260/2224/2130 2259/2223/2129 2266/2230/2136
f 2265/2229/2135 2260/2224/2130 2266/2230/2136
f 2267/2231/2137 2259/2223/2129 2261/2225/2131
f 2266/2230/2136 2259/2223/2129 2267/2231/2137
f 2268/2232/2138 2267/2231/2137 2261/2225/2131
f 2261/2225/2131 2263/2227/2133 2268/2232/2138
f 2266/2230/2136 2267/2231/2137 2269/2233/2139
f 2270/2234/2140 2267/2231/2137 2268/2232/2138
f 2269/2233/2139 2267/2231/2137 2270/2234/2140
f 2268/2232/2138 2263/2227/2133 2271/2235/2141
f 2272/2236/2142 2270/2234/2140 2268/2232/2138
f 2268/2232/2138 2271/2235/2141 2272/2236/2142
f 2269/2233/2139 2270/2234/2140 2273/2237/2143
f 2270/2234/2140 2272/2236/2142 2274/2238/2144
f 2273/2237/2143 2270/2234/2140 2274/2238/2144
f 2275/2239/2145 2266/2230/2136 2269/2233/2139
f 2265/2229/2135 2266/2230/2136 2275/2239/2145
f 2276/2240/2146 2269/2233/2139 2273/2237/2143
f 2275/2239/2145 2269/2233/2139 2276/2240/2146
f 2274/2238/2144 2277/2241/2147 2273/2237/2143
f 2274/2238/2144 2272/2236/2142 2278/2242/1788
f 2274/2238/2144 2278/2242/1788 2277/2241/2147
f 2272/2236/2142 2279/2243/2148 2278/2242/1788
f 2271/2235/2141 2279/2243/2148 2272/2236/2142
f 2273/2237/2143 2277/2241/2147 2280/2244/2149
f 2273/2237/2143 2280/2244/2149 2276/2240/2146
f 2271/2235/2141 2281/2245/2150 2279/2243/2148
f 2279/2243/2148 2282/2246/2151 2278/2242/1788
f 2281/2245/2150 2282/2246/2151 2279/2243/2148
f 2277/2241/2147 2278/2242/1788 2283/2247/2152
f 2278/2242/1788 2282/2246/2151 2283/2247/2152
f 2284/2248/2153 2281/2245/2150 2271/2235/2141
f 2263/2227/2133 2284/2248/2153 2271/2235/2141
f 2285/2249/2154 2282/2246/2151 2281/2245/2150
f 2286/2250/2155 2284/2248/2153 2263/2227/2133
f 2258/2222/2128 2286/2250/2155 2263/2227/2133
f 2257/2221/2127 2286/2250/2155 2258/2222/2128
f 2284/2248/2153 2287/2251/2156 2281/2245/2150
f 2287/2251/2156 2285/2249/2154 2281/2245/2150
f 2286/2250/2155 2288/2252/2157 2284/2248/2153
f 2288/2252/2157 2287/2251/2156 2284/2248/2153
f 2257/2221/2127 2289/2253/2158 2286/2250/2155
f 2289/2253/2158 2288/2252/2157 2286/2250/2155
f 2290/2254/2159 2289/2253/2158 2257/2221/2127
f 2257/2221/2127 2250/2214/2120 2290/2254/2159
f 2250/2214/2120 2291/2255/2160 2290/2254/2159
f 2291/2255/2160 2289/2253/2158 2290/2254/2159
f 2292/2256/2161 2291/2255/2160 2250/2214/2120
f 2250/2214/2120 2251/2215/2121 2292/2256/2161
f 2293/2257/2162 2292/2256/2161 2251/2215/2121
f 2293/2257/2162 2251/2215/2121 2294/2258/2163
f 2294/2258/2163 2251/2215/2121 2222/2186/2092
f 2294/2258/2163 2222/2186/2092 2219/2183/2089
f 2219/2183/2089 2295/2259/2164 2294/2258/2163
f 2295/2259/2164 2293/2257/2162 2294/2258/2163
f 2295/2259/2164 2219/2183/2089 2220/2184/2090
f 2296/2260/2165 2292/2256/2161 2293/2257/2162
f 2297/2261/2166 2295/2259/2164 2220/2184/2090
f 2298/2262/2167 2293/2257/2162 2295/2259/2164
f 2298/2262/2167 2295/2259/2164 2297/2261/2166
f 2299/2263/2168 2293/2257/2162 2298/2262/2167
f 2299/2263/2168 2296/2260/2165 2293/2257/2162
f 2300/2264/2169 2297/2261/2166 2220/2184/2090
f 2300/2264/2169 2220/2184/2090 2217/2181/2087
f 2301/2265/2170 2298/2262/2167 2297/2261/2166
f 2302/2266/2171 2300/2264/2169 2217/2181/2087
f 2302/2266/2171 2217/2181/2087 2210/2174/2080
f 2303/2267/2172 2297/2261/2166 2300/2264/2169
f 2303/2267/2172 2301/2265/2170 2297/2261/2166
f 2304/2268/2173 2300/2264/2169 2302/2266/2171
f 2304/2268/2173 2303/2267/2172 2300/2264/2169
f 2302/2266/2171 2210/2174/2080 2305/2269/2174
f 2305/2269/2174 2210/2174/2080 2207/2171/2077
f 2304/2268/2173 2302/2266/2171 2306/2270/2175
f 2306/2270/2175 2302/2266/2171 2305/2269/2174
f 2307/2271/2176 2303/2267/2172 2304/2268/2173
f 2306/2270/2175 2307/2271/2176 2304/2268/2173
f 2305/2269/2174 2207/2171/2077 2308/2272/2177
f 2207/2171/2077 2200/2164/2070 2308/2272/2177
f 2309/2273/2178 2306/2270/2175 2305/2269/2174
f 2308/2272/2177 2309/2273/2178 2305/2269/2174
f 2200/2164/2070 2310/2274/2179 2308/2272/2177
f 2310/2274/2179 2200/2164/2070 2199/2163/2069
f 2199/2163/2069 2311/2275/2180 2310/2274/2179
f 2310/2274/2179 2311/2275/2180 2308/2272/2177
f 1910/1874/1783 2311/2275/2180 2199/2163/2069
f 2308/2272/2177 2311/2275/2180 2312/2276/2181
f 2308/2272/2177 2312/2276/2181 2309/2273/2178
f 1910/1874/1783 2313/2277/2182 2311/2275/2180
f 1906/1870/1779 2313/2277/2182 1910/1874/1783
f 2311/2275/2180 2314/2278/2183 2312/2276/2181
f 2313/2277/2182 2314/2278/2183 2311/2275/2180
f 2312/2276/2181 2314/2278/2183 2309/2273/2178
f 1906/1870/1779 2315/2279/2184 2313/2277/2182
f 1901/1865/1774 2315/2279/2184 1906/1870/1779
f 2313/2277/2182 2316/2280/2185 2314/2278/2183
f 2315/2279/2184 2316/2280/2185 2313/2277/2182
f 2309/2273/2178 2314/2278/2183 2317/2281/2186
f 1901/1865/1774 2318/2282/2187 2315/2279/2184
f 1900/1864/1773 2318/2282/2187 1901/1865/1774
f 2315/2279/2184 2319/2283/2188 2316/2280/2185
f 2318/2282/2187 2319/2283/2188 2315/2279/2184
f 2316/2280/2185 2320/2284/2189 2314/2278/2183
f 2316/2280/2185 2319/2283/2188 2320/2284/2189
f 2314/2278/2183 2320/2284/2189 2317/2281/2186
f 2309/2273/2178 2317/2281/2186 2321/2285/2190
f 2317/2281/2186 2320/2284/2189 2321/2285/2190
f 2306/2270/2175 2309/2273/2178 2321/2285/2190
f 2320/2284/2189 2319/2283/2188 2322/2286/2191
f 2306/2270/2175 2321/2285/2190 2323/2287/2192
f 2323/2287/2192 2307/2271/2176 2306/2270/2175
f 2321/2285/2190 2320/2284/2189 2324/2288/332
f 2320/2284/2189 2322/2286/2191 2324/2288/332
f 2321/2285/2190 2325/2289/2193 2323/2287/2192
f 2323/2287/2192 2326/2290/2194 2307/2271/2176
f 2325/2289/2193 2326/2290/2194 2323/2287/2192
f 2321/2285/2190 2324/2288/332 2327/2291/2195
f 2327/2291/2195 2325/2289/2193 2321/2285/2190
f 2326/2290/2194 2328/2292/2196 2307/2271/2176
f 2307/2271/2176 2328/2292/2196 2303/2267/2172
f 2328/2292/2196 2301/2265/2170 2303/2267/2172
f 2325/2289/2193 2329/2293/2197 2326/2290/2194
f 2326/2290/2194 2330/2294/2198 2328/2292/2196
f 2329/2293/2197 2330/2294/2198 2326/2290/2194
f 2328/2292/2196 2331/2295/2199 2301/2265/2170
f 2330/2294/2198 2331/2295/2199 2328/2292/2196
f 2332/2296/2200 2329/2293/2197 2325/2289/2193
f 2327/2291/2195 2332/2296/2200 2325/2289/2193
f 2330/2294/2198 2333/2297/2201 2331/2295/2199
f 2334/2298/2202 2329/2293/2197 2332/2296/2200
f 2329/2293/2197 2335/2299/2203 2330/2294/2198
f 2335/2299/2203 2333/2297/2201 2330/2294/2198
f 2336/2300/2204 2329/2293/2197 2334/2298/2202
f 2336/2300/2204 2335/2299/2203 2329/2293/2197
f 2337/2301/2205 2336/2300/2204 2334/2298/2202
f 2337/2301/2205 2335/2299/2203 2336/2300/2204
f 2338/2302/2206 2334/2298/2202 2332/2296/2200
f 2338/2302/2206 2332/2296/2200 2327/2291/2195
f 2334/2298/2202 2339/2303/2207 2337/2301/2205
f 2338/2302/2206 2339/2303/2207 2334/2298/2202
f 2340/2304/2208 2335/2299/2203 2337/2301/2205
f 2340/2304/2208 2341/2305/2209 2335/2299/2203
f 2335/2299/2203 2341/2305/2209 2333/2297/2201
f 2342/2306/2210 2340/2304/2208 2337/2301/2205
f 2340/2304/2208 2342/2306/2210 2341/2305/2209
f 2343/2307/2211 2337/2301/2205 2339/2303/2207
f 2342/2306/2210 2337/2301/2205 2343/2307/2211
f 2341/2305/2209 2344/2308/2212 2333/2297/2201
f 2341/2305/2209 2342/2306/2210 2345/2309/2213
f 2341/2305/2209 2345/2309/2213 2344/2308/2212
f 2343/2307/2211 2346/2310/2214 2342/2306/2210
f 2347/2311/2215 2345/2309/2213 2342/2306/2210
f 2347/2311/2215 2342/2306/2210 2346/2310/2214
f 2348/2312/2216 2344/2308/2212 2345/2309/2213
f 2333/2297/2201 2344/2308/2212 2349/2313/2217
f 2333/2297/2201 2349/2313/2217 2331/2295/2199
f 2350/2314/2218 2344/2308/2212 2348/2312/2216
f 2344/2308/2212 2350/2314/2218 2349/2313/2217
f 2348/2312/2216 2351/2315/2219 2350/2314/2218
f 2350/2314/2218 2351/2315/2219 2349/2313/2217
f 2348/2312/2216 2345/2309/2213 2352/2316/2220
f 2347/2311/2215 2352/2316/2220 2345/2309/2213
f 2353/2317/2221 2351/2315/2219 2348/2312/2216
f 2353/2317/2221 2348/2312/2216 2352/2316/2220
f 2353/2317/2221 2354/2318/2222 2351/2315/2219
f 2349/2313/2217 2351/2315/2219 2354/2318/2222
f 2355/2319/2223 2354/2318/2222 2353/2317/2221
f 2352/2316/2220 2355/2319/2223 2353/2317/2221
f 2355/2319/2223 2356/2320/2224 2354/2318/2222
f 2349/2313/2217 2354/2318/2222 2357/2321/2225
f 2356/2320/2224 2357/2321/2225 2354/2318/2222
f 2331/2295/2199 2349/2313/2217 2358/2322/2226
f 2349/2313/2217 2357/2321/2225 2358/2322/2226
f 2331/2295/2199 2358/2322/2226 2301/2265/2170
f 2359/2323/2227 2356/2320/2224 2355/2319/2223
f 2352/2316/2220 2359/2323/2227 2355/2319/2223
f 2301/2265/2170 2358/2322/2226 2360/2324/2228
f 2360/2324/2228 2298/2262/2167 2301/2265/2170
f 2360/2324/2228 2299/2263/2168 2298/2262/2167
f 2358/2322/2226 2361/2325/2229 2360/2324/2228
f 2360/2324/2228 2361/2325/2229 2299/2263/2168
f 2358/2322/2226 2357/2321/2225 2361/2325/2229
f 2361/2325/2229 2296/2260/2165 2299/2263/2168
f 2361/2325/2229 2357/2321/2225 2296/2260/2165
f 2359/2323/2227 2362/2326/2230 2356/2320/2224
f 2362/2326/2230 2357/2321/2225 2356/2320/2224
f 2363/2327/2231 2362/2326/2230 2359/2323/2227
f 2357/2321/2225 2362/2326/2230 2364/2328/2232
f 2363/2327/2231 2364/2328/2232 2362/2326/2230
f 2296/2260/2165 2357/2321/2225 2365/2329/2233
f 2357/2321/2225 2364/2328/2232 2365/2329/2233
f 2296/2260/2165 2365/2329/2233 2292/2256/2161
f 2292/2256/2161 2365/2329/2233 2291/2255/2160
f 2366/2330/2234 2364/2328/2232 2363/2327/2231
f 2359/2323/2227 2367/2331/2235 2363/2327/2231
f 2363/2327/2231 2367/2331/2235 2366/2330/2234
f 2359/2323/2227 2352/2316/2220 2367/2331/2235
f 2366/2330/2234 2368/2332/2236 2364/2328/2232
f 2364/2328/2232 2368/2332/2236 2365/2329/2233
f 2369/2333/2237 2368/2332/2236 2366/2330/2234
f 2369/2333/2237 2366/2330/2234 2367/2331/2235
f 2368/2332/2236 2370/2334/2238 2365/2329/2233
f 2369/2333/2237 2370/2334/2238 2368/2332/2236
f 2370/2334/2238 2371/2335/2239 2365/2329/2233
f 2372/2336/2240 2370/2334/2238 2369/2333/2237
f 2372/2336/2240 2371/2335/2239 2370/2334/2238
f 2365/2329/2233 2371/2335/2239 2373/2337/2241
f 2365/2329/2233 2373/2337/2241 2291/2255/2160
f 2374/2338/2242 2371/2335/2239 2372/2336/2240
f 2374/2338/2242 2373/2337/2241 2371/2335/2239
f 2375/2339/2243 2372/2336/2240 2369/2333/2237
f 2375/2339/2243 2374/2338/2242 2372/2336/2240
f 2369/2333/2237 2367/2331/2235 2375/2339/2243
f 2376/2340/2244 2373/2337/2241 2374/2338/2242
f 2374/2338/2242 2375/2339/2243 2376/2340/2244
f 2376/2340/2244 2377/2341/2245 2373/2337/2241
f 2373/2337/2241 2377/2341/2245 2291/2255/2160
f 2378/2342/2246 2377/2341/2245 2376/2340/2244
f 2376/2340/2244 2375/2339/2243 2378/2342/2246
f 2377/2341/2245 2379/2343/2247 2291/2255/2160
f 2378/2342/2246 2379/2343/2247 2377/2341/2245
f 2379/2343/2247 2380/2344/2248 2291/2255/2160
f 2291/2255/2160 2380/2344/2248 2289/2253/2158
f 2381/2345/2249 2379/2343/2247 2378/2342/2246
f 2380/2344/2248 2379/2343/2247 2382/2346/2250
f 2382/2346/2250 2379/2343/2247 2381/2345/2249
f 2383/2347/2251 2381/2345/2249 2378/2342/2246
f 2381/2345/2249 2383/2347/2251 2382/2346/2250
f 2384/2348/2252 2380/2344/2248 2382/2346/2250
f 2382/2346/2250 2383/2347/2251 2384/2348/2252
f 2385/2349/2253 2380/2344/2248 2384/2348/2252
f 2380/2344/2248 2385/2349/2253 2289/2253/2158
f 2386/2350/2254 2385/2349/2253 2384/2348/2252
f 2383/2347/2251 2386/2350/2254 2384/2348/2252
f 2385/2349/2253 2387/2351/2255 2289/2253/2158
f 2387/2351/2255 2385/2349/2253 2386/2350/2254
f 2388/2352/2256 2289/2253/2158 2387/2351/2255
f 2386/2350/2254 2388/2352/2256 2387/2351/2255
f 2388/2352/2256 2389/2353/2257 2289/2253/2158
f 2289/2253/2158 2389/2353/2257 2288/2252/2157
f 2390/2354/2258 2388/2352/2256 2386/2350/2254
f 2390/2354/2258 2389/2353/2257 2388/2352/2256
f 2390/2354/2258 2386/2350/2254 2391/2355/2259
f 2386/2350/2254 2383/2347/2251 2391/2355/2259
f 2392/2356/2260 2389/2353/2257 2390/2354/2258
f 2390/2354/2258 2391/2355/2259 2392/2356/2260
f 2389/2353/2257 2393/2357/2261 2288/2252/2157
f 2392/2356/2260 2393/2357/2261 2389/2353/2257
f 2393/2357/2261 2394/2358/2262 2288/2252/2157
f 2288/2252/2157 2394/2358/2262 2287/2251/2156
f 2395/2359/2263 2393/2357/2261 2392/2356/2260
f 2395/2359/2263 2394/2358/2262 2393/2357/2261
f 2395/2359/2263 2392/2356/2260 2391/2355/2259
f 2394/2358/2262 2396/2360/2264 2287/2251/2156
f 2397/2361/2265 2394/2358/2262 2395/2359/2263
f 2397/2361/2265 2396/2360/2264 2394/2358/2262
f 2395/2359/2263 2391/2355/2259 2398/2362/2266
f 2398/2362/2266 2397/2361/2265 2395/2359/2263
f 2396/2360/2264 2399/2363/2267 2287/2251/2156
f 2400/2364/2268 2396/2360/2264 2397/2361/2265
f 2400/2364/2268 2399/2363/2267 2396/2360/2264
f 2397/2361/2265 2398/2362/2266 2400/2364/2268
f 2399/2363/2267 2285/2249/2154 2287/2251/2156
f 2401/2365/2260 2399/2363/2267 2400/2364/2268
f 2399/2363/2267 2402/2366/2269 2285/2249/2154
f 2401/2365/2260 2402/2366/2269 2399/2363/2267
f 2403/2367/2270 2401/2365/2260 2400/2364/2268
f 2400/2364/2268 2398/2362/2266 2403/2367/2270
f 2404/2368/2271 2402/2366/2269 2401/2365/2260
f 2403/2367/2270 2404/2368/2271 2401/2365/2260
f 2402/2366/2269 2405/2369/2272 2285/2249/2154
f 2404/2368/2271 2405/2369/2272 2402/2366/2269
f 2405/2369/2272 2406/2370/2273 2285/2249/2154
f 2285/2249/2154 2406/2370/2273 2282/2246/2151
f 2407/2371/2274 2405/2369/2272 2404/2368/2271
f 2403/2367/2270 2407/2371/2274 2404/2368/2271
f 2405/2369/2272 2408/2372/2275 2406/2370/2273
f 2407/2371/2274 2408/2372/2275 2405/2369/2272
f 2406/2370/2273 2409/2373/2276 2282/2246/2151
f 2282/2246/2151 2409/2373/2276 2283/2247/2152
f 2408/2372/2275 2410/2374/2277 2406/2370/2273
f 2406/2370/2273 2410/2374/2277 2409/2373/2276
f 2411/2375/2278 2408/2372/2275 2407/2371/2274
f 2407/2371/2274 2403/2367/2270 2411/2375/2278
f 2411/2375/2278 2412/2376/2279 2408/2372/2275
f 2412/2376/2279 2410/2374/2277 2408/2372/2275
f 2413/2377/2280 2412/2376/2279 2411/2375/2278
f 2413/2377/2280 2411/2375/2278 2403/2367/2270
f 2412/2376/2279 2414/2378/2281 2410/2374/2277
f 2413/2377/2280 2414/2378/2281 2412/2376/2279
f 2409/2373/2276 2410/2374/2277 2415/2379/2282
f 2283/2247/2152 2409/2373/2276 2415/2379/2282
f 2414/2378/2281 2416/2380/2283 2410/2374/2277
f 2415/2379/2282 2410/2374/2277 2416/2380/2283
f 2415/2379/2282 2417/2381/2284 2283/2247/2152
f 2283/2247/2152 2417/2381/2284 2277/2241/2147
f 2415/2379/2282 2418/2382/2285 2417/2381/2284
f 2416/2380/2283 2418/2382/2285 2415/2379/2282
f 2277/2241/2147 2417/2381/2284 2419/2383/2286
f 2417/2381/2284 2418/2382/2285 2419/2383/2286
f 2277/2241/2147 2419/2383/2286 2280/2244/2149
f 2420/2384/2287 2416/2380/2283 2414/2378/2281
f 2280/2244/2149 2419/2383/2286 2421/2385/2288
f 2420/2384/2287 2422/2386/2289 2416/2380/2283
f 2416/2380/2283 2422/2386/2289 2418/2382/2285
f 2423/2387/2290 2420/2384/2287 2414/2378/2281
f 2422/2386/2289 2420/2384/2287 2423/2387/2290
f 2423/2387/2290 2414/2378/2281 2413/2377/2280
f 2418/2382/2285 2424/2388/2291 2419/2383/2286
f 2419/2383/2286 2424/2388/2291 2421/2385/2288
f 2418/2382/2285 2422/2386/2289 2425/2389/2292
f 2425/2389/2292 2424/2388/2291 2418/2382/2285
f 2425/2389/2292 2422/2386/2289 2426/2390/2293
f 2426/2390/2293 2422/2386/2289 2423/2387/2290
f 2424/2388/2291 2425/2389/2292 2427/2391/2294
f 2427/2391/2294 2425/2389/2292 2426/2390/2293
f 2428/2392/2295 2424/2388/2291 2427/2391/2294
f 2421/2385/2288 2424/2388/2291 2428/2392/2295
f 2429/2393/2296 2427/2391/2294 2426/2390/2293
f 2427/2391/2294 2429/2393/2296 2428/2392/2295
f 2430/2394/2297 2421/2385/2288 2428/2392/2295
f 2430/2394/2297 2428/2392/2295 2429/2393/2296
f 2431/2395/2298 2421/2385/2288 2430/2394/2297
f 2280/2244/2149 2421/2385/2288 2431/2395/2298
f 2432/2396/2299 2431/2395/2298 2430/2394/2297
f 2432/2396/2299 2430/2394/2297 2429/2393/2296
f 2280/2244/2149 2431/2395/2298 2433/2397/2300
f 2433/2397/2300 2431/2395/2298 2432/2396/2299
f 2276/2240/2146 2280/2244/2149 2433/2397/2300
f 2434/2398/2301 2433/2397/2300 2432/2396/2299
f 2434/2398/2301 2432/2396/2299 2429/2393/2296
f 2276/2240/2146 2433/2397/2300 2435/2399/2302
f 2435/2399/2302 2433/2397/2300 2434/2398/2301
f 2276/2240/2146 2435/2399/2302 2436/2400/2303
f 2276/2240/2146 2436/2400/2303 2275/2239/2145
f 2437/2401/2304 2435/2399/2302 2434/2398/2301
f 2436/2400/2303 2435/2399/2302 2437/2401/2304
f 2434/2398/2301 2438/2402/2305 2437/2401/2304
f 2429/2393/2296 2438/2402/2305 2434/2398/2301
f 2439/2403/2306 2436/2400/2303 2437/2401/2304
f 2439/2403/2306 2437/2401/2304 2438/2402/2305
f 2275/2239/2145 2436/2400/2303 2440/2404/2307
f 2440/2404/2307 2436/2400/2303 2439/2403/2306
f 2275/2239/2145 2440/2404/2307 2441/2405/2308
f 2275/2239/2145 2441/2405/2308 2265/2229/2135
f 2442/2406/2299 2440/2404/2307 2439/2403/2306
f 2441/2405/2308 2440/2404/2307 2442/2406/2299
f 2443/2407/2309 2442/2406/2299 2439/2403/2306
f 2438/2402/2305 2443/2407/2309 2439/2403/2306
f 2444/2408/2310 2441/2405/2308 2442/2406/2299
f 2442/2406/2299 2443/2407/2309 2444/2408/2310
f 2445/2409/2311 2441/2405/2308 2444/2408/2310
f 2265/2229/2135 2441/2405/2308 2445/2409/2311
f 2443/2407/2309 2446/2410/2312 2444/2408/2310
f 2446/2410/2312 2445/2409/2311 2444/2408/2310
f 2447/2411/2313 2265/2229/2135 2445/2409/2311
f 2447/2411/2313 2445/2409/2311 2446/2410/2312
f 2265/2229/2135 2447/2411/2313 2448/2412/2314
f 2447/2411/2313 2446/2410/2312 2448/2412/2314
f 2265/2229/2135 2448/2412/2314 2449/2413/2315
f 2448/2412/2314 2446/2410/2312 2450/2414/2316
f 2448/2412/2314 2450/2414/2316 2449/2413/2315
f 2265/2229/2135 2449/2413/2315 2264/2228/2134
f 2450/2414/2316 2446/2410/2312 2451/2415/2317
f 2443/2407/2309 2451/2415/2317 2446/2410/2312
f 2449/2413/2315 2450/2414/2316 2452/2416/2318
f 2450/2414/2316 2451/2415/2317 2452/2416/2318
f 2449/2413/2315 2452/2416/2318 2453/2417/2319
f 2264/2228/2134 2449/2413/2315 2453/2417/2319
f 2452/2416/2318 2451/2415/2317 2454/2418/2320
f 2453/2417/2319 2452/2416/2318 2454/2418/2320
f 2455/2419/2321 2451/2415/2317 2443/2407/2309
f 2438/2402/2305 2455/2419/2321 2443/2407/2309
f 2456/2420/2322 2454/2418/2320 2451/2415/2317
f 2456/2420/2322 2453/2417/2319 2454/2418/2320
f 2457/2421/2323 2451/2415/2317 2455/2419/2321
f 2451/2415/2317 2457/2421/2323 2456/2420/2322
f 2458/2422/2324 2453/2417/2319 2456/2420/2322
f 2264/2228/2134 2453/2417/2319 2458/2422/2324
f 2459/2423/2325 2458/2422/2324 2456/2420/2322
f 2264/2228/2134 2458/2422/2324 2460/2424/2326
f 2460/2424/2326 2458/2422/2324 2459/2423/2325
f 2456/2420/2322 2457/2421/2323 2461/2425/2327
f 2456/2420/2322 2461/2425/2327 2459/2423/2325
f 2462/2426/2328 2460/2424/2326 2459/2423/2325
f 2459/2423/2325 2461/2425/2327 2462/2426/2328
f 2264/2228/2134 2460/2424/2326 2463/2427/2329
f 2264/2228/2134 2463/2427/2329 2132/2096/2002
f 2132/2096/2002 2463/2427/2329 2129/2093/1999
f 2464/2428/2330 2460/2424/2326 2462/2426/2328
f 2460/2424/2326 2464/2428/2330 2463/2427/2329
f 2463/2427/2329 2130/2094/2000 2129/2093/1999
f 2465/2429/2331 2464/2428/2330 2462/2426/2328
f 2465/2429/2331 2462/2426/2328 2461/2425/2327
f 2466/2430/2332 2464/2428/2330 2465/2429/2331
f 2463/2427/2329 2464/2428/2330 2466/2430/2332
f 2467/2431/2333 2466/2430/2332 2465/2429/2331
f 2467/2431/2333 2465/2429/2331 2461/2425/2327
f 2463/2427/2329 2466/2430/2332 2468/2432/2334
f 2468/2432/2334 2466/2430/2332 2467/2431/2333
f 2463/2427/2329 2468/2432/2334 2469/2433/2335
f 2463/2427/2329 2469/2433/2335 2130/2094/2000
f 2470/2434/2336 2468/2432/2334 2467/2431/2333
f 2469/2433/2335 2468/2432/2334 2470/2434/2336
f 2471/2435/2337 2470/2434/2336 2467/2431/2333
f 2461/2425/2327 2471/2435/2337 2467/2431/2333
f 2472/2436/2338 2469/2433/2335 2470/2434/2336
f 2470/2434/2336 2471/2435/2337 2472/2436/2338
f 2473/2437/2339 2469/2433/2335 2472/2436/2338
f 2469/2433/2335 2473/2437/2339 2130/2094/2000
f 2472/2436/2338 2471/2435/2337 2474/2438/2340
f 2474/2438/2340 2473/2437/2339 2472/2436/2338
f 2473/2437/2339 2475/2439/2341 2130/2094/2000
f 2475/2439/2341 2473/2437/2339 2474/2438/2340
f 2130/2094/2000 2475/2439/2341 2476/2440/2342
f 2130/2094/2000 2476/2440/2342 2131/2095/2001
f 2477/2441/2343 2475/2439/2341 2474/2438/2340
f 2476/2440/2342 2475/2439/2341 2477/2441/2343
f 2471/2435/2337 2478/2442/2344 2474/2438/2340
f 2477/2441/2343 2474/2438/2340 2478/2442/2344
f 2479/2443/2345 2476/2440/2342 2477/2441/2343
f 2479/2443/2345 2477/2441/2343 2478/2442/2344
f 2476/2440/2342 2480/2444/2346 2131/2095/2001
f 2480/2444/2346 2476/2440/2342 2479/2443/2345
f 2131/2095/2001 2480/2444/2346 2481/2445/2347
f 2131/2095/2001 2481/2445/2347 2133/2097/2003
f 2482/2446/2348 2480/2444/2346 2479/2443/2345
f 2481/2445/2347 2480/2444/2346 2482/2446/2348
f 2481/2445/2347 2482/2446/2348 2133/2097/2003
f 2478/2442/2344 2482/2446/2348 2479/2443/2345
f 2133/2097/2003 2482/2446/2348 2135/2099/2005
f 2478/2442/2344 2135/2099/2005 2482/2446/2348
f 2135/2099/2005 2478/2442/2344 2137/2101/2007
f 2471/2435/2337 2483/2447/2349 2478/2442/2344
f 2461/2425/2327 2483/2447/2349 2471/2435/2337
f 2478/2442/2344 2484/2448/2350 2137/2101/2007
f 2483/2447/2349 2484/2448/2350 2478/2442/2344
f 2483/2447/2349 2461/2425/2327 2485/2449/2351
f 2485/2449/2351 2461/2425/2327 2457/2421/2323
f 2455/2419/2321 2485/2449/2351 2457/2421/2323
f 2484/2448/2350 2483/2447/2349 2486/2450/2352
f 2486/2450/2352 2483/2447/2349 2485/2449/2351
f 2487/2451/2353 2485/2449/2351 2455/2419/2321
f 2487/2451/2353 2486/2450/2352 2485/2449/2351
f 2488/2452/2354 2487/2451/2353 2455/2419/2321
f 2488/2452/2354 2455/2419/2321 2438/2402/2305
f 2489/2453/2355 2486/2450/2352 2487/2451/2353
f 2490/2454/2356 2488/2452/2354 2438/2402/2305
f 2490/2454/2356 2438/2402/2305 2429/2393/2296
f 2491/2455/2357 2487/2451/2353 2488/2452/2354
f 2491/2455/2357 2489/2453/2355 2487/2451/2353
f 2492/2456/2358 2488/2452/2354 2490/2454/2356
f 2492/2456/2358 2491/2455/2357 2488/2452/2354
f 2490/2454/2356 2429/2393/2296 2493/2457/2359
f 2493/2457/2359 2492/2456/2358 2490/2454/2356
f 2494/2458/2360 2491/2455/2357 2492/2456/2358
f 2493/2457/2359 2429/2393/2296 2495/2459/2361
f 2495/2459/2361 2429/2393/2296 2426/2390/2293
f 2426/2390/2293 2423/2387/2290 2495/2459/2361
f 2496/2460/2362 2492/2456/2358 2493/2457/2359
f 2496/2460/2362 2494/2458/2360 2492/2456/2358
f 2497/2461/2282 2495/2459/2361 2423/2387/2290
f 2494/2458/2360 2498/2462/2363 2491/2455/2357
f 2498/2462/2363 2489/2453/2355 2491/2455/2357
f 2423/2387/2290 2499/2463/2364 2497/2461/2282
f 2499/2463/2364 2423/2387/2290 2413/2377/2280
f 2413/2377/2280 2403/2367/2270 2499/2463/2364
f 2500/2464/2365 2495/2459/2361 2497/2461/2282
f 2497/2461/2282 2499/2463/2364 2500/2464/2365
f 2501/2465/2366 2495/2459/2361 2500/2464/2365
f 2501/2465/2366 2493/2457/2359 2495/2459/2361
f 2500/2464/2365 2499/2463/2364 2502/2466/2367
f 2503/2467/2368 2493/2457/2359 2501/2465/2366
f 2503/2467/2368 2496/2460/2362 2493/2457/2359
f 2504/2468/2369 2501/2465/2366 2500/2464/2365
f 2500/2464/2365 2502/2466/2367 2504/2468/2369
f 2505/2469/2370 2503/2467/2368 2501/2465/2366
f 2505/2469/2370 2501/2465/2366 2504/2468/2369
f 2504/2468/2369 2502/2466/2367 1591/1555/1466
f 2502/2466/2367 1593/1557/1468 1591/1555/1466
f 2504/2468/2369 1591/1555/1466 1585/1549/1460
f 1585/1549/1460 2505/2469/2370 2504/2468/2369
f 2502/2466/2367 1614/1578/1489 1593/1557/1468
f 2499/2463/2364 1614/1578/1489 2502/2466/2367
f 2403/2367/2270 1614/1578/1489 2499/2463/2364
f 1583/1547/1458 2505/2469/2370 1585/1549/1460
f 2506/2470/2371 1614/1578/1489 2403/2367/2270
f 2403/2367/2270 2398/2362/2266 2506/2470/2371
f 1583/1547/1458 2507/2471/2372 2505/2469/2370
f 2507/2471/2372 2503/2467/2368 2505/2469/2370
f 2506/2470/2371 2508/2472/2373 1614/1578/1489
f 1614/1578/1489 2508/2472/2373 1612/1576/1487
f 2508/2472/2373 1610/1574/1485 1612/1576/1487
f 2506/2470/2371 2509/2473/2374 2508/2472/2373
f 2398/2362/2266 2509/2473/2374 2506/2470/2371
f 2508/2472/2373 2510/2474/2375 1610/1574/1485
f 2509/2473/2374 2510/2474/2375 2508/2472/2373
f 2510/2474/2375 2511/2475/2376 1610/1574/1485
f 1610/1574/1485 2511/2475/2376 1608/1572/1483
f 2511/2475/2376 1704/1668/1578 1608/1572/1483
f 2511/2475/2376 1723/1687/1597 1704/1668/1578
f 2512/2476/2377 1723/1687/1597 2511/2475/2376
f 2510/2474/2375 2512/2476/2377 2511/2475/2376
f 2512/2476/2377 1737/1701/1611 1723/1687/1597
f 2513/2477/2378 2512/2476/2377 2510/2474/2375
f 2509/2473/2374 2513/2477/2378 2510/2474/2375
f 2514/2478/2379 1737/1701/1611 2512/2476/2377
f 2513/2477/2378 2514/2478/2379 2512/2476/2377
f 2398/2362/2266 2515/2479/2380 2509/2473/2374
f 2515/2479/2380 2513/2477/2378 2509/2473/2374
f 2391/2355/2259 2515/2479/2380 2398/2362/2266
f 2383/2347/2251 2515/2479/2380 2391/2355/2259
f 2515/2479/2380 2516/2480/2381 2513/2477/2378
f 2516/2480/2381 2514/2478/2379 2513/2477/2378
f 2517/2481/2382 2515/2479/2380 2383/2347/2251
f 2517/2481/2382 2516/2480/2381 2515/2479/2380
f 2378/2342/2246 2517/2481/2382 2383/2347/2251
f 2375/2339/2243 2517/2481/2382 2378/2342/2246
f 2375/2339/2243 2516/2480/2381 2517/2481/2382
f 2518/2482/2383 2516/2480/2381 2375/2339/2243
f 2518/2482/2383 2514/2478/2379 2516/2480/2381
f 2367/2331/2235 2518/2482/2383 2375/2339/2243
f 2352/2316/2220 2518/2482/2383 2367/2331/2235
f 2518/2482/2383 2352/2316/2220 2519/2483/2384
f 2519/2483/2384 2514/2478/2379 2518/2482/2383
f 2519/2483/2384 2352/2316/2220 2347/2311/2215
f 2519/2483/2384 2520/2484/2385 2514/2478/2379
f 2519/2483/2384 2347/2311/2215 2520/2484/2385
f 2514/2478/2379 2520/2484/2385 1737/1701/1611
f 2520/2484/2385 1736/1700/1610 1737/1701/1611
f 1736/1700/1610 2520/2484/2385 1738/1702/1612
f 2520/2484/2385 1741/1705/1615 1738/1702/1612
f 1741/1705/1615 2520/2484/2385 1754/1718/1628
f 2520/2484/2385 2347/2311/2215 1754/1718/1628
f 2347/2311/2215 2346/2310/2214 1754/1718/1628
f 1754/1718/1628 2346/2310/2214 1771/1735/1645
f 2521/2485/2386 1771/1735/1645 2346/2310/2214
f 1772/1736/1646 1771/1735/1645 2521/2485/2386
f 2343/2307/2211 2521/2485/2386 2346/2310/2214
f 2522/2486/2387 1772/1736/1646 2521/2485/2386
f 1775/1739/1649 1772/1736/1646 2522/2486/2387
f 1792/1756/1666 1775/1739/1649 2522/2486/2387
f 2521/2485/2386 2343/2307/2211 2523/2487/2388
f 2343/2307/2211 2339/2303/2207 2523/2487/2388
f 2523/2487/2388 2339/2303/2207 2524/2488/2389
f 2524/2488/2389 2339/2303/2207 2338/2302/2206
f 2523/2487/2388 2525/2489/2390 2521/2485/2386
f 2523/2487/2388 2524/2488/2389 2525/2489/2390
f 2522/2486/2387 2521/2485/2386 2526/2490/2391
f 2526/2490/2391 2521/2485/2386 2525/2489/2390
f 2525/2489/2390 2524/2488/2389 2527/2491/2392
f 2527/2491/2392 2524/2488/2389 2338/2302/2206
f 2525/2489/2390 2527/2491/2392 2528/2492/2393
f 2528/2492/2393 2526/2490/2391 2525/2489/2390
f 2528/2492/2393 2527/2491/2392 2529/2493/2394
f 2529/2493/2394 2527/2491/2392 2338/2302/2206
f 2528/2492/2393 2529/2493/2394 2530/2494/2395
f 2528/2492/2393 2530/2494/2395 2526/2490/2391
f 2530/2494/2395 2529/2493/2394 2531/2495/2396
f 2531/2495/2396 2529/2493/2394 2338/2302/2206
f 2530/2494/2395 2531/2495/2396 2532/2496/2397
f 2526/2490/2391 2530/2494/2395 2532/2496/2397
f 2532/2496/2397 2531/2495/2396 2533/2497/2398
f 2533/2497/2398 2531/2495/2396 2338/2302/2206
f 2532/2496/2397 2533/2497/2398 2534/2498/2399
f 2532/2496/2397 2534/2498/2399 2526/2490/2391
f 2535/2499/2400 2533/2497/2398 2338/2302/2206
f 2534/2498/2399 2533/2497/2398 2535/2499/2400
f 2536/2500/2401 2526/2490/2391 2534/2498/2399
f 2534/2498/2399 2535/2499/2400 2536/2500/2401
f 2537/2501/2402 2522/2486/2387 2526/2490/2391
f 2536/2500/2401 2537/2501/2402 2526/2490/2391
f 1792/1756/1666 2522/2486/2387 2537/2501/2402
f 2536/2500/2401 2535/2499/2400 2538/2502/2403
f 2535/2499/2400 2338/2302/2206 2539/2503/2404
f 2538/2502/2403 2535/2499/2400 2539/2503/2404
f 2539/2503/2404 2338/2302/2206 2327/2291/2195
f 2327/2291/2195 2324/2288/332 2539/2503/2404
f 2536/2500/2401 2538/2502/2403 2540/2504/2405
f 2537/2501/2402 2536/2500/2401 2540/2504/2405
f 2540/2504/2405 2538/2502/2403 2541/2505/2406
f 2541/2505/2406 2538/2502/2403 2539/2503/2404
f 2540/2504/2405 2541/2505/2406 2542/2506/2407
f 2537/2501/2402 2540/2504/2405 2542/2506/2407
f 2542/2506/2407 2541/2505/2406 2543/2507/2408
f 2543/2507/2408 2541/2505/2406 2539/2503/2404
f 2544/2508/2409 2537/2501/2402 2542/2506/2407
f 2542/2506/2407 2543/2507/2408 2544/2508/2409
f 2324/2288/332 2545/2509/2410 2539/2503/2404
f 2324/2288/332 2322/2286/2191 2545/2509/2410
f 2546/2510/2411 2543/2507/2408 2539/2503/2404
f 2539/2503/2404 2545/2509/2410 2546/2510/2411
f 2544/2508/2409 2543/2507/2408 2547/2511/2412
f 2547/2511/2412 2543/2507/2408 2546/2510/2411
f 2322/2286/2191 1870/1834/1744 2545/2509/2410
f 2545/2509/2410 1870/1834/1744 1866/1830/1740
f 2545/2509/2410 1866/1830/1740 2546/2510/2411
f 2322/2286/2191 2548/2512/2413 1870/1834/1744
f 2319/2283/2188 2548/2512/2413 2322/2286/2191
f 2548/2512/2413 1865/1829/1739 1870/1834/1744
f 2318/2282/2187 2548/2512/2413 2319/2283/2188
f 2549/2513/2414 2548/2512/2413 2318/2282/2187
f 2549/2513/2414 1865/1829/1739 2548/2512/2413
f 1900/1864/1773 2549/2513/2414 2318/2282/2187
f 1889/1853/1763 2549/2513/2414 1900/1864/1773
f 2550/2514/2415 1865/1829/1739 2549/2513/2414
f 1889/1853/1763 2550/2514/2415 2549/2513/2414
f 2550/2514/2415 1862/1826/1736 1865/1829/1739
f 1873/1837/1747 2550/2514/2415 1889/1853/1763
f 1873/1837/1747 1862/1826/1736 2550/2514/2415
f 2546/2510/2411 1866/1830/1740 2551/2515/2416
f 1866/1830/1740 1858/1822/1732 2551/2515/2416
f 2551/2515/2416 1858/1822/1732 1857/1821/1731
f 2551/2515/2416 2552/2516/2417 2546/2510/2411
f 2552/2516/2417 2553/2517/2418 2546/2510/2411
f 2553/2517/2418 2547/2511/2412 2546/2510/2411
f 2554/2518/2419 2552/2516/2417 2551/2515/2416
f 2555/2519/2420 2547/2511/2412 2553/2517/2418
f 2544/2508/2409 2547/2511/2412 2555/2519/2420
f 2556/2520/2421 2553/2517/2418 2552/2516/2417
f 2555/2519/2420 2553/2517/2418 2556/2520/2421
f 2557/2521/2422 2544/2508/2409 2555/2519/2420
f 2556/2520/2421 2557/2521/2422 2555/2519/2420
f 2537/2501/2402 2544/2508/2409 2557/2521/2422
f 2557/2521/2422 1792/1756/1666 2537/2501/2402
f 2556/2520/2421 2552/2516/2417 2558/2522/2423
f 2558/2522/2423 2557/2521/2422 2556/2520/2421
f 2558/2522/2423 2552/2516/2417 2554/2518/2419
f 2559/2523/2424 1792/1756/1666 2557/2521/2422
f 2559/2523/2424 1790/1754/1664 1792/1756/1666
f 1794/1758/1668 1790/1754/1664 2559/2523/2424
f 2559/2523/2424 1809/1773/1683 1794/1758/1668
f 2557/2521/2422 2560/2524/2425 2559/2523/2424
f 2559/2523/2424 2560/2524/2425 1809/1773/1683
f 2557/2521/2422 2558/2522/2423 2560/2524/2425
f 2560/2524/2425 1842/1806/1716 1809/1773/1683
f 2558/2522/2423 2561/2525/2426 2560/2524/2425
f 1842/1806/1716 2560/2524/2425 2562/2526/2427
f 2562/2526/2427 2560/2524/2425 2561/2525/2426
f 2562/2526/2427 1853/1817/1727 1842/1806/1716
f 2561/2525/2426 2558/2522/2423 2563/2527/2428
f 2561/2525/2426 2563/2527/2428 2562/2526/2427
f 2563/2527/2428 2558/2522/2423 2554/2518/2419
f 2563/2527/2428 2554/2518/2419 2551/2515/2416
f 1857/1821/1731 2563/2527/2428 2551/2515/2416
f 2562/2526/2427 2563/2527/2428 2564/2528/2429
f 1857/1821/1731 2564/2528/2429 2563/2527/2428
f 2562/2526/2427 2564/2528/2429 1853/1817/1727
f 2565/2529/2430 2564/2528/2429 1857/1821/1731
f 1853/1817/1727 2564/2528/2429 2565/2529/2430
f 1849/1813/1723 2565/2529/2430 1857/1821/1731
f 2565/2529/2430 1849/1813/1723 1853/1817/1727
f 2568/2530/2431 2566/2531/2432 2567/2532/2433
f 2566/2531/2432 2568/2530/2431 2569/2533/2434
f 2569/2533/2434 2568/2530/2431 2570/2534/2435
f 2566/2531/2432 2569/2533/2434 2571/2535/2436
f 2569/2533/2434 2570/2534/2435 2572/2536/2437
f 2572/2536/2437 2570/2534/2435 2573/2537/2438
f 2573/2537/2438 2574/2538/2439 2572/2536/2437
f 2575/2539/2440 2571/2535/2436 2569/2533/2434
f 2572/2536/2437 2575/2539/2440 2569/2533/2434
f 2572/2536/2437 2574/2538/2439 2576/2540/2441
f 2576/2540/2441 2575/2539/2440 2572/2536/2437
f 2577/2541/2442 2576/2540/2441 2574/2538/2439
f 2578/2542/2443 2576/2540/2441 2577/2541/2442
f 2578/2542/2443 2575/2539/2440 2576/2540/2441
f 2579/2543/2444 2578/2542/2443 2577/2541/2442
f 2575/2539/2440 2580/2544/2445 2571/2535/2436
f 2571/2535/2436 2580/2544/2445 2581/2545/2446
f 2582/2546/2447 2575/2539/2440 2578/2542/2443
f 2582/2546/2447 2580/2544/2445 2575/2539/2440
f 2583/2547/2448 2578/2542/2443 2579/2543/2444
f 2583/2547/2448 2582/2546/2447 2578/2542/2443
f 2585/2548/2449 2579/2543/2444 2584/2549/2450
f 2585/2548/2449 2583/2547/2448 2579/2543/2444
f 2580/2544/2445 2586/2550/2451 2581/2545/2446
f 2581/2545/2446 2586/2550/2451 2587/2551/2452
f 2588/2552/2453 2583/2547/2448 2585/2548/2449
f 2589/2553/2454 2588/2552/2453 2585/2548/2449
f 2586/2550/2451 2590/2554/2455 2587/2551/2452
f 2587/2551/2452 2590/2554/2455 2591/2555/2456
f 2592/2556/2457 2586/2550/2451 2580/2544/2445
f 2592/2556/2457 2580/2544/2445 2582/2546/2447
f 2593/2557/2458 2590/2554/2455 2586/2550/2451
f 2593/2557/2458 2586/2550/2451 2592/2556/2457
f 2590/2554/2455 2594/2558/2459 2591/2555/2456
f 2591/2555/2456 2594/2558/2459 2595/2559/2460
f 2596/2560/2461 2590/2554/2455 2593/2557/2458
f 2596/2560/2461 2594/2558/2459 2590/2554/2455
f 2594/2558/2459 2597/2561/2462 2595/2559/2460
f 2595/2559/2460 2597/2561/2462 2598/2562/2463
f 2599/2563/2464 2594/2558/2459 2596/2560/2461
f 2599/2563/2464 2597/2561/2462 2594/2558/2459
f 2600/2564/2465 2598/2562/2463 2597/2561/2462
f 2601/2565/2466 2598/2562/2463 2600/2564/2465
f 2602/2566/2467 2597/2561/2462 2599/2563/2464
f 2602/2566/2467 2600/2564/2465 2597/2561/2462
f 2600/2564/2465 2603/2567/2468 2601/2565/2466
f 2601/2565/2466 2603/2567/2468 2604/2568/2469
f 2605/2569/2470 2600/2564/2465 2602/2566/2467
f 2605/2569/2470 2603/2567/2468 2600/2564/2465
f 2606/2570/2471 2604/2568/2469 2603/2567/2468
f 2607/2571/2472 2604/2568/2469 2606/2570/2471
f 2608/2572/2473 2603/2567/2468 2605/2569/2470
f 2608/2572/2473 2606/2570/2471 2603/2567/2468
f 2606/2570/2471 2609/2573/2474 2607/2571/2472
f 2607/2571/2472 2609/2573/2474 2610/2574/2475
f 2611/2575/2476 2606/2570/2471 2608/2572/2473
f 2611/2575/2476 2609/2573/2474 2606/2570/2471
f 2612/2576/2477 2610/2574/2475 2609/2573/2474
f 2613/2577/2478 2610/2574/2475 2612/2576/2477
f 2614/2578/2479 2609/2573/2474 2611/2575/2476
f 2614/2578/2479 2612/2576/2477 2609/2573/2474
f 2612/2576/2477 2615/2579/2480 2613/2577/2478
f 2613/2577/2478 2615/2579/2480 1579/1543/1455
f 2615/2579/2480 1578/1542/1454 1579/1543/1455
f 2616/2580/2481 2612/2576/2477 2614/2578/2479
f 2616/2580/2481 2615/2579/2480 2612/2576/2477
f 2615/2579/2480 2617/2581/2482 1578/1542/1454
f 1580/1544/1456 1578/1542/1454 2617/2581/2482
f 2618/2582/2483 2615/2579/2480 2616/2580/2481
f 2618/2582/2483 2617/2581/2482 2615/2579/2480
f 2619/2583/2484 1580/1544/1456 2617/2581/2482
f 1581/1545/1456 1580/1544/1456 2619/2583/2484
f 2620/2584/2485 2617/2581/2482 2618/2582/2483
f 2619/2583/2484 2617/2581/2482 2620/2584/2485
f 2621/2585/2486 2618/2582/2483 2616/2580/2481
f 2620/2584/2485 2618/2582/2483 2621/2585/2486
f 2621/2585/2486 2616/2580/2481 2622/2586/2487
f 2622/2586/2487 2616/2580/2481 2614/2578/2479
f 2621/2585/2486 2623/2587/2488 2620/2584/2485
f 2619/2583/2484 2620/2584/2485 2623/2587/2488
f 2621/2585/2486 2622/2586/2487 2623/2587/2488
f 2619/2583/2484 2624/2588/2489 1581/1545/1456
f 2623/2587/2488 2624/2588/2489 2619/2583/2484
f 2624/2588/2489 1583/1547/1458 1581/1545/1456
f 2624/2588/2489 2507/2471/2372 1583/1547/1458
f 2622/2586/2487 2614/2578/2479 2625/2589/2490
f 2625/2589/2490 2614/2578/2479 2611/2575/2476
f 2624/2588/2489 2626/2590/2491 2507/2471/2372
f 2623/2587/2488 2626/2590/2491 2624/2588/2489
f 2625/2589/2490 2611/2575/2476 2627/2591/2492
f 2627/2591/2492 2611/2575/2476 2608/2572/2473
f 2625/2589/2490 2628/2592/2493 2622/2586/2487
f 2622/2586/2487 2628/2592/2493 2623/2587/2488
f 2625/2589/2490 2627/2591/2492 2628/2592/2493
f 2627/2591/2492 2608/2572/2473 2629/2593/2494
f 2629/2593/2494 2608/2572/2473 2605/2569/2470
f 2629/2593/2494 2630/2594/2495 2627/2591/2492
f 2630/2594/2495 2628/2592/2493 2627/2591/2492
f 2629/2593/2494 2605/2569/2470 2631/2595/2496
f 2631/2595/2496 2630/2594/2495 2629/2593/2494
f 2631/2595/2496 2605/2569/2470 2602/2566/2467
f 2631/2595/2496 2602/2566/2467 2632/2596/2497
f 2632/2596/2497 2630/2594/2495 2631/2595/2496
f 2632/2596/2497 2602/2566/2467 2599/2563/2464
f 2632/2596/2497 2599/2563/2464 2633/2597/2498
f 2633/2597/2498 2599/2563/2464 2596/2560/2461
f 2634/2598/2499 2630/2594/2495 2632/2596/2497
f 2632/2596/2497 2633/2597/2498 2634/2598/2499
f 2633/2597/2498 2596/2560/2461 2635/2599/2500
f 2635/2599/2500 2596/2560/2461 2593/2557/2458
f 2635/2599/2500 2636/2600/2501 2633/2597/2498
f 2636/2600/2501 2634/2598/2499 2633/2597/2498
f 2635/2599/2500 2593/2557/2458 2637/2601/2502
f 2635/2599/2500 2637/2601/2502 2636/2600/2501
f 2637/2601/2502 2593/2557/2458 2592/2556/2457
f 2637/2601/2502 2592/2556/2457 2638/2602/2503
f 2638/2602/2503 2592/2556/2457 2582/2546/2447
f 2638/2602/2503 2582/2546/2447 2583/2547/2448
f 2588/2552/2453 2638/2602/2503 2583/2547/2448
f 2638/2602/2503 2639/2603/2504 2637/2601/2502
f 2639/2603/2504 2638/2602/2503 2588/2552/2453
f 2639/2603/2504 2636/2600/2501 2637/2601/2502
f 2639/2603/2504 2588/2552/2453 2640/2604/2505
f 2640/2604/2505 2588/2552/2453 2589/2553/2454
f 2641/2605/2506 2640/2604/2505 2589/2553/2454
f 2640/2604/2505 2642/2606/2507 2639/2603/2504
f 2643/2607/2508 2640/2604/2505 2641/2605/2506
f 2643/2607/2508 2642/2606/2507 2640/2604/2505
f 2641/2605/2506 2644/2608/2509 2643/2607/2508
f 2645/2609/2510 2639/2603/2504 2642/2606/2507
f 2636/2600/2501 2639/2603/2504 2645/2609/2510
f 2646/2610/2511 2642/2606/2507 2643/2607/2508
f 2646/2610/2511 2645/2609/2510 2642/2606/2507
f 2643/2607/2508 2644/2608/2509 2647/2611/2512
f 2643/2607/2508 2647/2611/2512 2646/2610/2511
f 2644/2608/2509 2648/2612/2513 2647/2611/2512
f 2649/2613/2514 2648/2612/2513 2644/2608/2509
f 2651/2614/2515 2650/2615/2516 2649/2613/2514
f 2649/2613/2514 2650/2615/2516 2648/2612/2513
f 2652/2616/2517 2648/2612/2513 2650/2615/2516
f 2648/2612/2513 2652/2616/2517 2647/2611/2512
f 2652/2616/2517 2650/2615/2516 2653/2617/2518
f 2646/2610/2511 2647/2611/2512 2654/2618/2519
f 2647/2611/2512 2652/2616/2517 2654/2618/2519
f 2652/2616/2517 2653/2617/2518 2655/2619/2520
f 2652/2616/2517 2655/2619/2520 2654/2618/2519
f 2653/2617/2518 2656/2620/2521 2655/2619/2520
f 2656/2620/2521 2653/2617/2518 2657/2621/2522
f 2654/2618/2519 2655/2619/2520 2658/2622/2523
f 2656/2620/2521 2658/2622/2523 2655/2619/2520
f 2646/2610/2511 2654/2618/2519 2659/2623/2524
f 2659/2623/2524 2654/2618/2519 2658/2622/2523
f 2659/2623/2524 2645/2609/2510 2646/2610/2511
f 2659/2623/2524 2660/2624/2525 2645/2609/2510
f 2645/2609/2510 2660/2624/2525 2636/2600/2501
f 2659/2623/2524 2658/2622/2523 2661/2625/2526
f 2661/2625/2526 2660/2624/2525 2659/2623/2524
f 2662/2626/2527 2636/2600/2501 2660/2624/2525
f 2661/2625/2526 2662/2626/2527 2660/2624/2525
f 2662/2626/2527 2663/2627/2528 2636/2600/2501
f 2634/2598/2499 2636/2600/2501 2663/2627/2528
f 2664/2628/2529 2662/2626/2527 2661/2625/2526
f 2664/2628/2529 2663/2627/2528 2662/2626/2527
f 2661/2625/2526 2658/2622/2523 2665/2629/2530
f 2661/2625/2526 2665/2629/2530 2664/2628/2529
f 2665/2629/2530 2658/2622/2523 2656/2620/2521
f 2666/2630/2531 2663/2627/2528 2664/2628/2529
f 2667/2631/2532 2665/2629/2530 2656/2620/2521
f 2656/2620/2521 2657/2621/2522 2667/2631/2532
f 2664/2628/2529 2665/2629/2530 2668/2632/2533
f 2668/2632/2533 2665/2629/2530 2667/2631/2532
f 2664/2628/2529 2668/2632/2533 2666/2630/2531
f 2657/2621/2522 2669/2633/2534 2667/2631/2532
f 2667/2631/2532 2669/2633/2534 2668/2632/2533
f 2669/2633/2534 2657/2621/2522 2670/2634/2535
f 2668/2632/2533 2669/2633/2534 2671/2635/2536
f 2666/2630/2531 2668/2632/2533 2671/2635/2536
f 2669/2633/2534 2670/2634/2535 2672/2636/2537
f 2669/2633/2534 2672/2636/2537 2671/2635/2536
f 2670/2634/2535 2673/2637/2538 2672/2636/2537
f 2673/2637/2538 2670/2634/2535 2674/2638/2539
f 2671/2635/2536 2672/2636/2537 2675/2639/2540
f 2672/2636/2537 2673/2637/2538 2675/2639/2540
f 2666/2630/2531 2671/2635/2536 2676/2640/2541
f 2676/2640/2541 2671/2635/2536 2675/2639/2540
f 2666/2630/2531 2677/2641/2542 2663/2627/2528
f 2676/2640/2541 2677/2641/2542 2666/2630/2531
f 2677/2641/2542 2634/2598/2499 2663/2627/2528
f 2676/2640/2541 2675/2639/2540 2678/2642/2543
f 2676/2640/2541 2679/2643/2544 2677/2641/2542
f 2678/2642/2543 2679/2643/2544 2676/2640/2541
f 2680/2644/2545 2634/2598/2499 2677/2641/2542
f 2679/2643/2544 2680/2644/2545 2677/2641/2542
f 2678/2642/2543 2675/2639/2540 2681/2645/2546
f 2675/2639/2540 2673/2637/2538 2681/2645/2546
f 2678/2642/2543 2682/2646/2547 2679/2643/2544
f 2682/2646/2547 2680/2644/2545 2679/2643/2544
f 2673/2637/2538 2683/2647/2548 2681/2645/2546
f 2673/2637/2538 2674/2638/2539 2683/2647/2548
f 2678/2642/2543 2681/2645/2546 2684/2648/2549
f 2684/2648/2549 2682/2646/2547 2678/2642/2543
f 2681/2645/2546 2683/2647/2548 2685/2649/2550
f 2684/2648/2549 2681/2645/2546 2685/2649/2550
f 2674/2638/2539 2686/2650/2551 2683/2647/2548
f 2683/2647/2548 2686/2650/2551 2685/2649/2550
f 2687/2651/2552 2686/2650/2551 2674/2638/2539
f 2684/2648/2549 2688/2652/2553 2682/2646/2547
f 2682/2646/2547 2688/2652/2553 2680/2644/2545
f 2684/2648/2549 2685/2649/2550 2689/2653/2554
f 2689/2653/2554 2688/2652/2553 2684/2648/2549
f 2685/2649/2550 2686/2650/2551 2690/2654/2555
f 2689/2653/2554 2685/2649/2550 2690/2654/2555
f 2686/2650/2551 2687/2651/2552 2691/2655/2556
f 2686/2650/2551 2691/2655/2556 2690/2654/2555
f 2687/2651/2552 2692/2656/2557 2691/2655/2556
f 2692/2656/2557 2687/2651/2552 2693/2657/2558
f 2690/2654/2555 2691/2655/2556 2694/2658/2559
f 2692/2656/2557 2694/2658/2559 2691/2655/2556
f 2689/2653/2554 2690/2654/2555 2695/2659/2560
f 2695/2659/2560 2690/2654/2555 2694/2658/2559
f 2689/2653/2554 2696/2660/2561 2688/2652/2553
f 2695/2659/2560 2696/2660/2561 2689/2653/2554
f 2696/2660/2561 2697/2661/2562 2688/2652/2553
f 2697/2661/2562 2680/2644/2545 2688/2652/2553
f 2695/2659/2560 2698/2662/2563 2696/2660/2561
f 2696/2660/2561 2698/2662/2563 2697/2661/2562
f 2695/2659/2560 2694/2658/2559 2699/2663/2564
f 2699/2663/2564 2698/2662/2563 2695/2659/2560
f 2697/2661/2562 2700/2664/2565 2680/2644/2545
f 2680/2644/2545 2700/2664/2565 2634/2598/2499
f 2700/2664/2565 2630/2594/2495 2634/2598/2499
f 2701/2665/2566 2630/2594/2495 2700/2664/2565
f 2701/2665/2566 2700/2664/2565 2697/2661/2562
f 2628/2592/2493 2630/2594/2495 2701/2665/2566
f 2697/2661/2562 2698/2662/2563 2702/2666/2567
f 2697/2661/2562 2702/2666/2567 2701/2665/2566
f 2701/2665/2566 2703/2667/2568 2628/2592/2493
f 2701/2665/2566 2702/2666/2567 2703/2667/2568
f 2628/2592/2493 2703/2667/2568 2704/2668/2569
f 2628/2592/2493 2704/2668/2569 2623/2587/2488
f 2623/2587/2488 2704/2668/2569 2626/2590/2491
f 2705/2669/2570 2702/2666/2567 2698/2662/2563
f 2699/2663/2564 2705/2669/2570 2698/2662/2563
f 2704/2668/2569 2706/2670/2571 2626/2590/2491
f 2705/2669/2570 2707/2671/2572 2702/2666/2567
f 2626/2590/2491 2706/2670/2571 2708/2672/2573
f 2626/2590/2491 2708/2672/2573 2507/2471/2372
f 2507/2471/2372 2708/2672/2573 2503/2467/2368
f 2708/2672/2573 2496/2460/2362 2503/2467/2368
f 2708/2672/2573 2709/2673/2574 2496/2460/2362
f 2706/2670/2571 2709/2673/2574 2708/2672/2573
f 2709/2673/2574 2494/2458/2360 2496/2460/2362
f 2704/2668/2569 2710/2674/2575 2706/2670/2571
f 2703/2667/2568 2710/2674/2575 2704/2668/2569
f 2706/2670/2571 2711/2675/2576 2709/2673/2574
f 2710/2674/2575 2711/2675/2576 2706/2670/2571
f 2709/2673/2574 2712/2676/2577 2494/2458/2360
f 2711/2675/2576 2712/2676/2577 2709/2673/2574
f 2712/2676/2577 2498/2462/2363 2494/2458/2360
f 2703/2667/2568 2713/2677/2578 2710/2674/2575
f 2702/2666/2567 2713/2677/2578 2703/2667/2568
f 2702/2666/2567 2707/2671/2572 2713/2677/2578
f 2710/2674/2575 2714/2678/2579 2711/2675/2576
f 2713/2677/2578 2714/2678/2579 2710/2674/2575
f 2711/2675/2576 2715/2679/2580 2712/2676/2577
f 2714/2678/2579 2715/2679/2580 2711/2675/2576
f 2712/2676/2577 2716/2680/2581 2498/2462/2363
f 2715/2679/2580 2716/2680/2581 2712/2676/2577
f 2716/2680/2581 2717/2681/2582 2498/2462/2363
f 2498/2462/2363 2717/2681/2582 2489/2453/2355
f 2718/2682/2583 2716/2680/2581 2715/2679/2580
f 2717/2681/2582 2719/2683/2584 2489/2453/2355
f 2489/2453/2355 2719/2683/2584 2486/2450/2352
f 2718/2682/2583 2715/2679/2580 2720/2684/2585
f 2714/2678/2579 2720/2684/2585 2715/2679/2580
f 2719/2683/2584 2721/2685/2586 2486/2450/2352
f 2486/2450/2352 2721/2685/2586 2484/2448/2350
f 2484/2448/2350 2721/2685/2586 2137/2101/2007
f 2722/2686/2587 2720/2684/2585 2714/2678/2579
f 2137/2101/2007 2721/2685/2586 2723/2687/2588
f 2137/2101/2007 2723/2687/2588 2139/2103/2009
f 2722/2686/2587 2714/2678/2579 2724/2688/2589
f 2713/2677/2578 2724/2688/2589 2714/2678/2579
f 2139/2103/2009 2723/2687/2588 2725/2689/2590
f 2725/2689/2590 2091/2055/1962 2139/2103/2009
f 2726/2690/2591 2724/2688/2589 2713/2677/2578
f 2726/2690/2591 2713/2677/2578 2707/2671/2572
f 2727/2691/2592 2722/2686/2587 2724/2688/2589
f 2728/2692/2593 2726/2690/2591 2707/2671/2572
f 2729/2693/2594 2724/2688/2589 2726/2690/2591
f 2729/2693/2594 2726/2690/2591 2728/2692/2593
f 2727/2691/2592 2724/2688/2589 2729/2693/2594
f 2728/2692/2593 2707/2671/2572 2730/2694/2595
f 2730/2694/2595 2707/2671/2572 2705/2669/2570
f 2730/2694/2595 2705/2669/2570 2699/2663/2564
f 2728/2692/2593 2730/2694/2595 2731/2695/2596
f 2728/2692/2593 2731/2695/2596 2729/2693/2594
f 2699/2663/2564 2732/2696/2597 2730/2694/2595
f 2731/2695/2596 2730/2694/2595 2732/2696/2597
f 2733/2697/2598 2732/2696/2597 2699/2663/2564
f 2699/2663/2564 2694/2658/2559 2733/2697/2598
f 2733/2697/2598 2694/2658/2559 2692/2656/2557
f 2734/2698/2599 2733/2697/2598 2692/2656/2557
f 2732/2696/2597 2733/2697/2598 2734/2698/2599
f 2692/2656/2557 2693/2657/2558 2734/2698/2599
f 2734/2698/2599 2735/2699/2600 2732/2696/2597
f 2735/2699/2600 2734/2698/2599 2693/2657/2558
f 2732/2696/2597 2735/2699/2600 2731/2695/2596
f 2735/2699/2600 2693/2657/2558 2736/2700/2601
f 2735/2699/2600 2737/2701/2602 2731/2695/2596
f 2735/2699/2600 2736/2700/2601 2737/2701/2602
f 2731/2695/2596 2737/2701/2602 2738/2702/2603
f 2729/2693/2594 2731/2695/2596 2738/2702/2603
f 2736/2700/2601 2739/2703/2604 2737/2701/2602
f 2737/2701/2602 2739/2703/2604 2738/2702/2603
f 2739/2703/2604 2736/2700/2601 2740/2704/2605
f 2738/2702/2603 2741/2705/2606 2729/2693/2594
f 2738/2702/2603 2739/2703/2604 2741/2705/2606
f 2729/2693/2594 2741/2705/2606 2727/2691/2592
f 2739/2703/2604 2740/2704/2605 2742/2706/2607
f 2739/2703/2604 2742/2706/2607 2741/2705/2606
f 2740/2704/2605 2743/2707/2608 2742/2706/2607
f 2741/2705/2606 2742/2706/2607 2744/2708/2609
f 2741/2705/2606 2744/2708/2609 2727/2691/2592
f 2742/2706/2607 2743/2707/2608 2744/2708/2609
f 2743/2707/2608 2740/2704/2605 2745/2709/2610
f 2727/2691/2592 2744/2708/2609 2746/2710/2611
f 2746/2710/2611 2722/2686/2587 2727/2691/2592
f 2746/2710/2611 2720/2684/2585 2722/2686/2587
f 2744/2708/2609 2743/2707/2608 2747/2711/2612
f 2747/2711/2612 2746/2710/2611 2744/2708/2609
f 2748/2712/2613 2720/2684/2585 2746/2710/2611
f 2748/2712/2613 2746/2710/2611 2747/2711/2612
f 2748/2712/2613 2749/2713/2614 2720/2684/2585
f 2748/2712/2613 2747/2711/2612 2749/2713/2614
f 2720/2684/2585 2749/2713/2614 2718/2682/2583
f 2743/2707/2608 2750/2714/2615 2747/2711/2612
f 2743/2707/2608 2745/2709/2610 2750/2714/2615
f 2749/2713/2614 2747/2711/2612 2751/2715/2616
f 2747/2711/2612 2750/2714/2615 2751/2715/2616
f 2745/2709/2610 2752/2716/2617 2750/2714/2615
f 2752/2716/2617 2751/2715/2616 2750/2714/2615
f 2752/2716/2617 2745/2709/2610 2753/2717/2618
f 2751/2715/2616 2754/2718/2619 2749/2713/2614
f 2754/2718/2619 2751/2715/2616 2752/2716/2617
f 2749/2713/2614 2754/2718/2619 2755/2719/2620
f 2749/2713/2614 2755/2719/2620 2718/2682/2583
f 2754/2718/2619 2752/2716/2617 2756/2720/2621
f 2754/2718/2619 2756/2720/2621 2755/2719/2620
f 2752/2716/2617 2753/2717/2618 2757/2721/1274
f 2756/2720/2621 2752/2716/2617 2757/2721/1274
f 2758/2722/2622 2757/2721/1274 2753/2717/2618
f 2757/2721/1274 2758/2722/2622 2756/2720/2621
f 2758/2722/2622 2753/2717/2618 2759/2723/2623
f 2718/2682/2583 2755/2719/2620 2760/2724/2624
f 2718/2682/2583 2760/2724/2624 2716/2680/2581
f 2755/2719/2620 2761/2725/2625 2760/2724/2624
f 2755/2719/2620 2756/2720/2621 2761/2725/2625
f 2716/2680/2581 2760/2724/2624 2762/2726/2626
f 2760/2724/2624 2761/2725/2625 2762/2726/2626
f 2762/2726/2626 2763/2727/2627 2716/2680/2581
f 2761/2725/2625 2764/2728/2628 2762/2726/2626
f 2761/2725/2625 2756/2720/2621 2764/2728/2628
f 2762/2726/2626 2764/2728/2628 2763/2727/2627
f 2716/2680/2581 2763/2727/2627 2717/2681/2582
f 2764/2728/2628 2756/2720/2621 2765/2729/2629
f 2756/2720/2621 2758/2722/2622 2765/2729/2629
f 2764/2728/2628 2766/2730/2630 2763/2727/2627
f 2764/2728/2628 2765/2729/2629 2766/2730/2630
f 2767/2731/2631 2717/2681/2582 2763/2727/2627
f 2763/2727/2627 2766/2730/2630 2767/2731/2631
f 2765/2729/2629 2758/2722/2622 2768/2732/2632
f 2766/2730/2630 2765/2729/2629 2768/2732/2632
f 2767/2731/2631 2769/2733/2633 2717/2681/2582
f 2717/2681/2582 2769/2733/2633 2719/2683/2584
f 2766/2730/2630 2770/2734/2634 2767/2731/2631
f 2767/2731/2631 2770/2734/2634 2769/2733/2633
f 2766/2730/2630 2768/2732/2632 2770/2734/2634
f 2771/2735/2635 2719/2683/2584 2769/2733/2633
f 2768/2732/2632 2758/2722/2622 2772/2736/2636
f 2758/2722/2622 2759/2723/2623 2772/2736/2636
f 2770/2734/2634 2768/2732/2632 2773/2737/2637
f 2768/2732/2632 2772/2736/2636 2773/2737/2637
f 2770/2734/2634 2774/2738/2638 2769/2733/2633
f 2770/2734/2634 2773/2737/2637 2774/2738/2638
f 2769/2733/2633 2774/2738/2638 2771/2735/2635
f 2775/2739/2639 2772/2736/2636 2759/2723/2623
f 2773/2737/2637 2772/2736/2636 2775/2739/2639
f 2775/2739/2639 2759/2723/2623 2776/2740/2640
f 2773/2737/2637 2775/2739/2639 2777/2741/2641
f 2774/2738/2638 2773/2737/2637 2777/2741/2641
f 2775/2739/2639 2776/2740/2640 2778/2742/2642
f 2777/2741/2641 2775/2739/2639 2778/2742/2642
f 2779/2743/2643 2778/2742/2642 2776/2740/2640
f 2779/2743/2643 2776/2740/2640 2780/2744/2644
f 2777/2741/2641 2778/2742/2642 2781/2745/2645
f 2781/2745/2645 2774/2738/2638 2777/2741/2641
f 2781/2745/2645 2778/2742/2642 2779/2743/2643
f 2774/2738/2638 2782/2746/2646 2771/2735/2635
f 2782/2746/2646 2774/2738/2638 2781/2745/2645
f 2771/2735/2635 2782/2746/2646 2783/2747/2647
f 2771/2735/2635 2783/2747/2647 2719/2683/2584
f 2719/2683/2584 2783/2747/2647 2721/2685/2586
f 2782/2746/2646 2781/2745/2645 2784/2748/2648
f 2782/2746/2646 2784/2748/2648 2783/2747/2647
f 2785/2749/2649 2721/2685/2586 2783/2747/2647
f 2783/2747/2647 2784/2748/2648 2785/2749/2649
f 2785/2749/2649 2786/2750/2650 2721/2685/2586
f 2723/2687/2588 2721/2685/2586 2786/2750/2650
f 2787/2751/2651 2785/2749/2649 2784/2748/2648
f 2786/2750/2650 2785/2749/2649 2787/2751/2651
f 2784/2748/2648 2781/2745/2645 2788/2752/2652
f 2784/2748/2648 2788/2752/2652 2787/2751/2651
f 2781/2745/2645 2779/2743/2643 2788/2752/2652
f 2789/2753/2653 2786/2750/2650 2787/2751/2651
f 2788/2752/2652 2779/2743/2643 2790/2754/2654
f 2779/2743/2643 2780/2744/2644 2790/2754/2654
f 2787/2751/2651 2788/2752/2652 2791/2755/2655
f 2788/2752/2652 2790/2754/2654 2791/2755/2655
f 2787/2751/2651 2791/2755/2655 2789/2753/2653
f 2780/2744/2644 2792/2756/2656 2790/2754/2654
f 2791/2755/2655 2790/2754/2654 2792/2756/2656
f 2792/2756/2656 2780/2744/2644 2793/2757/2657
f 2791/2755/2655 2792/2756/2656 2794/2758/2658
f 2789/2753/2653 2791/2755/2655 2794/2758/2658
f 2792/2756/2656 2793/2757/2657 2795/2759/2659
f 2794/2758/2658 2792/2756/2656 2795/2759/2659
f 2793/2757/2657 2796/2760/2660 2795/2759/2659
f 2796/2760/2660 2793/2757/2657 2797/2761/2661
f 2794/2758/2658 2795/2759/2659 2798/2762/2662
f 2798/2762/2662 2795/2759/2659 2796/2760/2660
f 2789/2753/2653 2794/2758/2658 2799/2763/2663
f 2799/2763/2663 2794/2758/2658 2798/2762/2662
f 2800/2764/2664 2786/2750/2650 2789/2753/2653
f 2799/2763/2663 2800/2764/2664 2789/2753/2653
f 2800/2764/2664 2723/2687/2588 2786/2750/2650
f 2800/2764/2664 2801/2765/2665 2723/2687/2588
f 2801/2765/2665 2800/2764/2664 2799/2763/2663
f 2725/2689/2590 2723/2687/2588 2801/2765/2665
f 2799/2763/2663 2798/2762/2662 2802/2766/2666
f 2802/2766/2666 2801/2765/2665 2799/2763/2663
f 2798/2762/2662 2796/2760/2660 2803/2767/2667
f 2802/2766/2666 2798/2762/2662 2803/2767/2667
f 2804/2768/2668 2801/2765/2665 2802/2766/2666
f 2804/2768/2668 2725/2689/2590 2801/2765/2665
f 2802/2766/2666 2805/2769/2669 2804/2768/2668
f 2802/2766/2666 2803/2767/2667 2805/2769/2669
f 2804/2768/2668 2806/2770/2670 2725/2689/2590
f 2804/2768/2668 2805/2769/2669 2806/2770/2670
f 2803/2767/2667 2796/2760/2660 2807/2771/2671
f 2796/2760/2660 2797/2761/2661 2807/2771/2671
f 2805/2769/2669 2803/2767/2667 2808/2772/2672
f 2803/2767/2667 2807/2771/2671 2808/2772/2672
f 2797/2761/2661 2809/2773/2673 2807/2771/2671
f 2808/2772/2672 2807/2771/2671 2809/2773/2673
f 2809/2773/2673 2797/2761/2661 2810/2774/2674
f 2805/2769/2669 2808/2772/2672 2811/2775/2675
f 2805/2769/2669 2811/2775/2675 2806/2770/2670
f 2808/2772/2672 2809/2773/2673 2812/2776/2676
f 2811/2775/2675 2808/2772/2672 2812/2776/2676
f 2809/2773/2673 2810/2774/2674 2813/2777/2677
f 2812/2776/2676 2809/2773/2673 2813/2777/2677
f 2810/2774/2674 2814/2778/2678 2813/2777/2677
f 2814/2778/2678 2810/2774/2674 2815/2779/2679
f 2812/2776/2676 2813/2777/2677 2816/2780/2680
f 2816/2780/2680 2813/2777/2677 2814/2778/2678
f 2811/2775/2675 2812/2776/2676 2817/2781/2681
f 2817/2781/2681 2812/2776/2676 2816/2780/2680
f 2806/2770/2670 2811/2775/2675 2818/2782/2682
f 2811/2775/2675 2817/2781/2681 2818/2782/2682
f 2818/2782/2682 2819/2783/2683 2806/2770/2670
f 2725/2689/2590 2806/2770/2670 2819/2783/2683
f 2819/2783/2683 2091/2055/1962 2725/2689/2590
f 2818/2782/2682 2817/2781/2681 2820/2784/2684
f 2818/2782/2682 2820/2784/2684 2819/2783/2683
f 2819/2783/2683 2821/2785/2685 2091/2055/1962
f 2821/2785/2685 2081/2045/1952 2091/2055/1962
f 2821/2785/2685 2070/2034/1942 2081/2045/1952
f 2819/2783/2683 2820/2784/2684 2822/2786/2686
f 2822/2786/2686 2821/2785/2685 2819/2783/2683
f 2823/2787/2687 2070/2034/1942 2821/2785/2685
f 2822/2786/2686 2823/2787/2687 2821/2785/2685
f 2823/2787/2687 2062/2026/1934 2070/2034/1942
f 2824/2788/2688 2822/2786/2686 2820/2784/2684
f 2817/2781/2681 2824/2788/2688 2820/2784/2684
f 2825/2789/2689 2062/2026/1934 2823/2787/2687
f 2062/2026/1934 2825/2789/2689 2054/2018/1926
f 2054/2018/1926 2825/2789/2689 2046/2010/1918
f 2826/2790/2690 2824/2788/2688 2817/2781/2681
f 2817/2781/2681 2816/2780/2680 2826/2790/2690
f 2825/2789/2689 2827/2791/2691 2046/2010/1918
f 2046/2010/1918 2827/2791/2691 2044/2008/1916
f 2828/2792/2692 2825/2789/2689 2823/2787/2687
f 2827/2791/2691 2825/2789/2689 2828/2792/2692
f 2828/2792/2692 2823/2787/2687 2822/2786/2686
f 2044/2008/1916 2827/2791/2691 2829/2793/2693
f 2047/2011/1919 2044/2008/1916 2829/2793/2693
f 2830/2794/2694 2822/2786/2686 2824/2788/2688
f 2828/2792/2692 2822/2786/2686 2830/2794/2694
f 2826/2790/2690 2830/2794/2694 2824/2788/2688
f 2826/2790/2690 2816/2780/2680 2831/2795/2695
f 2826/2790/2690 2831/2795/2695 2830/2794/2694
f 2816/2780/2680 2814/2778/2678 2831/2795/2695
f 2832/2796/2696 2828/2792/2692 2830/2794/2694
f 2831/2795/2695 2814/2778/2678 2833/2797/2697
f 2814/2778/2678 2815/2779/2679 2833/2797/2697
f 2830/2794/2694 2831/2795/2695 2834/2798/2698
f 2831/2795/2695 2833/2797/2697 2834/2798/2698
f 2830/2794/2694 2834/2798/2698 2832/2796/2696
f 2815/2779/2679 2835/2799/2699 2833/2797/2697
f 2834/2798/2698 2833/2797/2697 2835/2799/2699
f 2835/2799/2699 2815/2779/2679 2836/2800/2700
f 2832/2796/2696 2834/2798/2698 2837/2801/2701
f 2834/2798/2698 2835/2799/2699 2837/2801/2701
f 2832/2796/2696 2838/2802/2702 2828/2792/2692
f 2832/2796/2696 2837/2801/2701 2838/2802/2702
f 2828/2792/2692 2838/2802/2702 2827/2791/2691
f 2837/2801/2701 2835/2799/2699 2839/2803/2703
f 2835/2799/2699 2836/2800/2700 2839/2803/2703
f 2838/2802/2702 2837/2801/2701 2840/2804/2704
f 2837/2801/2701 2839/2803/2703 2840/2804/2704
f 2841/2805/2705 2827/2791/2691 2838/2802/2702
f 2838/2802/2702 2840/2804/2704 2841/2805/2705
f 2827/2791/2691 2841/2805/2705 2829/2793/2693
f 2842/2806/2706 2839/2803/2703 2836/2800/2700
f 2840/2804/2704 2839/2803/2703 2842/2806/2706
f 2842/2806/2706 2836/2800/2700 2843/2807/2707
f 2841/2805/2705 2840/2804/2704 2844/2808/2708
f 2840/2804/2704 2842/2806/2706 2844/2808/2708
f 2841/2805/2705 2844/2808/2708 2829/2793/2693
f 2842/2806/2706 2843/2807/2707 2845/2809/2709
f 2844/2808/2708 2842/2806/2706 2845/2809/2709
f 2829/2793/2693 2844/2808/2708 2846/2810/2710
f 2844/2808/2708 2845/2809/2709 2846/2810/2710
f 2829/2793/2693 2846/2810/2710 2047/2011/1919
f 2047/2011/1919 2846/2810/2710 2049/2013/1921
f 2843/2807/2707 2847/2811/2711 2845/2809/2709
f 2846/2810/2710 2845/2809/2709 2847/2811/2711
f 2846/2810/2710 2847/2811/2711 2049/2013/1921
f 2847/2811/2711 2843/2807/2707 2036/2000/1908
f 2049/2013/1921 2847/2811/2711 2848/2812/2712
f 2847/2811/2711 2036/2000/1908 2848/2812/2712
f 2049/2013/1921 2848/2812/2712 2039/2003/1911
f 2036/2000/1908 2035/1999/1907 2848/2812/2712
f 2039/2003/1911 2848/2812/2712 2035/1999/1907
f 2851/2813/2713 2849/2814/2713 2850/2815/2714
f 2852/2816/2713 2849/2814/2713 2851/2813/2713
f 2852/2816/2713 2853/2817/2713 2849/2814/2713
f 2852/2816/2713 2854/2818/2713 2853/2817/2713
f 2854/2818/2713 2852/2816/2713 2855/2819/2713
f 2852/2816/2713 2851/2813/2713 2856/2820/2715
f 2857/2821/2716 2852/2816/2713 2856/2820/2715
f 2852/2816/2713 2857/2821/2716 2858/2822/2717
f 2857/2821/2716 2856/2820/2715 2859/2823/2718
f 2857/2821/2716 2859/2823/2718 2860/2824/2719
f 2859/2823/2718 2861/2825/2720 2860/2824/2719
f 2862/2826/2721 2861/2825/2720 2859/2823/2718
f 2863/2827/2722 2861/2825/2720 2862/2826/2721
f 2864/2828/2723 2861/2825/2720 2863/2827/2722
f 2863/2827/2722 2865/2829/2724 2864/2828/2723
f 2866/2830/2725 2865/2829/2724 2863/2827/2722
f 2867/2831/2726 2865/2829/2724 2866/2830/2725
f 2868/2832/2727 2865/2829/2724 2867/2831/2726
f 2869/2833/2728 2868/2832/2727 2867/2831/2726
f 2870/2834/2728 2868/2832/2727 2869/2833/2728
f 2869/2833/2728 2871/2835/2729 2870/2834/2728
f 2872/2836/2730 2871/2835/2729 2869/2833/2728
f 2873/2837/2731 2871/2835/2729 2872/2836/2730
f 2874/2838/2732 2871/2835/2729 2873/2837/2731
f 2873/2837/2731 2875/2839/2733 2874/2838/2732
f 2873/2837/2731 2876/2840/2734 2875/2839/2733
f 2876/2840/2734 2877/2841/2735 2875/2839/2733
f 2877/2841/2735 2878/2842/2736 2879/2843/2735
f 2877/2841/2735 2880/2844/2735 2878/2842/2736
f 2877/2841/2735 2881/2845/2735 2880/2844/2735
f 2877/2841/2735 2876/2840/2734 2881/2845/2735
f 2876/2840/2734 2882/2846/2735 2881/2845/2735
f 2876/2840/2734 2883/2847/2735 2882/2846/2735
f 2883/2847/2735 2876/2840/2734 2884/2848/2735
f 2887/2849/2737 2885/2850/2737 2886/2851/2737
f 2886/2851/2737 2885/2850/2737 2888/2852/2737
f 2885/2850/2737 2889/2853/2738 2888/2852/2737
f 2889/2853/2738 2890/2854/2737 2888/2852/2737
f 2891/2855/2738 2888/2852/2737 2890/2854/2737
f 2892/2856/2739 2886/2851/2737 2888/2852/2737
f 2892/2856/2739 2888/2852/2737 2893/2857/2740
f 2894/2858/2737 2893/2857/2740 2888/2852/2737
f 2895/2859/2741 2892/2856/2739 2893/2857/2740
f 2896/2860/2742 2895/2859/2741 2893/2857/2740
f 2896/2860/2742 2897/2861/2743 2895/2859/2741
f 2895/2859/2741 2897/2861/2743 2898/2862/2744
f 2898/2862/2744 2897/2861/2743 2899/2863/2745
f 2899/2863/2745 2897/2861/2743 2900/2864/2746
f 2900/2864/2746 2901/2865/2747 2899/2863/2745
f 2899/2863/2745 2901/2865/2747 2902/2866/2748
f 2902/2866/2748 2901/2865/2747 2903/2867/2749
f 2903/2867/2749 2901/2865/2747 2904/2868/2750
f 2903/2867/2749 2904/2868/2750 2905/2869/2751
f 2905/2869/2751 2904/2868/2750 2906/2870/2751
f 2906/2870/2751 2907/2871/2752 2905/2869/2751
f 2905/2869/2751 2907/2871/2752 2908/2872/2753
f 2908/2872/2753 2907/2871/2752 2909/2873/2754
f 2909/2873/2754 2907/2871/2752 2910/2874/2755
f 2910/2874/2755 2911/2875/2756 2909/2873/2754
f 2911/2875/2756 2912/2876/2757 2909/2873/2754
f 2911/2875/2756 2913/2877/2758 2912/2876/2757
f 2915/2878/2758 2914/2879/2758 2913/2877/2758
f 2914/2879/2758 2916/2880/2758 2913/2877/2758
f 2916/2880/2758 2917/2881/2758 2913/2877/2758
f 2917/2881/2758 2912/2876/2757 2913/2877/2758
f 2917/2881/2758 2918/2882/2758 2912/2876/2757
f 2918/2882/2758 2919/2883/2758 2912/2876/2757
f 2920/2884/2758 2912/2876/2757 2919/2883/2758
f 2923/2813/2759 2921/2814/2759 2922/2815/2760
f 2924/2816/2759 2921/2814/2759 2923/2813/2759
f 2924/2816/2759 2925/2817/2761 2921/2814/2759
f 2924/2816/2759 2926/2818/2762 2925/2817/2761
f 2926/2818/2762 2924/2816/2759 2927/2819/2763
f 2924/2816/2759 2923/2813/2759 2928/2820/2764
f 2929/2821/2765 2924/2816/2759 2928/2820/2764
f 2924/2816/2759 2929/2821/2765 2930/2822/2766
f 2929/2821/2765 2928/2820/2764 2931/2823/2767
f 2929/2821/2765 2931/2823/2767 2932/2824/2768
f 2931/2823/2767 2933/2825/2769 2932/2824/2768
f 2934/2826/2770 2933/2825/2769 2931/2823/2767
f 2935/2827/2771 2933/2825/2769 2934/2826/2770
f 2936/2828/2772 2933/2825/2769 2935/2827/2771
f 2935/2827/2771 2937/2829/2773 2936/2828/2772
f 2938/2830/2774 2937/2829/2773 2935/2827/2771
f 2939/2831/2775 2937/2829/2773 2938/2830/2774
f 2940/2832/2776 2937/2829/2773 2939/2831/2775
f 2941/2833/2777 2940/2832/2776 2939/2831/2775
f 2942/2834/2777 2940/2832/2776 2941/2833/2777
f 2941/2833/2777 2943/2835/2778 2942/2834/2777
f 2944/2836/2779 2943/2835/2778 2941/2833/2777
f 2945/2837/2780 2943/2835/2778 2944/2836/2779
f 2946/2838/2781 2943/2835/2778 2945/2837/2780
f 2945/2837/2780 2947/2839/2782 2946/2838/2781
f 2945/2837/2780 2948/2840/2783 2947/2839/2782
f 2948/2840/2783 2949/2841/2784 2947/2839/2782
f 2949/2841/2784 2950/2842/2785 2951/2843/2786
f 2949/2841/2784 2952/2844/2787 2950/2842/2785
f 2949/2841/2784 2953/2845/2787 2952/2844/2787
f 2949/2841/2784 2948/2840/2783 2953/2845/2787
f 2948/2840/2783 2954/2846/2785 2953/2845/2787
f 2948/2840/2783 2955/2847/2788 2954/2846/2785
f 2955/2847/2788 2948/2840/2783 2956/2848/2785
f 2959/2885/2789 2957/2886/2790 2958/2887/2791
f 2960/2888/2792 2957/2886/2790 2959/2885/2789
f 2962/2889/2793 2957/2886/2790 2961/2890/2794
f 2961/2890/2794 2957/2886/2790 2963/2891/2795
f 2957/2886/2790 2960/2888/2792 2963/2891/2795
f 2961/2890/2794 2963/2891/2795 2964/2892/2796
f 2966/2893/2797 2960/2888/2792 2965/2894/2798
f 2964/2892/2796 2963/2891/2795 2967/2895/2799
f 2964/2892/2796 2967/2895/2799 2968/2896/2800
f 2963/2891/2795 2960/2888/2792 2969/2897/2801
f 2969/2897/2801 2960/2888/2792 2966/2893/2797
f 2969/2897/2801 2970/2898/2802 2963/2891/2795
f 2966/2893/2797 2970/2898/2802 2969/2897/2801
f 2963/2891/2795 2970/2898/2802 2967/2895/2799
f 2971/2899/2803 2970/2898/2802 2966/2893/2797
f 2968/2896/2800 2967/2895/2799 2972/2900/2804
f 2968/2896/2800 2972/2900/2804 2973/2901/2805
f 2974/2902/2806 2967/2895/2799 2970/2898/2802
f 2971/2899/2803 2974/2902/2806 2970/2898/2802
f 2972/2900/2804 2967/2895/2799 2974/2902/2806
f 2975/2903/2807 2974/2902/2806 2971/2899/2803
f 2973/2901/2805 2972/2900/2804 2976/2904/2808
f 2973/2901/2805 2976/2904/2808 2977/2905/2809
f 2978/2906/2810 2972/2900/2804 2974/2902/2806
f 2975/2903/2807 2978/2906/2810 2974/2902/2806
f 2976/2904/2808 2972/2900/2804 2978/2906/2810
f 2979/2907/2811 2978/2906/2810 2975/2903/2807
f 2977/2905/2809 2976/2904/2808 2980/2908/2812
f 2977/2905/2809 2980/2908/2812 2981/2909/2813
f 2978/2906/2810 2982/2910/2814 2976/2904/2808
f 2979/2907/2811 2982/2910/2814 2978/2906/2810
f 2976/2904/2808 2982/2910/2814 2980/2908/2812
f 2983/2911/2815 2982/2910/2814 2979/2907/2811
f 2981/2909/2813 2980/2908/2812 2984/2912/2816
f 2981/2909/2813 2984/2912/2816 2985/2913/2817
f 2986/2914/2818 2980/2908/2812 2982/2910/2814
f 2983/2911/2815 2986/2914/2818 2982/2910/2814
f 2984/2912/2816 2980/2908/2812 2986/2914/2818
f 2987/2915/2819 2986/2914/2818 2983/2911/2815
f 2985/2913/2817 2984/2912/2816 2988/2916/2820
f 2985/2913/2817 2988/2916/2820 2989/2917/2821
f 2990/2918/2822 2984/2912/2816 2986/2914/2818
f 2987/2915/2819 2990/2918/2822 2986/2914/2818
f 2988/2916/2820 2984/2912/2816 2990/2918/2822
f 2991/2919/2823 2990/2918/2822 2987/2915/2819
f 2989/2917/2821 2988/2916/2820 2992/2920/2824
f 2989/2917/2821 2992/2920/2824 2993/2921/2825
f 2994/2922/2826 2988/2916/2820 2990/2918/2822
f 2991/2919/2823 2994/2922/2826 2990/2918/2822
f 2992/2920/2824 2988/2916/2820 2994/2922/2826
f 2995/2923/2827 2994/2922/2826 2991/2919/2823
f 2993/2921/2825 2992/2920/2824 2996/2924/2828
f 2993/2921/2825 2996/2924/2828 2997/2925/2829
f 2994/2922/2826 2998/2926/2830 2992/2920/2824
f 2995/2923/2827 2998/2926/2830 2994/2922/2826
f 2992/2920/2824 2998/2926/2830 2996/2924/2828
f 2999/2927/2831 2998/2926/2830 2995/2923/2827
f 3000/2928/2832 2998/2926/2830 2999/2927/2831
f 3001/2929/2833 2996/2924/2828 2998/2926/2830
f 3001/2929/2833 2998/2926/2830 3000/2928/2832
f 2997/2925/2829 2996/2924/2828 3002/2930/2834
f 3002/2930/2834 2996/2924/2828 3001/2929/2833
f 2997/2925/2829 3002/2930/2834 3003/2931/2835
f 3000/2928/2832 3004/2932/2836 3001/2929/2833
f 3004/2932/2836 3002/2930/2834 3001/2929/2833
f 3005/2933/2837 3004/2932/2836 3000/2928/2832
f 3003/2931/2835 3002/2930/2834 3006/2934/2838
f 3006/2934/2838 3002/2930/2834 3004/2932/2836
f 3003/2931/2835 3006/2934/2838 3007/2935/2839
f 3005/2933/2837 3008/2936/2840 3004/2932/2836
f 3008/2936/2840 3006/2934/2838 3004/2932/2836
f 3009/2937/2841 3008/2936/2840 3005/2933/2837
f 3007/2935/2839 3006/2934/2838 3010/2938/2842
f 3010/2938/2842 3006/2934/2838 3008/2936/2840
f 3007/2935/2839 3010/2938/2842 3011/2939/2843
f 3009/2937/2841 3012/2940/2844 3008/2936/2840
f 3011/2939/2843 3010/2938/2842 3013/2941/2845
f 3010/2938/2842 3008/2936/2840 3013/2941/2845
f 3013/2941/2845 3008/2936/2840 3012/2940/2844
f 3011/2939/2843 3013/2941/2845 3014/2942/2846
f 3015/2943/2847 3012/2940/2844 3009/2937/2841
f 3014/2942/2846 3013/2941/2845 3016/2944/2848
f 3013/2941/2845 3012/2940/2844 3016/2944/2848
f 3014/2942/2846 3016/2944/2848 3017/2945/2849
f 3015/2943/2847 3018/2946/2850 3012/2940/2844
f 3016/2944/2848 3012/2940/2844 3018/2946/2850
f 3019/2947/2851 3018/2946/2850 3015/2943/2847
f 3017/2945/2849 3016/2944/2848 3020/2948/2852
f 3016/2944/2848 3018/2946/2850 3020/2948/2852
f 3017/2945/2849 3020/2948/2852 3021/2949/2853
f 3019/2947/2851 3022/2950/2854 3018/2946/2850
f 3020/2948/2852 3018/2946/2850 3022/2950/2854
f 3023/2951/2855 3022/2950/2854 3019/2947/2851
f 3021/2949/2853 3020/2948/2852 3024/2952/2856
f 3020/2948/2852 3022/2950/2854 3024/2952/2856
f 3021/2949/2853 3024/2952/2856 3025/2953/2857
f 3023/2951/2855 3026/2954/2858 3022/2950/2854
f 3024/2952/2856 3022/2950/2854 3026/2954/2858
f 3027/2955/2859 3026/2954/2858 3023/2951/2855
f 3028/2956/2860 3026/2954/2858 3027/2955/2859
f 3025/2953/2857 3024/2952/2856 3029/2957/2861
f 3024/2952/2856 3026/2954/2858 3029/2957/2861
f 3025/2953/2857 3029/2957/2861 3030/2958/2862
f 3031/2959/2863 3026/2954/2858 3028/2956/2860
f 3029/2957/2861 3026/2954/2858 3031/2959/2863
f 3028/2956/2860 3032/2960/2864 3031/2959/2863
f 3032/2960/2864 3029/2957/2861 3031/2959/2863
f 3033/2961/2865 3032/2960/2864 3028/2956/2860
f 3030/2958/2862 3029/2957/2861 3034/2962/2866
f 3034/2962/2866 3029/2957/2861 3032/2960/2864
f 3033/2961/2865 3035/2963/2867 3032/2960/2864
f 3035/2963/2867 3034/2962/2866 3032/2960/2864
f 3036/2964/2868 3035/2963/2867 3033/2961/2865
f 3034/2962/2866 3037/2965/2869 3030/2958/2862
f 3037/2965/2869 3034/2962/2866 3035/2963/2867
f 3030/2958/2862 3037/2965/2869 3038/2966/2870
f 3038/2966/2870 3037/2965/2869 3039/2967/2871
f 3036/2964/2868 3040/2968/2872 3035/2963/2867
f 3040/2968/2872 3037/2965/2869 3035/2963/2867
f 3041/2969/2873 3040/2968/2872 3036/2964/2868
f 3039/2967/2871 3037/2965/2869 3042/2970/2874
f 3042/2970/2874 3037/2965/2869 3040/2968/2872
f 3039/2967/2871 3042/2970/2874 3043/2971/2875
f 3041/2969/2873 3044/2972/2876 3040/2968/2872
f 3040/2968/2872 3044/2972/2876 3042/2970/2874
f 3045/2973/2877 3044/2972/2876 3041/2969/2873
f 3043/2971/2875 3042/2970/2874 3046/2974/2878
f 3042/2970/2874 3044/2972/2876 3046/2974/2878
f 3043/2971/2875 3046/2974/2878 3047/2975/2879
f 3048/2976/2880 3044/2972/2876 3045/2973/2877
f 3047/2975/2879 3046/2974/2878 3049/2977/2881
f 3046/2974/2878 3044/2972/2876 3049/2977/2881
f 3047/2975/2879 3049/2977/2881 3050/2978/2882
f 3051/2979/2883 3044/2972/2876 3048/2976/2880
f 3049/2977/2881 3044/2972/2876 3051/2979/2883
f 3052/2980/2884 3051/2979/2883 3048/2976/2880
f 3050/2978/2882 3049/2977/2881 3053/2981/2885
f 3049/2977/2881 3051/2979/2883 3053/2981/2885
f 3050/2978/2882 3053/2981/2885 3054/2982/2886
f 3055/2983/2887 3051/2979/2883 3052/2980/2884
f 3053/2981/2885 3051/2979/2883 3055/2983/2887
f 3054/2982/2886 3053/2981/2885 3056/2984/2888
f 3053/2981/2885 3055/2983/2887 3056/2984/2888
f 3054/2982/2886 3056/2984/2888 3057/2985/2889
f 3052/2980/2884 3058/2986/2890 3055/2983/2887
f 3056/2984/2888 3055/2983/2887 3058/2986/2890
f 3059/2987/2891 3058/2986/2890 3052/2980/2884
f 3057/2985/2889 3056/2984/2888 3060/2988/2892
f 3057/2985/2889 3060/2988/2892 3061/2989/2893
f 3058/2986/2890 3062/2990/2894 3056/2984/2888
f 3059/2987/2891 3062/2990/2894 3058/2986/2890
f 3056/2984/2888 3062/2990/2894 3060/2988/2892
f 3063/2991/2895 3062/2990/2894 3059/2987/2891
f 3061/2989/2893 3060/2988/2892 3064/2992/2896
f 3061/2989/2893 3064/2992/2896 3065/2993/2897
f 3066/2994/2898 3060/2988/2892 3062/2990/2894
f 3063/2991/2895 3066/2994/2898 3062/2990/2894
f 3064/2992/2896 3060/2988/2892 3066/2994/2898
f 3067/2995/2899 3066/2994/2898 3063/2991/2895
f 3065/2993/2897 3064/2992/2896 3068/2996/2900
f 3065/2993/2897 3068/2996/2900 3069/2997/2901
f 3070/2998/2902 3064/2992/2896 3066/2994/2898
f 3067/2995/2899 3070/2998/2902 3066/2994/2898
f 3068/2996/2900 3064/2992/2896 3070/2998/2902
f 3071/2999/2903 3070/2998/2902 3067/2995/2899
f 3072/3000/2904 3070/2998/2902 3071/2999/2903
f 3073/3001/2905 3070/2998/2902 3072/3000/2904
f 3073/3001/2905 3068/2996/2900 3070/2998/2902
f 3074/3002/2906 3073/3001/2905 3072/3000/2904
f 3069/2997/2901 3068/2996/2900 3075/3003/2907
f 3075/3003/2907 3068/2996/2900 3073/3001/2905
f 3075/3003/2907 3076/3004/2908 3069/2997/2901
f 3077/3005/2909 3073/3001/2905 3074/3002/2906
f 3077/3005/2909 3075/3003/2907 3073/3001/2905
f 3078/3006/2910 3077/3005/2909 3074/3002/2906
f 3079/3007/2911 3076/3004/2908 3075/3003/2907
f 3079/3007/2911 3075/3003/2907 3077/3005/2909
f 3076/3004/2908 3079/3007/2911 3080/3008/2912
f 3081/3009/2913 3077/3005/2909 3078/3006/2910
f 3081/3009/2913 3079/3007/2911 3077/3005/2909
f 3082/3010/2914 3081/3009/2913 3078/3006/2910
f 3080/3008/2912 3079/3007/2911 3083/3011/2915
f 3083/3011/2915 3079/3007/2911 3081/3009/2913
f 3080/3008/2912 3083/3011/2915 3084/3012/2916
f 3085/3013/2917 3081/3009/2913 3082/3010/2914
f 3085/3013/2917 3083/3011/2915 3081/3009/2913
f 3086/3014/2918 3085/3013/2917 3082/3010/2914
f 3084/3012/2916 3083/3011/2915 3087/3015/2919
f 3087/3015/2919 3083/3011/2915 3085/3013/2917
f 3084/3012/2916 3087/3015/2919 3088/3016/2920
f 3089/3017/2921 3085/3013/2917 3086/3014/2918
f 3089/3017/2921 3087/3015/2919 3085/3013/2917
f 3090/3018/2922 3089/3017/2921 3086/3014/2918
f 3088/3016/2920 3087/3015/2919 3091/3019/2923
f 3091/3019/2923 3087/3015/2919 3089/3017/2921
f 3092/3020/2924 3089/3017/2921 3090/3018/2922
f 3089/3017/2921 3092/3020/2924 3091/3019/2923
f 3091/3019/2923 3093/3021/2925 3088/3016/2920
f 3091/3019/2923 3092/3020/2924 3093/3021/2925
f 3088/3016/2920 3093/3021/2925 3094/3022/2926
f 3094/3022/2926 3093/3021/2925 3095/3023/2927
f 3090/3018/2922 3096/3024/2928 3092/3020/2924
f 3096/3024/2928 3093/3021/2925 3092/3020/2924
f 3097/3025/2929 3096/3024/2928 3090/3018/2922
f 3095/3023/2927 3093/3021/2925 3098/3026/2930
f 3098/3026/2930 3093/3021/2925 3096/3024/2928
f 3097/3025/2929 3099/3027/2931 3096/3024/2928
f 3099/3027/2931 3098/3026/2930 3096/3024/2928
f 3100/3028/2932 3099/3027/2931 3097/3025/2929
f 3098/3026/2930 3101/3029/2933 3095/3023/2927
f 3101/3029/2933 3098/3026/2930 3099/3027/2931
f 3095/3023/2927 3101/3029/2933 3102/3030/2934
f 3100/3028/2932 3103/3031/2935 3099/3027/2931
f 3101/3029/2933 3104/3032/2936 3102/3030/2934
f 3101/3029/2933 3099/3027/2931 3104/3032/2936
f 3104/3032/2936 3099/3027/2931 3103/3031/2935
f 3102/3030/2934 3104/3032/2936 3105/3033/2937
f 3106/3034/2932 3103/3031/2935 3100/3028/2932
f 3104/3032/2936 3107/3035/2938 3105/3033/2937
f 3104/3032/2936 3103/3031/2935 3107/3035/2938
f 3105/3033/2937 3107/3035/2938 3108/3036/2939
f 3106/3034/2932 3109/3037/2940 3103/3031/2935
f 3107/3035/2938 3103/3031/2935 3109/3037/2940
f 3110/3038/2941 3109/3037/2940 3106/3034/2932
f 3107/3035/2938 3111/3039/2942 3108/3036/2939
f 3107/3035/2938 3109/3037/2940 3111/3039/2942
f 3108/3036/2939 3111/3039/2942 3112/3040/2943
f 3110/3038/2941 3113/3041/2944 3109/3037/2940
f 3111/3039/2942 3109/3037/2940 3113/3041/2944
f 3114/3042/2945 3113/3041/2944 3110/3038/2941
f 3111/3039/2942 3115/3043/2946 3112/3040/2943
f 3111/3039/2942 3113/3041/2944 3115/3043/2946
f 3112/3040/2943 3115/3043/2946 3116/3044/2947
f 3114/3042/2945 3117/3045/2948 3113/3041/2944
f 3115/3043/2946 3113/3041/2944 3117/3045/2948
f 3118/3046/2949 3117/3045/2948 3114/3042/2945
f 3119/3047/2950 3117/3045/2948 3118/3046/2949
f 3115/3043/2946 3120/3048/2951 3116/3044/2947
f 3115/3043/2946 3117/3045/2948 3120/3048/2951
f 3116/3044/2947 3120/3048/2951 3121/3049/2952
f 3122/3050/2953 3117/3045/2948 3119/3047/2950
f 3120/3048/2951 3117/3045/2948 3122/3050/2953
f 3120/3048/2951 3123/3051/2954 3121/3049/2952
f 3120/3048/2951 3122/3050/2953 3123/3051/2954
f 3121/3049/2952 3123/3051/2954 3124/3052/2955
f 3124/3052/2955 3123/3051/2954 3125/3053/2956
f 3119/3047/2950 3126/3054/2957 3122/3050/2953
f 3123/3051/2954 3122/3050/2953 3126/3054/2957
f 3127/3055/2958 3126/3054/2957 3119/3047/2950
f 3125/3053/2956 3123/3051/2954 3128/3056/2959
f 3123/3051/2954 3126/3054/2957 3128/3056/2959
f 3127/3055/2958 3129/3057/2960 3126/3054/2957
f 3128/3056/2959 3126/3054/2957 3129/3057/2960
f 3130/3058/2961 3129/3057/2960 3127/3055/2958
f 3131/3059/2962 3129/3057/2960 3130/3058/2961
f 3128/3056/2959 3132/3060/2963 3125/3053/2956
f 3128/3056/2959 3129/3057/2960 3132/3060/2963
f 3125/3053/2956 3132/3060/2963 3133/3061/2964
f 3134/3062/2965 3129/3057/2960 3131/3059/2962
f 3132/3060/2963 3129/3057/2960 3134/3062/2965
f 3135/3063/2966 3134/3062/2965 3131/3059/2962
f 3132/3060/2963 3136/3064/2967 3133/3061/2964
f 3132/3060/2963 3134/3062/2965 3136/3064/2967
f 3133/3061/2964 3136/3064/2967 3137/3065/2968
f 3138/3066/2969 3134/3062/2965 3135/3063/2966
f 3136/3064/2967 3134/3062/2965 3138/3066/2969
f 3136/3064/2967 3139/3067/2970 3137/3065/2968
f 3136/3064/2967 3138/3066/2969 3139/3067/2970
f 3137/3065/2968 3139/3067/2970 3140/3068/2971
f 3140/3068/2971 3139/3067/2970 3141/3069/2972
f 3135/3063/2966 3142/3070/2973 3138/3066/2969
f 3139/3067/2970 3138/3066/2969 3142/3070/2973
f 3143/3071/2974 3142/3070/2973 3135/3063/2966
f 3144/3072/2975 3142/3070/2973 3143/3071/2974
f 3141/3069/2972 3139/3067/2970 3145/3073/2976
f 3139/3067/2970 3142/3070/2973 3145/3073/2976
f 3146/3074/2977 3142/3070/2973 3144/3072/2975
f 3145/3073/2976 3142/3070/2973 3146/3074/2977
f 3147/3075/2978 3146/3074/2977 3144/3072/2975
f 3145/3073/2976 3148/3076/2979 3141/3069/2972
f 3145/3073/2976 3146/3074/2977 3148/3076/2979
f 3141/3069/2972 3148/3076/2979 3149/3077/2980
f 3150/3078/2981 3146/3074/2977 3147/3075/2978
f 3148/3076/2979 3146/3074/2977 3150/3078/2981
f 3151/3079/2982 3150/3078/2981 3147/3075/2978
f 3148/3076/2979 3152/3080/2983 3149/3077/2980
f 3148/3076/2979 3150/3078/2981 3152/3080/2983
f 3149/3077/2980 3152/3080/2983 3153/3081/2984
f 3154/3082/2985 3150/3078/2981 3151/3079/2982
f 3152/3080/2983 3150/3078/2981 3154/3082/2985
f 3155/3083/2986 3154/3082/2985 3151/3079/2982
f 3152/3080/2983 3156/3084/2987 3153/3081/2984
f 3152/3080/2983 3154/3082/2985 3156/3084/2987
f 3153/3081/2984 3156/3084/2987 3157/3085/2988
f 3158/3086/2989 3154/3082/2985 3155/3083/2986
f 3156/3084/2987 3154/3082/2985 3158/3086/2989
f 3159/3087/2990 3158/3086/2989 3155/3083/2986
f 3156/3084/2987 3160/3088/2991 3157/3085/2988
f 3156/3084/2987 3158/3086/2989 3160/3088/2991
f 3157/3085/2988 3160/3088/2991 3161/3089/2992
f 3162/3090/2993 3158/3086/2989 3159/3087/2990
f 3160/3088/2991 3158/3086/2989 3162/3090/2993
f 3163/3091/2994 3162/3090/2993 3159/3087/2990
f 3160/3088/2991 3164/3092/2995 3161/3089/2992
f 3160/3088/2991 3162/3090/2993 3164/3092/2995
f 3161/3089/2992 3164/3092/2995 3165/3093/2996
f 3166/3094/2997 3162/3090/2993 3163/3091/2994
f 3164/3092/2995 3162/3090/2993 3166/3094/2997
f 3167/3095/2998 3166/3094/2997 3163/3091/2994
f 3164/3092/2995 3168/3096/2999 3165/3093/2996
f 3164/3092/2995 3166/3094/2997 3168/3096/2999
f 3165/3093/2996 3168/3096/2999 3169/3097/3000
f 3170/3098/3001 3166/3094/2997 3167/3095/2998
f 3168/3096/2999 3166/3094/2997 3170/3098/3001
f 3171/3099/3002 3170/3098/3001 3167/3095/2998
f 3168/3096/2999 3172/3100/3003 3169/3097/3000
f 3168/3096/2999 3170/3098/3001 3172/3100/3003
f 3169/3097/3000 3172/3100/3003 3173/3101/3004
f 3174/3102/3005 3170/3098/3001 3171/3099/3002
f 3172/3100/3003 3170/3098/3001 3174/3102/3005
f 3175/3103/3006 3174/3102/3005 3171/3099/3002
f 3172/3100/3003 3176/3104/3007 3173/3101/3004
f 3172/3100/3003 3174/3102/3005 3176/3104/3007
f 3173/3101/3004 3176/3104/3007 3177/3105/3008
f 3178/3106/3009 3174/3102/3005 3175/3103/3006
f 3176/3104/3007 3174/3102/3005 3178/3106/3009
f 3179/3107/3010 3178/3106/3009 3175/3103/3006
f 3176/3104/3007 3180/3108/3011 3177/3105/3008
f 3176/3104/3007 3178/3106/3009 3180/3108/3011
f 3177/3105/3008 3180/3108/3011 3181/3109/3012
f 3182/3110/3013 3178/3106/3009 3179/3107/3010
f 3180/3108/3011 3178/3106/3009 3182/3110/3013
f 3183/3111/3014 3182/3110/3013 3179/3107/3010
f 3180/3108/3011 3184/3112/3015 3181/3109/3012
f 3180/3108/3011 3182/3110/3013 3184/3112/3015
f 3181/3109/3012 3184/3112/3015 3185/3113/3016
f 3186/3114/3017 3182/3110/3013 3183/3111/3014
f 3184/3112/3015 3182/3110/3013 3186/3114/3017
f 3184/3112/3015 3187/3115/3018 3185/3113/3016
f 3184/3112/3015 3186/3114/3017 3187/3115/3018
f 3185/3113/3016 3187/3115/3018 3188/3116/3019
f 3188/3116/3019 3187/3115/3018 3189/3117/3020
f 3183/3111/3014 3190/3118/3021 3186/3114/3017
f 3187/3115/3018 3186/3114/3017 3190/3118/3021
f 3191/3119/3022 3190/3118/3021 3183/3111/3014
f 3192/3120/3023 3190/3118/3021 3191/3119/3022
f 3189/3117/3020 3187/3115/3018 3193/3121/3024
f 3187/3115/3018 3190/3118/3021 3193/3121/3024
f 3189/3117/3020 3193/3121/3024 3194/3122/3025
f 3195/3123/3026 3190/3118/3021 3192/3120/3023
f 3193/3121/3024 3190/3118/3021 3195/3123/3026
f 3196/3124/3027 3195/3123/3026 3192/3120/3023
f 3194/3122/3025 3193/3121/3024 3197/3125/3028
f 3193/3121/3024 3195/3123/3026 3197/3125/3028
f 3194/3122/3025 3197/3125/3028 3198/3126/3029
f 3199/3127/3030 3195/3123/3026 3196/3124/3027
f 3197/3125/3028 3195/3123/3026 3199/3127/3030
f 3200/3128/3031 3199/3127/3030 3196/3124/3027
f 3198/3126/3029 3197/3125/3028 3201/3129/3032
f 3197/3125/3028 3199/3127/3030 3201/3129/3032
f 3202/3130/3033 3199/3127/3030 3200/3128/3031
f 3201/3129/3032 3199/3127/3030 3202/3130/3033
f 3203/3131/3034 3202/3130/3033 3200/3128/3031
f 3201/3129/3032 3204/3132/3035 3198/3126/3029
f 3198/3126/3029 3204/3132/3035 3205/3133/3036
f 3206/3134/3037 3201/3129/3032 3202/3130/3033
f 3204/3132/3035 3201/3129/3032 3206/3134/3037
f 3206/3134/3037 3202/3130/3033 3203/3131/3034
f 3204/3132/3035 3207/3135/3038 3205/3133/3036
f 3205/3133/3036 3207/3135/3038 3208/3136/3039
f 3209/3137/3040 3204/3132/3035 3206/3134/3037
f 3203/3131/3034 3209/3137/3040 3206/3134/3037
f 3207/3135/3038 3204/3132/3035 3209/3137/3040
f 3210/3138/3041 3209/3137/3040 3203/3131/3034
f 3208/3136/3039 3207/3135/3038 3211/3139/3042
f 3210/3138/3041 3212/3140/3043 3209/3137/3040
f 3212/3140/3043 3207/3135/3038 3209/3137/3040
f 3213/3141/3044 3212/3140/3043 3210/3138/3041
f 3211/3139/3042 3207/3135/3038 3214/3142/3045
f 3214/3142/3045 3207/3135/3038 3212/3140/3043
f 3213/3141/3044 3215/3143/3046 3212/3140/3043
f 3212/3140/3043 3215/3143/3046 3214/3142/3045
f 3216/3144/3047 3215/3143/3046 3213/3141/3044
f 3214/3142/3045 3217/3145/3048 3211/3139/3042
f 3214/3142/3045 3215/3143/3046 3217/3145/3048
f 3211/3139/3042 3217/3145/3048 3218/3146/3049
f 3216/3144/3047 3219/3147/3050 3215/3143/3046
f 3219/3147/3050 3217/3145/3048 3215/3143/3046
f 3220/3148/3051 3219/3147/3050 3216/3144/3047
f 3221/3149/3052 3219/3147/3050 3220/3148/3051
f 3217/3145/3048 3222/3150/3053 3218/3146/3049
f 3222/3150/3053 3217/3145/3048 3219/3147/3050
f 3218/3146/3049 3222/3150/3053 3223/3151/3054
f 3223/3151/3054 3222/3150/3053 3224/3152/3055
f 3225/3153/3056 3219/3147/3050 3221/3149/3052
f 3225/3153/3056 3222/3150/3053 3219/3147/3050
f 3227/3154/3057 3226/3155/3058 3221/3149/3052
f 3221/3149/3052 3226/3155/3058 3225/3153/3056
f 3228/3156/3059 3222/3150/3053 3225/3153/3056
f 3225/3153/3056 3226/3155/3058 3228/3156/3059
f 3224/3152/3055 3222/3150/3053 3228/3156/3059
f 3230/3157/3060 3226/3155/3058 3229/3158/3060
f 3231/3159/3061 3226/3155/3058 3230/3157/3060
f 3228/3156/3059 3226/3155/3058 3231/3159/3061
f 3228/3156/3059 3231/3159/3061 3224/3152/3055
f 3224/3152/3055 3231/3159/3061 3232/3160/3062
f 3235/3161/3063 3233/3162/3064 3234/3163/3065
f 3234/3163/3065 3233/3162/3064 3236/3164/3066
f 3238/3165/3067 3233/3162/3064 3237/3166/3068
f 3239/3167/3069 3233/3162/3064 3238/3165/3067
f 3233/3162/3064 3239/3167/3069 3236/3164/3066
f 3240/3168/3070 3239/3167/3069 3238/3165/3067
f 3242/3169/3071 3236/3164/3066 3241/3170/3072
f 3236/3164/3066 3239/3167/3069 3243/3171/3073
f 3241/3170/3072 3236/3164/3066 3243/3171/3073
f 3244/3172/3074 3239/3167/3069 3240/3168/3070
f 3245/3173/3075 3244/3172/3074 3240/3168/3070
f 3243/3171/3073 3239/3167/3069 3246/3174/3076
f 3243/3171/3073 3246/3174/3076 3241/3170/3072
f 3246/3174/3076 3239/3167/3069 3244/3172/3074
f 3241/3170/3072 3246/3174/3076 3247/3175/3077
f 3246/3174/3076 3248/3176/3078 3247/3175/3077
f 3246/3174/3076 3244/3172/3074 3248/3176/3078
f 3247/3175/3077 3248/3176/3078 3249/3177/3079
f 3250/3178/3080 3244/3172/3074 3245/3173/3075
f 3248/3176/3078 3244/3172/3074 3250/3178/3080
f 3251/3179/3081 3250/3178/3080 3245/3173/3075
f 3248/3176/3078 3252/3180/3082 3249/3177/3079
f 3248/3176/3078 3250/3178/3080 3252/3180/3082
f 3249/3177/3079 3252/3180/3082 3253/3181/3083
f 3254/3182/3084 3250/3178/3080 3251/3179/3081
f 3252/3180/3082 3250/3178/3080 3254/3182/3084
f 3255/3183/3085 3254/3182/3084 3251/3179/3081
f 3252/3180/3082 3256/3184/3086 3253/3181/3083
f 3252/3180/3082 3254/3182/3084 3256/3184/3086
f 3253/3181/3083 3256/3184/3086 3257/3185/3087
f 3258/3186/3088 3254/3182/3084 3255/3183/3085
f 3256/3184/3086 3254/3182/3084 3258/3186/3088
f 3259/3187/3089 3258/3186/3088 3255/3183/3085
f 3256/3184/3086 3260/3188/3090 3257/3185/3087
f 3256/3184/3086 3258/3186/3088 3260/3188/3090
f 3257/3185/3087 3260/3188/3090 3261/3189/3091
f 3262/3190/3092 3258/3186/3088 3259/3187/3089
f 3260/3188/3090 3258/3186/3088 3262/3190/3092
f 3263/3191/3093 3262/3190/3092 3259/3187/3089
f 3260/3188/3090 3264/3192/3094 3261/3189/3091
f 3260/3188/3090 3262/3190/3092 3264/3192/3094
f 3261/3189/3091 3264/3192/3094 3265/3193/3095
f 3266/3194/3096 3262/3190/3092 3263/3191/3093
f 3264/3192/3094 3262/3190/3092 3266/3194/3096
f 3267/3195/3097 3266/3194/3096 3263/3191/3093
f 3264/3192/3094 3268/3196/3098 3265/3193/3095
f 3264/3192/3094 3266/3194/3096 3268/3196/3098
f 3265/3193/3095 3268/3196/3098 3269/3197/3099
f 3270/3198/3100 3266/3194/3096 3267/3195/3097
f 3268/3196/3098 3266/3194/3096 3270/3198/3100
f 3271/3199/3101 3270/3198/3100 3267/3195/3097
f 3268/3196/3098 3272/3200/3102 3269/3197/3099
f 3268/3196/3098 3270/3198/3100 3272/3200/3102
f 3269/3197/3099 3272/3200/3102 3273/3201/3103
f 3274/3202/3104 3270/3198/3100 3271/3199/3101
f 3272/3200/3102 3270/3198/3100 3274/3202/3104
f 3275/3203/3105 3274/3202/3104 3271/3199/3101
f 3272/3200/3102 3276/3204/3106 3273/3201/3103
f 3272/3200/3102 3274/3202/3104 3276/3204/3106
f 3273/3201/3103 3276/3204/3106 3277/3205/904
f 3278/3206/3107 3274/3202/3104 3275/3203/3105
f 3276/3204/3106 3274/3202/3104 3278/3206/3107
f 3279/3207/3108 3278/3206/3107 3275/3203/3105
f 3276/3204/3106 3280/3208/3109 3277/3205/904
f 3276/3204/3106 3278/3206/3107 3280/3208/3109
f 3277/3205/904 3280/3208/3109 3281/3209/3110
f 3282/3210/3111 3278/3206/3107 3279/3207/3108
f 3280/3208/3109 3278/3206/3107 3282/3210/3111
f 3283/3211/3112 3282/3210/3111 3279/3207/3108
f 3280/3208/3109 3284/3212/3113 3281/3209/3110
f 3280/3208/3109 3282/3210/3111 3284/3212/3113
f 3281/3209/3110 3284/3212/3113 3285/3213/3114
f 3286/3214/3115 3282/3210/3111 3283/3211/3112
f 3284/3212/3113 3282/3210/3111 3286/3214/3115
f 3287/3215/3116 3286/3214/3115 3283/3211/3112
f 3284/3212/3113 3288/3216/3117 3285/3213/3114
f 3285/3213/3114 3288/3216/3117 3289/3217/3118
f 3286/3214/3115 3290/3218/3119 3284/3212/3113
f 3290/3218/3119 3286/3214/3115 3287/3215/3116
f 3284/3212/3113 3290/3218/3119 3288/3216/3117
f 3291/3219/3120 3290/3218/3119 3287/3215/3116
f 3289/3217/3118 3288/3216/3117 3292/3220/3121
f 3293/3221/3122 3290/3218/3119 3291/3219/3120
f 3290/3218/3119 3293/3221/3122 3288/3216/3117
f 3292/3220/3121 3288/3216/3117 3294/3222/3123
f 3288/3216/3117 3293/3221/3122 3294/3222/3123
f 3291/3219/3120 3295/3223/3124 3293/3221/3122
f 3293/3221/3122 3295/3223/3124 3294/3222/3123
f 3296/3224/3125 3295/3223/3124 3291/3219/3120
f 3297/3225/3126 3295/3223/3124 3296/3224/3125
f 3294/3222/3123 3298/3226/3127 3292/3220/3121
f 3294/3222/3123 3295/3223/3124 3298/3226/3127
f 3292/3220/3121 3298/3226/3127 3299/3227/3128
f 3299/3227/3128 3298/3226/3127 3300/3228/3129
f 3301/3229/3130 3295/3223/3124 3297/3225/3126
f 3295/3223/3124 3301/3229/3130 3298/3226/3127
f 3302/3230/3131 3301/3229/3130 3297/3225/3126
f 3300/3228/3129 3298/3226/3127 3303/3231/3132
f 3298/3226/3127 3301/3229/3130 3303/3231/3132
f 3303/3231/3132 3304/3232/3133 3300/3228/3129
f 3303/3231/3132 3301/3229/3130 3304/3232/3133
f 3300/3228/3129 3304/3232/3133 3305/3233/3134
f 3306/3234/3135 3301/3229/3130 3302/3230/3131
f 3304/3232/3133 3301/3229/3130 3306/3234/3135
f 3307/3235/3136 3306/3234/3135 3302/3230/3131
f 3304/3232/3133 3308/3236/3137 3305/3233/3134
f 3304/3232/3133 3306/3234/3135 3308/3236/3137
f 3305/3233/3134 3308/3236/3137 3309/3237/3138
f 3310/3238/3139 3306/3234/3135 3307/3235/3136
f 3308/3236/3137 3306/3234/3135 3310/3238/3139
f 3311/3239/3140 3310/3238/3139 3307/3235/3136
f 3308/3236/3137 3312/3240/3141 3309/3237/3138
f 3308/3236/3137 3310/3238/3139 3312/3240/3141
f 3309/3237/3138 3312/3240/3141 3313/3241/3142
f 3314/3242/3143 3310/3238/3139 3311/3239/3140
f 3312/3240/3141 3310/3238/3139 3314/3242/3143
f 3315/3243/3144 3314/3242/3143 3311/3239/3140
f 3312/3240/3141 3316/3244/3145 3313/3241/3142
f 3312/3240/3141 3314/3242/3143 3316/3244/3145
f 3313/3241/3142 3316/3244/3145 3317/3245/3146
f 3318/3246/3147 3314/3242/3143 3315/3243/3144
f 3316/3244/3145 3314/3242/3143 3318/3246/3147
f 3319/3247/3148 3318/3246/3147 3315/3243/3144
f 3316/3244/3145 3320/3248/3149 3317/3245/3146
f 3316/3244/3145 3318/3246/3147 3320/3248/3149
f 3317/3245/3146 3320/3248/3149 3321/3249/3146
f 3322/3250/3150 3318/3246/3147 3319/3247/3148
f 3320/3248/3149 3318/3246/3147 3322/3250/3150
f 3323/3251/3151 3322/3250/3150 3319/3247/3148
f 3320/3248/3149 3324/3252/3152 3321/3249/3146
f 3320/3248/3149 3322/3250/3150 3324/3252/3152
f 3321/3249/3146 3324/3252/3152 3325/3253/3153
f 3326/3254/3154 3322/3250/3150 3323/3251/3151
f 3324/3252/3152 3322/3250/3150 3326/3254/3154
f 3327/3255/3155 3326/3254/3154 3323/3251/3151
f 3324/3252/3152 3328/3256/3156 3325/3253/3153
f 3325/3253/3153 3328/3256/3156 3329/3257/3157
f 3326/3254/3154 3330/3258/3158 3324/3252/3152
f 3330/3258/3158 3326/3254/3154 3327/3255/3155
f 3324/3252/3152 3330/3258/3158 3328/3256/3156
f 3331/3259/3159 3330/3258/3158 3327/3255/3155
f 3328/3256/3156 3332/3260/3160 3329/3257/3157
f 3329/3257/3157 3332/3260/3160 3333/3261/3161
f 3330/3258/3158 3334/3262/3162 3328/3256/3156
f 3334/3262/3162 3330/3258/3158 3331/3259/3159
f 3328/3256/3156 3334/3262/3162 3332/3260/3160
f 3335/3263/3163 3334/3262/3162 3331/3259/3159
f 3332/3260/3160 3336/3264/3164 3333/3261/3161
f 3332/3260/3160 3334/3262/3162 3336/3264/3164
f 3333/3261/3161 3336/3264/3164 3337/3265/3165
f 3338/3266/3166 3334/3262/3162 3335/3263/3163
f 3336/3264/3164 3334/3262/3162 3338/3266/3166
f 3339/3267/3167 3338/3266/3166 3335/3263/3163
f 3336/3264/3164 3340/3268/3168 3337/3265/3165
f 3336/3264/3164 3338/3266/3166 3340/3268/3168
f 3337/3265/3165 3340/3268/3168 3341/3269/3169
f 3341/3269/3169 3340/3268/3168 3342/3270/3170
f 3343/3271/3171 3338/3266/3166 3339/3267/3167
f 3340/3268/3168 3338/3266/3166 3343/3271/3171
f 3344/3272/3172 3343/3271/3171 3339/3267/3167
f 3342/3270/3170 3340/3268/3168 3345/3273/3173
f 3340/3268/3168 3343/3271/3171 3345/3273/3173
f 3346/3274/3174 3343/3271/3171 3344/3272/3172
f 3345/3273/3173 3343/3271/3171 3346/3274/3174
f 3347/3275/3175 3346/3274/3174 3344/3272/3172
f 3345/3273/3173 3348/3276/3176 3342/3270/3170
f 3345/3273/3173 3346/3274/3174 3348/3276/3176
f 3342/3270/3170 3348/3276/3176 3349/3277/3177
f 3350/3278/3178 3346/3274/3174 3347/3275/3175
f 3348/3276/3176 3346/3274/3174 3350/3278/3178
f 3351/3279/3179 3350/3278/3178 3347/3275/3175
f 3348/3276/3176 3352/3280/3180 3349/3277/3177
f 3348/3276/3176 3350/3278/3178 3352/3280/3180
f 3349/3277/3177 3352/3280/3180 3353/3281/3181
f 3353/3281/3181 3352/3280/3180 3354/3282/3182
f 3355/3283/3183 3350/3278/3178 3351/3279/3179
f 3352/3280/3180 3350/3278/3178 3355/3283/3183
f 3354/3282/3182 3352/3280/3180 3356/3284/3184
f 3352/3280/3180 3355/3283/3183 3356/3284/3184
f 3354/3282/3182 3356/3284/3184 3357/3285/3185
f 3351/3279/3179 3358/3286/3186 3355/3283/3183
f 3356/3284/3184 3355/3283/3183 3358/3286/3186
f 3359/3287/3187 3358/3286/3186 3351/3279/3179
f 3357/3285/3185 3356/3284/3184 3360/3288/3188
f 3356/3284/3184 3358/3286/3186 3360/3288/3188
f 3359/3287/3187 3361/3289/3166 3358/3286/3186
f 3360/3288/3188 3358/3286/3186 3361/3289/3166
f 3362/3290/3189 3361/3289/3166 3359/3287/3187
f 3360/3288/3188 3363/3291/3190 3357/3285/3185
f 3360/3288/3188 3361/3289/3166 3363/3291/3190
f 3357/3285/3185 3363/3291/3190 3364/3292/3191
f 3364/3292/3191 3363/3291/3190 3365/3293/3192
f 3362/3290/3189 3366/3294/3166 3361/3289/3166
f 3363/3291/3190 3361/3289/3166 3366/3294/3166
f 3367/3295/3193 3366/3294/3166 3362/3290/3189
f 3365/3293/3192 3363/3291/3190 3368/3296/3194
f 3363/3291/3190 3366/3294/3166 3368/3296/3194
f 3365/3293/3192 3368/3296/3194 3369/3297/3195
f 3367/3295/3193 3370/3298/3196 3366/3294/3166
f 3368/3296/3194 3366/3294/3166 3370/3298/3196
f 3371/3299/3197 3370/3298/3196 3367/3295/3193
f 3369/3297/3195 3368/3296/3194 3372/3300/3198
f 3368/3296/3194 3370/3298/3196 3372/3300/3198
f 3371/3299/3197 3373/3301/3199 3370/3298/3196
f 3372/3300/3198 3370/3298/3196 3373/3301/3199
f 3374/3302/3200 3373/3301/3199 3371/3299/3197
f 3372/3300/3198 3375/3303/3201 3369/3297/3195
f 3372/3300/3198 3373/3301/3199 3375/3303/3201
f 3369/3297/3195 3375/3303/3201 3376/3304/3202
f 3376/3304/3202 3375/3303/3201 3377/3305/3203
f 3374/3302/3200 3378/3306/3204 3373/3301/3199
f 3375/3303/3201 3373/3301/3199 3378/3306/3204
f 3379/3307/3205 3378/3306/3204 3374/3302/3200
f 3380/3308/3206 3378/3306/3204 3379/3307/3205
f 3377/3305/3203 3375/3303/3201 3381/3309/3207
f 3377/3305/3203 3381/3309/3207 3382/3310/3208
f 3378/3306/3204 3383/3311/3209 3375/3303/3201
f 3375/3303/3201 3383/3311/3209 3381/3309/3207
f 3383/3311/3209 3378/3306/3204 3380/3308/3206
f 3382/3310/3208 3381/3309/3207 3384/3312/3210
f 3382/3310/3208 3384/3312/3210 3385/3313/3211
f 3383/3311/3209 3386/3314/3212 3381/3309/3207
f 3380/3308/3206 3386/3314/3212 3383/3311/3209
f 3381/3309/3207 3386/3314/3212 3384/3312/3210
f 3387/3315/3213 3386/3314/3212 3380/3308/3206
f 3385/3313/3211 3384/3312/3210 3388/3316/3214
f 3385/3313/3211 3388/3316/3214 3389/3317/3215
f 3386/3314/3212 3390/3318/3216 3384/3312/3210
f 3387/3315/3213 3390/3318/3216 3386/3314/3212
f 3384/3312/3210 3390/3318/3216 3388/3316/3214
f 3391/3319/3217 3390/3318/3216 3387/3315/3213
f 3389/3317/3215 3388/3316/3214 3392/3320/3218
f 3389/3317/3215 3392/3320/3218 3393/3321/3219
f 3390/3318/3216 3394/3322/3220 3388/3316/3214
f 3391/3319/3217 3394/3322/3220 3390/3318/3216
f 3388/3316/3214 3394/3322/3220 3392/3320/3218
f 3395/3323/3221 3394/3322/3220 3391/3319/3217
f 3393/3321/3219 3392/3320/3218 3396/3324/3222
f 3393/3321/3219 3396/3324/3222 3397/3325/3223
f 3394/3322/3220 3398/3326/3224 3392/3320/3218
f 3395/3323/3221 3398/3326/3224 3394/3322/3220
f 3392/3320/3218 3398/3326/3224 3396/3324/3222
f 3399/3327/3225 3398/3326/3224 3395/3323/3221
f 3397/3325/3223 3396/3324/3222 3400/3328/3226
f 3397/3325/3223 3400/3328/3226 3401/3329/3227
f 3398/3326/3224 3402/3330/3228 3396/3324/3222
f 3399/3327/3225 3402/3330/3228 3398/3326/3224
f 3396/3324/3222 3402/3330/3228 3400/3328/3226
f 3403/3331/3229 3402/3330/3228 3399/3327/3225
f 3401/3329/3227 3400/3328/3226 3404/3332/3230
f 3401/3329/3227 3404/3332/3230 3405/3333/3231
f 3402/3330/3228 3406/3334/3232 3400/3328/3226
f 3403/3331/3229 3406/3334/3232 3402/3330/3228
f 3400/3328/3226 3406/3334/3232 3404/3332/3230
f 3407/3335/3233 3406/3334/3232 3403/3331/3229
f 3405/3333/3231 3404/3332/3230 3408/3336/3234
f 3407/3335/3233 3409/3337/3235 3406/3334/3232
f 3406/3334/3232 3409/3337/3235 3404/3332/3230
f 3404/3332/3230 3409/3337/3235 3408/3336/3234
f 3410/3338/3236 3409/3337/3235 3407/3335/3233
f 3405/3333/3231 3408/3336/3234 3411/3339/3237
f 3410/3338/3236 3412/3340/3238 3409/3337/3235
f 3409/3337/3235 3412/3340/3238 3408/3336/3234
f 3413/3341/3239 3412/3340/3238 3410/3338/3236
f 3411/3339/3237 3408/3336/3234 3414/3342/3240
f 3408/3336/3234 3412/3340/3238 3414/3342/3240
f 3413/3341/3239 3415/3343/3241 3412/3340/3238
f 3412/3340/3238 3415/3343/3241 3414/3342/3240
f 3416/3344/3242 3415/3343/3241 3413/3341/3239
f 3417/3345/3243 3415/3343/3241 3416/3344/3242
f 3414/3342/3240 3418/3346/3244 3411/3339/3237
f 3414/3342/3240 3415/3343/3241 3418/3346/3244
f 3411/3339/3237 3418/3346/3244 3419/3347/3245
f 3419/3347/3245 3418/3346/3244 3420/3348/3246
f 3421/3349/3247 3415/3343/3241 3417/3345/3243
f 3415/3343/3241 3421/3349/3247 3418/3346/3244
f 3420/3348/3246 3418/3346/3244 3422/3350/3248
f 3418/3346/3244 3421/3349/3247 3422/3350/3248
f 3420/3348/3246 3422/3350/3248 3423/3351/3249
f 3417/3345/3243 3424/3352/3250 3421/3349/3247
f 3421/3349/3247 3424/3352/3250 3422/3350/3248
f 3425/3353/3251 3424/3352/3250 3417/3345/3243
f 3423/3351/3249 3422/3350/3248 3426/3354/3252
f 3422/3350/3248 3424/3352/3250 3426/3354/3252
f 3423/3351/3249 3426/3354/3252 3427/3355/3253
f 3425/3353/3251 3428/3356/3254 3424/3352/3250
f 3424/3352/3250 3428/3356/3254 3426/3354/3252
f 3429/3357/3255 3428/3356/3254 3425/3353/3251
f 3427/3355/3253 3426/3354/3252 3430/3358/3256
f 3426/3354/3252 3428/3356/3254 3430/3358/3256
f 3429/3357/3255 3431/3359/3257 3428/3356/3254
f 3428/3356/3254 3431/3359/3257 3430/3358/3256
f 3432/3360/3258 3431/3359/3257 3429/3357/3255
f 3430/3358/3256 3433/3361/3259 3427/3355/3253
f 3430/3358/3256 3431/3359/3257 3433/3361/3259
f 3427/3355/3253 3433/3361/3259 3434/3362/3260
f 3434/3362/3260 3433/3361/3259 3435/3363/3261
f 3432/3360/3258 3436/3364/3262 3431/3359/3257
f 3431/3359/3257 3436/3364/3262 3433/3361/3259
f 3437/3365/3263 3436/3364/3262 3432/3360/3258
f 3435/3363/3261 3433/3361/3259 3438/3366/3264
f 3433/3361/3259 3436/3364/3262 3438/3366/3264
f 3435/3363/3261 3438/3366/3264 3439/3367/3265
f 3437/3365/3263 3440/3368/3266 3436/3364/3262
f 3436/3364/3262 3440/3368/3266 3438/3366/3264
f 3441/3369/3267 3440/3368/3266 3437/3365/3263
f 3439/3367/3265 3438/3366/3264 3442/3370/3268
f 3438/3366/3264 3440/3368/3266 3442/3370/3268
f 3439/3367/3265 3442/3370/3268 3443/3371/3269
f 3441/3369/3267 3444/3372/3270 3440/3368/3266
f 3440/3368/3266 3444/3372/3270 3442/3370/3268
f 3445/3373/3271 3444/3372/3270 3441/3369/3267
f 3443/3371/3269 3442/3370/3268 3446/3374/3272
f 3442/3370/3268 3444/3372/3270 3446/3374/3272
f 3443/3371/3269 3446/3374/3272 3447/3375/3273
f 3445/3373/3271 3448/3376/3274 3444/3372/3270
f 3444/3372/3270 3448/3376/3274 3446/3374/3272
f 3449/3377/3275 3448/3376/3274 3445/3373/3271
f 3447/3375/3273 3446/3374/3272 3450/3378/3276
f 3446/3374/3272 3448/3376/3274 3450/3378/3276
f 3447/3375/3273 3450/3378/3276 3451/3379/3277
f 3449/3377/3275 3452/3380/3278 3448/3376/3274
f 3448/3376/3274 3452/3380/3278 3450/3378/3276
f 3453/3381/3279 3452/3380/3278 3449/3377/3275
f 3451/3379/3277 3450/3378/3276 3454/3382/3280
f 3450/3378/3276 3452/3380/3278 3454/3382/3280
f 3451/3379/3277 3454/3382/3280 3455/3383/3281
f 3453/3381/3279 3456/3384/3282 3452/3380/3278
f 3452/3380/3278 3456/3384/3282 3454/3382/3280
f 3457/3385/3283 3456/3384/3282 3453/3381/3279
f 3455/3383/3281 3454/3382/3280 3458/3386/3284
f 3454/3382/3280 3456/3384/3282 3458/3386/3284
f 3455/3383/3281 3458/3386/3284 3459/3387/3285
f 3457/3385/3283 3460/3388/3286 3456/3384/3282
f 3456/3384/3282 3460/3388/3286 3458/3386/3284
f 3461/3389/3287 3460/3388/3286 3457/3385/3283
f 3459/3387/3285 3458/3386/3284 3462/3390/3288
f 3458/3386/3284 3460/3388/3286 3462/3390/3288
f 3461/3389/3287 3463/3391/3289 3460/3388/3286
f 3460/3388/3286 3463/3391/3289 3462/3390/3288
f 3464/3392/3290 3463/3391/3289 3461/3389/3287
f 3465/3393/3291 3463/3391/3289 3464/3392/3290
f 3462/3390/3288 3466/3394/3292 3459/3387/3285
f 3462/3390/3288 3463/3391/3289 3466/3394/3292
f 3459/3387/3285 3466/3394/3292 3467/3395/3293
f 3467/3395/3293 3466/3394/3292 3468/3396/3294
f 3469/3397/3295 3463/3391/3289 3465/3393/3291
f 3463/3391/3289 3469/3397/3295 3466/3394/3292
f 3470/3398/3296 3469/3397/3295 3465/3393/3291
f 3468/3396/3294 3466/3394/3292 3471/3399/3297
f 3466/3394/3292 3469/3397/3295 3471/3399/3297
f 3468/3396/3294 3471/3399/3297 3472/3400/3298
f 3473/3401/3299 3469/3397/3295 3470/3398/3296
f 3469/3397/3295 3473/3401/3299 3471/3399/3297
f 3474/3402/3300 3473/3401/3299 3470/3398/3296
f 3472/3400/3298 3471/3399/3297 3475/3403/3301
f 3471/3399/3297 3473/3401/3299 3475/3403/3301
f 3472/3400/3298 3475/3403/3301 3476/3404/3302
f 3477/3405/3303 3473/3401/3299 3474/3402/3300
f 3473/3401/3299 3477/3405/3303 3475/3403/3301
f 3476/3404/3302 3475/3403/3301 3478/3406/3304
f 3475/3403/3301 3477/3405/3303 3478/3406/3304
f 3476/3404/3302 3478/3406/3304 3479/3407/3305
f 3474/3402/3300 3480/3408/3306 3477/3405/3303
f 3481/3409/3307 3480/3408/3306 3474/3402/3300
f 3478/3406/3304 3477/3405/3303 3482/3410/3308
f 3479/3407/3305 3478/3406/3304 3482/3410/3308
f 3482/3410/3308 3477/3405/3303 3480/3408/3306
f 3482/3410/3308 3483/3411/3309 3479/3407/3305
f 3482/3410/3308 3480/3408/3306 3483/3411/3309
f 3479/3407/3305 3483/3411/3309 3484/3412/3310
f 3481/3409/3307 3485/3413/3311 3480/3408/3306
f 3483/3411/3309 3480/3408/3306 3485/3413/3311
f 3486/3414/3312 3485/3413/3311 3481/3409/3307
f 3483/3411/3309 3487/3415/3313 3484/3412/3310
f 3483/3411/3309 3485/3413/3311 3487/3415/3313
f 3484/3412/3310 3487/3415/3313 3488/3416/3314
f 3486/3414/3312 3489/3417/3315 3485/3413/3311
f 3487/3415/3313 3485/3413/3311 3489/3417/3315
f 3490/3418/3316 3489/3417/3315 3486/3414/3312
f 3487/3415/3313 3491/3419/3317 3488/3416/3314
f 3487/3415/3313 3489/3417/3315 3491/3419/3317
f 3488/3416/3314 3491/3419/3317 3492/3420/3318
f 3490/3418/3316 3493/3421/3319 3489/3417/3315
f 3491/3419/3317 3489/3417/3315 3493/3421/3319
f 3494/3422/3320 3493/3421/3319 3490/3418/3316
f 3491/3419/3317 3495/3423/3321 3492/3420/3318
f 3491/3419/3317 3493/3421/3319 3495/3423/3321
f 3492/3420/3318 3495/3423/3321 3496/3424/3322
f 3496/3424/3322 3495/3423/3321 3497/3425/3323
f 3494/3422/3320 3498/3426/3324 3493/3421/3319
f 3495/3423/3321 3493/3421/3319 3498/3426/3324
f 3499/3427/3325 3498/3426/3324 3494/3422/3320
f 3500/3428/3326 3498/3426/3324 3499/3427/3325
f 3497/3425/3323 3495/3423/3321 3501/3429/3327
f 3495/3423/3321 3498/3426/3324 3501/3429/3327
f 3497/3425/3323 3502/3430/3328 3503/3431/3329
f 3501/3429/3327 3502/3430/3328 3497/3425/3323
f 3501/3429/3327 3498/3426/3324 3504/3432/3330
f 3504/3432/3330 3502/3430/3328 3501/3429/3327
f 3504/3432/3330 3498/3426/3324 3500/3428/3326
f 3506/3433/3331 3502/3430/3328 3505/3434/3331
f 3505/3434/3331 3502/3430/3328 3507/3435/3332
f 3507/3435/3332 3502/3430/3328 3504/3432/3330
f 3500/3428/3326 3507/3435/3332 3504/3432/3330
f 3508/3436/3333 3507/3435/3332 3500/3428/3326
f 3511/3437/3334 3509/3438/3335 3510/3439/3334
f 3510/3439/3334 3509/3438/3335 3512/3440/3336
f 3514/3441/3337 3509/3438/3335 3513/3442/3338
f 3512/3440/3336 3515/3443/3339 3516/3444/3340
f 3517/3445/3341 3509/3438/3335 3514/3441/3337
f 3518/3446/3342 3517/3445/3341 3514/3441/3337
f 3512/3440/3336 3509/3438/3335 3519/3447/3343
f 3519/3447/3343 3515/3443/3339 3512/3440/3336
f 3519/3447/3343 3509/3438/3335 3517/3445/3341
f 3519/3447/3343 3520/3448/3344 3515/3443/3339
f 3519/3447/3343 3517/3445/3341 3520/3448/3344
f 3515/3443/3339 3520/3448/3344 3521/3449/2765
f 3522/3450/3345 3517/3445/3341 3518/3446/3342
f 3520/3448/3344 3517/3445/3341 3522/3450/3345
f 3520/3448/3344 3523/3451/3346 3521/3449/2765
f 3522/3450/3345 3523/3451/3346 3520/3448/3344
f 3521/3449/2765 3523/3451/3346 3524/3452/3347
f 3518/3446/3342 3525/3453/3348 3522/3450/3345
f 3525/3453/3348 3523/3451/3346 3522/3450/3345
f 3526/3454/3349 3525/3453/3348 3518/3446/3342
f 3527/3455/3350 3525/3453/3348 3526/3454/3349
f 3523/3451/3346 3528/3456/3351 3524/3452/3347
f 3523/3451/3346 3525/3453/3348 3528/3456/3351
f 3524/3452/3347 3528/3456/3351 3529/3457/3352
f 3530/3458/3353 3525/3453/3348 3527/3455/3350
f 3528/3456/3351 3525/3453/3348 3530/3458/3353
f 3531/3459/3354 3530/3458/3353 3527/3455/3350
f 3528/3456/3351 3532/3460/3355 3529/3457/3352
f 3530/3458/3353 3532/3460/3355 3528/3456/3351
f 3529/3457/3352 3532/3460/3355 3533/3461/3356
f 3534/3462/3357 3530/3458/3353 3531/3459/3354
f 3534/3462/3357 3532/3460/3355 3530/3458/3353
f 3535/3463/3358 3534/3462/3357 3531/3459/3354
f 3532/3460/3355 3536/3464/3359 3533/3461/3356
f 3532/3460/3355 3534/3462/3357 3536/3464/3359
f 3533/3461/3356 3536/3464/3359 3537/3465/3360
f 3538/3466/3361 3534/3462/3357 3535/3463/3358
f 3536/3464/3359 3534/3462/3357 3538/3466/3361
f 3539/3467/3362 3538/3466/3361 3535/3463/3358
f 3536/3464/3359 3540/3468/3363 3537/3465/3360
f 3538/3466/3361 3540/3468/3363 3536/3464/3359
f 3537/3465/3360 3540/3468/3363 3541/3469/3364
f 3542/3470/3365 3538/3466/3361 3539/3467/3362
f 3542/3470/3365 3540/3468/3363 3538/3466/3361
f 3543/3471/3366 3542/3470/3365 3539/3467/3362
f 3540/3468/3363 3544/3472/3367 3541/3469/3364
f 3540/3468/3363 3542/3470/3365 3544/3472/3367
f 3541/3469/3364 3544/3472/3367 3545/3473/3368
f 3546/3474/3369 3542/3470/3365 3543/3471/3366
f 3544/3472/3367 3542/3470/3365 3546/3474/3369
f 3547/3475/3370 3546/3474/3369 3543/3471/3366
f 3544/3472/3367 3548/3476/3371 3545/3473/3368
f 3546/3474/3369 3548/3476/3371 3544/3472/3367
f 3545/3473/3368 3548/3476/3371 3549/3477/3372
f 3550/3478/3373 3546/3474/3369 3547/3475/3370
f 3550/3478/3373 3548/3476/3371 3546/3474/3369
f 3551/3479/3374 3550/3478/3373 3547/3475/3370
f 3548/3476/3371 3552/3480/3375 3549/3477/3372
f 3548/3476/3371 3550/3478/3373 3552/3480/3375
f 3549/3477/3372 3552/3480/3375 3553/3481/3376
f 3554/3482/3377 3550/3478/3373 3551/3479/3374
f 3552/3480/3375 3550/3478/3373 3554/3482/3377
f 3555/3483/3378 3554/3482/3377 3551/3479/3374
f 3552/3480/3375 3556/3484/3379 3553/3481/3376
f 3554/3482/3377 3556/3484/3379 3552/3480/3375
f 3553/3481/3376 3556/3484/3379 3557/3485/3380
f 3558/3486/3381 3554/3482/3377 3555/3483/3378
f 3558/3486/3381 3556/3484/3379 3554/3482/3377
f 3559/3487/3382 3558/3486/3381 3555/3483/3378
f 3556/3484/3379 3560/3488/3383 3557/3485/3380
f 3556/3484/3379 3558/3486/3381 3560/3488/3383
f 3557/3485/3380 3560/3488/3383 3561/3489/3384
f 3562/3490/3385 3558/3486/3381 3559/3487/3382
f 3560/3488/3383 3558/3486/3381 3562/3490/3385
f 3563/3491/3386 3562/3490/3385 3559/3487/3382
f 3560/3488/3383 3564/3492/3387 3561/3489/3384
f 3562/3490/3385 3564/3492/3387 3560/3488/3383
f 3561/3489/3384 3564/3492/3387 3565/3493/3388
f 3566/3494/3389 3562/3490/3385 3563/3491/3386
f 3566/3494/3389 3564/3492/3387 3562/3490/3385
f 3567/3495/3390 3566/3494/3389 3563/3491/3386
f 3564/3492/3387 3568/3496/3391 3565/3493/3388
f 3564/3492/3387 3566/3494/3389 3568/3496/3391
f 3565/3493/3388 3568/3496/3391 3569/3497/3392
f 3570/3498/3393 3566/3494/3389 3567/3495/3390
f 3568/3496/3391 3566/3494/3389 3570/3498/3393
f 3571/3499/3394 3570/3498/3393 3567/3495/3390
f 3568/3496/3391 3572/3500/3395 3569/3497/3392
f 3570/3498/3393 3572/3500/3395 3568/3496/3391
f 3569/3497/3392 3572/3500/3395 3573/3501/3396
f 3574/3502/3397 3570/3498/3393 3571/3499/3394
f 3574/3502/3397 3572/3500/3395 3570/3498/3393
f 3575/3503/3398 3574/3502/3397 3571/3499/3394
f 3572/3500/3395 3576/3504/3399 3573/3501/3396
f 3572/3500/3395 3574/3502/3397 3576/3504/3399
f 3573/3501/3396 3576/3504/3399 3577/3505/3400
f 3578/3506/3401 3574/3502/3397 3575/3503/3398
f 3576/3504/3399 3574/3502/3397 3578/3506/3401
f 3575/3503/3398 3579/3507/3402 3578/3506/3401
f 3578/3506/3401 3579/3507/3402 3576/3504/3399
f 3580/3508/3403 3579/3507/3402 3575/3503/3398
f 3576/3504/3399 3581/3509/3404 3577/3505/3400
f 3576/3504/3399 3579/3507/3402 3581/3509/3404
f 3577/3505/3400 3581/3509/3404 3582/3510/3405
f 3581/3509/3404 3579/3507/3402 3583/3511/3406
f 3583/3511/3406 3579/3507/3402 3584/3512/3407
f 3587/3513/910 3585/3514/910 3586/3515/912
f 3585/3514/910 3587/3513/910 3588/3516/910
f 3585/3514/910 3588/3516/910 3589/3517/910
f 3585/3514/910 3589/3517/910 3590/3518/910
f 3585/3514/910 3591/3519/3408 3592/3520/3409
f 3591/3519/3408 3585/3514/910 3590/3518/910
f 3590/3518/910 3593/3521/910 3591/3519/3408
f 3590/3518/910 3594/3522/3410 3593/3521/910
f 3594/3522/3410 3595/3523/3411 3593/3521/910
f 3593/3521/910 3595/3523/3411 3596/3524/3412
f 3596/3524/3412 3595/3523/3411 3597/3525/3413
f 3597/3525/3413 3595/3523/3411 3598/3526/3413
f 3597/3525/3413 3598/3526/3413 3599/3527/3414
f 3599/3527/3414 3598/3526/3413 3600/3528/3415
f 3599/3527/3414 3600/3528/3415 3601/3529/3416
f 3601/3529/3416 3600/3528/3415 3602/3530/3417
f 3602/3530/3417 3603/3531/3418 3601/3529/3416
f 3604/3532/920 3603/3531/3418 3602/3530/3417
f 3605/3533/917 3603/3531/3418 3604/3532/920
f 3605/3533/917 3606/3534/3419 3603/3531/3418
f 3605/3533/917 3607/3535/917 3606/3534/3419
f 3609/3536/917 3605/3533/917 3608/3537/3420
f 3607/3535/917 3605/3533/917 3609/3536/917
f 3607/3535/917 3609/3536/917 3610/3538/917
f 3610/3538/917 3609/3536/917 3611/3539/3421
f 3607/3535/917 3610/3538/917 3612/3540/3422
f 3615/3541/3423 3613/3542/3424 3614/3543/3425
f 3613/3542/3424 3616/3544/3426 3617/3545/3423
f 3616/3544/3426 3613/3542/3424 3615/3541/3423
f 3619/3546/3425 3615/3541/3423 3618/3547/3425
f 3616/3544/3426 3615/3541/3423 3619/3546/3425
f 3616/3544/3426 3619/3546/3425 3620/3548/3423
f 3620/3548/3423 3619/3546/3425 3621/3549/3425
f 3616/3544/3426 3620/3548/3423 3622/3550/3423
f 3625/3551/3427 3623/3552/3428 3624/3553/3429
f 3623/3552/3428 3625/3551/3427 3626/3554/3429
f 3623/3552/3428 3626/3554/3429 3627/3555/3429
f 3623/3552/3428 3627/3555/3429 3628/3556/3430
f 3623/3552/3428 3628/3556/3430 3629/3557/3430
f 3623/3552/3428 3629/3557/3430 3630/3558/3427
f 3623/3552/3428 3630/3558/3427 3631/3559/3431
f 3623/3552/3428 3631/3559/3431 3632/3560/3428
f 3631/3559/3431 3633/3561/3432 3632/3560/3428
f 3632/3560/3428 3633/3561/3432 3634/3562/3432
f 3634/3562/3432 3633/3561/3432 3635/3563/3433
f 3635/3563/3433 3633/3561/3432 3636/3564/3434
f 3635/3563/3433 3636/3564/3434 3637/3565/3435
f 3637/3565/3435 3636/3564/3434 3638/3566/3436
f 3637/3565/3435 3638/3566/3436 3639/3567/3437
f 3639/3567/3437 3638/3566/3436 3640/3568/3438
f 3640/3568/3438 3641/3569/3439 3639/3567/3437
f 3642/3570/3440 3641/3569/3439 3640/3568/3438
f 3642/3570/3440 3643/3571/3439 3641/3569/3439
f 3642/3570/3440 3644/3572/3441 3643/3571/3439
f 3643/3571/3439 3644/3572/3441 3645/3573/3442
f 3643/3571/3439 3645/3573/3442 3646/3574/3442
f 3643/3571/3439 3646/3574/3442 3647/3575/3442
f 3643/3571/3439 3647/3575/3442 3648/3576/3442
f 3643/3571/3439 3648/3576/3442 3649/3577/3443
f 3649/3577/3443 3650/3578/3441 3643/3571/3439
f 3653/3579/3444 3651/3580/3445 3652/3581/3446
f 3654/3582/3446 3652/3581/3446 3651/3580/3445
f 3655/3583/3446 3654/3582/3446 3651/3580/3445
f 3656/3584/3447 3655/3583/3446 3651/3580/3445
f 3657/3585/3444 3656/3584/3447 3651/3580/3445
f 3658/3586/3447 3657/3585/3444 3651/3580/3445
f 3659/3587/3445 3658/3586/3447 3651/3580/3445
f 3660/3588/3445 3659/3587/3445 3651/3580/3445
f 3660/3588/3445 3661/3589/3448 3659/3587/3445
f 3662/3590/3448 3661/3589/3448 3660/3588/3445
f 3663/3591/3449 3661/3589/3448 3662/3590/3448
f 3664/3592/3450 3661/3589/3448 3663/3591/3449
f 3665/3593/3451 3664/3592/3450 3663/3591/3449
f 3666/3594/3452 3664/3592/3450 3665/3593/3451
f 3667/3595/3453 3666/3594/3452 3665/3593/3451
f 3668/3596/3453 3666/3594/3452 3667/3595/3453
f 3667/3595/3453 3669/3597/3454 3668/3596/3453
f 3668/3596/3453 3669/3597/3454 3670/3598/3455
f 3669/3597/3454 3671/3599/3454 3670/3598/3455
f 3671/3599/3454 3672/3600/3456 3670/3598/3455
f 3673/3601/3456 3672/3600/3456 3671/3599/3454
f 3674/3602/3456 3673/3601/3456 3671/3599/3454
f 3675/3603/3456 3674/3602/3456 3671/3599/3454
f 3676/3604/3457 3675/3603/3456 3671/3599/3454
f 3677/3605/3457 3676/3604/3457 3671/3599/3454
f 3671/3599/3454 3678/3606/3457 3677/3605/3457
f 3681/3607/3458 3679/3608/3459 3680/3609/3460
f 3680/3609/3460 3682/3610/3461 3681/3607/3458
f 3683/3611/3462 3680/3609/3460 3679/3608/3459
f 3684/3612/3463 3680/3609/3460 3683/3611/3462
f 3683/3611/3462 3685/3613/3464 3684/3612/3463
f 3682/3610/3461 3680/3609/3460 3686/3614/3460
f 3687/3615/3464 3685/3613/3464 3683/3611/3462
f 3686/3614/3460 3688/3616/3461 3682/3610/3461
f 3687/3615/3464 3689/3617/3465 3685/3613/3464
f 3686/3614/3460 3690/3618/3461 3688/3616/3461
f 3691/3619/3465 3689/3617/3465 3687/3615/3464
f 3690/3618/3461 3686/3614/3460 3692/3620/3459
f 3691/3619/3465 3693/3621/3466 3689/3617/3465
f 3694/3622/3467 3692/3620/3459 3686/3614/3460
f 3689/3617/3465 3693/3621/3466 3695/3623/3468
f 3696/3624/3463 3692/3620/3459 3694/3622/3467
f 3693/3621/3466 3697/3625/3469 3695/3623/3468
f 3696/3624/3463 3694/3622/3467 3698/3626/3470
f 3695/3623/3468 3697/3625/3469 3699/3627/3469
f 3698/3626/3470 3694/3622/3467 3700/3628/3464
f 3697/3625/3469 3701/3629/3471 3699/3627/3469
f 3698/3626/3470 3700/3628/3464 3702/3630/3465
f 3699/3627/3469 3701/3629/3471 3703/3631/3472
f 3702/3630/3465 3700/3628/3464 3704/3632/3465
f 3701/3629/3471 3705/3633/3473 3703/3631/3472
f 3706/3634/3474 3702/3630/3465 3704/3632/3465
f 3707/3635/3475 3705/3633/3473 3701/3629/3471
f 3708/3636/3466 3702/3630/3465 3706/3634/3474
f 3709/3637/3476 3705/3633/3473 3707/3635/3475
f 3708/3636/3466 3706/3634/3474 3710/3638/3469
f 3711/3639/3476 3705/3633/3473 3709/3637/3476
f 3710/3638/3469 3706/3634/3474 3712/3640/3469
f 3709/3637/3476 3713/3641/3477 3711/3639/3476
f 3714/3642/3478 3710/3638/3469 3712/3640/3469
f 3715/3643/3479 3713/3641/3477 3709/3637/3476
f 3716/3644/3472 3710/3638/3469 3714/3642/3478
f 3717/3645/3475 3713/3641/3477 3715/3643/3479
f 3718/3646/3480 3716/3644/3472 3714/3642/3478
f 3717/3645/3475 3719/3647/3475 3713/3641/3477
f 3720/3648/3475 3716/3644/3472 3718/3646/3480
f 3713/3641/3477 3719/3647/3475 3721/3649/3475
f 3722/3650/3481 3720/3648/3475 3718/3646/3480
f 3721/3649/3475 3723/3651/3482 3713/3641/3477
f 3724/3652/3476 3720/3648/3475 3722/3650/3481
f 3723/3651/3482 3721/3649/3475 3725/3653/3473
f 3722/3650/3481 3726/3654/3483 3724/3652/3476
f 3723/3651/3482 3725/3653/3473 3726/3654/3483
f 3723/3651/3482 3726/3654/3483 3722/3650/3481
f 1101/1065/982 3727/3655/3484 1111/1075/992
f 1111/1075/992 3727/3655/3484 1375/1339/1254
f 1101/1065/982 1099/1063/980 3727/3655/3484
f 3727/3655/3484 3728/3656/3485 1375/1339/1254
f 1386/1350/1265 1375/1339/1254 3728/3656/3485
f 1099/1063/980 3729/3657/3486 3727/3655/3484
f 3727/3655/3484 3729/3657/3486 3728/3656/3485
f 1386/1350/1265 3728/3656/3485 3730/3658/3487
f 3730/3658/3487 3728/3656/3485 3729/3657/3486
f 3730/3658/3487 1395/1359/1274 1386/1350/1265
f 1395/1359/1274 3730/3658/3487 1399/1363/1278
f 1399/1363/1278 3730/3658/3487 3731/3659/3488
f 3730/3658/3487 3729/3657/3486 3731/3659/3488
f 1401/1365/1280 1399/1363/1278 3731/3659/3488
f 3731/3659/3488 3729/3657/3486 3732/3660/2608
f 3731/3659/3488 3732/3660/2608 1401/1365/1280
f 3732/3660/2608 3729/3657/3486 1099/1063/980
f 1401/1365/1280 3732/3660/2608 3733/3661/3489
f 1102/1066/983 3732/3660/2608 1099/1063/980
f 3733/3661/3489 3732/3660/2608 1102/1066/983
f 3736/3662/3490 3734/3663/3491 3735/3664/3492
f 3737/3665/3493 3735/3664/3492 3734/3663/3491
f 3736/3662/3490 3738/3666/3494 3734/3663/3491
f 3737/3665/3493 3734/3663/3491 3739/3667/3495
f 3736/3662/3490 3740/3668/3494 3738/3666/3494
f 3737/3665/3493 3739/3667/3495 3741/3669/3496
f 3742/3670/3497 3738/3666/3494 3740/3668/3494
f 3743/3671/3498 3741/3669/3496 3739/3667/3495
f 3742/3670/3497 3744/3672/3499 3738/3666/3494
f 3743/3671/3498 3739/3667/3495 3745/3673/3500
f 3742/3670/3497 3746/3674/3499 3744/3672/3499
f 3743/3671/3498 3745/3673/3500 3747/3675/3501
f 3748/3676/3502 3744/3672/3499 3746/3674/3499
f 3749/3677/3503 3747/3675/3501 3745/3673/3500
f 3748/3676/3502 3750/3678/3504 3744/3672/3499
f 3749/3677/3503 3745/3673/3500 3751/3679/3505
f 3748/3676/3502 3752/3680/3506 3750/3678/3504
f 3749/3677/3503 3751/3679/3505 3753/3681/3507
f 3754/3682/3508 3750/3678/3504 3752/3680/3506
f 3755/3683/3509 3753/3681/3507 3751/3679/3505
f 3754/3682/3508 3756/3684/3510 3750/3678/3504
f 3755/3683/3509 3751/3679/3505 3757/3685/3511
f 3754/3682/3508 3758/3686/3512 3756/3684/3510
f 3755/3683/3509 3757/3685/3511 3759/3687/3513
f 3760/3688/3514 3756/3684/3510 3758/3686/3512
f 3761/3689/3515 3759/3687/3513 3757/3685/3511
f 3760/3688/3514 3762/3690/3516 3756/3684/3510
f 3761/3689/3515 3757/3685/3511 3762/3690/3516
f 3760/3688/3514 3763/3691/3517 3762/3690/3516
f 3761/3689/3515 3762/3690/3516 3763/3691/3517
f 3766/3692/3518 3764/3693/1459 3765/3694/1459
f 3765/3694/1459 3764/3693/1459 3767/3695/1459
f 3768/3696/3519 3764/3693/1459 3766/3692/3518
f 3767/3695/1459 3764/3693/1459 3769/3697/1459
f 3770/3698/3519 3768/3696/3519 3766/3692/3518
f 3769/3697/1459 3771/3699/1459 3767/3695/1459
f 3772/3700/3519 3768/3696/3519 3770/3698/3519
f 3767/3695/1459 3771/3699/1459 3773/3701/3518
f 3774/3702/3520 3772/3700/3519 3770/3698/3519
f 3773/3701/3518 3771/3699/1459 3775/3703/1459
f 3776/3704/1459 3772/3700/3519 3774/3702/3520
f 3775/3703/1459 3771/3699/1459 3777/3705/1459
f 3778/3706/1459 3776/3704/1459 3774/3702/3520
f 3777/3705/1459 3779/3707/3519 3775/3703/1459
f 3780/3708/3519 3776/3704/1459 3778/3706/1459
f 3775/3703/1459 3779/3707/3519 3781/3709/3519
f 3778/3706/1459 3782/3710/3518 3780/3708/3519
f 3781/3709/3519 3779/3707/3519 3783/3711/3520
f 3783/3711/3520 3782/3710/3518 3778/3706/1459
f 3783/3711/3520 3779/3707/3519 3782/3710/3518
f 3786/3712/3521 3784/3713/3522 3785/3714/3523
f 3784/3713/3522 3786/3712/3521 3787/3715/3524
f 3784/3713/3522 3788/3716/3525 3785/3714/3523
f 3788/3716/3525 3789/3717/3526 3785/3714/3523
f 3789/3717/3526 3788/3716/3525 3790/3718/3527
f 3791/3719/3528 3784/3713/3522 3787/3715/3524
f 3792/3720/3529 3791/3719/3528 3787/3715/3524
f 3791/3719/3528 3792/3720/3529 3793/3721/3530
f 3784/3713/3522 3794/3722/3531 3788/3716/3525
f 3791/3719/3528 3794/3722/3531 3784/3713/3522
f 3788/3716/3525 3795/3723/3532 3790/3718/3527
f 3795/3723/3532 3796/3724/3533 3790/3718/3527
f 3796/3724/3533 3795/3723/3532 3797/3725/3534
f 3794/3722/3531 3798/3726/3535 3788/3716/3525
f 3788/3716/3525 3798/3726/3535 3795/3723/3532
f 3795/3723/3532 3799/3727/3536 3797/3725/3534
f 3795/3723/3532 3798/3726/3535 3799/3727/3536
f 3799/3727/3536 3800/3728/3537 3797/3725/3534
f 3800/3728/3537 3799/3727/3536 3801/3729/3538
f 3799/3727/3536 3802/3730/3539 3801/3729/3538
f 3799/3727/3536 3798/3726/3535 3802/3730/3539
f 3802/3730/3539 3803/3731/3540 3801/3729/3538
f 3803/3731/3540 3802/3730/3539 3804/3732/3541
f 3798/3726/3535 3794/3722/3531 3805/3733/3542
f 3805/3733/3542 3794/3722/3531 3791/3719/3528
f 3802/3730/3539 3798/3726/3535 3806/3734/3543
f 3806/3734/3543 3798/3726/3535 3805/3733/3542
f 3802/3730/3539 3807/3735/3544 3804/3732/3541
f 3802/3730/3539 3806/3734/3543 3807/3735/3544
f 3807/3735/3544 3808/3736/3545 3804/3732/3541
f 3808/3736/3545 3807/3735/3544 3809/3737/3546
f 3806/3734/3543 3810/3738/3547 3807/3735/3544
f 3810/3738/3547 3806/3734/3543 3805/3733/3542
f 3807/3735/3544 3811/3739/3548 3809/3737/3546
f 3807/3735/3544 3810/3738/3547 3811/3739/3548
f 3811/3739/3548 3812/3740/3549 3809/3737/3546
f 3812/3740/3549 3811/3739/3548 3813/3741/3550
f 3811/3739/3548 3810/3738/3547 3814/3742/3551
f 3811/3739/3548 3814/3742/3551 3813/3741/3550
f 3810/3738/3547 3805/3733/3542 3814/3742/3551
f 3814/3742/3551 3815/3743/3552 3813/3741/3550
f 3815/3743/3552 3814/3742/3551 3816/3744/3553
f 3814/3742/3551 3805/3733/3542 3817/3745/3554
f 3814/3742/3551 3817/3745/3554 3816/3744/3553
f 3817/3745/3554 3805/3733/3542 3791/3719/3528
f 3817/3745/3554 3818/3746/3555 3816/3744/3553
f 3817/3745/3554 3791/3719/3528 3793/3721/3530
f 3818/3746/3555 3817/3745/3554 3793/3721/3530
f 3821/3712/3556 3819/3713/3557 3820/3714/3558
f 3819/3713/3557 3821/3712/3556 3822/3715/3559
f 3819/3713/3557 3823/3716/3560 3820/3714/3558
f 3823/3716/3560 3824/3717/3561 3820/3714/3558
f 3824/3717/3561 3823/3716/3560 3825/3718/3562
f 3826/3719/3563 3819/3713/3557 3822/3715/3559
f 3827/3720/3564 3826/3719/3563 3822/3715/3559
f 3826/3719/3563 3827/3720/3564 3828/3721/3565
f 3819/3713/3557 3829/3722/3566 3823/3716/3560
f 3826/3719/3563 3829/3722/3566 3819/3713/3557
f 3823/3716/3560 3830/3723/3567 3825/3718/3562
f 3830/3723/3567 3831/3724/3568 3825/3718/3562
f 3831/3724/3568 3830/3723/3567 3832/3725/3569
f 3829/3722/3566 3833/3726/3570 3823/3716/3560
f 3823/3716/3560 3833/3726/3570 3830/3723/3567
f 3830/3723/3567 3834/3727/3571 3832/3725/3569
f 3830/3723/3567 3833/3726/3570 3834/3727/3571
f 3834/3727/3571 3835/3728/3572 3832/3725/3569
f 3835/3728/3572 3834/3727/3571 3836/3729/3573
f 3834/3727/3571 3837/3730/3574 3836/3729/3573
f 3834/3727/3571 3833/3726/3570 3837/3730/3574
f 3837/3730/3574 3838/3731/3575 3836/3729/3573
f 3838/3731/3575 3837/3730/3574 3839/3732/3576
f 3833/3726/3570 3829/3722/3566 3840/3733/3577
f 3840/3733/3577 3829/3722/3566 3826/3719/3563
f 3837/3730/3574 3833/3726/3570 3841/3734/3578
f 3841/3734/3578 3833/3726/3570 3840/3733/3577
f 3837/3730/3574 3842/3735/3579 3839/3732/3576
f 3837/3730/3574 3841/3734/3578 3842/3735/3579
f 3842/3735/3579 3843/3736/3580 3839/3732/3576
f 3843/3736/3580 3842/3735/3579 3844/3737/3581
f 3841/3734/3578 3845/3738/3582 3842/3735/3579
f 3845/3738/3582 3841/3734/3578 3840/3733/3577
f 3842/3735/3579 3846/3739/3583 3844/3737/3581
f 3842/3735/3579 3845/3738/3582 3846/3739/3583
f 3846/3739/3583 3847/3740/3584 3844/3737/3581
f 3847/3740/3584 3846/3739/3583 3848/3741/3585
f 3846/3739/3583 3845/3738/3582 3849/3742/3586
f 3846/3739/3583 3849/3742/3586 3848/3741/3585
f 3845/3738/3582 3840/3733/3577 3849/3742/3586
f 3849/3742/3586 3850/3743/3587 3848/3741/3585
f 3850/3743/3587 3849/3742/3586 3851/3744/3588
f 3849/3742/3586 3840/3733/3577 3852/3745/3589
f 3849/3742/3586 3852/3745/3589 3851/3744/3588
f 3852/3745/3589 3840/3733/3577 3826/3719/3563
f 3852/3745/3589 3853/3746/3590 3851/3744/3588
f 3852/3745/3589 3826/3719/3563 3828/3721/3565
f 3853/3746/3590 3852/3745/3589 3828/3721/3565
f 3856/3712/3591 3854/3713/3592 3855/3714/3593
f 3854/3713/3592 3856/3712/3591 3857/3715/3594
f 3854/3713/3592 3858/3716/3595 3855/3714/3593
f 3858/3716/3595 3859/3717/3596 3855/3714/3593
f 3859/3717/3596 3858/3716/3595 3860/3718/3597
f 3861/3719/3598 3854/3713/3592 3857/3715/3594
f 3862/3720/3599 3861/3719/3598 3857/3715/3594
f 3861/3719/3598 3862/3720/3599 3863/3721/3600
f 3854/3713/3592 3864/3722/3601 3858/3716/3595
f 3861/3719/3598 3864/3722/3601 3854/3713/3592
f 3858/3716/3595 3865/3723/3602 3860/3718/3597
f 3865/3723/3602 3866/3724/3603 3860/3718/3597
f 3866/3724/3603 3865/3723/3602 3867/3725/3604
f 3864/3722/3601 3868/3726/3605 3858/3716/3595
f 3858/3716/3595 3868/3726/3605 3865/3723/3602
f 3865/3723/3602 3869/3727/3606 3867/3725/3604
f 3865/3723/3602 3868/3726/3605 3869/3727/3606
f 3869/3727/3606 3870/3728/3607 3867/3725/3604
f 3870/3728/3607 3869/3727/3606 3871/3729/3608
f 3869/3727/3606 3872/3730/3609 3871/3729/3608
f 3869/3727/3606 3868/3726/3605 3872/3730/3609
f 3872/3730/3609 3873/3731/3610 3871/3729/3608
f 3873/3731/3610 3872/3730/3609 3874/3732/3611
f 3868/3726/3605 3864/3722/3601 3875/3733/3612
f 3875/3733/3612 3864/3722/3601 3861/3719/3598
f 3872/3730/3609 3868/3726/3605 3876/3734/3613
f 3876/3734/3613 3868/3726/3605 3875/3733/3612
f 3872/3730/3609 3877/3735/3614 3874/3732/3611
f 3872/3730/3609 3876/3734/3613 3877/3735/3614
f 3877/3735/3614 3878/3736/3615 3874/3732/3611
f 3878/3736/3615 3877/3735/3614 3879/3737/3616
f 3876/3734/3613 3880/3738/3617 3877/3735/3614
f 3880/3738/3617 3876/3734/3613 3875/3733/3612
f 3877/3735/3614 3881/3739/3618 3879/3737/3616
f 3877/3735/3614 3880/3738/3617 3881/3739/3618
f 3881/3739/3618 3882/3740/3619 3879/3737/3616
f 3882/3740/3619 3881/3739/3618 3883/3741/3620
f 3881/3739/3618 3880/3738/3617 3884/3742/3621
f 3881/3739/3618 3884/3742/3621 3883/3741/3620
f 3880/3738/3617 3875/3733/3612 3884/3742/3621
f 3884/3742/3621 3885/3743/3622 3883/3741/3620
f 3885/3743/3622 3884/3742/3621 3886/3744/3623
f 3884/3742/3621 3875/3733/3612 3887/3745/3624
f 3884/3742/3621 3887/3745/3624 3886/3744/3623
f 3887/3745/3624 3875/3733/3612 3861/3719/3598
f 3887/3745/3624 3888/3746/3625 3886/3744/3623
f 3887/3745/3624 3861/3719/3598 3863/3721/3600
f 3888/3746/3625 3887/3745/3624 3863/3721/3600
f 3891/3747/3626 3889/3748/3627 3890/3749/3628
f 3891/3747/3626 3890/3749/3628 3892/3750/3629
f 3890/3749/3628 3889/3748/3627 3893/3751/3630
f 3894/3752/3631 3893/3751/3630 3889/3748/3627
f 3892/3750/3629 3890/3749/3628 3895/3753/3632
f 3895/3753/3632 3896/3754/3633 3892/3750/3629
f 3890/3749/3628 3893/3751/3630 3897/3755/3634
f 3897/3755/3634 3895/3753/3632 3890/3749/3628
f 3898/3756/3635 3893/3751/3630 3894/3752/3631
f 3899/3757/3636 3898/3756/3635 3894/3752/3631
f 3897/3755/3634 3893/3751/3630 3900/3758/3637
f 3898/3756/3635 3900/3758/3637 3893/3751/3630
f 3899/3757/3636 3896/3754/3633 3901/3759/3638
f 3901/3759/3638 3898/3756/3635 3899/3757/3636
f 3902/3760/3639 3896/3754/3633 3895/3753/3632
f 3901/3759/3638 3896/3754/3633 3902/3760/3639
f 3903/3761/3640 3895/3753/3632 3897/3755/3634
f 3903/3761/3640 3902/3760/3639 3895/3753/3632
f 3897/3755/3634 3900/3758/3637 3904/3762/3641
f 3904/3762/3641 3903/3761/3640 3897/3755/3634
f 3904/3762/3641 3900/3758/3637 3905/3763/3642
f 3906/3764/3643 3903/3761/3640 3904/3762/3641
f 3906/3764/3643 3907/3765/3644 3903/3761/3640
f 3908/3766/3645 3905/3763/3642 3900/3758/3637
f 3908/3766/3645 3900/3758/3637 3898/3756/3635
f 3901/3759/3638 3908/3766/3645 3898/3756/3635
f 3909/3767/3646 3905/3763/3642 3908/3766/3645
f 3908/3766/3645 3910/3768/3647 3909/3767/3646
f 3911/3769/3648 3908/3766/3645 3901/3759/3638
f 3911/3769/3648 3910/3768/3647 3908/3766/3645
f 3901/3759/3638 3902/3760/3639 3911/3769/3648
f 3911/3769/3648 3907/3765/3644 3910/3768/3647
f 3911/3769/3648 3902/3760/3639 3912/3770/3649
f 3912/3770/3649 3907/3765/3644 3911/3769/3648
f 3912/3770/3649 3902/3760/3639 3903/3761/3640
f 3903/3761/3640 3907/3765/3644 3912/3770/3649
f 3915/3771/3650 3913/3772/3651 3914/3773/3652
f 3915/3771/3650 3916/3774/3653 3913/3772/3651
f 3914/3773/3652 3913/3772/3651 3917/3775/3654
f 3917/3775/3654 3918/3776/3655 3914/3773/3652
f 3913/3772/3651 3916/3774/3653 3919/3777/3656
f 3916/3774/3653 3920/3778/3657 3919/3777/3656
f 3913/3772/3651 3921/3779/3658 3917/3775/3654
f 3913/3772/3651 3919/3777/3656 3921/3779/3658
f 3922/3780/3659 3918/3776/3655 3917/3775/3654
f 3921/3779/3658 3922/3780/3659 3917/3775/3654
f 3923/3781/3660 3918/3776/3655 3922/3780/3659
f 3922/3780/3659 3921/3779/3658 3923/3781/3660
f 3924/3782/3661 3918/3776/3655 3923/3781/3660
f 3919/3777/3656 3920/3778/3657 3925/3783/3662
f 3926/3784/3663 3925/3783/3662 3920/3778/3657
f 3923/3781/3660 3927/3785/3664 3924/3782/3661
f 3924/3782/3661 3927/3785/3664 3928/3786/3665
f 3928/3786/3665 3927/3785/3664 3929/3787/3666
f 3930/3788/3667 3925/3783/3662 3926/3784/3663
f 3929/3787/3666 3927/3785/3664 3931/3789/3668
f 3931/3789/3668 3932/3790/3669 3929/3787/3666
f 3933/3791/3670 3927/3785/3664 3923/3781/3660
f 3927/3785/3664 3933/3791/3670 3931/3789/3668
f 3923/3781/3660 3921/3779/3658 3933/3791/3670
f 3934/3792/3671 3932/3790/3669 3931/3789/3668
f 3933/3791/3670 3934/3792/3671 3931/3789/3668
f 3935/3793/3672 3932/3790/3669 3934/3792/3671
f 3934/3792/3671 3933/3791/3670 3935/3793/3672
f 3936/3794/3673 3932/3790/3669 3935/3793/3672
f 3935/3793/3672 3937/3795/3674 3936/3794/3673
f 3936/3794/3673 3937/3795/3674 3938/3796/3675
f 3939/3797/3676 3937/3795/3674 3935/3793/3672
f 3935/3793/3672 3933/3791/3670 3939/3797/3676
f 3940/3798/3677 3938/3796/3675 3937/3795/3674
f 3937/3795/3674 3939/3797/3676 3940/3798/3677
f 3941/3799/3678 3938/3796/3675 3940/3798/3677
f 3940/3798/3677 3942/3800/3679 3941/3799/3678
f 3939/3797/3676 3943/3801/3680 3940/3798/3677
f 3943/3801/3680 3942/3800/3679 3940/3798/3677
f 3944/3802/3681 3942/3800/3679 3943/3801/3680
f 3943/3801/3680 3939/3797/3676 3944/3802/3681
f 3945/3803/3682 3942/3800/3679 3944/3802/3681
f 3944/3802/3681 3939/3797/3676 3946/3804/3683
f 3933/3791/3670 3946/3804/3683 3939/3797/3676
f 3944/3802/3681 3947/3805/3684 3945/3803/3682
f 3946/3804/3683 3947/3805/3684 3944/3802/3681
f 3945/3803/3682 3947/3805/3684 3948/3806/3685
f 3948/3806/3685 3947/3805/3684 3949/3807/3686
f 3949/3807/3686 3947/3805/3684 3950/3808/3687
f 3947/3805/3684 3946/3804/3683 3950/3808/3687
f 3950/3808/3687 3951/3809/3688 3949/3807/3686
f 3946/3804/3683 3952/3810/3689 3950/3808/3687
f 3952/3810/3689 3951/3809/3688 3950/3808/3687
f 3953/3811/3690 3951/3809/3688 3952/3810/3689
f 3952/3810/3689 3946/3804/3683 3953/3811/3690
f 3954/3812/3691 3951/3809/3688 3953/3811/3690
f 3953/3811/3690 3946/3804/3683 3955/3813/3692
f 3933/3791/3670 3955/3813/3692 3946/3804/3683
f 3953/3811/3690 3956/3814/3693 3954/3812/3691
f 3955/3813/3692 3956/3814/3693 3953/3811/3690
f 3954/3812/3691 3956/3814/3693 3957/3815/3694
f 3958/3816/3695 3957/3815/3694 3956/3814/3693
f 3956/3814/3693 3955/3813/3692 3958/3816/3695
f 3959/3817/3696 3957/3815/3694 3958/3816/3695
f 3958/3816/3695 3960/3818/3697 3959/3817/3696
f 3955/3813/3692 3961/3819/3698 3958/3816/3695
f 3961/3819/3698 3960/3818/3697 3958/3816/3695
f 3962/3820/3699 3960/3818/3697 3961/3819/3698
f 3961/3819/3698 3955/3813/3692 3962/3820/3699
f 3963/3821/3700 3960/3818/3697 3962/3820/3699
f 3933/3791/3670 3964/3822/3701 3955/3813/3692
f 3962/3820/3699 3955/3813/3692 3964/3822/3701
f 3964/3822/3701 3933/3791/3670 3921/3779/3658
f 3919/3777/3656 3964/3822/3701 3921/3779/3658
f 3925/3783/3662 3964/3822/3701 3919/3777/3656
f 3925/3783/3662 3930/3788/3667 3964/3822/3701
f 3964/3822/3701 3965/3823/3702 3962/3820/3699
f 3965/3823/3702 3964/3822/3701 3930/3788/3667
f 3962/3820/3699 3965/3823/3702 3963/3821/3700
f 3926/3784/3663 3965/3823/3702 3930/3788/3667
f 3963/3821/3700 3965/3823/3702 3966/3824/3703
f 3966/3824/3703 3965/3823/3702 3926/3784/3663
f 3969/3825/3704 3967/3826/3705 3968/3827/3706
f 3969/3825/3704 3968/3827/3706 3970/3828/3707
f 3968/3827/3706 3967/3826/3705 3971/3829/3708
f 3972/3830/3709 3971/3829/3708 3967/3826/3705
f 3970/3828/3707 3968/3827/3706 3973/3831/3710
f 3968/3827/3706 3971/3829/3708 3974/3832/3711
f 3974/3832/3711 3973/3831/3710 3968/3827/3706
f 3975/3833/3712 3971/3829/3708 3972/3830/3709
f 3973/3831/3710 3976/3834/3713 3970/3828/3707
f 3970/3828/3707 3976/3834/3713 3977/3835/3714
f 3975/3833/3712 3978/3836/3715 3971/3829/3708
f 3974/3832/3711 3971/3829/3708 3978/3836/3715
f 3972/3830/3709 3979/3837/3716 3975/3833/3712
f 3980/3838/3717 3979/3837/3716 3972/3830/3709
f 3981/3839/3718 3978/3836/3715 3975/3833/3712
f 3979/3837/3716 3981/3839/3718 3975/3833/3712
f 3974/3832/3711 3978/3836/3715 3982/3840/3719
f 3982/3840/3719 3978/3836/3715 3983/3841/3720
f 3981/3839/3718 3983/3841/3720 3978/3836/3715
f 3984/3842/3721 3983/3841/3720 3981/3839/3718
f 3981/3839/3718 3985/3843/3722 3984/3842/3721
f 3982/3840/3719 3986/3844/3723 3974/3832/3711
f 3986/3844/3723 3973/3831/3710 3974/3832/3711
f 3987/3845/3724 3986/3844/3723 3982/3840/3719
f 3986/3844/3723 3976/3834/3713 3973/3831/3710
f 3988/3846/3725 3986/3844/3723 3987/3845/3724
f 3989/3847/3726 3976/3834/3713 3986/3844/3723
f 3989/3847/3726 3986/3844/3723 3988/3846/3725
f 3990/3848/3727 3985/3843/3722 3981/3839/3718
f 3990/3848/3727 3981/3839/3718 3979/3837/3716
f 3988/3846/3725 3991/3849/3728 3989/3847/3726
f 3992/3850/3729 3991/3849/3728 3988/3846/3725
f 3976/3834/3713 3989/3847/3726 3993/3851/3730
f 3991/3849/3728 3992/3850/3729 3994/3852/3731
f 3994/3852/3731 3992/3850/3729 3995/3853/3732
f 3995/3853/3732 3985/3843/3722 3994/3852/3731
f 3994/3852/3731 3985/3843/3722 3990/3848/3727
f 3989/3847/3726 3991/3849/3728 3996/3854/3733
f 3993/3851/3730 3989/3847/3726 3996/3854/3733
f 3994/3852/3731 3997/3855/3734 3991/3849/3728
f 3996/3854/3733 3991/3849/3728 3997/3855/3734
f 3998/3856/3735 3997/3855/3734 3994/3852/3731
f 3997/3855/3734 3999/3857/3736 3996/3854/3733
f 3998/3856/3735 3999/3857/3736 3997/3855/3734
f 3996/3854/3733 3999/3857/3736 4000/3858/3737
f 4001/3859/3738 3999/3857/3736 3998/3856/3735
f 3996/3854/3733 4000/3858/3737 4002/3860/3739
f 3996/3854/3733 4002/3860/3739 3993/3851/3730
f 4002/3860/3739 4000/3858/3737 4003/3861/3740
f 3998/3856/3735 4004/3862/3741 4001/3859/3738
f 3998/3856/3735 3994/3852/3731 4004/3862/3741
f 4004/3862/3741 3994/3852/3731 3990/3848/3727
f 4001/3859/3738 4004/3862/3741 4005/3863/3742
f 4004/3862/3741 3990/3848/3727 4006/3864/3743
f 4006/3864/3743 3990/3848/3727 3979/3837/3716
f 4007/3865/3744 4005/3863/3742 4004/3862/3741
f 4004/3862/3741 4006/3864/3743 4007/3865/3744
f 4008/3866/3745 4005/3863/3742 4007/3865/3744
f 4007/3865/3744 4003/3861/3740 4008/3866/3745
f 4002/3860/3739 4003/3861/3740 4007/3865/3744
f 4009/3867/3746 4006/3864/3743 3979/3837/3716
f 3979/3837/3716 3980/3838/3717 4009/3867/3746
f 4009/3867/3746 3980/3838/3717 4010/3868/3747
f 4011/3869/3748 4009/3867/3746 4010/3868/3747
f 4007/3865/3744 4006/3864/3743 4012/3870/3749
f 4012/3870/3749 4006/3864/3743 4009/3867/3746
f 4002/3860/3739 4007/3865/3744 4013/3871/3750
f 4013/3871/3750 4007/3865/3744 4012/3870/3749
f 3993/3851/3730 4002/3860/3739 4013/3871/3750
f 4014/3872/3751 4012/3870/3749 4009/3867/3746
f 4013/3871/3750 4012/3870/3749 4014/3872/3751
f 4014/3872/3751 4009/3867/3746 4011/3869/3748
f 4014/3872/3751 3993/3851/3730 4013/3871/3750
f 3977/3835/3714 4014/3872/3751 4011/3869/3748
f 3976/3834/3713 3993/3851/3730 4014/3872/3751
f 3976/3834/3713 4014/3872/3751 3977/3835/3714
f 4017/3873/3752 4015/3874/3753 4016/3875/3754
f 4017/3873/3752 4018/3876/3755 4015/3874/3753
f 4016/3875/3754 4015/3874/3753 4019/3877/3756
f 4019/3877/3756 4020/3878/3757 4016/3875/3754
f 4015/3874/3753 4018/3876/3755 4021/3879/3758
f 4022/3880/3759 4020/3878/3757 4019/3877/3756
f 4021/3879/3758 4018/3876/3755 4023/3881/3760
f 4023/3881/3760 4018/3876/3755 4024/3882/3761
f 4015/3874/3753 4021/3879/3758 4025/3883/3762
f 4015/3874/3753 4025/3883/3762 4019/3877/3756
f 4025/3883/3762 4021/3879/3758 4026/3884/3763
f 4021/3879/3758 4023/3881/3760 4026/3884/3763
f 4019/3877/3756 4025/3883/3762 4027/3885/3764
f 4027/3885/3764 4022/3880/3759 4019/3877/3756
f 4026/3884/3763 4028/3886/3765 4025/3883/3762
f 4025/3883/3762 4028/3886/3765 4027/3885/3764
f 4029/3887/3766 4028/3886/3765 4026/3884/3763
f 4027/3885/3764 4028/3886/3765 4030/3888/3767
f 4029/3887/3766 4026/3884/3763 4031/3889/3768
f 4030/3888/3767 4032/3890/3769 4027/3885/3764
f 4032/3890/3769 4022/3880/3759 4027/3885/3764
f 4033/3891/3770 4032/3890/3769 4030/3888/3767
f 4033/3891/3770 4034/3892/3771 4032/3890/3769
f 4031/3889/3768 4026/3884/3763 4035/3893/3772
f 4026/3884/3763 4023/3881/3760 4035/3893/3772
f 4035/3893/3772 4036/3894/3773 4031/3889/3768
f 4031/3889/3768 4036/3894/3773 4037/3895/3774
f 4035/3893/3772 4023/3881/3760 4038/3896/3775
f 4036/3894/3773 4039/3897/3776 4037/3895/3774
f 4037/3895/3774 4039/3897/3776 4040/3898/3777
f 4040/3898/3777 4039/3897/3776 4034/3892/3771
f 4035/3893/3772 4041/3899/3778 4036/3894/3773
f 4035/3893/3772 4038/3896/3775 4041/3899/3778
f 4042/3900/3779 4039/3897/3776 4036/3894/3773
f 4036/3894/3773 4041/3899/3778 4042/3900/3779
f 4034/3892/3771 4039/3897/3776 4043/3901/3780
f 4032/3890/3769 4034/3892/3771 4043/3901/3780
f 4044/3902/3781 4039/3897/3776 4042/3900/3779
f 4043/3901/3780 4045/3903/3782 4032/3890/3769
f 4032/3890/3769 4045/3903/3782 4022/3880/3759
f 4022/3880/3759 4045/3903/3782 4020/3878/3757
f 4020/3878/3757 4045/3903/3782 4046/3904/3783
f 4043/3901/3780 4039/3897/3776 4047/3905/3784
f 4047/3905/3784 4039/3897/3776 4044/3902/3781
f 4048/3906/3785 4045/3903/3782 4043/3901/3780
f 4047/3905/3784 4048/3906/3785 4043/3901/3780
f 4049/3907/3786 4046/3904/3783 4045/3903/3782
f 4048/3906/3785 4049/3907/3786 4045/3903/3782
f 4050/3908/3787 4046/3904/3783 4049/3907/3786
f 4044/3902/3781 4051/3909/3788 4047/3905/3784
f 4042/3900/3779 4051/3909/3788 4044/3902/3781
f 4052/3910/3789 4051/3909/3788 4042/3900/3779
f 4041/3899/3778 4052/3910/3789 4042/3900/3779
f 4047/3905/3784 4051/3909/3788 4053/3911/3790
f 4054/3912/3791 4052/3910/3789 4041/3899/3778
f 4053/3911/3790 4055/3913/3792 4047/3905/3784
f 4055/3913/3792 4048/3906/3785 4047/3905/3784
f 4056/3914/3793 4055/3913/3792 4053/3911/3790
f 4057/3915/3794 4054/3912/3791 4041/3899/3778
f 4056/3914/3793 4057/3915/3794 4055/3913/3792
f 4058/3916/3795 4054/3912/3791 4057/3915/3794
f 4058/3916/3795 4057/3915/3794 4056/3914/3793
f 4041/3899/3778 4038/3896/3775 4057/3915/3794
f 4059/3917/3796 4048/3906/3785 4055/3913/3792
f 4059/3917/3796 4049/3907/3786 4048/3906/3785
f 4057/3915/3794 4060/3918/3797 4055/3913/3792
f 4055/3913/3792 4060/3918/3797 4059/3917/3796
f 4057/3915/3794 4038/3896/3775 4060/3918/3797
f 4059/3917/3796 4061/3919/3798 4049/3907/3786
f 4060/3918/3797 4061/3919/3798 4059/3917/3796
f 4060/3918/3797 4038/3896/3775 4061/3919/3798
f 4061/3919/3798 4050/3908/3787 4049/3907/3786
f 4061/3919/3798 4038/3896/3775 4023/3881/3760
f 4062/3920/3799 4050/3908/3787 4061/3919/3798
f 4023/3881/3760 4024/3882/3761 4061/3919/3798
f 4061/3919/3798 4024/3882/3761 4062/3920/3799
f 4065/3921/3800 4063/3922/3801 4064/3923/3802
f 4063/3922/3801 4065/3921/3800 4066/3924/3803
f 4063/3922/3801 4067/3925/3804 4064/3923/3802
f 4067/3925/3804 4068/3926/3805 4064/3923/3802
f 4068/3926/3805 4067/3925/3804 4069/3927/3806
f 4070/3928/3807 4063/3922/3801 4066/3924/3803
f 4071/3929/3808 4070/3928/3807 4066/3924/3803
f 4070/3928/3807 4071/3929/3808 4072/3930/3809
f 4063/3922/3801 4073/3931/3810 4067/3925/3804
f 4070/3928/3807 4073/3931/3810 4063/3922/3801
f 4067/3925/3804 4074/3932/3811 4069/3927/3806
f 4074/3932/3811 4075/3933/3812 4069/3927/3806
f 4075/3933/3812 4074/3932/3811 4076/3934/3813
f 4073/3931/3810 4077/3935/3814 4067/3925/3804
f 4067/3925/3804 4077/3935/3814 4074/3932/3811
f 4074/3932/3811 4078/3936/3815 4076/3934/3813
f 4074/3932/3811 4077/3935/3814 4078/3936/3815
f 4078/3936/3815 4079/3937/3816 4076/3934/3813
f 4079/3937/3816 4078/3936/3815 4080/3938/3817
f 4077/3935/3814 4073/3931/3810 4081/3939/3818
f 4081/3939/3818 4073/3931/3810 4070/3928/3807
f 4077/3935/3814 4082/3940/3819 4078/3936/3815
f 4082/3940/3819 4077/3935/3814 4081/3939/3818
f 4078/3936/3815 4083/3941/3820 4080/3938/3817
f 4078/3936/3815 4082/3940/3819 4083/3941/3820
f 4083/3941/3820 4084/3942/3821 4080/3938/3817
f 4084/3942/3821 4083/3941/3820 4085/3943/3822
f 4083/3941/3820 4086/3944/3823 4085/3943/3822
f 4083/3941/3820 4082/3940/3819 4086/3944/3823
f 4086/3944/3823 4087/3945/3824 4085/3943/3822
f 4087/3945/3824 4086/3944/3823 4088/3946/3825
f 4082/3940/3819 4089/3947/3826 4086/3944/3823
f 4089/3947/3826 4082/3940/3819 4081/3939/3818
f 4086/3944/3823 4090/3948/3827 4088/3946/3825
f 4086/3944/3823 4089/3947/3826 4090/3948/3827
f 4090/3948/3827 4091/3949/3828 4088/3946/3825
f 4091/3949/3828 4090/3948/3827 4092/3950/3829
f 4090/3948/3827 4089/3947/3826 4093/3951/3830
f 4090/3948/3827 4093/3951/3830 4092/3950/3829
f 4089/3947/3826 4081/3939/3818 4093/3951/3830
f 4093/3951/3830 4094/3952/3831 4092/3950/3829
f 4094/3952/3831 4093/3951/3830 4095/3953/3832
f 4093/3951/3830 4081/3939/3818 4096/3954/3833
f 4093/3951/3830 4096/3954/3833 4095/3953/3832
f 4096/3954/3833 4081/3939/3818 4070/3928/3807
f 4096/3954/3833 4097/3955/3834 4095/3953/3832
f 4096/3954/3833 4070/3928/3807 4072/3930/3809
f 4097/3955/3834 4096/3954/3833 4072/3930/3809
f 4100/3956/3835 4098/3957/3836 4099/3958/3837
f 4101/3959/3838 4099/3958/3837 4098/3957/3836
f 4100/3956/3835 4102/3960/3839 4098/3957/3836
f 4100/3956/3835 4103/3961/3840 4102/3960/3839
f 4104/3962/3841 4102/3960/3839 4103/3961/3840
f 4101/3959/3838 4098/3957/3836 4105/3963/3842
f 4101/3959/3838 4105/3963/3842 4106/3964/3843
f 4107/3965/3844 4106/3964/3843 4105/3963/3842
f 4102/3960/3839 4108/3966/3845 4098/3957/3836
f 4098/3957/3836 4108/3966/3845 4105/3963/3842
f 4104/3962/3841 4109/3967/3846 4102/3960/3839
f 4104/3962/3841 4110/3968/3847 4109/3967/3846
f 4111/3969/3848 4109/3967/3846 4110/3968/3847
f 4109/3967/3846 4112/3970/3849 4102/3960/3839
f 4112/3970/3849 4108/3966/3845 4102/3960/3839
f 4111/3969/3848 4113/3971/3850 4109/3967/3846
f 4113/3971/3850 4112/3970/3849 4109/3967/3846
f 4111/3969/3848 4114/3972/3851 4113/3971/3850
f 4115/3973/3852 4113/3971/3850 4114/3972/3851
f 4116/3974/3853 4108/3966/3845 4112/3970/3849
f 4116/3974/3853 4112/3970/3849 4113/3971/3850
f 4115/3973/3852 4117/3975/3854 4113/3971/3850
f 4117/3975/3854 4116/3974/3853 4113/3971/3850
f 4115/3973/3852 4118/3976/3855 4117/3975/3854
f 4119/3977/3856 4117/3975/3854 4118/3976/3855
f 4116/3974/3853 4120/3978/3857 4108/3966/3845
f 4108/3966/3845 4120/3978/3857 4105/3963/3842
f 4117/3975/3854 4121/3979/3858 4116/3974/3853
f 4120/3978/3857 4116/3974/3853 4121/3979/3858
f 4119/3977/3856 4122/3980/3859 4117/3975/3854
f 4122/3980/3859 4121/3979/3858 4117/3975/3854
f 4119/3977/3856 4123/3981/3860 4122/3980/3859
f 4124/3982/3861 4122/3980/3859 4123/3981/3860
f 4124/3982/3861 4125/3983/3862 4122/3980/3859
f 4125/3983/3862 4121/3979/3858 4122/3980/3859
f 4124/3982/3861 4126/3984/3863 4125/3983/3862
f 4127/3985/3864 4125/3983/3862 4126/3984/3863
f 4128/3986/3865 4121/3979/3858 4125/3983/3862
f 4127/3985/3864 4128/3986/3865 4125/3983/3862
f 4120/3978/3857 4121/3979/3858 4128/3986/3865
f 4127/3985/3864 4129/3987/3866 4128/3986/3865
f 4130/3988/3867 4128/3986/3865 4129/3987/3866
f 4131/3989/3868 4120/3978/3857 4128/3986/3865
f 4130/3988/3867 4131/3989/3868 4128/3986/3865
f 4105/3963/3842 4120/3978/3857 4131/3989/3868
f 4130/3988/3867 4132/3990/3869 4131/3989/3868
f 4107/3965/3844 4105/3963/3842 4131/3989/3868
f 4107/3965/3844 4131/3989/3868 4132/3990/3869
f 4135/3991/3870 4133/3992/3871 4134/3993/3872
f 4136/3994/3873 4134/3993/3872 4133/3992/3871
f 4135/3991/3870 4137/3995/3874 4133/3992/3871
f 4135/3991/3870 4138/3996/3875 4137/3995/3874
f 4139/3997/3876 4137/3995/3874 4138/3996/3875
f 4136/3994/3873 4133/3992/3871 4140/3998/3877
f 4136/3994/3873 4140/3998/3877 4141/3999/3878
f 4142/4000/3879 4141/3999/3878 4140/3998/3877
f 4137/3995/3874 4143/4001/3880 4133/3992/3871
f 4133/3992/3871 4143/4001/3880 4140/3998/3877
f 4139/3997/3876 4144/4002/3881 4137/3995/3874
f 4139/3997/3876 4145/4003/3882 4144/4002/3881
f 4146/4004/3883 4144/4002/3881 4145/4003/3882
f 4137/3995/3874 4147/4005/3884 4143/4001/3880
f 4144/4002/3881 4147/4005/3884 4137/3995/3874
f 4146/4004/3883 4148/4006/3885 4144/4002/3881
f 4148/4006/3885 4147/4005/3884 4144/4002/3881
f 4146/4004/3883 4149/4007/3886 4148/4006/3885
f 4150/4008/3887 4148/4006/3885 4149/4007/3886
f 4150/4008/3887 4151/4009/3888 4148/4006/3885
f 4151/4009/3888 4147/4005/3884 4148/4006/3885
f 4150/4008/3887 4152/4010/3889 4151/4009/3888
f 4153/4011/3890 4151/4009/3888 4152/4010/3889
f 4154/4012/3891 4143/4001/3880 4147/4005/3884
f 4140/3998/3877 4143/4001/3880 4154/4012/3891
f 4155/4013/3892 4147/4005/3884 4151/4009/3888
f 4154/4012/3891 4147/4005/3884 4155/4013/3892
f 4153/4011/3890 4156/4014/3893 4151/4009/3888
f 4156/4014/3893 4155/4013/3892 4151/4009/3888
f 4153/4011/3890 4157/4015/3894 4156/4014/3893
f 4158/4016/3895 4156/4014/3893 4157/4015/3894
f 4156/4014/3893 4159/4017/3896 4155/4013/3892
f 4154/4012/3891 4155/4013/3892 4159/4017/3896
f 4158/4016/3895 4160/4018/3897 4156/4014/3893
f 4160/4018/3897 4159/4017/3896 4156/4014/3893
f 4158/4016/3895 4161/4019/3898 4160/4018/3897
f 4162/4020/3899 4160/4018/3897 4161/4019/3898
f 4163/4021/3900 4159/4017/3896 4160/4018/3897
f 4162/4020/3899 4163/4021/3900 4160/4018/3897
f 4163/4021/3900 4154/4012/3891 4159/4017/3896
f 4162/4020/3899 4164/4022/3901 4163/4021/3900
f 4165/4023/3902 4163/4021/3900 4164/4022/3901
f 4166/4024/3903 4154/4012/3891 4163/4021/3900
f 4165/4023/3902 4166/4024/3903 4163/4021/3900
f 4140/3998/3877 4154/4012/3891 4166/4024/3903
f 4165/4023/3902 4167/4025/3904 4166/4024/3903
f 4142/4000/3879 4140/3998/3877 4166/4024/3903
f 4142/4000/3879 4166/4024/3903 4167/4025/3904
f 4170/3991/3905 4168/3992/3906 4169/3993/3907
f 4171/3994/3908 4169/3993/3907 4168/3992/3906
f 4170/3991/3905 4172/3995/3909 4168/3992/3906
f 4170/3991/3905 4173/3996/3910 4172/3995/3909
f 4174/3997/3911 4172/3995/3909 4173/3996/3910
f 4171/3994/3908 4168/3992/3906 4175/3998/3912
f 4171/3994/3908 4175/3998/3912 4176/3999/3913
f 4177/4000/3914 4176/3999/3913 4175/3998/3912
f 4172/3995/3909 4178/4001/3915 4168/3992/3906
f 4168/3992/3906 4178/4001/3915 4175/3998/3912
f 4174/3997/3911 4179/4002/3916 4172/3995/3909
f 4174/3997/3911 4180/4003/3917 4179/4002/3916
f 4181/4004/3918 4179/4002/3916 4180/4003/3917
f 4172/3995/3909 4182/4005/3919 4178/4001/3915
f 4179/4002/3916 4182/4005/3919 4172/3995/3909
f 4181/4004/3918 4183/4006/3920 4179/4002/3916
f 4183/4006/3920 4182/4005/3919 4179/4002/3916
f 4181/4004/3918 4184/4007/3921 4183/4006/3920
f 4185/4008/3922 4183/4006/3920 4184/4007/3921
f 4185/4008/3922 4186/4009/3923 4183/4006/3920
f 4186/4009/3923 4182/4005/3919 4183/4006/3920
f 4185/4008/3922 4187/4010/3924 4186/4009/3923
f 4188/4011/3925 4186/4009/3923 4187/4010/3924
f 4189/4012/3926 4178/4001/3915 4182/4005/3919
f 4175/3998/3912 4178/4001/3915 4189/4012/3926
f 4190/4013/3927 4182/4005/3919 4186/4009/3923
f 4189/4012/3926 4182/4005/3919 4190/4013/3927
f 4188/4011/3925 4191/4014/3928 4186/4009/3923
f 4191/4014/3928 4190/4013/3927 4186/4009/3923
f 4188/4011/3925 4192/4015/3929 4191/4014/3928
f 4193/4016/3930 4191/4014/3928 4192/4015/3929
f 4191/4014/3928 4194/4017/3931 4190/4013/3927
f 4189/4012/3926 4190/4013/3927 4194/4017/3931
f 4193/4016/3930 4195/4018/3932 4191/4014/3928
f 4195/4018/3932 4194/4017/3931 4191/4014/3928
f 4193/4016/3930 4196/4019/3933 4195/4018/3932
f 4197/4020/3934 4195/4018/3932 4196/4019/3933
f 4198/4021/3935 4194/4017/3931 4195/4018/3932
f 4197/4020/3934 4198/4021/3935 4195/4018/3932
f 4198/4021/3935 4189/4012/3926 4194/4017/3931
f 4197/4020/3934 4199/4022/3936 4198/4021/3935
f 4200/4023/3937 4198/4021/3935 4199/4022/3936
f 4201/4024/3938 4189/4012/3926 4198/4021/3935
f 4200/4023/3937 4201/4024/3938 4198/4021/3935
f 4175/3998/3912 4189/4012/3926 4201/4024/3938
f 4200/4023/3937 4202/4025/3939 4201/4024/3938
f 4177/4000/3914 4175/3998/3912 4201/4024/3938
f 4177/4000/3914 4201/4024/3938 4202/4025/3939
f 4205/3991/3940 4203/3992/3941 4204/3993/3942
f 4206/3994/3943 4204/3993/3942 4203/3992/3941
f 4205/3991/3940 4207/3995/3944 4203/3992/3941
f 4205/3991/3940 4208/3996/3945 4207/3995/3944
f 4209/3997/3946 4207/3995/3944 4208/3996/3945
f 4206/3994/3943 4203/3992/3941 4210/3998/3947
f 4206/3994/3943 4210/3998/3947 4211/3999/3948
f 4212/4000/3949 4211/3999/3948 4210/3998/3947
f 4207/3995/3944 4213/4001/3950 4203/3992/3941
f 4203/3992/3941 4213/4001/3950 4210/3998/3947
f 4209/3997/3946 4214/4002/3951 4207/3995/3944
f 4209/3997/3946 4215/4003/3952 4214/4002/3951
f 4216/4004/3953 4214/4002/3951 4215/4003/3952
f 4207/3995/3944 4217/4005/3954 4213/4001/3950
f 4214/4002/3951 4217/4005/3954 4207/3995/3944
f 4216/4004/3953 4218/4006/3955 4214/4002/3951
f 4218/4006/3955 4217/4005/3954 4214/4002/3951
f 4216/4004/3953 4219/4007/3956 4218/4006/3955
f 4220/4008/3957 4218/4006/3955 4219/4007/3956
f 4220/4008/3957 4221/4009/3958 4218/4006/3955
f 4221/4009/3958 4217/4005/3954 4218/4006/3955
f 4220/4008/3957 4222/4010/3959 4221/4009/3958
f 4223/4011/3960 4221/4009/3958 4222/4010/3959
f 4224/4012/3961 4213/4001/3950 4217/4005/3954
f 4210/3998/3947 4213/4001/3950 4224/4012/3961
f 4225/4013/3962 4217/4005/3954 4221/4009/3958
f 4224/4012/3961 4217/4005/3954 4225/4013/3962
f 4223/4011/3960 4226/4014/3963 4221/4009/3958
f 4226/4014/3963 4225/4013/3962 4221/4009/3958
f 4223/4011/3960 4227/4015/3964 4226/4014/3963
f 4228/4016/3965 4226/4014/3963 4227/4015/3964
f 4226/4014/3963 4229/4017/3966 4225/4013/3962
f 4224/4012/3961 4225/4013/3962 4229/4017/3966
f 4228/4016/3965 4230/4018/3967 4226/4014/3963
f 4230/4018/3967 4229/4017/3966 4226/4014/3963
f 4228/4016/3965 4231/4019/3968 4230/4018/3967
f 4232/4020/3969 4230/4018/3967 4231/4019/3968
f 4233/4021/3970 4229/4017/3966 4230/4018/3967
f 4232/4020/3969 4233/4021/3970 4230/4018/3967
f 4233/4021/3970 4224/4012/3961 4229/4017/3966
f 4232/4020/3969 4234/4022/3971 4233/4021/3970
f 4235/4023/3972 4233/4021/3970 4234/4022/3971
f 4236/4024/3973 4224/4012/3961 4233/4021/3970
f 4235/4023/3972 4236/4024/3973 4233/4021/3970
f 4210/3998/3947 4224/4012/3961 4236/4024/3973
f 4235/4023/3972 4237/4025/3974 4236/4024/3973
f 4212/4000/3949 4210/3998/3947 4236/4024/3973
f 4212/4000/3949 4236/4024/3973 4237/4025/3974
f 4240/4026/3975 4238/4027/3976 4239/4028/3977
f 4241/4029/3978 4240/4026/3975 4239/4028/3977
f 4242/4030/3979 4238/4027/3976 4240/4026/3975
f 4242/4030/3979 4243/4031/3980 4238/4027/3976
f 4244/4032/3981 4240/4026/3975 4241/4029/3978
f 4241/4029/3978 4245/4033/3982 4244/4032/3981
f 4246/4034/3983 4242/4030/3979 4240/4026/3975
f 4244/4032/3981 4246/4034/3983 4240/4026/3975
f 4247/4035/3984 4243/4031/3980 4242/4030/3979
f 4247/4035/3984 4248/4036/3985 4243/4031/3980
f 4249/4037/3986 4242/4030/3979 4246/4034/3983
f 4249/4037/3986 4247/4035/3984 4242/4030/3979
f 4248/4036/3985 4250/4038/3987 4245/4033/3982
f 4244/4032/3981 4245/4033/3982 4250/4038/3987
f 4251/4039/3988 4248/4036/3985 4247/4035/3984
f 4251/4039/3988 4250/4038/3987 4248/4036/3985
f 4252/4040/3989 4246/4034/3983 4244/4032/3981
f 4244/4032/3981 4250/4038/3987 4252/4040/3989
f 4252/4040/3989 4253/4041/3990 4246/4034/3983
f 4246/4034/3983 4253/4041/3990 4249/4037/3986
f 4254/4042/3991 4253/4041/3990 4252/4040/3989
f 4249/4037/3986 4253/4041/3990 4255/4043/3992
f 4256/4044/3993 4249/4037/3986 4255/4043/3992
f 4252/4040/3989 4257/4045/3994 4254/4042/3991
f 4252/4040/3989 4250/4038/3987 4257/4045/3994
f 4250/4038/3987 4251/4039/3988 4257/4045/3994
f 4254/4042/3991 4257/4045/3994 4258/4046/3995
f 4257/4045/3994 4259/4047/3996 4258/4046/3995
f 4257/4045/3994 4251/4039/3988 4260/4048/3997
f 4260/4048/3997 4259/4047/3996 4257/4045/3994
f 4247/4035/3984 4260/4048/3997 4251/4039/3988
f 4259/4047/3996 4260/4048/3997 4256/4044/3993
f 4261/4049/3998 4260/4048/3997 4247/4035/3984
f 4256/4044/3993 4260/4048/3997 4261/4049/3998
f 4261/4049/3998 4247/4035/3984 4249/4037/3986
f 4261/4049/3998 4249/4037/3986 4256/4044/3993
f 4264/4050/3999 4262/4051/4000 4263/4052/4001
f 4262/4051/4000 4265/4053/4002 4263/4052/4001
f 4266/4054/4003 4262/4051/4000 4264/4050/3999
f 4264/4050/3999 4267/4055/4004 4266/4054/4003
f 4268/4056/4005 4265/4053/4002 4262/4051/4000
f 4266/4054/4003 4267/4055/4004 4269/4057/4006
f 4266/4054/4003 4270/4058/4007 4262/4051/4000
f 4270/4058/4007 4268/4056/4005 4262/4051/4000
f 4266/4054/4003 4269/4057/4006 4271/4059/4008
f 4271/4059/4008 4270/4058/4007 4266/4054/4003
f 4267/4055/4004 4272/4060/4009 4269/4057/4006
f 4273/4061/4010 4272/4060/4009 4267/4055/4004
f 4271/4059/4008 4269/4057/4006 4274/4062/4011
f 4269/4057/4006 4272/4060/4009 4274/4062/4011
f 4271/4059/4008 4275/4063/4012 4270/4058/4007
f 4276/4064/4013 4275/4063/4012 4271/4059/4008
f 4271/4059/4008 4274/4062/4011 4276/4064/4013
f 4276/4064/4013 4274/4062/4011 4277/4065/4014
f 4274/4062/4011 4278/4066/4015 4277/4065/4014
f 4270/4058/4007 4275/4063/4012 4279/4067/4016
f 4279/4067/4016 4268/4056/4005 4270/4058/4007
f 4279/4067/4016 4275/4063/4012 4280/4068/4017
f 4281/4069/4018 4279/4067/4016 4280/4068/4017
f 4279/4067/4016 4282/4070/4019 4268/4056/4005
f 4282/4070/4019 4265/4053/4002 4268/4056/4005
f 4283/4071/4020 4265/4053/4002 4282/4070/4019
f 4284/4072/4021 4279/4067/4016 4281/4069/4018
f 4284/4072/4021 4282/4070/4019 4279/4067/4016
f 4281/4069/4018 4285/4073/4022 4284/4072/4021
f 4286/4074/4023 4285/4073/4022 4281/4069/4018
f 4287/4075/4024 4282/4070/4019 4284/4072/4021
f 4288/4076/4025 4283/4071/4020 4282/4070/4019
f 4282/4070/4019 4287/4075/4024 4288/4076/4025
f 4289/4077/4026 4283/4071/4020 4288/4076/4025
f 4288/4076/4025 4290/4078/4027 4289/4077/4026
f 4291/4079/4028 4287/4075/4024 4284/4072/4021
f 4285/4073/4022 4291/4079/4028 4284/4072/4021
f 4292/4080/4029 4290/4078/4027 4288/4076/4025
f 4292/4080/4029 4273/4061/4010 4290/4078/4027
f 4272/4060/4009 4273/4061/4010 4292/4080/4029
f 4288/4076/4025 4287/4075/4024 4293/4081/4030
f 4292/4080/4029 4288/4076/4025 4294/4082/4031
f 4294/4082/4031 4288/4076/4025 4293/4081/4030
f 4272/4060/4009 4292/4080/4029 4295/4083/4032
f 4295/4083/4032 4292/4080/4029 4294/4082/4031
f 4293/4081/4030 4287/4075/4024 4296/4084/4033
f 4296/4084/4033 4287/4075/4024 4291/4079/4028
f 4294/4082/4031 4293/4081/4030 4297/4085/4034
f 4297/4085/4034 4295/4083/4032 4294/4082/4031
f 4297/4085/4034 4293/4081/4030 4296/4084/4033
f 4298/4086/4035 4272/4060/4009 4295/4083/4032
f 4274/4062/4011 4272/4060/4009 4298/4086/4035
f 4298/4086/4035 4278/4066/4015 4274/4062/4011
f 4298/4086/4035 4295/4083/4032 4299/4087/4036
f 4299/4087/4036 4295/4083/4032 4297/4085/4034
f 4298/4086/4035 4300/4088/4037 4278/4066/4015
f 4299/4087/4036 4300/4088/4037 4298/4086/4035
f 4278/4066/4015 4300/4088/4037 4301/4089/4038
f 4301/4089/4038 4300/4088/4037 4286/4074/4023
f 4286/4074/4023 4300/4088/4037 4285/4073/4022
f 4299/4087/4036 4297/4085/4034 4302/4090/4039
f 4302/4090/4039 4297/4085/4034 4303/4091/4040
f 4297/4085/4034 4296/4084/4033 4303/4091/4040
f 4302/4090/4039 4304/4092/4041 4299/4087/4036
f 4303/4091/4040 4296/4084/4033 4305/4093/4042
f 4296/4084/4033 4306/4094/4043 4305/4093/4042
f 4291/4079/4028 4306/4094/4043 4296/4084/4033
f 4291/4079/4028 4307/4095/4044 4306/4094/4043
f 4299/4087/4036 4304/4092/4041 4308/4096/4045
f 4308/4096/4045 4300/4088/4037 4299/4087/4036
f 4309/4097/4046 4304/4092/4041 4307/4095/4044
f 4308/4096/4045 4304/4092/4041 4309/4097/4046
f 4309/4097/4046 4307/4095/4044 4291/4079/4028
f 4309/4097/4046 4300/4088/4037 4308/4096/4045
f 4309/4097/4046 4291/4079/4028 4285/4073/4022
f 4285/4073/4022 4300/4088/4037 4309/4097/4046
f 4312/4098/4047 4310/4099/4048 4311/4100/4049
f 4313/4101/4050 4312/4098/4047 4311/4100/4049
f 4314/4102/4051 4310/4099/4048 4312/4098/4047
f 4310/4099/4048 4314/4102/4051 4315/4103/4052
f 4316/4104/4053 4312/4098/4047 4313/4101/4050
f 4315/4103/4052 4314/4102/4051 4317/4105/4054
f 4318/4106/4055 4314/4102/4051 4312/4098/4047
f 4312/4098/4047 4316/4104/4053 4318/4106/4055
f 4314/4102/4051 4319/4107/4056 4317/4105/4054
f 4319/4107/4056 4314/4102/4051 4318/4106/4055
f 4317/4105/4054 4320/4108/4057 4315/4103/4052
f 4315/4103/4052 4320/4108/4057 4321/4109/4058
f 4317/4105/4054 4319/4107/4056 4322/4110/4059
f 4317/4105/4054 4322/4110/4059 4320/4108/4057
f 4323/4111/4060 4319/4107/4056 4318/4106/4055
f 4324/4112/4061 4319/4107/4056 4323/4111/4060
f 4319/4107/4056 4324/4112/4061 4322/4110/4059
f 4322/4110/4059 4324/4112/4061 4325/4113/4062
f 4325/4113/4062 4326/4114/4063 4322/4110/4059
f 4318/4106/4055 4327/4115/4064 4323/4111/4060
f 4318/4106/4055 4316/4104/4053 4327/4115/4064
f 4323/4111/4060 4327/4115/4064 4328/4116/4065
f 4328/4116/4065 4327/4115/4064 4329/4117/4066
f 4322/4110/4059 4326/4114/4063 4330/4118/4067
f 4320/4108/4057 4322/4110/4059 4330/4118/4067
f 4316/4104/4053 4331/4119/4068 4327/4115/4064
f 4313/4101/4050 4331/4119/4068 4316/4104/4053
f 4332/4120/4069 4331/4119/4068 4313/4101/4050
f 4329/4117/4066 4327/4115/4064 4333/4121/4070
f 4327/4115/4064 4331/4119/4068 4333/4121/4070
f 4333/4121/4070 4334/4122/4071 4329/4117/4066
f 4329/4117/4066 4334/4122/4071 4335/4123/4072
f 4336/4124/4073 4333/4121/4070 4331/4119/4068
f 4332/4120/4069 4337/4125/4074 4331/4119/4068
f 4337/4125/4074 4336/4124/4073 4331/4119/4068
f 4338/4126/4075 4337/4125/4074 4332/4120/4069
f 4339/4127/4076 4333/4121/4070 4336/4124/4073
f 4339/4127/4076 4334/4122/4071 4333/4121/4070
f 4340/4128/4077 4336/4124/4073 4337/4125/4074
f 4341/4129/4078 4335/4123/4072 4334/4122/4071
f 4342/4130/4079 4335/4123/4072 4341/4129/4078
f 4341/4129/4078 4326/4114/4063 4342/4130/4079
f 4330/4118/4067 4326/4114/4063 4341/4129/4078
f 4334/4122/4071 4343/4131/4080 4341/4129/4078
f 4343/4131/4080 4334/4122/4071 4339/4127/4076
f 4330/4118/4067 4341/4129/4078 4344/4132/4081
f 4341/4129/4078 4343/4131/4080 4345/4133/4082
f 4344/4132/4081 4341/4129/4078 4345/4133/4082
f 4343/4131/4080 4346/4134/4083 4345/4133/4082
f 4339/4127/4076 4346/4134/4083 4343/4131/4080
f 4345/4133/4082 4346/4134/4083 4347/4135/4084
f 4347/4135/4084 4344/4132/4081 4345/4133/4082
f 4348/4136/4085 4346/4134/4083 4339/4127/4076
f 4349/4137/4086 4344/4132/4081 4347/4135/4084
f 4350/4138/4087 4348/4136/4085 4339/4127/4076
f 4336/4124/4073 4350/4138/4087 4339/4127/4076
f 4351/4139/4088 4348/4136/4085 4350/4138/4087
f 4340/4128/4077 4350/4138/4087 4336/4124/4073
f 4352/4140/4089 4351/4139/4088 4350/4138/4087
f 4340/4128/4077 4352/4140/4089 4350/4138/4087
f 4353/4141/4090 4351/4139/4088 4352/4140/4089
f 4352/4140/4089 4349/4137/4086 4353/4141/4090
f 4344/4132/4081 4349/4137/4086 4352/4140/4089
f 4354/4142/4091 4352/4140/4089 4340/4128/4077
f 4337/4125/4074 4354/4142/4091 4340/4128/4077
f 4352/4140/4089 4355/4143/4092 4344/4132/4081
f 4354/4142/4091 4355/4143/4092 4352/4140/4089
f 4355/4143/4092 4330/4118/4067 4344/4132/4081
f 4320/4108/4057 4330/4118/4067 4355/4143/4092
f 4356/4144/4093 4354/4142/4091 4337/4125/4074
f 4356/4144/4093 4355/4143/4092 4354/4142/4091
f 4320/4108/4057 4355/4143/4092 4356/4144/4093
f 4338/4126/4075 4356/4144/4093 4337/4125/4074
f 4356/4144/4093 4321/4109/4058 4320/4108/4057
f 4357/4145/4094 4356/4144/4093 4338/4126/4075
f 4357/4145/4094 4321/4109/4058 4356/4144/4093
f 4360/4146/4095 4358/4147/4096 4359/4148/4097
f 4361/4149/4098 4359/4148/4097 4358/4147/4096
f 4360/4146/4095 4362/4150/4099 4358/4147/4096
f 4360/4146/4095 4363/4151/4100 4362/4150/4099
f 4364/4152/4101 4362/4150/4099 4363/4151/4100
f 4361/4149/4098 4358/4147/4096 4365/4153/4102
f 4361/4149/4098 4365/4153/4102 4366/4154/4103
f 4367/4155/4104 4366/4154/4103 4365/4153/4102
f 4362/4150/4099 4368/4156/4105 4358/4147/4096
f 4358/4147/4096 4368/4156/4105 4365/4153/4102
f 4364/4152/4101 4369/4157/4106 4362/4150/4099
f 4364/4152/4101 4370/4158/4107 4369/4157/4106
f 4371/4159/4108 4369/4157/4106 4370/4158/4107
f 4362/4150/4099 4372/4160/4109 4368/4156/4105
f 4369/4157/4106 4372/4160/4109 4362/4150/4099
f 4371/4159/4108 4373/4161/4110 4369/4157/4106
f 4373/4161/4110 4372/4160/4109 4369/4157/4106
f 4371/4159/4108 4374/4162/4111 4373/4161/4110
f 4375/4163/4112 4373/4161/4110 4374/4162/4111
f 4376/4164/4113 4368/4156/4105 4372/4160/4109
f 4365/4153/4102 4368/4156/4105 4376/4164/4113
f 4373/4161/4110 4377/4165/4114 4372/4160/4109
f 4376/4164/4113 4372/4160/4109 4377/4165/4114
f 4375/4163/4112 4378/4166/4115 4373/4161/4110
f 4378/4166/4115 4377/4165/4114 4373/4161/4110
f 4375/4163/4112 4379/4167/4116 4378/4166/4115
f 4380/4168/4117 4378/4166/4115 4379/4167/4116
f 4380/4168/4117 4381/4169/4118 4378/4166/4115
f 4381/4169/4118 4377/4165/4114 4378/4166/4115
f 4380/4168/4117 4382/4170/4119 4381/4169/4118
f 4383/4171/4120 4381/4169/4118 4382/4170/4119
f 4381/4169/4118 4384/4172/4121 4377/4165/4114
f 4376/4164/4113 4377/4165/4114 4384/4172/4121
f 4383/4171/4120 4385/4173/4122 4381/4169/4118
f 4385/4173/4122 4384/4172/4121 4381/4169/4118
f 4383/4171/4120 4386/4174/4123 4385/4173/4122
f 4387/4175/4124 4385/4173/4122 4386/4174/4123
f 4388/4176/4125 4384/4172/4121 4385/4173/4122
f 4387/4175/4124 4388/4176/4125 4385/4173/4122
f 4388/4176/4125 4376/4164/4113 4384/4172/4121
f 4387/4175/4124 4389/4177/4126 4388/4176/4125
f 4390/4178/4127 4388/4176/4125 4389/4177/4126
f 4391/4179/4128 4376/4164/4113 4388/4176/4125
f 4390/4178/4127 4391/4179/4128 4388/4176/4125
f 4365/4153/4102 4376/4164/4113 4391/4179/4128
f 4390/4178/4127 4392/4180/4129 4391/4179/4128
f 4367/4155/4104 4365/4153/4102 4391/4179/4128
f 4367/4155/4104 4391/4179/4128 4392/4180/4129
